date,market,code,name,prev_close,open,high,low,close,volume,amount
2026-09-24,sh,600000,浦发银行,8.98,8.99,9.05,8.97,9.0,52836397,475964884.0
2026-09-24,sh,600004,白云机场,7.63,7.62,7.65,7.54,7.58,8468400,64226273.0
2026-09-24,sh,600006,东风股份,5.34,5.4,5.68,5.39,5.49,61604880,340963604.0
2026-09-24,sh,600007,中国国贸,19.86,19.85,20.0,19.73,19.8,1353700,26881900.0
2026-09-24,sh,600008,首创环保,2.73,2.73,2.74,2.7,2.71,50850016,138002777.0
2026-09-24,sh,600009,上海机场,22.75,22.75,22.78,22.42,22.46,6951132,156765798.0
2026-09-24,sh,600010,包钢股份,2.12,2.11,2.11,2.08,2.09,273690319,572644925.0
2026-09-24,sh,600011,华能国际,6.76,6.76,6.79,6.73,6.74,35724127,241434285.0
2026-09-24,sh,600012,皖通高速,15.43,15.36,15.61,15.36,15.54,3231973,50184654.0
2026-09-24,sh,600015,华夏银行,6.23,6.23,6.27,6.22,6.23,51077363,318881981.0
2026-09-24,sh,600016,民生银行,3.47,3.47,3.5,3.46,3.46,184873250,642277080.0
2026-09-24,sh,600017,日照港,2.79,2.8,2.82,2.77,2.79,27131096,75772481.0
2026-09-24,sh,600018,上港集团,5.38,5.39,5.41,5.36,5.36,38396823,206823119.0
2026-09-24,sh,600019,宝钢股份,5.75,5.74,5.86,5.72,5.84,97540061,566314659.0
2026-09-24,sh,600020,中原高速,3.84,3.83,3.89,3.82,3.85,13499300,52046208.0
2026-09-24,sh,600021,上海电力,13.32,13.32,13.32,13.05,13.08,20909500,274744973.0
2026-09-24,sh,600022,山东钢铁,1.31,1.31,1.31,1.22,1.28,137506535,176964163.0
2026-09-24,sh,600023,浙能电力,5.08,5.08,5.16,5.06,5.14,56598650,289972367.0
2026-09-24,sh,600025,华能水电,9.6,9.6,9.8,9.57,9.75,32979540,319837621.0
2026-09-24,sh,600026,中远海能,21.08,21.25,21.63,21.05,21.4,55068802,1180424485.0
2026-09-24,sh,600027,华电国际,4.8,4.81,4.87,4.76,4.83,67650219,327444239.0
2026-09-24,sh,600028,中国石化,5.29,5.3,5.35,5.27,5.32,173130953,921185021.0
2026-09-24,sh,600029,南方航空,4.97,4.95,4.95,4.85,4.86,48819315,238600402.0
2026-09-24,sh,600030,中信证券,26.79,26.75,26.75,26.25,26.29,71251428,1880840763.0
2026-09-24,sh,600031,三一重工,17.51,17.53,17.57,17.17,17.2,66831032,1155570212.0
2026-09-24,sh,600032,浙江新能,6.77,6.74,6.8,6.71,6.75,10672800,72183610.0
2026-09-24,sh,600033,福建高速,3.63,3.62,3.73,3.62,3.73,48365714,178421507.0
2026-09-24,sh,600035,楚天高速,3.64,3.63,3.68,3.62,3.65,10665391,38937996.0
2026-09-24,sh,600036,招商银行,40.6,40.6,41.14,40.58,40.69,50352355,2057945516.0
2026-09-24,sh,600037,歌华有线,7.07,7.07,7.15,7.02,7.07,13933815,98810036.0
2026-09-24,sh,600038,中直股份,27.11,27.13,27.13,26.75,26.83,3184900,85647139.0
2026-09-24,sh,600039,四川路桥,8.66,8.6,8.74,8.56,8.61,19002602,164020897.0
2026-09-24,sh,600048,保利发展,5.64,5.64,5.69,5.52,5.56,197419879,1103752489.0
2026-09-24,sh,600050,中国联通,4.17,4.17,4.17,4.13,4.15,101195329,419673943.0
2026-09-24,sh,600051,宁波联合,6.23,6.24,6.31,6.19,6.22,3412300,21359127.0
2026-09-24,sh,600052,东望时代,3.62,3.63,3.67,3.6,3.64,7849300,28514241.0
2026-09-24,sh,600053,*ST九鼎,7.43,7.44,7.49,7.19,7.26,3316200,24170613.0
2026-09-24,sh,600054,黄山旅游,10.77,10.75,10.75,10.63,10.64,3944698,42077683.0
2026-09-24,sh,600055,万东医疗,10.58,10.52,10.78,10.47,10.52,4937376,52364126.0
2026-09-24,sh,600056,中国医药,8.96,8.96,9.0,8.83,8.86,7488255,66493091.0
2026-09-24,sh,600057,厦门象屿,6.06,6.04,6.16,5.98,6.1,19125697,116179128.0
2026-09-24,sh,600058,五矿发展,9.18,9.2,9.24,8.82,8.83,11547225,103377081.0
2026-09-24,sh,600059,古越龙山,11.33,11.4,11.62,10.75,11.0,102452624,1141656884.0
2026-09-24,sh,600060,海信视像,27.24,27.1,27.8,26.95,27.1,6765201,185223145.0
2026-09-24,sh,600061,国投资本,6.3,6.3,6.3,6.18,6.19,24080028,149952523.0
2026-09-24,sh,600062,华润双鹤,16.03,16.02,16.11,15.94,16.05,5035996,80678102.0
2026-09-24,sh,600063,皖维高新,5.71,5.67,5.67,5.53,5.54,33631440,187907965.0
2026-09-24,sh,600064,南京高科,7.7,7.69,7.76,7.62,7.62,12015067,92045414.0
2026-09-24,sh,600066,宇通客车,25.25,25.26,26.19,25.26,26.01,30261133,783915396.0
2026-09-24,sh,600067,冠城新材,2.64,2.63,2.66,2.59,2.63,19881200,52065156.0
2026-09-24,sh,600071,凤凰光学,16.8,16.78,16.86,16.64,16.67,1755700,29395760.0
2026-09-24,sh,600072,中船科技,8.7,8.7,8.83,8.64,8.77,15219944,133306798.0
2026-09-24,sh,600073,光明肉业,5.47,5.48,5.49,5.38,5.4,7174691,38906900.0
2026-09-24,sh,600075,新疆天业,4.6,4.59,4.61,4.52,4.53,10697313,48738165.0
2026-09-24,sh,600076,康欣新材,2.15,2.16,2.17,2.08,2.09,34506000,72889824.0
2026-09-24,sh,600078,澄星股份,10.04,10.05,10.12,9.96,9.99,6620600,66299152.0
2026-09-24,sh,600079,ST人福,18.83,18.88,19.18,18.8,18.82,8907508,168933669.0
2026-09-24,sh,600080,ST金花,4.74,4.72,4.74,4.69,4.73,2055600,9704417.0
2026-09-24,sh,600081,东风科技,10.51,10.52,10.84,10.51,10.7,6395296,68667811.0
2026-09-24,sh,600082,ST海泰,3.27,3.27,3.38,3.27,3.31,9866654,32826890.0
2026-09-24,sh,600084,*ST尼雅,4.44,4.46,4.47,4.38,4.38,2244700,9907227.0
2026-09-24,sh,600085,同仁堂,23.61,23.56,23.7,23.34,23.34,2758118,64668122.0
2026-09-24,sh,600088,中视传媒,13.65,13.25,13.61,12.85,12.91,21921437,288059806.0
2026-09-24,sh,600089,特变电工,18.09,18.0,18.01,17.55,17.6,66821804,1183343897.0
2026-09-24,sh,600094,大名城,4.05,4.01,4.09,3.96,4.04,30104266,121663360.0
2026-09-24,sh,600095,湘财股份,8.94,8.91,8.97,8.79,8.82,33554675,297589751.0
2026-09-24,sh,600096,云天化,27.95,27.9,28.05,27.52,27.56,13567788,375765219.0
2026-09-24,sh,600097,开创国际,9.27,9.28,9.33,9.14,9.2,3017300,27828586.0
2026-09-24,sh,600098,广州发展,6.18,6.21,6.28,6.15,6.25,17271477,107957409.0
2026-09-24,sh,600099,林海股份,9.29,9.3,9.45,9.2,9.42,3041200,28560417.0
2026-09-24,sh,600100,同方股份,6.83,6.8,6.83,6.65,6.66,18900100,126954294.0
2026-09-24,sh,600101,明星电力,7.82,7.84,7.86,7.79,7.8,6015821,46972396.0
2026-09-24,sh,600103,青山纸业,3.65,3.64,3.65,3.56,3.61,137151664,493513058.0
2026-09-24,sh,600104,上汽集团,10.87,10.83,10.93,10.71,10.72,32406774,349291881.0
2026-09-24,sh,600105,永鼎股份,44.87,44.51,44.75,42.46,42.53,80709278,3486630634.0
2026-09-24,sh,600106,重庆路桥,4.49,4.49,4.66,4.45,4.46,15527245,70409351.0
2026-09-24,sh,600107,*ST尔雅,5.71,5.78,5.79,5.7,5.72,474924,2727109.0
2026-09-24,sh,600108,亚盛集团,4.27,4.32,4.43,4.12,4.13,147712523,622786862.0
2026-09-24,sh,600109,国金证券,8.28,8.26,8.27,8.1,8.1,22181700,181131731.0
2026-09-24,sh,600110,诺德股份,12.46,12.3,12.47,11.88,11.89,121142383,1460993803.0
2026-09-24,sh,600111,北方稀土,37.42,37.2,37.44,36.95,37.06,22654903,840545380.0
2026-09-24,sh,600113,浙江东日,29.85,29.85,30.17,29.1,29.1,3281146,96759366.0
2026-09-24,sh,600114,东睦股份,27.75,27.61,27.77,26.76,26.78,9376093,254032466.0
2026-09-24,sh,600115,中国东航,3.46,3.43,3.44,3.35,3.35,157384686,532328642.0
2026-09-24,sh,600116,三峡水利,6.08,6.06,6.1,6.01,6.05,9262694,56025129.0
2026-09-24,sh,600117,西宁特钢,2.16,2.16,2.19,2.13,2.17,15839725,34269771.0
2026-09-24,sh,600118,中国卫星,57.72,57.63,59.72,57.23,57.91,26983887,1573647929.0
2026-09-24,sh,600119,*ST长投,4.96,4.94,5.05,4.93,5.0,1106900,5525536.0
2026-09-24,sh,600120,浙江东方,4.7,4.67,4.71,4.62,4.64,18243901,84847665.0
2026-09-24,sh,600121,郑州煤电,4.81,4.81,5.13,4.81,4.9,158343903,783373755.0
2026-09-24,sh,600123,兰花科创,7.01,6.99,7.12,6.94,6.98,13732600,96238887.0
2026-09-24,sh,600125,铁龙物流,5.27,5.27,5.29,5.22,5.24,6107700,32039706.0
2026-09-24,sh,600126,杭钢股份,6.17,6.13,6.16,6.06,6.06,23450498,142912898.0
2026-09-24,sh,600127,金健米业,16.75,16.74,17.05,15.29,16.49,265129843,4318063100.0
2026-09-24,sh,600128,苏豪弘业,8.52,8.53,8.62,8.41,8.55,2751700,23505542.0
2026-09-24,sh,600129,太极集团,13.74,13.68,13.79,13.32,13.33,8556480,115376881.0
2026-09-24,sh,600130,波导股份,4.61,4.61,4.78,4.58,4.7,29295099,138426320.0
2026-09-24,sh,600131,国网信通,14.27,14.23,14.27,14.08,14.08,4988850,70639555.0
2026-09-24,sh,600132,重庆啤酒,38.32,38.27,38.37,37.56,37.56,2474400,93572970.0
2026-09-24,sh,600133,东湖高新,7.97,7.93,7.97,7.88,7.89,7317910,57904477.0
2026-09-24,sh,600135,乐凯胶片,7.59,7.54,7.74,7.5,7.62,10102538,77255982.0
2026-09-24,sh,600136,ST明诚,1.5,1.5,1.5,1.47,1.48,8039100,11907387.0
2026-09-24,sh,600137,浪莎股份,17.74,17.75,18.15,17.59,17.93,1247644,22441489.0
2026-09-24,sh,600138,中青旅,7.05,7.03,7.09,6.98,7.0,4611300,32373167.0
2026-09-24,sh,600141,兴发集团,28.62,28.54,28.58,27.95,27.95,15992929,450153867.0
2026-09-24,sh,600143,金发科技,13.22,13.23,13.34,13.06,13.07,17843589,235131278.0
2026-09-24,sh,600148,长春一东,15.8,15.75,15.96,15.65,15.77,1332400,21090241.0
2026-09-24,sh,600149,廊坊发展,5.05,5.04,5.1,5.0,5.05,5155124,26051310.0
2026-09-24,sh,600150,中国船舶,38.59,38.59,38.85,38.02,38.09,64262957,2464364597.0
2026-09-24,sh,600151,航天机电,9.36,9.35,9.53,9.29,9.35,17640700,165805067.0
2026-09-24,sh,600152,维科技术,7.75,7.77,7.82,7.63,7.66,7855800,60670311.0
2026-09-24,sh,600153,建发股份,8.67,8.64,8.7,8.36,8.43,20650900,175143814.0
2026-09-24,sh,600155,华创云信,6.09,6.06,6.17,5.92,5.94,25348700,151572276.0
2026-09-24,sh,600156,华升股份,8.41,8.5,9.25,8.4,9.17,51569874,472116273.0
2026-09-24,sh,600157,永泰能源,1.51,1.51,1.52,1.47,1.47,493184401,734814507.0
2026-09-24,sh,600158,中体产业,7.03,7.01,7.15,6.98,7.03,16691562,117872628.0
2026-09-24,sh,600159,大龙地产,2.77,2.76,2.79,2.7,2.73,14208300,38881196.0
2026-09-24,sh,600160,XD巨化股,34.83,34.67,34.94,33.96,33.97,21283367,732908541.0
2026-09-24,sh,600161,天坛生物,12.31,12.31,12.45,12.1,12.1,9986955,121928785.0
2026-09-24,sh,600162,香江控股,4.59,4.47,4.5,4.24,4.35,126657737,552881985.0
2026-09-24,sh,600163,中闽能源,5.37,5.34,5.59,5.28,5.53,72636497,398097517.0
2026-09-24,sh,600165,宁科生物,3.18,3.22,3.24,3.16,3.21,8023299,25695317.0
2026-09-24,sh,600166,福田汽车,2.77,2.79,2.8,2.75,2.76,61778212,171092112.0
2026-09-24,sh,600167,联美控股,5.59,5.6,5.61,5.5,5.51,5088080,28176190.0
2026-09-24,sh,600168,武汉控股,4.35,4.34,4.4,4.31,4.38,5395299,23584256.0
2026-09-24,sh,600169,ST太重,2.19,2.18,2.19,2.17,2.18,4632900,10098749.0
2026-09-24,sh,600170,上海建工,2.23,2.22,2.24,2.19,2.2,142229400,314163074.0
2026-09-24,sh,600171,上海贝岭,23.16,23.08,23.33,22.88,22.88,7024865,162214210.0
2026-09-24,sh,600172,黄河旋风,16.74,16.49,17.3,16.15,16.89,210010419,3526870185.0
2026-09-24,sh,600173,卧龙新能,5.86,5.93,5.93,5.74,5.78,4087000,23667153.0
2026-09-24,sh,600176,中国巨石,45.62,45.05,45.28,43.02,43.06,192842428,8457433017.0
2026-09-24,sh,600177,雅戈尔,8.19,8.15,8.33,8.15,8.29,20616701,170950844.0
2026-09-24,sh,600178,东安动力,9.55,9.54,9.99,9.49,9.72,10657510,104171260.0
2026-09-24,sh,600179,安通控股,4.49,4.49,4.51,4.4,4.45,27511942,122436439.0
2026-09-24,sh,600180,*ST瑞茂,1.58,1.57,1.59,1.53,1.55,13087900,20320196.0
2026-09-24,sh,600182,S佳通,12.68,12.69,12.71,12.53,12.59,1305270,16444726.0
2026-09-24,sh,600183,生益科技,143.56,142.6,142.6,137.0,137.33,43602307,6051290443.0
2026-09-24,sh,600184,光电股份,20.26,20.19,20.29,19.4,19.45,21618010,425382587.0
2026-09-24,sh,600185,珠免集团,4.77,4.78,4.83,4.66,4.7,22833572,107989822.0
2026-09-24,sh,600186,莲花控股,13.59,13.25,13.65,13.0,13.04,212973909,2816715835.0
2026-09-24,sh,600187,*ST国中,1.28,1.28,1.29,1.27,1.27,11768400,15026286.0
2026-09-24,sh,600188,兖矿能源,19.77,19.85,20.08,19.71,19.76,21518331,426996743.0
2026-09-24,sh,600189,泉阳泉,8.27,8.35,9.1,8.23,9.1,38493014,341477434.0
2026-09-24,sh,600191,华资实业,9.22,9.17,9.27,9.05,9.06,5211087,47605707.0
2026-09-24,sh,600192,长城电工,7.14,7.12,7.43,6.92,7.2,16191154,116910158.0
2026-09-24,sh,600195,中牧股份,6.68,6.68,6.81,6.63,6.64,7028400,47129945.0
2026-09-24,sh,600196,复星医药,23.13,23.1,23.23,22.8,22.84,15937032,365926354.0
2026-09-24,sh,600197,伊力特,9.48,9.44,9.48,9.26,9.27,5618388,52424765.0
2026-09-24,sh,600198,大唐电信,7.48,7.48,7.53,7.35,7.36,10997699,81580935.0
2026-09-24,sh,600199,金种子酒,7.26,7.21,7.31,6.93,6.94,23626961,166841065.0
2026-09-24,sh,600201,生物股份,11.75,11.72,11.72,11.39,11.4,9404800,108700757.0
2026-09-24,sh,600202,哈空调,5.16,5.15,5.22,5.1,5.16,4086300,21126898.0
2026-09-24,sh,600203,福日电子,10.06,10.03,10.08,9.9,9.98,11714600,116786241.0
2026-09-24,sh,600206,有研新材,51.48,50.81,51.27,49.78,49.81,47847849,2406165894.0
2026-09-24,sh,600207,安彩高科,4.94,4.77,5.42,4.7,5.16,81180286,410998747.0
2026-09-24,sh,600208,衢州发展,2.91,2.9,2.92,2.83,2.84,77067446,220771766.0
2026-09-24,sh,600210,紫江企业,6.22,6.22,6.24,6.17,6.2,8992100,55805540.0
2026-09-24,sh,600211,西藏药业,36.58,36.58,37.47,36.45,36.48,3519200,130047363.0
2026-09-24,sh,600212,绿能慧充,5.8,5.81,6.13,5.73,6.07,18926900,113420596.0
2026-09-24,sh,600215,派斯林,6.1,6.12,6.18,6.06,6.1,4700600,28817767.0
2026-09-24,sh,600216,浙江医药,12.61,12.61,12.7,12.31,12.33,10534472,131363027.0
2026-09-24,sh,600217,中再资环,3.22,3.2,3.24,3.2,3.24,7785200,25128028.0
2026-09-24,sh,600218,全柴动力,7.98,8.0,8.08,7.86,7.87,12752500,101402246.0
2026-09-24,sh,600219,南山铝业,4.69,4.66,4.69,4.61,4.61,79790276,370199638.0
2026-09-24,sh,600221,海航控股,1.24,1.24,1.25,1.21,1.22,294652951,361629332.0
2026-09-24,sh,600222,太龙药业,8.03,7.96,8.16,7.93,8.03,14022160,112731520.0
2026-09-24,sh,600223,福瑞达,5.58,5.6,5.66,5.56,5.6,5602800,31435805.0
2026-09-24,sh,600226,亨通股份,6.05,6.01,6.04,5.77,5.78,82096898,481620837.0
2026-09-24,sh,600227,赤天化,3.88,3.89,4.0,3.78,3.8,135271439,521507330.0
2026-09-24,sh,600228,返利科技,11.66,11.21,11.21,10.53,10.6,40397795,435245115.0
2026-09-24,sh,600229,城市传媒,5.89,5.85,5.98,5.75,5.82,8455700,49255888.0
2026-09-24,sh,600230,沧州大化,14.82,15.0,15.27,14.29,14.34,41761146,615698798.0
2026-09-24,sh,600231,凌钢股份,1.76,1.7,1.73,1.64,1.65,75836690,126711727.0
2026-09-24,sh,600232,金鹰股份,6.52,6.52,6.96,6.49,6.78,13098266,88612964.0
2026-09-24,sh,600233,圆通速递,17.84,17.66,18.11,17.6,17.92,18781972,334515971.0
2026-09-24,sh,600234,科新发展,22.65,22.83,22.83,21.28,21.39,2107900,46079357.0
2026-09-24,sh,600235,民丰特纸,5.82,5.82,5.88,5.77,5.86,3938900,23012404.0
2026-09-24,sh,600236,桂冠电力,9.29,9.36,9.36,9.23,9.24,5330013,49447388.0
2026-09-24,sh,600237,铜峰电子,9.85,9.75,9.95,9.36,9.38,43189666,412724286.0
2026-09-24,sh,600238,ST椰岛,4.08,4.07,4.12,4.05,4.06,3851355,15713045.0
2026-09-24,sh,600239,ST云城,1.44,1.44,1.47,1.43,1.44,18608800,26948748.0
2026-09-24,sh,600241,时代万恒,7.31,7.27,7.35,7.2,7.31,1848800,13492117.0
2026-09-24,sh,600243,*ST海华,3.66,3.66,3.68,3.5,3.54,7065200,25305027.0
2026-09-24,sh,600246,万通发展,14.78,14.44,14.82,14.24,14.34,100683749,1462962979.0
2026-09-24,sh,600248,陕建股份,2.83,2.83,2.87,2.8,2.81,15173100,42962365.0
2026-09-24,sh,600249,两面针,5.38,5.38,5.45,5.33,5.36,5993503,32197757.0
2026-09-24,sh,600250,南京商旅,9.05,9.02,9.17,8.96,9.07,6907073,62596225.0
2026-09-24,sh,600251,冠农股份,10.36,10.32,10.45,10.03,10.03,11779112,120115868.0
2026-09-24,sh,600252,中恒集团,2.16,2.17,2.18,2.12,2.13,46053640,98650881.0
2026-09-24,sh,600255,鑫科材料,3.54,3.52,3.54,3.42,3.44,65876825,227874602.0
2026-09-24,sh,600256,广汇能源,6.86,6.9,6.97,6.79,6.82,80840466,554621335.0
2026-09-24,sh,600257,大湖股份,5.54,5.54,5.58,5.46,5.48,9689100,53365072.0
2026-09-24,sh,600258,首旅酒店,11.18,11.15,11.22,11.08,11.09,8773471,97666241.0
2026-09-24,sh,600259,中稀有色,81.3,81.36,81.98,80.13,80.37,5455416,440961114.0
2026-09-24,sh,600261,阳光照明,3.35,3.33,3.42,3.31,3.35,19153100,64507490.0
2026-09-24,sh,600262,北方股份,14.83,14.88,15.02,14.67,14.71,3231102,47971515.0
2026-09-24,sh,600265,*ST景谷,23.27,23.5,24.46,23.27,23.41,1579303,37576900.0
2026-09-24,sh,600266,城建发展,4.41,4.38,4.42,4.26,4.27,41871992,180539835.0
2026-09-24,sh,600267,海正药业,11.8,11.73,11.81,11.4,11.43,20614283,238280255.0
2026-09-24,sh,600268,国电南自,10.2,10.16,10.22,10.06,10.08,6203516,62807666.0
2026-09-24,sh,600269,赣粤高速,3.79,3.79,3.81,3.76,3.77,12255609,46329238.0
2026-09-24,sh,600271,航天信息,6.69,6.66,6.69,6.6,6.61,8841794,58683983.0
2026-09-24,sh,600272,开开实业,15.81,15.52,17.16,15.12,15.24,31306400,500580644.0
2026-09-24,sh,600273,嘉化能源,6.32,6.31,6.32,6.24,6.27,10740894,67443473.0
2026-09-24,sh,600276,恒瑞医药,45.58,45.38,45.77,44.6,44.86,42358438,1902003742.0
2026-09-24,sh,600278,东方创业,6.52,6.52,6.59,6.49,6.55,4115760,26950277.0
2026-09-24,sh,600279,重庆港,4.26,4.25,4.3,4.21,4.27,4649200,19829715.0
2026-09-24,sh,600280,中央商场,3.05,3.04,3.09,3.01,3.04,26434308,80421548.0
2026-09-24,sh,600281,华阳新材,4.73,4.63,4.8,4.63,4.64,17251398,80594467.0
2026-09-24,sh,600282,南钢股份,4.39,4.39,4.44,4.36,4.4,26935835,118919373.0
2026-09-24,sh,600283,钱江水利,8.05,8.05,8.08,7.98,8.02,1481620,11885522.0
2026-09-24,sh,600284,浦东建设,5.11,5.1,5.16,5.08,5.11,6913771,35401165.0
2026-09-24,sh,600285,羚锐制药,19.08,19.08,19.15,18.8,18.83,5824500,110279026.0
2026-09-24,sh,600287,苏豪时尚,4.98,5.0,5.02,4.93,4.97,2778100,13844121.0
2026-09-24,sh,600288,大恒科技,10.95,10.89,11.0,10.79,10.8,7150700,77856950.0
2026-09-24,sh,600289,ST信通,4.3,4.27,4.35,4.26,4.32,1819000,7824283.0
2026-09-24,sh,600292,电投水电,11.38,11.37,11.48,11.25,11.26,6575899,74627418.0
2026-09-24,sh,600293,三峡新材,3.7,3.72,4.06,3.6,3.78,259880039,1002297408.0
2026-09-24,sh,600295,鄂尔多斯,12.84,12.82,12.96,12.67,12.8,5459580,69847164.0
2026-09-24,sh,600298,安琪酵母,39.76,39.83,40.28,39.31,39.7,4765455,189231447.0
2026-09-24,sh,600299,安迪苏,8.37,8.39,8.39,8.06,8.08,32012621,262098530.0
2026-09-24,sh,600300,维维股份,3.09,3.09,3.12,3.05,3.06,19542335,60089608.0
2026-09-24,sh,600301,华锡有色,47.94,47.8,48.45,47.51,47.65,11792586,564139916.0
2026-09-24,sh,600302,ST标准,7.1,7.08,7.37,7.01,7.14,4131700,29732442.0
2026-09-24,sh,600303,曙光股份,3.0,3.0,3.06,2.97,3.05,28486400,86267957.0
2026-09-24,sh,600305,恒顺醋业,6.78,6.76,6.81,6.66,6.66,6053600,40689526.0
2026-09-24,sh,600307,酒钢宏兴,1.47,1.46,1.47,1.43,1.45,41682153,60511460.0
2026-09-24,sh,600308,华泰股份,3.36,3.34,3.36,3.27,3.29,10316393,34088012.0
2026-09-24,sh,600309,万华化学,71.6,71.21,71.28,69.23,69.45,29477929,2061574030.0
2026-09-24,sh,600310,广西能源,4.42,4.4,4.48,4.32,4.45,34211240,151682869.0
2026-09-24,sh,600312,平高电气,18.93,18.9,19.13,18.73,18.94,6443700,122014647.0
2026-09-24,sh,600313,农发种业,6.99,6.98,7.07,6.77,6.8,34680138,238028711.0
2026-09-24,sh,600315,上海家化,18.54,18.5,18.69,18.07,18.12,5190931,95023097.0
2026-09-24,sh,600316,洪都航空,33.83,33.81,34.36,32.85,32.91,7950157,265592464.0
2026-09-24,sh,600318,新力金融,6.87,6.82,6.94,6.77,6.79,16541167,112897176.0
2026-09-24,sh,600319,亚星化学,6.25,6.24,6.35,6.21,6.25,3679200,23035103.0
2026-09-24,sh,600320,振华重工,4.07,4.04,4.07,4.01,4.02,33211478,133905178.0
2026-09-24,sh,600322,津投城开,2.76,2.75,2.77,2.66,2.69,26903310,72638416.0
2026-09-24,sh,600323,瀚蓝环境,28.9,28.86,29.04,28.61,28.68,2775300,79893688.0
2026-09-24,sh,600325,华发股份,2.8,2.76,2.83,2.65,2.67,146405872,397020703.0
2026-09-24,sh,600326,西藏天路,7.22,7.08,7.12,6.9,6.97,31701848,221542313.0
2026-09-24,sh,600327,大东方,3.77,3.76,3.88,3.73,3.8,12094182,45921943.0
2026-09-24,sh,600328,中盐化工,5.72,5.7,5.74,5.65,5.65,9167973,52091379.0
2026-09-24,sh,600329,达仁堂,35.39,35.47,35.57,35.0,35.13,1495477,52763120.0
2026-09-24,sh,600330,天通股份,29.98,29.7,29.88,28.5,28.6,81027770,2349903479.0
2026-09-24,sh,600331,宏达股份,12.12,12.07,12.15,11.87,12.05,26563216,319041502.0
2026-09-24,sh,600332,白云山,19.67,19.64,19.71,19.39,19.39,4787300,93303052.0
2026-09-24,sh,600333,长春燃气,6.78,6.8,6.85,6.68,6.73,7544670,50963061.0
2026-09-24,sh,600335,国机汽车,5.13,5.13,5.18,5.1,5.12,5896611,30280145.0
2026-09-24,sh,600336,澳柯玛,6.32,6.32,6.45,6.26,6.35,4823236,30789993.0
2026-09-24,sh,600337,ST美克,3.32,3.42,3.49,3.3,3.43,36266562,124191044.0
2026-09-24,sh,600338,西藏珠峰,12.42,12.33,12.4,12.03,12.06,20619150,250784613.0
2026-09-24,sh,600339,中油工程,3.25,3.26,3.27,3.2,3.23,33743800,109009336.0
2026-09-24,sh,600340,*ST华幸,1.15,1.13,1.18,1.12,1.17,91430229,105002138.0
2026-09-24,sh,600343,航天动力,19.87,19.9,21.06,19.4,20.3,62260035,1250754248.0
2026-09-24,sh,600345,长江通信,53.93,53.77,54.0,51.89,51.89,6319839,332434769.0
2026-09-24,sh,600346,恒力石化,16.88,16.79,16.82,16.11,16.15,31662384,519205384.0
2026-09-24,sh,600348,华阳股份,8.98,9.0,9.04,8.86,8.89,19483520,174030637.0
2026-09-24,sh,600350,山东高速,10.03,10.03,10.14,9.98,10.02,6416016,64529754.0
2026-09-24,sh,600351,亚宝药业,6.73,6.73,6.82,6.65,6.67,12962637,86879603.0
2026-09-24,sh,600352,浙江龙盛,12.5,12.44,12.5,12.13,12.14,27070448,331306122.0
2026-09-24,sh,600353,旭光电子,33.45,33.19,34.78,32.13,32.57,79517415,2662745105.0
2026-09-24,sh,600354,敦煌种业,10.08,10.09,10.26,9.47,9.53,89060303,864855087.0
2026-09-24,sh,600356,恒丰纸业,10.7,10.57,10.88,10.42,10.64,15601954,165776922.0
2026-09-24,sh,600358,国旅联合,5.2,5.21,5.72,5.16,5.72,34475405,194636470.0
2026-09-24,sh,600359,新农开发,7.84,7.81,7.86,7.55,7.62,18821080,144752984.0
2026-09-24,sh,600360,华微电子,11.39,11.25,11.94,11.22,11.67,80959476,933252391.0
2026-09-24,sh,600361,创新新材,3.49,3.48,3.49,3.42,3.43,28976400,99960706.0
2026-09-24,sh,600362,江西铜业,44.55,43.8,43.88,42.32,42.4,45061020,1937716705.0
2026-09-24,sh,600363,联创光电,15.1,15.03,15.3,14.55,14.55,24075500,357634447.0
2026-09-24,sh,600365,ST通葡,2.85,2.83,2.91,2.83,2.9,2470302,7127087.0
2026-09-24,sh,600366,宁波韵升,11.33,11.29,11.37,11.1,11.12,13875202,155436971.0
2026-09-24,sh,600367,红星发展,39.21,38.6,38.72,36.51,36.55,34700555,1302443306.0
2026-09-24,sh,600368,五洲交通,4.12,4.11,4.19,4.1,4.15,29496023,122654555.0
2026-09-24,sh,600369,西南证券,3.99,3.98,3.98,3.91,3.92,25777302,101447900.0
2026-09-24,sh,600370,*ST三房,1.49,1.48,1.49,1.46,1.47,13009641,19181904.0
2026-09-24,sh,600371,万向德农,17.28,18.08,18.5,15.56,15.85,90666801,1549957474.0
2026-09-24,sh,600372,中航机载,11.43,11.42,11.43,11.23,11.33,18449638,208987539.0
2026-09-24,sh,600373,中文传媒,7.46,7.47,7.66,7.45,7.48,14365598,108357688.0
2026-09-24,sh,600375,汉马科技,3.67,3.64,3.68,3.61,3.62,12602896,45855703.0
2026-09-24,sh,600376,首开股份,3.33,3.31,3.33,3.19,3.19,55751663,180332475.0
2026-09-24,sh,600377,宁沪高速,12.58,12.59,12.82,12.56,12.77,9802737,124733582.0
2026-09-24,sh,600378,昊华科技,46.8,46.25,46.78,45.03,45.09,31000046,1416546878.0
2026-09-24,sh,600379,宝光股份,14.95,15.0,15.51,14.6,14.62,12305627,184249471.0
2026-09-24,sh,600380,健康元,9.41,9.37,9.45,9.23,9.25,12257736,113890580.0
2026-09-24,sh,600381,*ST春天,4.34,4.3,4.33,4.14,4.2,5160900,21927143.0
2026-09-24,sh,600382,广东明珠,5.9,5.79,5.86,5.61,5.64,17103188,97816074.0
2026-09-24,sh,600383,金地集团,2.51,2.5,2.51,2.39,2.41,167044407,406431975.0
2026-09-24,sh,600386,北巴传媒,3.49,3.5,3.56,3.49,3.51,8344700,29357298.0
2026-09-24,sh,600388,紫金龙净,17.22,17.47,17.89,17.34,17.46,13693300,241880112.0
2026-09-24,sh,600389,江山股份,18.62,18.63,18.73,18.11,18.11,7763571,142223976.0
2026-09-24,sh,600390,五矿资本,4.87,4.85,4.88,4.77,4.79,25128000,120920647.0
2026-09-24,sh,600391,航发科技,42.98,43.0,43.38,40.8,40.98,14151430,587374485.0
2026-09-24,sh,600392,盛和资源,21.78,21.73,21.83,21.25,21.35,26546436,570293591.0
2026-09-24,sh,600395,盘江股份,5.04,5.01,5.17,5.01,5.06,29953132,152436031.0
2026-09-24,sh,600396,华电辽能,12.99,12.9,12.98,12.73,12.75,62196900,796121009.0
2026-09-24,sh,600397,江钨装备,17.74,17.9,18.59,17.56,17.7,85531600,1542318498.0
2026-09-24,sh,600398,海澜之家,5.69,5.7,5.75,5.66,5.66,22417100,127596555.0
2026-09-24,sh,600399,抚顺特钢,4.37,4.35,4.38,4.29,4.31,22674199,98038362.0
2026-09-24,sh,600400,红豆股份,3.37,3.38,3.46,3.34,3.41,44107025,150802540.0
2026-09-24,sh,600403,大有能源,7.24,7.21,7.56,7.1,7.19,150780644,1105712638.0
2026-09-24,sh,600405,动力源,5.05,5.02,5.1,4.98,5.05,7079667,35825537.0
2026-09-24,sh,600406,国电南瑞,22.38,22.3,22.42,22.1,22.27,30597375,680901414.0
2026-09-24,sh,600408,安泰集团,2.98,3.0,3.18,2.97,3.03,55110220,167476324.0
2026-09-24,sh,600409,三友化工,6.32,6.32,6.33,6.18,6.22,11142000,69552471.0
2026-09-24,sh,600410,华胜天成,15.87,15.8,15.95,15.43,15.5,61710770,962475087.0
2026-09-24,sh,600415,小商品城,10.81,11.02,11.09,10.8,10.84,63315231,692552556.0
2026-09-24,sh,600416,湘电股份,8.44,8.41,8.46,8.26,8.27,12022506,100211803.0
2026-09-24,sh,600418,江淮汽车,23.45,23.15,24.04,22.87,22.93,175248970,4097068208.0
2026-09-24,sh,600419,天润乳业,8.75,8.7,8.81,8.68,8.72,2216819,19351753.0
2026-09-24,sh,600420,国药现代,8.34,8.33,8.39,8.2,8.22,5899600,48754072.0
2026-09-24,sh,600422,昆药集团,8.14,8.14,8.19,8.01,8.04,3820700,30824671.0
2026-09-24,sh,600423,*ST柳化,2.71,2.71,2.72,2.68,2.68,2075400,5611438.0
2026-09-24,sh,600425,青松建化,3.66,3.65,3.65,3.58,3.61,14792211,53435859.0
2026-09-24,sh,600426,华鲁恒升,20.38,20.25,20.36,19.65,19.71,27094810,538380452.0
2026-09-24,sh,600428,中远海特,11.23,11.15,11.39,11.0,11.06,23309001,259678974.0
2026-09-24,sh,600429,三元股份,4.55,4.53,4.58,4.51,4.54,6837108,31063854.0
2026-09-24,sh,600433,冠豪高新,3.29,3.28,3.33,3.25,3.26,15376700,50418247.0
2026-09-24,sh,600435,北方导航,11.32,11.39,11.39,11.15,11.16,12892951,144788575.0
2026-09-24,sh,600436,片仔癀,120.1,120.0,120.38,117.08,117.4,1830326,216427068.0
2026-09-24,sh,600438,通威股份,11.58,11.54,11.57,11.11,11.12,29123973,328344935.0
2026-09-24,sh,600439,ST瑞贝卡,1.87,1.86,1.88,1.86,1.86,3381740,6305861.0
2026-09-24,sh,600444,国机通用,14.5,14.5,14.57,14.32,14.4,1525100,22018049.0
2026-09-24,sh,600446,金证股份,10.62,10.57,10.66,10.35,10.37,10296500,107737307.0
2026-09-24,sh,600448,华纺股份,3.26,3.24,3.42,3.19,3.27,155216916,516531877.0
2026-09-24,sh,600449,宁夏建材,13.11,13.01,13.1,12.66,12.71,7573700,97119264.0
2026-09-24,sh,600452,涪陵电力,8.93,8.91,8.93,8.81,8.81,17793076,157488187.0
2026-09-24,sh,600455,博通股份,24.37,24.28,24.76,24.21,24.7,1135800,27943382.0
2026-09-24,sh,600456,宝钛股份,25.45,25.32,25.65,25.08,25.08,2894834,73126208.0
2026-09-24,sh,600458,时代新材,11.23,11.22,11.3,11.11,11.11,9187184,102703323.0
2026-09-24,sh,600459,贵研铂业,19.09,18.91,19.01,18.5,18.53,10314999,192995336.0
2026-09-24,sh,600460,士兰微,33.67,33.35,33.58,32.7,32.72,48865841,1612681465.0
2026-09-24,sh,600461,洪城环境,8.84,8.84,8.88,8.76,8.76,7672115,67555625.0
2026-09-24,sh,600463,空港股份,8.26,8.2,8.36,8.11,8.15,3096800,25403229.0
2026-09-24,sh,600467,好当家,2.41,2.41,2.43,2.36,2.38,32734600,78109964.0
2026-09-24,sh,600468,百利电气,6.06,6.07,6.12,6.02,6.05,13903800,84335806.0
2026-09-24,sh,600469,风神股份,4.98,4.98,5.02,4.95,4.96,3286200,16375237.0
2026-09-24,sh,600470,六国化工,5.65,5.62,5.73,5.57,5.61,11396500,64047679.0
2026-09-24,sh,600475,华光环能,15.1,15.1,15.14,14.71,14.74,5906111,87509600.0
2026-09-24,sh,600476,*ST湘邮,10.24,10.24,10.33,9.97,9.97,1243192,12567897.0
2026-09-24,sh,600477,杭萧钢构,2.42,2.42,2.44,2.39,2.4,26244995,63208359.0
2026-09-24,sh,600478,科力远,4.48,4.47,4.51,4.39,4.41,19640399,87316686.0
2026-09-24,sh,600479,千金药业,13.19,13.0,13.36,12.38,12.4,65630455,833493903.0
2026-09-24,sh,600480,凌云股份,7.78,7.78,7.88,7.74,7.81,9249435,72286447.0
2026-09-24,sh,600481,双良节能,4.05,4.05,4.09,3.98,3.98,31845800,127641588.0
2026-09-24,sh,600482,中国动力,34.73,34.73,35.06,34.18,34.25,7000995,240979888.0
2026-09-24,sh,600483,福能股份,10.67,10.65,10.81,10.61,10.73,11282790,120652232.0
2026-09-24,sh,600486,扬农化工,52.51,52.35,52.7,51.36,51.36,2989522,155200057.0
2026-09-24,sh,600487,亨通光电,69.94,69.8,70.38,67.18,67.38,109535136,7505827556.0
2026-09-24,sh,600488,津药药业,5.9,5.85,5.9,5.69,5.7,47791900,275020309.0
2026-09-24,sh,600489,中金黄金,23.4,22.93,23.05,22.08,22.12,73789147,1656902636.0
2026-09-24,sh,600490,鹏欣资源,7.13,7.06,7.07,6.78,6.79,35215665,242946127.0
2026-09-24,sh,600491,ST龙元,1.67,1.68,1.72,1.61,1.62,50526855,84061424.0
2026-09-24,sh,600493,凤竹纺织,6.35,6.32,6.66,6.28,6.46,6592180,42511648.0
2026-09-24,sh,600495,晋西车轴,4.07,4.06,4.1,4.05,4.08,5861499,23922510.0
2026-09-24,sh,600496,精工钢构,3.34,3.33,3.36,3.3,3.36,20522300,68576488.0
2026-09-24,sh,600497,驰宏锌锗,9.63,9.56,9.58,9.24,9.26,84654590,793492991.0
2026-09-24,sh,600498,烽火通信,42.54,42.19,42.5,41.06,41.08,41878716,1740050357.0
2026-09-24,sh,600499,科达制造,11.66,11.6,11.61,11.21,11.25,50114864,568578970.0
2026-09-24,sh,600500,中化国际,5.8,5.74,5.78,5.53,5.55,104518463,588624591.0
2026-09-24,sh,600501,航天晨光,14.52,14.49,15.17,14.47,14.74,5979239,88543968.0
2026-09-24,sh,600502,安徽建工,4.13,4.13,4.17,4.1,4.16,29097107,120577036.0
2026-09-24,sh,600503,华丽家族,2.94,2.7,2.76,2.65,2.65,178891700,475416010.0
2026-09-24,sh,600505,西昌电力,10.24,10.25,10.28,10.15,10.17,4495415,45794852.0
2026-09-24,sh,600506,统一股份,17.1,17.05,18.8,17.05,18.18,37117311,666927992.0
2026-09-24,sh,600507,方大特钢,4.04,4.04,4.07,4.01,4.03,11813958,47637140.0
2026-09-24,sh,600508,XD上海能,10.75,10.71,10.95,10.68,10.76,11350382,122714732.0
2026-09-24,sh,600509,天富能源,7.26,7.24,7.26,7.11,7.11,12842348,91966860.0
2026-09-24,sh,600510,黑牡丹,6.78,6.75,6.83,6.64,6.67,5000500,33578541.0
2026-09-24,sh,600511,国药股份,26.11,26.1,26.21,25.7,25.73,3807200,98536198.0
2026-09-24,sh,600512,腾达建设,2.06,2.06,2.08,2.04,2.05,19712489,40446201.0
2026-09-24,sh,600513,联环药业,14.97,14.97,15.2,14.74,14.77,4794978,71288978.0
2026-09-24,sh,600515,海南机场,2.73,2.72,2.73,2.68,2.69,65533500,176899431.0
2026-09-24,sh,600516,方大炭素,5.42,5.4,5.46,5.36,5.42,39367297,212795396.0
2026-09-24,sh,600517,国网英大,4.93,4.92,4.93,4.82,4.84,19213139,93251717.0
2026-09-24,sh,600518,康美药业,1.35,1.35,1.36,1.33,1.33,110296182,147993164.0
2026-09-24,sh,600519,贵州茅台,1251.24,1250.01,1256.13,1231.05,1237.0,3123935,3867310920.0
2026-09-24,sh,600520,三佳科技,26.14,25.93,26.37,25.76,25.79,5032200,130991244.0
2026-09-24,sh,600521,华海药业,16.41,16.22,16.43,15.75,15.88,27338946,437340825.0
2026-09-24,sh,600522,中天科技,35.78,35.7,36.07,34.79,34.8,120257584,4236806106.0
2026-09-24,sh,600523,贵航股份,11.93,11.9,12.0,11.85,11.89,2306433,27530044.0
2026-09-24,sh,600525,长园集团,4.91,4.92,4.95,4.83,4.88,9203100,44892367.0
2026-09-24,sh,600526,菲达环保,4.54,4.52,4.6,4.52,4.56,5860811,26706621.0
2026-09-24,sh,600527,江南高纤,2.19,2.18,2.22,2.17,2.19,26706060,58630091.0
2026-09-24,sh,600528,中铁工业,6.81,6.8,6.81,6.74,6.74,6087800,41200089.0
2026-09-24,sh,600529,山东药玻,18.5,18.49,18.6,18.2,18.2,3640918,66816739.0
2026-09-24,sh,600530,ST交昂,3.98,3.91,3.97,3.89,3.89,3834400,15042033.0
2026-09-24,sh,600531,豫光金铅,12.04,11.89,11.9,11.5,11.53,29817967,347963927.0
2026-09-24,sh,600533,栖霞建设,2.23,2.24,2.25,2.18,2.2,14870800,32805348.0
2026-09-24,sh,600535,天士力,13.89,13.88,13.9,13.64,13.68,10483640,143957799.0
2026-09-24,sh,600536,中国软件,31.39,31.3,31.46,30.69,30.69,8718201,270275385.0
2026-09-24,sh,600537,*ST亿晶,2.19,2.17,2.26,2.17,2.22,32149200,71066450.0
2026-09-24,sh,600538,国发股份,4.82,4.87,4.98,4.71,4.75,9074298,43691789.0
2026-09-24,sh,600539,狮头股份,14.62,14.66,15.4,14.66,15.0,20690101,311263342.0
2026-09-24,sh,600540,新赛股份,5.8,5.7,5.77,5.39,5.43,76167283,419961906.0
2026-09-24,sh,600543,*ST莫高,4.09,4.08,4.11,4.05,4.07,792800,3232321.0
2026-09-24,sh,600545,卓郎智能,4.42,4.4,4.6,4.3,4.32,88572824,389106685.0
2026-09-24,sh,600546,山煤国际,13.37,13.37,13.52,13.23,13.36,13166026,176228381.0
2026-09-24,sh,600547,山东黄金,30.93,30.37,30.5,28.97,29.07,83672036,2469565746.0
2026-09-24,sh,600548,深高速,8.04,8.05,8.06,8.01,8.03,1631000,13092238.0
2026-09-24,sh,600549,厦门钨业,48.71,48.38,48.45,46.88,46.9,30191502,1430264967.0
2026-09-24,sh,600550,保变电气,10.4,10.39,10.45,10.26,10.29,11472551,118566063.0
2026-09-24,sh,600551,时代出版,7.75,7.7,8.08,7.66,7.77,29258620,230576273.0
2026-09-24,sh,600552,凯盛科技,18.56,18.33,18.99,18.16,18.2,91324911,1693349348.0
2026-09-24,sh,600556,天下秀,4.6,4.58,4.68,4.52,4.54,31494192,144276674.0
2026-09-24,sh,600557,康缘药业,12.38,12.33,12.45,12.16,12.19,3466131,42471688.0
2026-09-24,sh,600558,大西洋,4.75,4.74,5.1,4.73,4.86,28193047,138411127.0
2026-09-24,sh,600559,老白干酒,11.17,11.1,11.2,10.9,10.91,9541274,105063001.0
2026-09-24,sh,600560,金自天正,11.31,11.37,11.63,11.24,11.39,2747700,31461280.0
2026-09-24,sh,600561,江西长运,5.85,5.85,5.93,5.79,5.88,3563400,20961001.0
2026-09-24,sh,600562,国睿科技,27.95,27.98,28.0,26.85,26.88,6951271,189254378.0
2026-09-24,sh,600563,法拉电子,125.2,124.03,124.79,120.2,120.31,4355100,531509121.0
2026-09-24,sh,600566,济川药业,24.57,24.66,24.76,24.35,24.41,3240659,79347722.0
2026-09-24,sh,600567,山鹰国际,1.32,1.32,1.33,1.31,1.32,39447404,52039505.0
2026-09-24,sh,600568,ST中珠,2.37,2.36,2.41,2.35,2.41,5558800,13273276.0
2026-09-24,sh,600569,安阳钢铁,1.77,1.75,1.76,1.72,1.74,29107132,50552475.0
2026-09-24,sh,600570,恒生电子,20.2,20.15,20.39,19.94,19.94,12649105,253955397.0
2026-09-24,sh,600571,信雅达,10.3,10.3,10.36,10.2,10.21,3587609,36789354.0
2026-09-24,sh,600572,康恩贝,4.25,4.24,4.27,4.18,4.21,44730229,188385930.0
2026-09-24,sh,600573,惠泉啤酒,10.1,10.03,10.16,9.83,10.0,6377600,63584878.0
2026-09-24,sh,600575,淮河能源,3.15,3.15,3.18,3.13,3.15,24205600,76322497.0
2026-09-24,sh,600576,祥源文旅,5.41,5.4,5.44,5.35,5.37,5261500,28296604.0
2026-09-24,sh,600577,精达股份,8.9,8.9,8.92,8.6,8.62,58230455,506037825.0
2026-09-24,sh,600578,京能电力,5.23,5.22,5.26,5.2,5.21,26248148,137164613.0
2026-09-24,sh,600579,中化装备,7.16,7.17,7.26,7.13,7.16,4487910,32254815.0
2026-09-24,sh,600580,卧龙电驱,27.15,27.15,27.59,26.76,26.77,19399757,527347497.0
2026-09-24,sh,600581,*ST八钢,2.48,2.46,2.5,2.45,2.49,8324000,20603538.0
2026-09-24,sh,600582,天地科技,4.88,4.87,4.9,4.83,4.83,12719007,61759535.0
2026-09-24,sh,600583,海油工程,6.36,6.39,6.52,6.36,6.52,52563255,338759234.0
2026-09-24,sh,600584,XD长电科,71.77,70.98,70.98,68.78,68.78,54011150,3759138706.0
2026-09-24,sh,600585,海螺水泥,17.3,17.22,17.29,16.89,16.93,22596033,383912715.0
2026-09-24,sh,600586,金晶科技,4.0,3.99,4.02,3.94,3.96,9977237,39590141.0
2026-09-24,sh,600587,新华医疗,13.0,12.99,13.18,12.91,12.95,15703364,204761456.0
2026-09-24,sh,600588,用友网络,9.5,9.58,9.58,9.27,9.3,32620808,306088813.0
2026-09-24,sh,600589,大位科技,7.91,7.8,7.89,7.65,7.66,43879768,339707057.0
2026-09-24,sh,600590,泰豪科技,8.46,8.42,8.53,8.38,8.38,15589767,131491379.0
2026-09-24,sh,600592,龙溪股份,14.5,14.5,15.28,14.4,14.84,11719736,175046888.0
2026-09-24,sh,600593,大连圣亚,49.79,48.58,51.0,48.58,49.05,13551500,674109189.0
2026-09-24,sh,600594,益佰制药,3.67,3.68,3.71,3.59,3.61,15858800,57615955.0
2026-09-24,sh,600595,中孚实业,5.96,5.95,5.96,5.83,5.84,48073265,282515631.0
2026-09-24,sh,600596,新安股份,11.83,11.72,11.8,11.2,11.2,50391262,576085044.0
2026-09-24,sh,600597,光明乳业,6.77,6.74,6.79,6.66,6.69,6275400,42078763.0
2026-09-24,sh,600598,北大荒,12.76,12.77,12.93,12.48,12.49,19359258,244633771.0
2026-09-24,sh,600600,青岛啤酒,50.46,50.3,50.6,49.88,49.89,3374360,169042818.0
2026-09-24,sh,600601,方正科技,15.06,14.9,15.07,14.22,14.24,161824160,2357027023.0
2026-09-24,sh,600602,云赛智联,16.92,16.82,16.99,16.66,16.68,9783623,164084854.0
2026-09-24,sh,600603,广汇物流,4.66,4.64,4.72,4.61,4.62,7293899,33938821.0
2026-09-24,sh,600604,市北高新,4.97,4.93,4.97,4.8,4.81,27625322,134389458.0
2026-09-24,sh,600605,汇通能源,31.61,31.05,31.66,29.95,30.25,18415585,565805028.0
2026-09-24,sh,600606,绿地控股,1.51,1.5,1.51,1.4,1.43,410342667,590808735.0
2026-09-24,sh,600609,金杯汽车,3.56,3.55,3.61,3.51,3.54,42604331,151440482.0
2026-09-24,sh,600610,中毅达,7.6,7.53,7.64,7.44,7.47,18765738,141117903.0
2026-09-24,sh,600611,大众交通,4.5,4.5,4.56,4.41,4.41,37646079,168480357.0
2026-09-24,sh,600612,老凤祥,31.95,31.91,32.06,31.35,31.37,1157800,36623268.0
2026-09-24,sh,600613,神奇制药,8.66,8.5,8.76,8.2,8.25,74340150,622929684.0
2026-09-24,sh,600615,鑫源智造,9.41,9.6,9.6,9.36,9.43,2189315,20756333.0
2026-09-24,sh,600616,金枫酒业,5.38,5.24,5.42,5.05,5.11,81783758,425647236.0
2026-09-24,sh,600617,国新能源,3.23,3.23,3.28,3.21,3.24,21094300,68411280.0
2026-09-24,sh,600618,氯碱化工,9.93,9.87,9.92,9.71,9.72,3935800,38559099.0
2026-09-24,sh,600619,海立股份,13.37,13.36,13.54,12.94,13.18,20359773,267112951.0
2026-09-24,sh,600620,天宸股份,4.36,4.36,4.45,4.33,4.35,5122102,22325130.0
2026-09-24,sh,600621,华鑫股份,14.13,13.91,13.97,13.72,13.73,20914322,289180146.0
2026-09-24,sh,600622,光大嘉宝,2.5,2.47,2.5,2.39,2.43,32675500,79678455.0
2026-09-24,sh,600623,华谊集团,8.48,8.45,8.73,8.43,8.62,16754109,144520364.0
2026-09-24,sh,600624,ST复华,4.65,4.65,4.7,4.62,4.62,2447123,11388793.0
2026-09-24,sh,600626,申达股份,3.79,3.76,3.91,3.74,3.81,19283800,73708293.0
2026-09-24,sh,600628,新世界,6.31,6.32,6.36,6.26,6.28,4075910,25671915.0
2026-09-24,sh,600629,华建集团,16.35,16.38,16.99,16.16,16.35,22498546,372557987.0
2026-09-24,sh,600630,龙头股份,8.53,7.97,9.15,7.93,8.62,117187192,987104083.0
2026-09-24,sh,600633,XD浙数文,10.25,10.3,10.34,10.11,10.13,7772918,79282550.0
2026-09-24,sh,600635,大众公用,4.46,4.45,4.49,4.42,4.43,19647343,87272109.0
2026-09-24,sh,600637,东方明珠,8.96,8.97,9.07,8.87,8.89,39733116,355641156.0
2026-09-24,sh,600638,新黄浦,5.15,5.1,5.18,5.01,5.06,12782160,64757627.0
2026-09-24,sh,600639,浦东金桥,9.73,9.68,9.76,9.6,9.61,4165040,40181206.0
2026-09-24,sh,600640,国脉文化,12.56,12.25,12.48,12.08,12.16,18317417,223685151.0
2026-09-24,sh,600641,先导基电,47.8,47.99,52.58,47.68,51.56,155486442,8047256528.0
2026-09-24,sh,600642,申能股份,8.73,8.69,8.82,8.68,8.78,14365625,125706010.0
2026-09-24,sh,600643,爱建集团,4.03,4.03,4.06,3.96,3.99,12708660,50701580.0
2026-09-24,sh,600644,乐山电力,8.96,8.92,9.02,8.78,8.82,25703672,228251757.0
2026-09-24,sh,600645,中源协和,19.25,19.19,19.9,18.91,18.91,10519300,203318080.0
2026-09-24,sh,600648,外高桥,9.45,9.39,9.45,9.27,9.3,1761350,16425986.0
2026-09-24,sh,600649,城投控股,4.11,4.08,4.13,3.98,4.0,31401324,126447245.0
2026-09-24,sh,600650,锦江在线,10.31,10.67,11.19,10.36,10.4,9596615,102319523.0
2026-09-24,sh,600651,飞乐音响,5.28,5.24,5.43,5.22,5.22,23874000,126723739.0
2026-09-24,sh,600653,申华控股,1.87,1.81,1.83,1.73,1.76,134090645,235764600.0
2026-09-24,sh,600654,中安科,3.01,2.99,3.04,2.98,3.02,39064144,117839882.0
2026-09-24,sh,600655,豫园股份,4.57,4.57,4.58,4.47,4.47,14243700,64287074.0
2026-09-24,sh,600657,信达地产,3.17,3.13,3.2,3.04,3.06,56926842,176235147.0
2026-09-24,sh,600658,电子城,4.13,4.13,4.19,4.07,4.09,12029538,49490262.0
2026-09-24,sh,600660,XD福耀玻,52.8,52.8,53.44,51.91,52.47,8271656,436503031.0
2026-09-24,sh,600661,昂立教育,9.03,9.04,9.89,9.0,9.56,23605299,224583580.0
2026-09-24,sh,600662,外服控股,4.23,4.21,4.26,4.19,4.2,7589419,32007619.0
2026-09-24,sh,600663,陆家嘴,9.15,9.1,9.14,8.71,8.71,21703612,191515238.0
2026-09-24,sh,600664,哈药股份,9.04,8.65,9.08,8.14,8.14,485654310,4120296775.0
2026-09-24,sh,600665,天地源,3.47,3.44,3.49,3.36,3.39,14169900,48234810.0
2026-09-24,sh,600666,奥瑞德,3.35,3.33,3.38,3.28,3.28,61796520,204586726.0
2026-09-24,sh,600667,太极实业,20.59,20.17,20.24,19.4,19.41,154432244,3055484554.0
2026-09-24,sh,600668,尖峰集团,7.39,7.39,7.44,7.28,7.34,3635200,26727318.0
2026-09-24,sh,600671,天目药业,23.3,23.27,23.39,22.84,23.03,2134000,49130811.0
2026-09-24,sh,600673,东阳光,32.12,31.91,32.05,31.29,31.69,13267965,419628202.0
2026-09-24,sh,600674,川投能源,16.05,16.05,16.31,16.01,16.27,24942090,403904719.0
2026-09-24,sh,600675,中华企业,2.51,2.53,2.66,2.41,2.47,163998128,411244471.0
2026-09-24,sh,600676,久事动娱,6.66,6.67,6.84,6.54,6.74,13812561,92420108.0
2026-09-24,sh,600678,ST金顶,5.73,5.78,5.78,5.65,5.68,3453119,19738650.0
2026-09-24,sh,600679,上海凤凰,10.69,10.7,11.02,10.47,10.63,9461907,101267101.0
2026-09-24,sh,600681,百川能源,3.39,3.4,3.44,3.36,3.41,16445900,56071766.0
2026-09-24,sh,600682,南京新百,5.85,5.81,5.92,5.75,5.76,12134163,70663553.0
2026-09-24,sh,600683,京投发展,9.62,9.57,9.69,9.25,9.32,18215601,171087631.0
2026-09-24,sh,600684,珠江股份,3.62,3.62,3.64,3.53,3.56,13709761,48998851.0
2026-09-24,sh,600685,中船防务,29.06,28.99,29.07,28.62,28.63,9047409,260890460.0
2026-09-24,sh,600686,金龙汽车,11.11,11.02,11.2,10.86,10.88,12906885,141846555.0
2026-09-24,sh,600688,上海石化,2.78,2.78,2.8,2.75,2.75,47383600,131153858.0
2026-09-24,sh,600689,上海三毛,12.11,12.04,12.18,11.93,12.04,1925500,23177405.0
2026-09-24,sh,600690,海尔智家,20.2,20.2,20.45,20.12,20.14,21378664,433429341.0
2026-09-24,sh,600691,潞化科技,2.76,2.77,2.81,2.73,2.74,38705456,107123624.0
2026-09-24,sh,600692,亚通股份,6.51,6.47,6.57,6.4,6.44,5459100,35271824.0
2026-09-24,sh,600693,东百集团,9.5,9.56,9.88,9.34,9.76,69858082,671239057.0
2026-09-24,sh,600694,大商股份,14.41,14.4,14.46,14.31,14.34,1663696,23908053.0
2026-09-24,sh,600697,欧亚集团,11.36,11.39,11.51,11.24,11.38,6180900,70160358.0
2026-09-24,sh,600698,湖南天雁,6.87,6.84,7.01,6.82,6.94,18515104,128645607.0
2026-09-24,sh,600699,均胜电子,21.53,21.52,23.68,21.31,22.62,128960500,2951694585.0
2026-09-24,sh,600702,舍得酒业,33.38,33.2,33.48,32.48,32.48,4532175,148687799.0
2026-09-24,sh,600703,三安光电,12.83,12.74,12.75,12.47,12.47,64891384,816692382.0
2026-09-24,sh,600704,物产中大,4.85,4.84,4.85,4.76,4.77,37700046,180794227.0
2026-09-24,sh,600706,曲江文旅,8.32,8.33,8.41,8.17,8.17,7317000,60204753.0
2026-09-24,sh,600707,彩虹股份,9.8,9.8,9.93,9.48,9.49,133993460,1295028103.0
2026-09-24,sh,600708,光明地产,3.1,3.08,3.14,3.02,3.03,19775500,60431429.0
2026-09-24,sh,600710,苏美达,11.37,11.35,11.55,11.27,11.29,6155639,69986882.0
2026-09-24,sh,600711,盛屯矿业,10.9,10.78,10.78,10.4,10.43,54342920,571375159.0
2026-09-24,sh,600712,南宁百货,5.6,5.57,5.68,5.52,5.57,18479100,103123435.0
2026-09-24,sh,600713,南京医药,4.94,4.96,4.97,4.91,4.92,8884236,43849196.0
2026-09-24,sh,600714,金瑞矿业,19.46,19.15,19.27,18.46,18.51,20394296,381715417.0
2026-09-24,sh,600715,文投控股,1.65,1.64,1.78,1.62,1.69,91446400,154707363.0
2026-09-24,sh,600716,凤凰股份,3.73,3.73,3.77,3.66,3.69,4919010,18171715.0
2026-09-24,sh,600717,天津港,4.23,4.22,4.24,4.19,4.22,15059968,63455452.0
2026-09-24,sh,600718,东软集团,7.99,8.0,8.04,7.88,7.9,5405900,42965236.0
2026-09-24,sh,600719,大连热电,7.59,7.51,7.63,7.37,7.39,15905324,118564976.0
2026-09-24,sh,600720,中交设计,5.16,5.17,5.17,5.09,5.1,4811060,24633566.0
2026-09-24,sh,600721,百花医药,13.29,12.66,13.96,12.45,12.92,152609106,2004408988.0
2026-09-24,sh,600722,金牛化工,16.29,15.81,16.2,15.0,15.12,97091553,1505042026.0
2026-09-24,sh,600724,宁波富达,5.05,5.05,5.09,4.94,4.96,7828662,39138613.0
2026-09-24,sh,600725,云维股份,3.2,3.21,3.29,3.18,3.25,15942665,51883802.0
2026-09-24,sh,600726,华电能源,5.07,5.07,5.08,5.01,5.03,42382441,213418749.0
2026-09-24,sh,600727,鲁北化工,7.52,7.49,7.65,7.47,7.61,10093046,76529478.0
2026-09-24,sh,600728,佳都科技,4.47,4.46,4.49,4.37,4.39,15726863,69565996.0
2026-09-24,sh,600729,重百集团,18.38,18.39,18.46,18.08,18.14,1961100,35725494.0
2026-09-24,sh,600730,*ST高科,9.29,9.23,9.36,8.9,8.91,6295400,57507613.0
2026-09-24,sh,600731,湖南海利,5.88,5.89,5.92,5.85,5.89,2852040,16752780.0
2026-09-24,sh,600732,爱旭股份,10.86,10.85,11.19,10.69,11.02,30484691,334765289.0
2026-09-24,sh,600733,北汽蓝谷,4.77,4.74,4.88,4.67,4.68,89689238,427339895.0
2026-09-24,sh,600734,*ST实达,1.93,1.92,1.94,1.88,1.93,34802685,66515374.0
2026-09-24,sh,600735,ST新华锦,6.66,6.69,6.73,6.53,6.57,2903700,19095348.0
2026-09-24,sh,600736,苏州高新,6.66,6.61,6.71,6.53,6.56,14416467,94966682.0
2026-09-24,sh,600737,中粮糖业,15.03,15.01,15.16,14.61,14.75,50367564,746569232.0
2026-09-24,sh,600738,丽尚国潮,4.19,4.21,4.24,4.16,4.2,10505692,44151018.0
2026-09-24,sh,600739,辽宁成大,10.43,10.4,10.44,10.25,10.27,6845400,70645022.0
2026-09-24,sh,600740,山西焦化,3.72,3.7,3.79,3.67,3.77,28292422,106251026.0
2026-09-24,sh,600741,华域汽车,14.82,14.83,14.88,14.68,14.7,8362610,123464901.0
2026-09-24,sh,600742,富维股份,7.71,7.69,7.82,7.66,7.79,5335474,41316389.0
2026-09-24,sh,600743,华远控股,2.82,2.88,2.9,2.54,2.56,303676607,796693685.0
2026-09-24,sh,600744,华银电力,6.18,6.18,6.18,6.05,6.08,60714960,370149332.0
2026-09-24,sh,600745,*ST闻泰,17.1,17.08,17.42,17.04,17.04,20346603,350434489.0
2026-09-24,sh,600746,江苏索普,6.87,6.82,6.98,6.8,6.85,8950300,61648801.0
2026-09-24,sh,600748,上实发展,3.99,3.99,4.06,3.9,3.96,17020958,67496859.0
2026-09-24,sh,600749,西藏旅游,13.49,13.42,13.51,13.18,13.19,5282900,70269814.0
2026-09-24,sh,600750,华润江中,22.45,22.38,22.57,22.08,22.14,3644201,81280912.0
2026-09-24,sh,600751,海航科技,2.89,2.91,2.93,2.85,2.87,21527688,61994340.0
2026-09-24,sh,600753,ST海钦,13.4,13.6,13.98,13.26,13.47,5589600,75957612.0
2026-09-24,sh,600754,锦江酒店,18.44,18.38,18.4,17.99,18.03,8087688,146590161.0
2026-09-24,sh,600755,厦门国贸,5.8,5.78,6.02,5.77,6.02,53933331,319585660.0
2026-09-24,sh,600756,浪潮软件,13.8,13.71,13.85,13.67,13.68,3747498,51531340.0
2026-09-24,sh,600757,长江传媒,7.39,7.39,7.5,7.36,7.38,7223836,53581191.0
2026-09-24,sh,600758,辽宁能源,3.51,3.55,3.86,3.5,3.64,87105179,321735589.0
2026-09-24,sh,600759,ST洲际,2.31,2.31,2.33,2.29,2.31,51525158,119023474.0
2026-09-24,sh,600760,中航沈飞,44.08,44.0,44.08,42.71,43.03,13910632,601149777.0
2026-09-24,sh,600761,安徽合力,15.31,15.3,15.34,15.07,15.15,6785695,102894418.0
2026-09-24,sh,600763,通策医疗,33.86,33.63,34.24,33.43,33.48,4369344,147517776.0
2026-09-24,sh,600764,中国海防,18.39,18.39,18.5,18.19,18.36,4121819,75705927.0
2026-09-24,sh,600765,中航重机,13.35,13.31,13.37,13.14,13.2,10313264,136391304.0
2026-09-24,sh,600768,富邦新材,15.04,14.89,15.13,14.72,14.84,2278500,33918776.0
2026-09-24,sh,600769,祥龙电业,16.4,16.33,16.41,15.6,15.72,8581546,136373423.0
2026-09-24,sh,600770,综艺股份,6.51,6.3,6.62,6.19,6.21,104086110,662034028.0
2026-09-24,sh,600771,广誉远,13.82,13.82,14.08,13.64,13.65,5389232,74261855.0
2026-09-24,sh,600773,西藏城投,10.02,9.96,10.05,9.7,9.71,18694601,183887303.0
2026-09-24,sh,600774,汉商集团,7.77,7.76,7.88,7.67,7.7,2964500,22957289.0
2026-09-24,sh,600775,南京熊猫,9.61,9.6,9.8,9.5,9.51,8143400,78405007.0
2026-09-24,sh,600776,东方通信,13.03,13.04,13.37,12.9,12.91,14475049,189007593.0
2026-09-24,sh,600777,新潮能源,4.0,4.01,4.04,3.97,4.01,17577020,70302848.0
2026-09-24,sh,600778,友好集团,5.83,5.85,5.85,5.7,5.75,8593400,49349550.0
2026-09-24,sh,600779,水井坊,26.7,26.61,26.86,26.2,26.21,1752402,46246835.0
2026-09-24,sh,600780,通宝能源,6.13,6.11,6.15,6.07,6.09,7527839,45988508.0
2026-09-24,sh,600782,新钢股份,2.66,2.66,2.67,2.61,2.63,36015200,94730661.0
2026-09-24,sh,600783,鲁信创投,15.48,15.4,15.84,15.27,15.3,11806371,183494873.0
2026-09-24,sh,600784,鲁银投资,7.07,7.11,7.21,7.07,7.14,6156400,44010372.0
2026-09-24,sh,600785,新华百货,10.74,10.8,10.85,10.47,10.54,15084550,159360099.0
2026-09-24,sh,600787,中储股份,4.57,4.57,4.61,4.53,4.54,13629020,62206690.0
2026-09-24,sh,600789,鲁抗医药,7.76,7.74,7.81,7.53,7.54,19187220,146599742.0
2026-09-24,sh,600790,轻纺城,3.73,3.77,3.79,3.61,3.62,63021934,231924818.0
2026-09-24,sh,600791,京能置业,7.02,6.99,7.09,6.88,6.92,14645800,101925634.0
2026-09-24,sh,600792,云煤能源,5.18,5.1,5.7,5.03,5.7,182210911,1020598468.0
2026-09-24,sh,600793,宜宾纸业,17.73,17.73,17.85,17.0,17.0,4445200,76712694.0
2026-09-24,sh,600794,保税科技,3.16,3.16,3.2,3.14,3.17,11550200,36670307.0
2026-09-24,sh,600795,国电电力,5.12,5.11,5.26,5.09,5.24,115278992,600289159.0
2026-09-24,sh,600796,钱江生化,5.08,5.06,5.13,5.04,5.06,2906000,14761777.0
2026-09-24,sh,600797,浙大网新,6.62,6.61,6.64,6.5,6.51,9184476,60137223.0
2026-09-24,sh,600798,宁波海运,3.35,3.35,3.4,3.33,3.39,18036165,60832643.0
2026-09-24,sh,600800,渤海化学,3.17,3.19,3.23,3.15,3.2,15348712,48938863.0
2026-09-24,sh,600801,华新建材,23.78,23.69,23.96,23.41,23.75,7111676,169013927.0
2026-09-24,sh,600802,福建水泥,6.02,5.8,6.62,5.53,6.62,70478362,418892407.0
2026-09-24,sh,600803,新奥股份,18.58,18.49,18.65,18.41,18.54,4048338,74937660.0
2026-09-24,sh,600805,悦达投资,4.55,4.55,4.64,4.53,4.56,7351152,33591883.0
2026-09-24,sh,600807,济高发展,2.62,2.6,2.7,2.6,2.64,14790523,39249695.0
2026-09-24,sh,600808,马钢股份,2.49,2.48,2.49,2.42,2.43,64271218,157303101.0
2026-09-24,sh,600809,山西汾酒,114.03,113.68,113.89,111.0,111.18,4587043,512725172.0
2026-09-24,sh,600810,神马股份,6.32,6.34,6.36,6.24,6.25,3522300,22162366.0
2026-09-24,sh,600812,华北制药,4.95,4.94,4.99,4.88,4.88,29830500,146837792.0
2026-09-24,sh,600814,杭州解百,6.97,6.97,7.03,6.88,6.89,5397089,37376789.0
2026-09-24,sh,600815,厦工股份,4.23,4.15,4.65,4.13,4.65,296316639,1335809330.0
2026-09-24,sh,600816,建元信托,2.37,2.37,2.38,2.33,2.33,50915894,119468236.0
2026-09-24,sh,600817,宇通重工,9.51,9.57,9.61,9.46,9.52,1382100,13186782.0
2026-09-24,sh,600818,ST中路,9.34,9.28,9.59,9.03,9.11,5551800,51043003.0
2026-09-24,sh,600819,耀皮玻璃,5.67,5.65,5.92,5.63,5.65,10103920,57920787.0
2026-09-24,sh,600820,隧道股份,5.27,5.26,5.3,5.23,5.23,10180300,53460836.0
2026-09-24,sh,600821,金开新能,5.88,5.85,5.88,5.76,5.77,33014600,191540282.0
2026-09-24,sh,600822,上海物贸,9.09,9.07,9.35,9.02,9.08,7426062,67810932.0
2026-09-24,sh,600824,益民集团,3.67,3.65,3.72,3.63,3.66,10735900,39287823.0
2026-09-24,sh,600825,新华传媒,7.06,7.77,7.77,7.77,7.77,5985192,46504942.0
2026-09-24,sh,600826,兰生股份,7.94,7.95,8.12,7.89,8.12,9958665,79942160.0
2026-09-24,sh,600827,百联股份,7.79,7.77,7.84,7.69,7.73,8143500,63113650.0
2026-09-24,sh,600828,茂业商业,4.4,4.41,4.47,4.32,4.37,20989500,92005180.0
2026-09-24,sh,600829,人民同泰,9.69,9.75,9.84,9.41,9.62,10896300,104660510.0
2026-09-24,sh,600830,香溢融通,8.46,8.47,8.62,8.43,8.49,8315022,70764015.0
2026-09-24,sh,600831,广电网络,3.34,3.34,3.67,3.3,3.51,63518335,225346433.0
2026-09-24,sh,600833,第一医药,10.71,10.6,10.78,10.51,10.62,4068300,43119233.0
2026-09-24,sh,600834,申通地铁,7.58,7.57,7.67,7.53,7.62,1481984,11297067.0
2026-09-24,sh,600835,上海机电,18.88,18.71,19.26,18.66,18.77,9260376,175521700.0
2026-09-24,sh,600838,上海九百,8.56,8.59,8.62,8.2,8.31,16085700,134373889.0
2026-09-24,sh,600839,四川长虹,6.62,6.6,6.63,6.56,6.57,21183606,139530909.0
2026-09-24,sh,600841,动力新科,5.72,5.7,5.77,5.6,5.63,7584900,43046825.0
2026-09-24,sh,600843,上工申贝,7.61,7.2,8.37,7.2,8.37,56684502,447214953.0
2026-09-24,sh,600844,金煤科技,3.3,3.33,3.34,3.26,3.28,21456300,70662687.0
2026-09-24,sh,600845,宝信软件,18.34,18.34,18.5,18.23,18.26,11238977,206347361.0
2026-09-24,sh,600846,同济科技,10.96,11.01,11.14,10.82,10.83,1979678,21712434.0
2026-09-24,sh,600847,万里股份,12.87,12.89,13.64,12.72,13.03,7036500,92578295.0
2026-09-24,sh,600848,上海临港,8.72,8.7,8.73,8.5,8.5,7327200,62846244.0
2026-09-24,sh,600850,电科数字,14.16,14.14,14.16,13.81,13.86,6243806,87135716.0
2026-09-24,sh,600851,海欣股份,8.39,8.36,8.41,8.1,8.11,6523751,53589846.0
2026-09-24,sh,600853,龙建股份,3.26,3.26,3.29,3.24,3.26,5862952,19101375.0
2026-09-24,sh,600854,春兰股份,4.72,4.71,4.78,4.68,4.73,6492301,30756312.0
2026-09-24,sh,600855,航天长峰,12.86,12.86,13.07,12.78,12.85,7099991,91785044.0
2026-09-24,sh,600857,宁波中百,22.48,22.61,22.61,20.57,20.71,10621472,225417603.0
2026-09-24,sh,600858,银座股份,4.91,4.93,4.95,4.86,4.88,5805400,28437108.0
2026-09-24,sh,600859,王府井,9.84,9.83,9.89,9.7,9.7,9080348,88664351.0
2026-09-24,sh,600860,京城股份,7.56,7.55,7.85,7.5,7.55,5231436,39932677.0
2026-09-24,sh,600861,北京人力,12.71,12.72,12.82,12.68,12.71,899357,11468699.0
2026-09-24,sh,600862,中航高科,17.97,18.01,18.23,17.78,17.88,9292534,167344994.0
2026-09-24,sh,600863,华能蒙电,4.61,4.61,4.67,4.57,4.64,56610845,261810978.0
2026-09-24,sh,600864,哈投股份,5.82,5.8,5.81,5.66,5.7,31467043,180169671.0
2026-09-24,sh,600865,百大集团,11.08,11.09,11.29,10.82,10.9,25893042,283937594.0
2026-09-24,sh,600866,星湖科技,4.17,4.17,4.19,4.1,4.12,12779775,52871576.0
2026-09-24,sh,600867,通化东宝,7.85,7.79,7.87,7.72,7.73,10419000,80948518.0
2026-09-24,sh,600868,梅雁吉祥,2.73,2.71,2.75,2.7,2.72,22063607,60022462.0
2026-09-24,sh,600869,远东股份,21.03,20.78,20.88,19.78,19.83,155312443,3126621504.0
2026-09-24,sh,600871,石化油服,2.12,2.13,2.14,2.1,2.11,84695400,179324721.0
2026-09-24,sh,600872,中炬高新,17.39,17.32,17.45,17.11,17.15,5824010,100419058.0
2026-09-24,sh,600873,梅花生物,7.44,7.41,7.5,7.33,7.36,19383200,143118517.0
2026-09-24,sh,600874,创业环保,5.46,5.44,5.48,5.42,5.44,3823179,20851724.0
2026-09-24,sh,600875,东方电气,23.81,23.72,23.95,23.48,23.5,19383552,457969849.0
2026-09-24,sh,600876,凯盛新能,7.87,7.94,7.95,7.6,7.62,14251263,109437245.0
2026-09-24,sh,600877,电科芯片,12.12,12.07,12.14,11.87,11.9,7790001,93282065.0
2026-09-24,sh,600879,航天电子,14.3,14.31,14.63,14.19,14.31,71733843,1031292773.0
2026-09-24,sh,600880,博瑞传播,4.41,4.35,4.43,4.24,4.26,45216289,194407134.0
2026-09-24,sh,600881,亚泰集团,1.88,1.87,1.9,1.83,1.85,78016550,145748739.0
2026-09-24,sh,600882,妙可蓝多,19.21,19.19,19.29,19.0,19.04,1999006,38215672.0
2026-09-24,sh,600883,博闻科技,8.16,8.16,8.25,8.06,8.11,3033600,24716227.0
2026-09-24,sh,600884,杉杉股份,11.92,11.83,11.9,11.5,11.54,48154690,558015385.0
2026-09-24,sh,600885,宏发股份,33.3,33.2,33.95,33.11,33.39,9462609,316645805.0
2026-09-24,sh,600886,国投电力,14.57,14.65,14.92,14.53,14.86,31091836,459261621.0
2026-09-24,sh,600887,伊利股份,26.92,26.9,27.03,26.75,26.9,31103808,836181105.0
2026-09-24,sh,600888,新疆众和,10.06,9.95,10.03,9.7,9.72,31639907,311428757.0
2026-09-24,sh,600889,*ST京化,13.7,13.62,13.72,13.38,13.39,1151700,15530998.0
2026-09-24,sh,600892,大晟文化,4.16,4.15,4.22,4.09,4.12,29271299,121179171.0
2026-09-24,sh,600893,航发动力,39.56,39.31,39.55,38.27,38.29,21947807,848223390.0
2026-09-24,sh,600894,广日股份,7.75,7.7,7.81,7.65,7.77,9202899,71192534.0
2026-09-24,sh,600895,张江高科,28.76,28.57,28.8,28.17,28.22,11016964,312601306.0
2026-09-24,sh,600897,厦门空港,15.05,15.01,16.56,14.91,16.25,10867518,173303053.0
2026-09-24,sh,600900,长江电力,28.08,28.1,28.39,28.06,28.36,95024277,2684347938.0
2026-09-24,sh,600901,江苏金租,6.67,6.66,6.8,6.65,6.79,24746140,167022528.0
2026-09-24,sh,600903,贵州燃气,6.64,6.63,6.78,6.53,6.56,31364567,207861145.0
2026-09-24,sh,600905,三峡能源,3.64,3.64,3.65,3.61,3.61,67215877,243509814.0
2026-09-24,sh,600906,财达证券,6.46,6.44,6.45,6.35,6.36,15473856,98806887.0
2026-09-24,sh,600908,无锡银行,5.75,5.73,5.88,5.73,5.83,20186803,117526554.0
2026-09-24,sh,600909,华安证券,8.09,8.05,8.06,7.81,7.82,69961969,552646871.0
2026-09-24,sh,600916,中国黄金,7.36,7.31,7.33,7.22,7.24,18845880,136844538.0
2026-09-24,sh,600917,重庆燃气,4.81,4.83,4.84,4.77,4.79,3625299,17402751.0
2026-09-24,sh,600918,中泰证券,5.51,5.5,5.51,5.39,5.42,22011517,119745709.0
2026-09-24,sh,600919,江苏银行,12.07,12.07,12.4,12.07,12.26,125050445,1535796089.0
2026-09-24,sh,600925,苏能股份,4.06,4.06,4.1,4.05,4.08,5792518,23600084.0
2026-09-24,sh,600926,杭州银行,17.14,17.15,17.35,17.11,17.23,37205860,642560177.0
2026-09-24,sh,600927,永安期货,12.34,12.3,12.36,12.16,12.18,4212020,51559441.0
2026-09-24,sh,600928,西安银行,3.5,3.5,3.51,3.46,3.48,16682196,58183678.0
2026-09-24,sh,600929,雪天盐业,6.11,6.08,6.18,6.0,6.0,26898665,163865754.0
2026-09-24,sh,600930,华电新能,3.9,3.9,3.91,3.88,3.88,81143547,315808281.0
2026-09-24,sh,600933,爱柯迪,13.89,13.93,14.19,13.63,13.67,11508684,159814134.0
2026-09-24,sh,600935,华塑股份,2.31,2.3,2.32,2.28,2.29,13105500,30121115.0
2026-09-24,sh,600936,北投科技,4.35,4.33,4.42,4.3,4.31,25717581,111636193.0
2026-09-24,sh,600938,中国海油,32.29,32.34,32.87,32.32,32.8,29438840,960836761.0
2026-09-24,sh,600939,重庆建工,2.61,2.61,2.64,2.58,2.6,14140800,36771477.0
2026-09-24,sh,600941,中国移动,96.4,96.5,97.6,96.07,97.45,8276083,803547827.0
2026-09-24,sh,600955,维远股份,12.58,12.57,12.61,12.37,12.38,2000900,24875594.0
2026-09-24,sh,600956,新天绿能,7.04,7.0,7.09,7.0,7.05,5062197,35701480.0
2026-09-24,sh,600958,东方证券,8.93,8.92,8.93,8.69,8.71,57357896,503400968.0
2026-09-24,sh,600959,江苏有线,3.09,3.08,3.15,3.08,3.09,27423931,85284393.0
2026-09-24,sh,600960,渤海汽车,3.92,3.96,3.97,3.85,3.9,7243700,28419956.0
2026-09-24,sh,600961,株冶集团,24.47,24.13,24.24,23.56,23.61,20282579,482921825.0
2026-09-24,sh,600962,国投中鲁,26.35,26.15,27.1,26.1,26.15,5490625,145570706.0
2026-09-24,sh,600963,岳阳林纸,3.41,3.41,3.45,3.32,3.35,25710500,86539065.0
2026-09-24,sh,600965,*ST福成,2.69,2.71,2.72,2.69,2.69,2585682,6991932.0
2026-09-24,sh,600966,博汇纸业,4.88,4.88,4.88,4.78,4.8,9280501,44681569.0
2026-09-24,sh,600967,内蒙一机,12.94,12.9,13.26,12.87,12.97,43391293,566871429.0
2026-09-24,sh,600968,海油发展,3.85,3.87,3.91,3.84,3.88,27494311,106759533.0
2026-09-24,sh,600969,郴电国际,9.8,9.77,9.92,9.69,9.79,6204080,60966679.0
2026-09-24,sh,600970,中材国际,7.61,7.63,7.72,7.57,7.68,17426142,133904539.0
2026-09-24,sh,600971,恒源煤电,8.38,8.35,8.54,8.32,8.46,11909766,100851269.0
2026-09-24,sh,600973,宝胜股份,5.91,5.9,5.96,5.86,5.89,8650624,51104289.0
2026-09-24,sh,600975,新五丰,5.16,5.14,5.17,5.05,5.08,18166872,92449727.0
2026-09-24,sh,600976,健民集团,27.02,27.0,27.17,26.7,26.8,680600,18290848.0
2026-09-24,sh,600977,中国电影,13.5,13.45,13.53,13.09,13.13,23776700,314089483.0
2026-09-24,sh,600979,广安爱众,3.88,3.88,3.91,3.85,3.86,14966364,57928719.0
2026-09-24,sh,600980,XD北矿科,19.49,19.37,19.48,19.12,19.13,1826810,35207791.0
2026-09-24,sh,600981,苏豪汇鸿,2.39,2.39,2.43,2.35,2.37,15318900,36527001.0
2026-09-24,sh,600982,宁波能源,4.85,4.84,4.88,4.78,4.86,13770250,66865298.0
2026-09-24,sh,600983,惠而浦,7.54,7.54,7.59,7.39,7.39,1139600,8520346.0
2026-09-24,sh,600984,建设机械,3.46,3.46,3.53,3.42,3.5,22810931,79147071.0
2026-09-24,sh,600985,淮北矿业,16.61,16.51,16.79,16.48,16.49,10284387,171047231.0
2026-09-24,sh,600986,浙文互联,7.06,7.05,7.11,6.86,6.88,39633547,275581382.0
2026-09-24,sh,600987,航民股份,6.33,6.35,6.36,6.28,6.31,3180497,20077509.0
2026-09-24,sh,600988,赤峰黄金,42.5,41.96,42.25,40.25,40.28,47792285,1956544824.0
2026-09-24,sh,600989,宝丰能源,22.58,22.68,22.9,22.24,22.33,37558166,845050377.0
2026-09-24,sh,600990,四创电子,17.91,17.96,18.1,17.76,17.85,1864811,33442635.0
2026-09-24,sh,600992,贵绳股份,10.19,10.19,10.58,10.19,10.27,12024300,124778926.0
2026-09-24,sh,600993,马应龙,22.46,22.46,22.53,22.12,22.15,2100100,46761529.0
2026-09-24,sh,600995,南网储能,11.99,11.95,11.98,11.78,11.8,7137319,84614304.0
2026-09-24,sh,600996,贵广网络,6.85,6.8,7.0,6.8,6.82,13669500,94276225.0
2026-09-24,sh,600997,开滦股份,5.13,5.11,5.22,5.09,5.14,9417220,48474329.0
2026-09-24,sh,600998,九州通,4.89,4.87,4.91,4.83,4.84,20864300,101530081.0
2026-09-24,sh,600999,招商证券,17.83,17.81,17.82,17.35,17.44,31023535,544336440.0
2026-09-24,sh,601000,唐山港,4.32,4.32,4.41,4.3,4.39,41366994,181053748.0
2026-09-24,sh,601001,晋控煤业,18.05,18.0,18.18,17.64,17.65,10487782,186916271.0
2026-09-24,sh,601002,晋亿实业,5.19,5.17,5.29,5.15,5.22,9301600,48621370.0
2026-09-24,sh,601003,柳钢股份,3.52,3.48,3.52,3.42,3.49,19266438,66997964.0
2026-09-24,sh,601005,重庆钢铁,1.23,1.22,1.23,1.2,1.2,85671500,103571851.0
2026-09-24,sh,601006,大秦铁路,4.69,4.68,4.69,4.65,4.66,81381896,379735861.0
2026-09-24,sh,601007,金陵饭店,6.78,6.76,6.83,6.7,6.8,5431100,36903141.0
2026-09-24,sh,601008,连云港,4.35,4.35,4.4,4.32,4.4,8160546,35718961.0
2026-09-24,sh,601009,南京银行,11.73,11.75,12.03,11.7,11.95,56820507,676362843.0
2026-09-24,sh,601010,ST文峰,1.46,1.45,1.46,1.43,1.43,7311200,10530828.0
2026-09-24,sh,601011,宝泰隆,2.88,2.87,2.95,2.85,2.91,33857542,98142527.0
2026-09-24,sh,601012,隆基绿能,11.41,11.4,11.41,11.03,11.04,70872756,790780263.0
2026-09-24,sh,601015,陕西黑猫,3.5,3.5,3.68,3.45,3.55,69171327,248535783.0
2026-09-24,sh,601016,节能风电,3.28,3.26,3.27,3.24,3.25,52304710,170234676.0
2026-09-24,sh,601018,宁波港,3.4,3.4,3.41,3.37,3.4,38176944,129493281.0
2026-09-24,sh,601019,山东出版,6.99,6.95,7.08,6.71,6.75,19371480,132639224.0
2026-09-24,sh,601020,华钰矿业,22.14,21.82,22.14,20.9,21.0,25254486,541556176.0
2026-09-24,sh,601021,XD春秋航,41.62,41.3,41.44,39.1,39.85,10989087,441286023.0
2026-09-24,sh,601022,宁波远洋,8.46,8.45,8.5,8.38,8.42,4978100,41961707.0
2026-09-24,sh,601026,道生天合,15.35,15.25,15.55,15.21,15.25,4771781,73354273.0
2026-09-24,sh,601033,永兴股份,14.25,14.22,14.32,14.18,14.19,1789121,25477590.0
2026-09-24,sh,601038,一拖股份,13.89,13.92,14.19,13.83,13.96,6546300,91621984.0
2026-09-24,sh,601058,赛轮轮胎,13.92,13.97,14.0,13.55,13.56,29634647,408839499.0
2026-09-24,sh,601059,信达证券,15.56,0.0,0.0,0.0,15.56,0,0.0
2026-09-24,sh,601061,中信金属,11.35,11.24,11.27,10.79,10.83,16565556,181544153.0
2026-09-24,sh,601065,江盐集团,6.73,6.74,6.74,6.66,6.67,2443245,16345363.0
2026-09-24,sh,601066,中信建投,23.67,23.67,23.83,23.35,23.4,8841315,207997567.0
2026-09-24,sh,601068,中铝国际,4.5,4.44,4.47,4.26,4.28,33020046,142654558.0
2026-09-24,sh,601069,西部黄金,26.79,26.44,26.47,25.5,25.6,13863138,359240100.0
2026-09-24,sh,601077,渝农商行,6.54,6.54,6.71,6.53,6.64,90415463,600840899.0
2026-09-24,sh,601083,锦江航运,12.78,12.81,12.95,12.7,12.75,4575516,58600280.0
2026-09-24,sh,601086,国芳集团,17.02,17.2,17.88,15.32,15.32,71773500,1165472055.0
2026-09-24,sh,601088,中国神华,47.21,47.34,48.16,47.15,48.03,25276695,1209153495.0
2026-09-24,sh,601089,福元医药,16.29,16.3,16.38,15.87,15.88,2604300,41858560.0
2026-09-24,sh,601091,沈鼓集团,30.0,27.7,28.86,27.0,27.0,55214298,1522465538.0
2026-09-24,sh,601096,宏盛华源,4.08,4.08,4.08,3.95,3.96,27412998,109656586.0
2026-09-24,sh,601098,中南传媒,10.36,10.36,10.45,10.16,10.18,7593600,77948261.0
2026-09-24,sh,601099,太平洋,3.54,3.53,3.57,3.48,3.52,134577359,473843892.0
2026-09-24,sh,601100,恒立液压,91.6,91.6,93.9,90.7,92.3,9573159,889283519.0
2026-09-24,sh,601101,昊华能源,13.25,13.08,13.37,12.99,13.06,10856661,142765770.0
2026-09-24,sh,601106,中国一重,2.94,2.93,2.96,2.9,2.92,49260590,143991587.0
2026-09-24,sh,601107,四川成渝,6.01,5.99,6.09,5.94,6.02,12250577,74196897.0
2026-09-24,sh,601108,财通证券,8.56,8.55,8.58,8.35,8.36,32372870,272682520.0
2026-09-24,sh,601111,中国国航,5.96,5.93,5.93,5.81,5.81,59009100,345459336.0
2026-09-24,sh,601112,振石股份,16.42,16.31,16.43,16.16,16.17,4562352,74136940.0
2026-09-24,sh,601113,华鼎股份,3.52,3.51,3.6,3.49,3.54,12316600,43681589.0
2026-09-24,sh,601116,三江购物,10.21,10.23,10.31,9.98,10.02,8214147,82761839.0
2026-09-24,sh,601117,中国化学,7.16,7.15,7.25,7.1,7.22,60215965,432335164.0
2026-09-24,sh,601118,海南橡胶,6.66,6.66,6.75,6.4,6.48,114111446,747184978.0
2026-09-24,sh,601121,XD宝地矿,7.23,7.19,7.21,7.03,7.06,6158100,43725478.0
2026-09-24,sh,601123,马矿股份,18.09,17.74,18.23,17.52,17.82,24583971,438506856.0
2026-09-24,sh,601126,四方股份,39.5,39.25,39.33,38.36,38.39,13028700,504702851.0
2026-09-24,sh,601127,赛力斯,47.2,47.0,47.45,46.3,46.33,13455551,629341780.0
2026-09-24,sh,601128,常熟银行,6.19,6.19,6.23,6.16,6.17,49075216,304128078.0
2026-09-24,sh,601133,柏诚股份,26.02,25.5,25.99,24.97,25.05,20976375,532956829.0
2026-09-24,sh,601136,首创证券,14.52,14.41,14.52,14.16,14.19,10386223,148401960.0
2026-09-24,sh,601137,博威合金,20.49,20.4,20.45,19.8,19.85,10986177,220727438.0
2026-09-24,sh,601138,工业富联,62.98,62.3,62.57,60.8,61.0,67195029,4118101458.0
2026-09-24,sh,601139,深圳燃气,6.23,6.26,6.28,6.18,6.19,15010020,93303664.0
2026-09-24,sh,601155,新城控股,12.95,12.9,13.08,12.51,12.56,19517640,247703364.0
2026-09-24,sh,601156,东航物流,18.4,18.31,18.59,18.18,18.21,4268700,78216785.0
2026-09-24,sh,601158,重庆水务,3.99,3.98,4.01,3.97,3.98,5482572,21844719.0
2026-09-24,sh,601162,天风证券,3.67,3.66,3.68,3.58,3.6,96895500,350316786.0
2026-09-24,sh,601163,XD三角轮,12.31,12.3,12.4,12.19,12.21,1811227,22219244.0
2026-09-24,sh,601166,兴业银行,17.87,17.89,18.0,17.87,17.88,59537130,1067751649.0
2026-09-24,sh,601168,西部矿业,36.81,36.5,36.5,35.06,35.19,34181928,1218918280.0
2026-09-24,sh,601169,北京银行,5.47,5.48,5.54,5.47,5.49,131041604,721426264.0
2026-09-24,sh,601177,杭齿前进,13.73,13.75,13.95,13.69,13.72,3704033,51201418.0
2026-09-24,sh,601179,中国西电,12.0,11.96,12.0,11.7,11.75,48632633,574454873.0
2026-09-24,sh,601186,中国铁建,6.03,6.02,6.03,5.97,5.98,25837171,154787276.0
2026-09-24,sh,601187,厦门银行,6.93,6.94,6.99,6.89,6.92,14188300,98382969.0
2026-09-24,sh,601188,龙江交通,2.84,2.84,2.86,2.82,2.85,9129100,25961852.0
2026-09-24,sh,601198,东兴证券,13.06,0.0,0.0,0.0,13.06,0,0.0
2026-09-24,sh,601199,江南水务,6.61,6.66,6.69,6.51,6.61,12316545,81183760.0
2026-09-24,sh,601200,上海环境,6.82,6.8,6.84,6.73,6.74,5019804,33997778.0
2026-09-24,sh,601208,东材科技,55.0,54.01,56.88,53.13,56.44,93196641,5169694741.0
2026-09-24,sh,601211,国泰海通,17.67,17.55,17.63,17.16,17.21,57785709,1001018333.0
2026-09-24,sh,601212,白银有色,6.04,5.86,5.89,5.77,5.79,154150877,895874769.0
2026-09-24,sh,601216,君正集团,4.51,4.51,4.58,4.46,4.47,41938125,189266469.0
2026-09-24,sh,601218,吉鑫科技,5.0,4.93,5.5,4.93,5.5,147651112,788504269.0
2026-09-24,sh,601222,林洋能源,5.97,5.94,5.98,5.87,5.88,12327884,72859405.0
2026-09-24,sh,601225,陕西煤业,25.68,25.6,26.1,25.48,25.83,28929268,745972477.0
2026-09-24,sh,601226,华电科工,6.68,6.68,6.68,6.52,6.53,8504209,56003417.0
2026-09-24,sh,601228,广州港,3.03,3.02,3.04,3.01,3.03,15496161,46900354.0
2026-09-24,sh,601229,上海银行,9.47,9.47,9.58,9.43,9.51,37703133,359115153.0
2026-09-24,sh,601231,环旭电子,26.94,26.71,26.71,25.44,25.45,26537896,687004220.0
2026-09-24,sh,601233,桐昆股份,24.08,23.9,23.96,23.24,23.26,20087924,472061269.0
2026-09-24,sh,601236,红塔证券,7.01,7.0,7.01,6.86,6.89,17205380,119075208.0
2026-09-24,sh,601238,广汽集团,5.09,0.0,0.0,0.0,5.09,0,0.0
2026-09-24,sh,601279,英利汽车,3.5,3.49,3.57,3.47,3.51,10276500,36185324.0
2026-09-24,sh,601288,农业银行,6.83,6.83,6.94,6.81,6.87,288653689,1988342296.0
2026-09-24,sh,601298,青岛港,9.69,9.69,9.79,9.63,9.75,7475861,72861908.0
2026-09-24,sh,601311,骆驼股份,7.43,7.41,7.43,7.28,7.3,10204340,74814858.0
2026-09-24,sh,601318,中国平安,53.87,53.8,53.92,53.15,53.25,54045936,2886593390.0
2026-09-24,sh,601319,中国人保,8.07,8.04,8.12,7.97,8.07,63967783,515300329.0
2026-09-24,sh,601326,秦港股份,3.5,3.49,3.52,3.43,3.47,25761030,89433203.0
2026-09-24,sh,601328,交通银行,7.52,7.55,7.61,7.52,7.56,136022818,1030463862.0
2026-09-24,sh,601330,绿色动力,8.0,8.01,8.09,7.95,8.03,8920330,71729152.0
2026-09-24,sh,601333,广深铁路,3.05,3.04,3.1,3.03,3.06,64554700,198166858.0
2026-09-24,sh,601336,新华保险,57.88,57.8,57.88,56.88,57.58,12178154,698021888.0
2026-09-24,sh,601339,百隆东方,7.2,7.25,7.53,7.18,7.47,17734543,131325066.0
2026-09-24,sh,601360,三六零,9.03,9.03,9.05,8.91,8.95,59115136,529730066.0
2026-09-24,sh,601366,利群股份,3.57,3.58,3.62,3.56,3.58,8964662,32178125.0
2026-09-24,sh,601368,绿城水务,4.51,4.49,4.64,4.48,4.55,6136000,28019952.0
2026-09-24,sh,601369,陕鼓动力,8.95,8.9,8.96,8.81,8.82,10636306,94205809.0
2026-09-24,sh,601375,中原证券,4.0,3.99,4.01,3.94,3.95,23202100,92028908.0
2026-09-24,sh,601377,兴业证券,5.92,5.91,5.91,5.82,5.87,48021465,281500584.0
2026-09-24,sh,601388,怡球资源,3.19,3.18,3.19,3.14,3.15,19711950,62328896.0
2026-09-24,sh,601390,中国中铁,4.29,4.28,4.29,4.24,4.25,66141979,281480388.0
2026-09-24,sh,601398,工商银行,8.09,8.1,8.22,8.09,8.13,267588974,2182889653.0
2026-09-24,sh,601399,国机重装,3.09,3.07,3.11,3.05,3.07,55496619,170653608.0
2026-09-24,sh,601456,国联民生,8.65,8.62,8.65,8.53,8.53,12847590,110178634.0
2026-09-24,sh,601500,通用股份,3.91,3.9,3.92,3.85,3.87,10751800,41729368.0
2026-09-24,sh,601512,中新集团,8.49,8.49,8.54,8.33,8.34,1780400,14944377.0
2026-09-24,sh,601515,衢州东峰,3.24,3.24,3.26,3.2,3.21,8457260,27274037.0
2026-09-24,sh,601518,吉林高速,2.76,2.77,2.78,2.75,2.76,9897980,27366937.0
2026-09-24,sh,601519,大智慧,8.9,8.85,8.87,8.52,8.52,29353541,253534457.0
2026-09-24,sh,601528,瑞丰银行,5.0,4.99,5.04,4.97,4.97,10042200,50222684.0
2026-09-24,sh,601555,东吴证券,8.26,8.24,8.27,8.13,8.17,31603457,258159538.0
2026-09-24,sh,601566,九牧王,9.05,9.01,9.88,9.0,9.67,46260735,439966383.0
2026-09-24,sh,601567,三星电气,14.77,16.25,16.25,16.25,16.25,12808376,208136110.0
2026-09-24,sh,601568,北元化工,3.6,3.59,3.62,3.57,3.59,11870030,42648523.0
2026-09-24,sh,601577,长沙银行,9.69,9.69,9.78,9.67,9.67,24678200,240016014.0
2026-09-24,sh,601579,会稽山,36.75,37.64,39.5,37.3,38.04,55675923,2130961067.0
2026-09-24,sh,601588,北辰实业,1.79,1.78,1.8,1.73,1.75,52520800,92201999.0
2026-09-24,sh,601595,上海电影,23.53,23.26,23.71,22.71,22.96,9854290,227267479.0
2026-09-24,sh,601598,中国外运,6.48,6.46,6.75,6.42,6.68,21842458,145146698.0
2026-09-24,sh,601599,浙文影业,3.21,3.19,3.27,3.18,3.23,15261800,49349917.0
2026-09-24,sh,601600,中国铝业,9.12,9.06,9.08,8.87,8.88,145907247,1305362033.0
2026-09-24,sh,601601,中国太保,31.61,31.6,31.6,30.8,30.88,43212373,1343094814.0
2026-09-24,sh,601606,长城军工,32.07,32.1,32.35,31.81,31.9,15576480,498916129.0
2026-09-24,sh,601607,上海医药,16.06,16.06,16.14,15.98,16.02,6721808,107912281.0
2026-09-24,sh,601608,中信重工,4.6,4.57,4.64,4.57,4.6,20007695,92097931.0
2026-09-24,sh,601609,金田股份,12.79,12.7,12.75,11.76,11.86,66965920,808176556.0
2026-09-24,sh,601611,中国核建,10.26,10.25,10.3,10.13,10.15,12611828,128610353.0
2026-09-24,sh,601615,明阳智能,9.72,9.71,9.82,9.63,9.65,33398541,324978124.0
2026-09-24,sh,601616,广电电气,3.76,3.74,3.79,3.72,3.77,6868600,25891898.0
2026-09-24,sh,601618,中国中冶,2.55,2.55,2.56,2.48,2.49,99275241,249175207.0
2026-09-24,sh,601619,嘉泽新能,4.01,4.0,4.01,3.91,3.91,30337667,119631318.0
2026-09-24,sh,601628,中国人寿,38.6,38.59,38.6,37.36,37.43,24730130,934779945.0
2026-09-24,sh,601633,长城汽车,14.11,14.08,14.09,13.9,13.91,11783194,164694531.0
2026-09-24,sh,601636,旗滨集团,5.71,5.66,5.69,5.44,5.45,78032300,431341420.0
2026-09-24,sh,601658,邮储银行,5.32,5.32,5.39,5.31,5.33,125178714,669107910.0
2026-09-24,sh,601665,齐鲁银行,6.88,6.88,7.01,6.86,6.97,52757350,366789956.0
2026-09-24,sh,601666,平煤股份,8.83,8.81,8.98,8.8,8.83,15107946,133992245.0
2026-09-24,sh,601668,中国建筑,4.28,4.28,4.28,4.24,4.26,151751672,645742785.0
2026-09-24,sh,601669,中国电建,4.59,4.58,4.58,4.53,4.54,53315685,242583130.0
2026-09-24,sh,601677,明泰铝业,16.75,16.7,16.76,16.1,16.14,33209572,541475780.0
2026-09-24,sh,601678,滨化股份,5.96,5.95,5.96,5.75,5.76,44190475,257459510.0
2026-09-24,sh,601686,友发集团,5.02,5.02,5.04,4.98,5.02,3620700,18129002.0
2026-09-24,sh,601688,华泰证券,18.35,18.31,18.35,18.07,18.16,40484928,736581976.0
2026-09-24,sh,601689,拓普集团,45.89,45.87,47.84,45.26,46.44,37515707,1765757590.0
2026-09-24,sh,601696,中银证券,11.28,11.23,11.56,11.17,11.18,24990446,282770669.0
2026-09-24,sh,601698,中国卫通,23.57,23.5,24.04,23.31,23.56,18876375,446522714.0
2026-09-24,sh,601699,潞安环能,15.38,15.39,15.5,15.24,15.35,13510229,207693511.0
2026-09-24,sh,601700,风范股份,6.31,6.23,6.38,6.22,6.25,36456269,229086095.0
2026-09-24,sh,601702,华峰铝业,15.28,15.29,15.4,15.0,15.05,3122500,47341862.0
2026-09-24,sh,601717,中创智领,13.57,13.54,13.57,13.36,13.4,12404000,166628193.0
2026-09-24,sh,601718,ST际华,1.95,1.95,1.95,1.92,1.92,12282700,23751882.0
2026-09-24,sh,601727,上海电气,6.65,6.62,6.65,6.56,6.56,52951732,348991812.0
2026-09-24,sh,601728,中国电信,6.1,6.09,6.17,6.05,6.16,89081981,545138569.0
2026-09-24,sh,601766,中国中车,5.92,5.92,6.0,5.88,5.97,108685465,648008337.0
2026-09-24,sh,601777,千里科技,7.71,7.7,8.39,7.66,8.28,53649645,436685541.0
2026-09-24,sh,601778,晶科科技,3.43,3.43,3.47,3.4,3.42,69086562,237142398.0
2026-09-24,sh,601788,光大证券,13.96,13.95,13.96,13.74,13.77,12644637,174656851.0
2026-09-24,sh,601789,宁波建工,4.36,4.27,4.3,4.19,4.19,35750300,151129956.0
2026-09-24,sh,601798,蓝科高新,7.55,7.52,7.73,7.46,7.59,3950310,30010385.0
2026-09-24,sh,601799,星宇股份,70.81,70.79,71.9,70.45,70.71,4830917,343983178.0
2026-09-24,sh,601800,中国交建,5.86,5.85,5.86,5.78,5.8,18948964,110078729.0
2026-09-24,sh,601801,皖新传媒,5.46,5.41,5.85,5.38,5.53,43709768,243616971.0
2026-09-24,sh,601808,中海油服,12.12,12.13,12.26,12.12,12.12,9608229,117101262.0
2026-09-24,sh,601811,新华文轩,18.5,20.35,20.35,19.93,20.35,12425086,252607613.0
2026-09-24,sh,601816,京沪高铁,4.71,4.71,4.73,4.69,4.69,98854352,465031326.0
2026-09-24,sh,601818,光大银行,3.0,3.0,3.02,2.99,3.0,93589607,280967296.0
2026-09-24,sh,601825,XD沪农商,8.63,8.63,8.77,8.57,8.7,19364878,168266335.0
2026-09-24,sh,601827,三峰环境,7.86,7.86,7.89,7.79,7.81,3217000,25180206.0
2026-09-24,sh,601828,美凯龙,2.19,2.18,2.2,2.13,2.16,46473577,100346656.0
2026-09-24,sh,601838,成都银行,18.85,18.85,19.18,18.82,19.04,19090317,364054473.0
2026-09-24,sh,601857,中国石油,10.71,10.69,11.04,10.68,10.95,158043573,1722180110.0
2026-09-24,sh,601858,中国科传,21.36,21.22,21.6,20.7,20.9,6557500,138441096.0
2026-09-24,sh,601860,紫金银行,2.55,2.55,2.57,2.53,2.53,43104232,109717205.0
2026-09-24,sh,601865,福莱特,9.38,9.36,9.41,9.25,9.27,8096743,75347662.0
2026-09-24,sh,601866,中远海发,2.42,2.42,2.44,2.4,2.42,48965900,118498534.0
2026-09-24,sh,601868,中国能建,2.41,2.41,2.42,2.4,2.4,140344150,337570968.0
2026-09-24,sh,601869,长飞光纤,457.89,453.63,454.65,437.99,438.0,8533365,3786028058.0
2026-09-24,sh,601872,招商轮船,20.78,20.98,21.35,20.78,20.93,115008453,2425085564.0
2026-09-24,sh,601877,正泰电器,25.18,25.14,25.27,24.9,24.9,7095094,177904553.0
2026-09-24,sh,601878,浙商证券,9.14,9.13,9.14,9.01,9.02,13561345,122965897.0
2026-09-24,sh,601880,辽港股份,1.46,1.45,1.47,1.44,1.45,80197468,116481597.0
2026-09-24,sh,601881,中国银河,12.09,12.07,12.07,11.86,11.86,23085674,275515411.0
2026-09-24,sh,601882,海天精工,23.93,23.93,24.01,23.11,23.23,5889921,138648430.0
2026-09-24,sh,601886,江河集团,13.64,13.7,13.79,13.06,13.1,11662896,156413203.0
2026-09-24,sh,601888,中国中免,52.19,52.0,52.29,51.27,51.46,12431895,642246918.0
2026-09-24,sh,601890,亚星锚链,9.34,9.3,9.53,9.26,9.39,31320994,294275752.0
2026-09-24,sh,601898,中煤能源,13.92,13.97,14.15,13.86,14.01,20597552,288213171.0
2026-09-24,sh,601899,紫金矿业,31.41,30.99,31.02,29.99,30.01,214513976,6507041539.0
2026-09-24,sh,601900,南方传媒,12.57,12.55,12.75,12.45,12.49,10939900,137672373.0
2026-09-24,sh,601901,方正证券,6.87,6.85,6.87,6.72,6.74,32179000,218148404.0
2026-09-24,sh,601908,京运通,2.94,2.94,2.95,2.87,2.89,28532217,82744513.0
2026-09-24,sh,601916,浙商银行,2.86,2.86,2.87,2.84,2.84,87947232,251047147.0
2026-09-24,sh,601918,新集能源,10.87,10.88,11.22,10.84,11.15,32054275,355620988.0
2026-09-24,sh,601919,中远海控,16.36,16.31,16.4,16.2,16.3,43364660,707521450.0
2026-09-24,sh,601921,浙版传媒,7.64,7.61,7.72,7.53,7.54,6641300,50457397.0
2026-09-24,sh,601928,凤凰传媒,8.28,8.28,8.4,8.23,8.26,10971600,91110199.0
2026-09-24,sh,601929,吉视传媒,2.4,2.4,2.56,2.35,2.37,153499802,368487565.0
2026-09-24,sh,601933,永辉超市,3.01,3.01,3.04,2.99,3.0,61422400,184599132.0
2026-09-24,sh,601939,建设银行,10.83,10.83,11.07,10.81,10.98,122231773,1340918439.0
2026-09-24,sh,601949,中国出版,6.12,5.96,6.13,5.7,5.71,94353618,553160215.0
2026-09-24,sh,601952,苏垦农发,9.36,9.35,9.45,9.09,9.11,16350825,150613610.0
2026-09-24,sh,601956,东贝集团,4.95,4.95,5.35,4.92,5.14,24071017,124246940.0
2026-09-24,sh,601958,金钼股份,20.7,20.6,20.7,19.63,19.7,34112880,681090596.0
2026-09-24,sh,601963,重庆银行,10.81,10.81,11.13,10.79,11.03,13249582,145971930.0
2026-09-24,sh,601965,中国汽研,13.26,13.25,13.32,13.02,13.04,3590699,47175079.0
2026-09-24,sh,601966,玲珑轮胎,10.55,10.54,10.6,10.4,10.41,5506300,57709823.0
2026-09-24,sh,601968,宝钢包装,4.47,4.49,4.54,4.47,4.51,4509300,20338719.0
2026-09-24,sh,601969,海南矿业,9.11,9.08,9.16,8.93,8.94,9932006,89527062.0
2026-09-24,sh,601975,招商南油,4.42,4.42,4.52,4.41,4.47,137170881,613350612.0
2026-09-24,sh,601985,中国核电,8.85,8.85,8.94,8.82,8.9,61322387,545816764.0
2026-09-24,sh,601988,中国银行,6.58,6.59,6.7,6.58,6.62,236386419,1569396742.0
2026-09-24,sh,601990,南京证券,6.7,6.69,6.71,6.58,6.58,15253653,101074275.0
2026-09-24,sh,601991,大唐发电,5.41,5.39,5.42,5.35,5.36,110670163,594802879.0
2026-09-24,sh,601992,金隅集团,1.42,1.41,1.43,1.39,1.4,55335100,77744134.0
2026-09-24,sh,601995,中金公司,32.65,32.19,32.2,31.02,31.02,34969714,1099098882.0
2026-09-24,sh,601996,丰林集团,2.99,2.99,2.99,2.88,2.9,18394800,53825792.0
2026-09-24,sh,601997,贵阳银行,5.52,5.52,5.54,5.49,5.5,33796951,186254670.0
2026-09-24,sh,601998,中信银行,9.05,9.04,9.12,9.0,9.01,41726011,377804406.0
2026-09-24,sh,601999,出版传媒,6.9,6.82,7.17,6.7,6.76,30485827,210024650.0
2026-09-24,sh,603000,人民网,17.09,17.0,17.18,16.8,16.81,14640954,248136953.0
2026-09-24,sh,603001,奥康国际,12.12,12.0,12.24,11.74,11.74,20696800,248158381.0
2026-09-24,sh,603002,宏昌电子,20.11,19.85,20.3,19.03,19.19,69259898,1346395869.0
2026-09-24,sh,603004,鼎龙科技,19.18,19.18,19.3,18.88,18.9,1173804,22372854.0
2026-09-24,sh,603005,晶方科技,30.25,29.98,30.25,29.5,29.51,18575239,553535275.0
2026-09-24,sh,603006,联明股份,10.8,10.83,10.97,10.73,10.83,1745400,18998724.0
2026-09-24,sh,603007,顺景科技,4.59,4.59,4.62,4.53,4.55,10861251,49681210.0
2026-09-24,sh,603008,ST喜临门,10.1,10.15,10.61,10.1,10.47,11223400,116689132.0
2026-09-24,sh,603009,北特科技,48.15,48.5,49.55,47.0,47.14,6662800,320646298.0
2026-09-24,sh,603010,万盛股份,12.45,12.35,12.85,12.27,12.63,9899430,124747349.0
2026-09-24,sh,603011,合锻智能,27.1,26.95,27.15,25.93,25.99,29210500,768005961.0
2026-09-24,sh,603012,创力集团,9.11,9.06,9.19,8.61,8.7,23230100,205951974.0
2026-09-24,sh,603013,亚普股份,14.38,14.33,14.44,14.21,14.24,2090500,29931109.0
2026-09-24,sh,603014,威高血净,31.58,31.64,31.83,31.15,31.15,835698,26256652.0
2026-09-24,sh,603015,弘讯科技,10.4,10.48,10.66,10.32,10.54,4218900,44455125.0
2026-09-24,sh,603016,新宏泰,32.7,32.7,33.2,32.32,32.52,3267600,106802518.0
2026-09-24,sh,603017,中衡设计,9.97,9.95,10.07,9.91,9.95,2756700,27516069.0
2026-09-24,sh,603018,华设集团,5.19,5.19,5.22,5.14,5.15,5886307,30400933.0
2026-09-24,sh,603019,中科曙光,83.5,83.11,83.42,82.1,82.17,12994309,1074056259.0
2026-09-24,sh,603020,爱普股份,13.34,13.21,13.51,12.82,12.88,18000700,236768143.0
2026-09-24,sh,603021,*ST华鹏,5.24,5.18,5.26,5.14,5.19,4298000,22309837.0
2026-09-24,sh,603022,新通联,8.92,9.05,9.09,8.84,8.95,2683700,24145721.0
2026-09-24,sh,603023,威帝股份,4.07,4.04,4.12,4.01,4.03,7637299,30970678.0
2026-09-24,sh,603025,大豪科技,13.46,13.43,13.49,13.25,13.27,3612100,48245010.0
2026-09-24,sh,603026,石大胜华,58.99,58.57,59.26,57.5,57.54,3651530,212248768.0
2026-09-24,sh,603027,千禾味业,7.43,7.4,7.47,7.26,7.29,10521599,77161241.0
2026-09-24,sh,603028,赛福天,7.13,7.13,7.33,7.05,7.25,4950640,35907484.0
2026-09-24,sh,603029,天鹅股份,16.71,16.71,16.89,16.49,16.54,1932700,32166899.0
2026-09-24,sh,603030,全筑股份,2.06,2.06,2.08,2.03,2.04,22865600,46826197.0
2026-09-24,sh,603031,安孚科技,40.37,40.0,41.02,39.39,39.54,7938744,317033318.0
2026-09-24,sh,603032,德新科技,18.36,18.3,18.83,18.11,18.25,3887651,71922455.0
2026-09-24,sh,603033,三维股份,7.84,7.68,7.97,7.68,7.87,6532600,51349137.0
2026-09-24,sh,603035,常熟汽饰,10.35,10.37,10.65,10.3,10.54,6818358,71676023.0
2026-09-24,sh,603036,如通股份,13.66,13.64,13.86,13.61,13.68,2959000,40537522.0
2026-09-24,sh,603037,凯众股份,10.03,10.03,10.58,9.91,10.22,5786424,59485089.0
2026-09-24,sh,603038,华立股份,17.39,17.64,17.64,16.72,16.75,6219300,105616124.0
2026-09-24,sh,603039,泛微网络,37.86,37.49,37.76,35.64,35.68,18583984,678070581.0
2026-09-24,sh,603040,新坐标,48.68,48.36,49.01,47.18,47.2,1815333,87222331.0
2026-09-24,sh,603041,美思德,11.53,11.53,11.8,11.5,11.71,3044840,35614932.0
2026-09-24,sh,603042,华脉科技,17.03,16.96,18.73,16.96,18.73,57753610,1042459177.0
2026-09-24,sh,603043,广州酒家,13.09,13.11,13.13,12.85,12.88,2807782,36381548.0
2026-09-24,sh,603045,福达合金,49.67,49.49,49.95,48.48,48.57,3730777,183070032.0
2026-09-24,sh,603048,浙江黎明,25.5,25.5,26.15,25.4,25.76,2743800,70861093.0
2026-09-24,sh,603049,中策橡胶,45.06,45.05,45.25,44.5,44.53,1496072,67030922.0
2026-09-24,sh,603050,科林电气,17.28,17.35,17.35,16.77,16.83,3119476,52924728.0
2026-09-24,sh,603051,鹿山新材,25.57,25.35,25.94,25.18,25.22,4370100,111547236.0
2026-09-24,sh,603052,可川科技,58.74,58.31,62.2,57.34,58.46,6773042,405717800.0
2026-09-24,sh,603053,成都燃气,8.68,8.66,8.73,8.63,8.65,1239000,10749360.0
2026-09-24,sh,603055,台华新材,9.26,9.25,9.88,9.18,9.51,15168308,144291653.0
2026-09-24,sh,603057,紫燕食品,18.34,18.31,18.48,17.67,17.67,3316465,59552505.0
2026-09-24,sh,603058,永吉股份,9.09,9.09,9.12,8.86,8.88,7770900,69591424.0
2026-09-24,sh,603059,倍加洁,25.49,25.51,26.05,25.39,25.6,1483300,38227801.0
2026-09-24,sh,603060,国检集团,5.46,5.48,5.49,5.42,5.45,2186794,11917844.0
2026-09-24,sh,603061,金海通,342.1,340.05,346.8,333.0,333.85,2374643,806463097.0
2026-09-24,sh,603062,麦加芯彩,38.85,38.85,38.96,38.06,38.06,307204,11818519.0
2026-09-24,sh,603063,禾望电气,30.03,29.91,30.04,29.01,29.08,9908995,291437020.0
2026-09-24,sh,603065,宿迁联盛,14.79,15.1,16.27,14.72,16.27,44411622,704826054.0
2026-09-24,sh,603066,音飞储存,9.26,9.21,9.46,9.19,9.35,4568800,42741162.0
2026-09-24,sh,603067,振华股份,39.86,40.0,42.8,39.79,40.89,59696361,2457828055.0
2026-09-24,sh,603068,博通集成,45.87,46.56,49.98,46.17,48.51,27052733,1307200188.0
2026-09-24,sh,603069,海汽集团,13.37,13.3,13.56,13.27,13.43,3324100,44709241.0
2026-09-24,sh,603070,万控智造,11.45,11.43,11.58,11.35,11.42,1264200,14488206.0
2026-09-24,sh,603071,物产环能,12.3,12.3,12.4,12.26,12.33,1142100,14086792.0
2026-09-24,sh,603072,天和磁材,30.85,30.71,31.05,30.5,30.53,1125623,34567214.0
2026-09-24,sh,603073,彩蝶实业,18.1,18.1,18.95,17.75,18.88,5465655,101945937.0
2026-09-24,sh,603075,热威股份,20.49,20.45,20.46,20.05,20.15,3273809,66082207.0
2026-09-24,sh,603076,乐惠国际,20.38,20.38,20.58,20.16,20.21,1312000,26700689.0
2026-09-24,sh,603077,和邦生物,2.25,2.24,2.26,2.21,2.22,83618513,186249626.0
2026-09-24,sh,603078,XD江化微,32.68,32.44,33.16,31.93,31.96,12750584,413864467.0
2026-09-24,sh,603079,圣达生物,13.28,13.28,13.38,13.08,13.11,2725696,35942523.0
2026-09-24,sh,603080,新疆火炬,19.9,19.85,20.03,19.77,19.8,1094300,21786015.0
2026-09-24,sh,603081,大丰实业,9.46,9.46,9.56,9.38,9.4,2474100,23419361.0
2026-09-24,sh,603082,北自科技,48.99,48.98,49.19,46.63,46.74,6933612,328896575.0
2026-09-24,sh,603083,剑桥科技,218.17,215.65,217.77,208.5,209.63,14561201,3073334930.0
2026-09-24,sh,603085,天成自控,9.82,9.76,9.9,9.72,9.74,3595367,35226007.0
2026-09-24,sh,603086,先达股份,5.82,5.85,5.86,5.75,5.83,6309300,36730376.0
2026-09-24,sh,603087,甘李药业,74.56,74.5,75.99,73.29,73.44,10264639,762927968.0
2026-09-24,sh,603088,宁波精达,10.36,10.39,10.43,10.13,10.15,4110700,42185183.0
2026-09-24,sh,603089,正裕工业,9.77,9.73,9.85,9.61,9.62,2759500,26801229.0
2026-09-24,sh,603090,宏盛股份,39.08,38.82,38.93,37.8,37.87,2919052,111611883.0
2026-09-24,sh,603091,众鑫股份,47.75,47.7,48.0,46.43,46.43,523947,24780927.0
2026-09-24,sh,603092,德力佳,43.75,43.35,46.84,43.21,45.85,4083759,184801657.0
2026-09-24,sh,603093,南华期货,13.6,13.5,14.0,13.27,13.4,26201968,356540872.0
2026-09-24,sh,603095,越剑智能,14.76,14.9,14.99,14.42,14.43,4969750,72597704.0
2026-09-24,sh,603096,新经典,15.92,15.92,16.31,15.82,15.96,1566660,25217627.0
2026-09-24,sh,603097,江苏华辰,18.55,18.56,18.85,18.31,18.44,1853660,34486907.0
2026-09-24,sh,603098,森特股份,10.74,10.7,10.84,10.66,10.72,2304246,24784788.0
2026-09-24,sh,603099,长白山,40.49,40.9,42.37,39.9,41.76,16485807,686525555.0
2026-09-24,sh,603100,川仪股份,18.71,18.69,18.9,18.5,18.55,2673059,49966093.0
2026-09-24,sh,603101,汇嘉时代,7.36,7.33,7.37,7.23,7.26,4200789,30664972.0
2026-09-24,sh,603102,百合股份,37.65,37.53,37.9,37.21,37.5,1268600,47656179.0
2026-09-24,sh,603103,横店影视,16.27,16.2,16.42,15.91,16.01,3084110,49746151.0
2026-09-24,sh,603105,芯能科技,8.19,8.13,8.86,8.02,8.68,40951096,348948732.0
2026-09-24,sh,603106,恒银科技,7.36,7.33,7.43,7.26,7.26,7399800,54145340.0
2026-09-24,sh,603107,上海汽配,12.19,12.18,12.22,12.08,12.08,1080500,13117711.0
2026-09-24,sh,603108,润达医疗,10.0,9.92,10.31,9.89,9.98,13596176,136686106.0
2026-09-24,sh,603109,神驰机电,17.45,17.36,17.8,17.36,17.72,2107640,37210958.0
2026-09-24,sh,603110,东方材料,25.1,25.08,26.37,24.93,25.23,8134500,207105516.0
2026-09-24,sh,603111,康尼机电,6.08,6.09,6.15,6.03,6.09,4032700,24670698.0
2026-09-24,sh,603112,华翔股份,17.61,17.58,17.99,17.43,17.56,8251593,146518532.0
2026-09-24,sh,603113,金能科技,4.9,4.87,4.96,4.8,4.83,12613100,61309209.0
2026-09-24,sh,603115,海星股份,77.1,75.59,79.98,74.73,79.4,12047275,932690914.0
2026-09-24,sh,603116,红蜻蜓,6.75,6.77,7.35,6.71,7.16,18184720,128547391.0
2026-09-24,sh,603117,万林物流,3.87,3.89,3.95,3.85,3.95,7868980,30852807.0
2026-09-24,sh,603118,共进股份,18.34,17.98,18.5,17.72,17.76,65837646,1185660969.0
2026-09-24,sh,603119,浙江荣泰,56.61,55.53,57.32,55.21,56.42,16048274,907865391.0
2026-09-24,sh,603120,肯特催化,60.09,59.74,61.34,58.27,59.87,4185787,251707889.0
2026-09-24,sh,603121,华培动力,12.64,12.53,13.87,12.44,13.14,11024066,146108223.0
2026-09-24,sh,603122,合富中国,13.57,13.72,14.93,13.12,14.93,75567801,1067561958.0
2026-09-24,sh,603123,翠微股份,9.56,9.54,9.66,9.33,9.37,21728202,204536951.0
2026-09-24,sh,603124,江南新材,145.0,144.23,144.97,131.2,131.82,10882162,1470116595.0
2026-09-24,sh,603125,常青科技,24.52,24.19,24.35,23.33,23.44,11455802,270508049.0
2026-09-24,sh,603126,中材节能,6.35,6.35,6.4,6.3,6.33,4258003,27021556.0
2026-09-24,sh,603127,昭衍新药,47.77,48.95,49.72,46.34,46.39,41845354,2002386773.0
2026-09-24,sh,603128,华贸物流,5.25,5.26,5.36,5.19,5.3,9930912,52630086.0
2026-09-24,sh,603129,春风动力,296.97,296.67,298.41,290.75,290.75,911510,267460272.0
2026-09-24,sh,603130,云中马,38.71,38.65,39.48,38.2,38.68,703300,27410936.0
2026-09-24,sh,603131,上海沪工,13.95,13.92,14.25,13.83,13.99,6083200,85639140.0
2026-09-24,sh,603132,金徽股份,18.78,18.6,18.68,17.9,17.93,3773600,68731080.0
2026-09-24,sh,603135,中重科技,8.88,8.88,8.95,8.74,8.76,4355380,38519942.0
2026-09-24,sh,603136,天目湖,9.19,9.11,9.19,9.03,9.07,6786879,61675641.0
2026-09-24,sh,603137,恒尚节能,20.06,19.6,20.32,19.56,19.63,10204902,202264090.0
2026-09-24,sh,603138,海量数据,15.04,15.08,15.29,14.63,14.73,12973175,192774688.0
2026-09-24,sh,603139,康惠股份,36.57,36.31,37.52,36.08,36.3,2366650,87041459.0
2026-09-24,sh,603150,万朗磁塑,75.98,74.86,75.23,70.61,71.14,3249400,236159016.0
2026-09-24,sh,603151,邦基科技,18.31,18.33,18.53,17.73,18.32,3948200,71380456.0
2026-09-24,sh,603153,上海建科,13.41,13.67,13.67,13.24,13.28,1889500,25217996.0
2026-09-24,sh,603155,新亚强,15.58,15.42,15.79,15.25,15.25,10305343,159160802.0
2026-09-24,sh,603156,养元饮品,45.2,45.2,45.5,43.75,43.9,10240849,454676241.0
2026-09-24,sh,603158,腾龙股份,10.62,10.62,10.77,10.48,10.51,7026800,74480634.0
2026-09-24,sh,603159,上海亚虹,23.44,23.22,23.8,22.71,23.03,4229600,98326196.0
2026-09-24,sh,603160,汇顶科技,55.15,54.99,55.5,54.37,54.4,3151945,172823545.0
2026-09-24,sh,603161,科华控股,14.95,14.9,15.19,14.85,15.03,1887133,28380537.0
2026-09-24,sh,603162,海通发展,13.48,13.34,13.6,13.28,13.43,33163521,445639356.0
2026-09-24,sh,603163,圣晖集成,83.5,82.75,84.6,81.8,82.0,1749500,144950069.0
2026-09-24,sh,603165,荣晟环保,13.5,13.51,13.58,13.43,13.44,2225003,30025676.0
2026-09-24,sh,603166,福达股份,11.04,11.0,11.23,10.98,10.99,4890235,54243594.0
2026-09-24,sh,603167,渤海轮渡,8.08,8.08,8.1,8.05,8.06,1246600,10050264.0
2026-09-24,sh,603168,莎普爱思,5.86,5.83,5.95,5.81,5.85,5388900,31592441.0
2026-09-24,sh,603169,兰石重装,6.05,6.05,6.12,5.98,6.02,6909400,41707010.0
2026-09-24,sh,603170,宝立食品,11.96,11.99,12.44,11.89,12.32,4074600,49861012.0
2026-09-24,sh,603171,税友股份,40.5,40.2,40.56,39.77,40.02,3996624,160594813.0
2026-09-24,sh,603172,万丰股份,19.82,19.75,19.9,19.5,19.59,1379190,27144274.0
2026-09-24,sh,603173,福斯达,29.99,29.99,30.13,29.4,29.48,346200,10272200.0
2026-09-24,sh,603175,超颖电子,114.58,113.95,116.0,110.01,110.39,3672431,411994960.0
2026-09-24,sh,603176,汇通集团,5.3,5.3,5.35,5.24,5.29,2243824,11904921.0
2026-09-24,sh,603177,德创环保,11.05,10.96,11.27,10.81,11.11,3271200,36358216.0
2026-09-24,sh,603178,圣龙股份,16.02,16.0,16.11,15.79,15.85,3954100,62975398.0
2026-09-24,sh,603179,新泉股份,40.91,40.92,42.6,40.58,41.29,20048383,836912422.0
2026-09-24,sh,603180,金牌家居,15.76,15.73,15.98,15.7,15.83,1057928,16729844.0
2026-09-24,sh,603181,皇马科技,12.84,12.84,12.9,12.52,12.55,3423300,43344703.0
2026-09-24,sh,603182,嘉华股份,13.61,13.61,13.7,13.4,13.52,1359000,18406144.0
2026-09-24,sh,603183,建研院,4.99,4.98,5.04,4.91,4.92,9245443,45912833.0
2026-09-24,sh,603185,弘元绿能,14.3,14.33,14.33,13.89,13.92,4929609,69390096.0
2026-09-24,sh,603186,华正新材,227.7,228.6,231.0,212.18,213.3,14441200,3154371585.0
2026-09-24,sh,603187,海容冷链,10.74,10.7,10.79,10.64,10.65,2091457,22374014.0
2026-09-24,sh,603188,亚邦股份,4.54,4.53,4.59,4.47,4.5,8092599,36623256.0
2026-09-24,sh,603189,*ST网达,9.62,9.62,9.67,9.52,9.63,1192100,11428493.0
2026-09-24,sh,603190,亚通精工,16.38,16.29,16.45,16.23,16.25,1264548,20660748.0
2026-09-24,sh,603191,望变电气,13.42,13.5,13.56,13.24,13.24,3942460,52608713.0
2026-09-24,sh,603192,汇得科技,21.9,21.66,21.7,20.68,21.08,4845915,102404365.0
2026-09-24,sh,603193,润本股份,20.39,20.35,20.64,20.16,20.18,1866004,37911028.0
2026-09-24,sh,603194,中力股份,33.76,33.83,33.93,33.37,33.37,561908,18895903.0
2026-09-24,sh,603195,公牛集团,38.03,38.0,38.25,37.87,37.89,1319706,50211855.0
2026-09-24,sh,603196,璞源材料,18.85,18.74,18.95,18.45,18.49,1182300,22007962.0
2026-09-24,sh,603197,保隆科技,29.3,29.3,29.75,29.08,29.36,1926650,56928568.0
2026-09-24,sh,603198,迎驾贡酒,39.14,38.78,39.2,37.07,37.2,3709865,139843507.0
2026-09-24,sh,603199,九华旅游,32.8,32.71,32.99,32.26,32.3,1058600,34403934.0
2026-09-24,sh,603200,上海洗霸,39.58,39.45,39.5,38.27,38.32,3469274,134589767.0
2026-09-24,sh,603201,常润股份,15.94,15.91,15.95,15.58,15.62,2242782,35302700.0
2026-09-24,sh,603202,天有为,52.87,52.55,53.1,51.78,51.78,689040,36048926.0
2026-09-24,sh,603203,快克智能,47.85,47.68,48.77,46.9,47.1,7395344,353108013.0
2026-09-24,sh,603205,健尔康,21.62,21.55,21.7,21.45,21.57,688506,14860241.0
2026-09-24,sh,603206,嘉环科技,13.91,13.82,14.05,13.82,13.83,2841800,39592617.0
2026-09-24,sh,603207,小方制药,24.84,24.7,24.98,24.25,24.25,2616884,64148424.0
2026-09-24,sh,603208,江山欧派,11.28,11.33,11.47,11.12,11.34,1706969,19400011.0
2026-09-24,sh,603209,兴通股份,14.61,14.61,14.73,14.53,14.7,3089984,45330102.0
2026-09-24,sh,603210,泰鸿万立,13.64,13.61,13.67,13.39,13.4,2507754,33878380.0
2026-09-24,sh,603211,晋拓股份,20.08,19.98,20.4,19.76,19.78,4129400,82750035.0
2026-09-24,sh,603212,赛伍技术,11.85,11.79,11.84,11.55,11.58,6388200,74637426.0
2026-09-24,sh,603213,镇洋发展,13.76,13.76,13.8,13.61,13.62,1239500,16951285.0
2026-09-24,sh,603214,爱婴室,13.43,13.47,13.58,13.28,13.5,2875800,38820807.0
2026-09-24,sh,603215,比依股份,14.82,14.89,15.94,14.82,15.53,6603000,102091111.0
2026-09-24,sh,603216,梦天家居,23.53,24.03,25.22,23.3,23.32,14921898,360585766.0
2026-09-24,sh,603217,元利科技,28.8,28.62,28.96,28.08,28.11,1656076,47193995.0
2026-09-24,sh,603218,日月股份,9.24,9.26,9.46,9.22,9.31,8116500,75826603.0
2026-09-24,sh,603219,富佳股份,12.76,12.76,12.97,12.58,12.75,2307800,29528289.0
2026-09-24,sh,603220,中贝通信,18.47,18.4,18.55,18.12,18.18,8429872,154076530.0
2026-09-24,sh,603221,爱丽家居,32.69,32.57,33.3,30.06,30.8,15484308,487739377.0
2026-09-24,sh,603222,济民健康,8.94,8.94,8.98,8.19,8.27,55353873,474559172.0
2026-09-24,sh,603223,恒通股份,10.01,10.0,10.06,9.83,9.9,4680579,46436126.0
2026-09-24,sh,603225,新凤鸣,17.64,17.79,17.79,17.04,17.07,10197382,176059394.0
2026-09-24,sh,603226,菲林格尔,32.59,31.05,32.23,30.68,31.0,6160728,192488323.0
2026-09-24,sh,603227,雪峰科技,7.52,7.52,7.53,7.37,7.4,4065500,30222834.0
2026-09-24,sh,603228,景旺电子,107.45,107.01,110.12,103.5,103.55,23779098,2529380307.0
2026-09-24,sh,603229,奥翔药业,8.4,8.2,8.47,8.15,8.15,15433210,127539849.0
2026-09-24,sh,603230,内蒙新华,16.79,16.99,18.47,16.85,18.47,72187123,1311807284.0
2026-09-24,sh,603231,索宝蛋白,17.17,17.19,17.19,17.01,17.16,1192104,20417830.0
2026-09-24,sh,603232,格尔软件,16.99,16.54,16.58,15.87,15.93,17538580,281408052.0
2026-09-24,sh,603233,大参林,17.97,18.0,18.21,17.51,17.55,7448269,132398132.0
2026-09-24,sh,603235,天新药业,25.19,24.9,25.23,24.85,25.17,411100,10311594.0
2026-09-24,sh,603236,移远通信,74.58,75.0,75.01,72.5,72.68,11268912,828307435.0
2026-09-24,sh,603237,五芳斋,15.17,15.23,15.31,15.08,15.1,1483400,22504738.0
2026-09-24,sh,603238,诺邦股份,12.54,12.55,12.97,12.49,12.79,3398310,43520850.0
2026-09-24,sh,603239,浙江仙通,14.18,14.17,14.35,13.98,14.0,1890000,26717583.0
2026-09-24,sh,603248,锡华科技,21.49,20.8,23.49,20.61,22.54,26362547,589350218.0
2026-09-24,sh,603255,鼎际得,32.51,32.74,33.12,32.05,32.57,1855900,60476648.0
2026-09-24,sh,603256,宏和科技,156.8,157.91,162.85,152.0,152.0,26097429,4097434372.0
2026-09-24,sh,603257,中国瑞林,70.37,70.07,71.26,66.5,66.91,1858473,127461975.0
2026-09-24,sh,603258,电魂网络,14.05,14.19,14.49,13.86,13.92,5060910,71129316.0
2026-09-24,sh,603259,药明康德,167.95,166.8,168.57,162.3,162.4,34691908,5706524879.0
2026-09-24,sh,603260,合盛硅业,32.9,32.88,32.98,31.75,31.85,6312580,203776711.0
2026-09-24,sh,603261,立航科技,52.0,51.9,53.66,51.2,53.0,1865600,98704996.0
2026-09-24,sh,603262,技源集团,18.61,18.44,18.56,17.93,17.93,2688355,48936133.0
2026-09-24,sh,603266,天龙股份,18.16,18.0,18.79,18.0,18.06,6716216,123698043.0
2026-09-24,sh,603267,鸿远电子,51.63,51.34,52.1,50.43,50.54,5071841,258999556.0
2026-09-24,sh,603268,松发股份,215.32,216.99,220.85,214.35,215.9,5225593,1136252787.0
2026-09-24,sh,603269,海鸥股份,26.88,26.58,26.98,26.0,26.03,13299698,349964656.0
2026-09-24,sh,603270,金帝股份,37.37,37.06,37.34,35.68,35.71,5846000,212883687.0
2026-09-24,sh,603271,永杰新材,39.59,39.21,39.54,38.76,38.92,949652,37119312.0
2026-09-24,sh,603272,*ST联翔,16.1,16.5,17.15,16.03,16.81,3932400,65563995.0
2026-09-24,sh,603273,天元智能,14.73,14.73,15.03,14.67,14.81,1523775,22673209.0
2026-09-24,sh,603275,众辰科技,37.05,37.06,37.5,36.86,37.26,769786,28688310.0
2026-09-24,sh,603276,恒兴新材,18.34,18.34,18.48,17.6,17.91,3816420,68822901.0
2026-09-24,sh,603277,银都股份,11.56,11.57,11.58,11.17,11.24,2313700,26247590.0
2026-09-24,sh,603278,大业股份,8.91,8.91,9.8,8.85,9.8,16092480,155895113.0
2026-09-24,sh,603279,景津装备,11.22,11.23,11.26,10.96,10.99,5767100,64004604.0
2026-09-24,sh,603280,南方路机,26.75,26.78,28.7,26.55,28.31,6544188,181620602.0
2026-09-24,sh,603281,江瀚新材,19.72,19.55,19.6,18.91,18.96,5064308,97227860.0
2026-09-24,sh,603282,亚光股份,17.35,17.45,17.6,17.21,17.42,2067316,36113857.0
2026-09-24,sh,603283,赛腾股份,46.9,46.42,47.3,45.88,46.02,10497515,487953746.0
2026-09-24,sh,603284,林平发展,42.0,41.98,41.99,40.91,41.03,1007379,41632738.0
2026-09-24,sh,603285,键邦股份,38.19,37.81,37.89,36.69,36.81,2897600,107598342.0
2026-09-24,sh,603286,日盈电子,45.97,45.39,48.0,45.06,46.06,5398300,252396656.0
2026-09-24,sh,603288,海天味业,34.27,34.1,34.32,33.89,33.93,5807563,197526337.0
2026-09-24,sh,603289,泰瑞机器,11.16,11.03,11.19,10.8,10.87,13090700,143415137.0
2026-09-24,sh,603290,斯达半导,88.03,87.3,88.05,85.9,85.95,2876685,249787827.0
2026-09-24,sh,603291,联合水务,8.9,8.88,8.99,8.71,8.72,3654623,32244186.0
2026-09-24,sh,603293,埃泰克,36.79,36.5,37.11,36.42,36.73,756340,27845261.0
2026-09-24,sh,603296,华勤技术,79.89,80.2,81.5,79.08,79.11,11435723,916759946.0
2026-09-24,sh,603297,永新光学,115.58,115.35,116.48,113.05,113.32,1079000,123382859.0
2026-09-24,sh,603298,杭叉集团,23.29,23.32,23.52,22.66,22.72,5406620,124183772.0
2026-09-24,sh,603299,苏盐井神,8.76,8.74,8.76,8.63,8.64,2924400,25407851.0
2026-09-24,sh,603300,海南华铁,4.59,4.58,4.6,4.53,4.55,19699000,89897626.0
2026-09-24,sh,603301,振德医疗,80.95,80.99,81.53,78.02,78.48,1878600,149390175.0
2026-09-24,sh,603303,得邦照明,29.35,29.3,30.0,28.61,29.33,2979191,87587236.0
2026-09-24,sh,603305,旭升集团,11.22,11.21,11.42,11.13,11.17,13275647,149954492.0
2026-09-24,sh,603306,华懋科技,83.29,82.8,83.31,79.46,79.92,8698961,702649577.0
2026-09-24,sh,603307,扬州金泉,26.43,26.5,26.75,25.8,26.2,1407995,36820980.0
2026-09-24,sh,603308,应流股份,40.15,39.8,40.08,38.77,38.95,22576416,886647523.0
2026-09-24,sh,603309,维力医疗,11.05,11.04,11.2,11.02,11.07,2137765,23749456.0
2026-09-24,sh,603310,巍华新材,14.88,14.87,14.88,14.73,14.74,1154842,17073835.0
2026-09-24,sh,603311,金海高科,25.46,25.28,26.28,25.17,25.89,4633300,119563434.0
2026-09-24,sh,603312,西典新能,31.8,31.72,32.33,31.49,31.79,431700,13781134.0
2026-09-24,sh,603313,梦百合,6.57,6.52,6.7,6.36,6.43,19245090,125573612.0
2026-09-24,sh,603315,福鞍股份,11.04,10.98,11.09,10.8,10.82,4154101,45421151.0
2026-09-24,sh,603316,诚邦股份,17.27,16.9,17.42,16.42,17.09,34561516,581091803.0
2026-09-24,sh,603317,天味食品,12.8,12.83,12.87,12.63,12.66,4046368,51423516.0
2026-09-24,sh,603318,水发燃气,8.98,9.03,9.13,8.83,8.86,27413410,244986401.0
2026-09-24,sh,603319,美湖股份,31.2,31.0,31.65,30.63,30.85,10851640,337509720.0
2026-09-24,sh,603320,迪贝电气,18.36,18.43,18.43,17.98,18.12,1307600,23747800.0
2026-09-24,sh,603321,梅轮电梯,7.06,7.06,7.3,6.97,7.23,10692200,76300269.0
2026-09-24,sh,603322,超讯科技,32.36,32.23,32.48,29.12,29.12,12113100,364776213.0
2026-09-24,sh,603323,苏农银行,4.38,4.38,4.44,4.38,4.41,25095570,110933727.0
2026-09-24,sh,603324,盛剑科技,26.98,26.8,27.21,26.3,26.51,2090360,55710682.0
2026-09-24,sh,603325,博隆技术,53.52,53.54,53.8,52.7,52.88,204734,10880437.0
2026-09-24,sh,603326,我乐家居,7.56,7.51,7.66,7.51,7.56,2922800,22118360.0
2026-09-24,sh,603327,福蓉科技,8.38,8.33,8.4,8.24,8.27,8219820,68261670.0
2026-09-24,sh,603328,依顿电子,15.2,15.2,15.29,13.98,14.26,82644899,1193147884.0
2026-09-24,sh,603329,上海雅仕,10.09,10.12,10.24,10.06,10.2,1964570,19982114.0
2026-09-24,sh,603330,天洋新材,9.86,9.73,10.03,9.69,9.81,25707867,253762493.0
2026-09-24,sh,603331,百达精工,12.62,12.58,12.84,12.42,12.46,4012000,50563049.0
2026-09-24,sh,603332,苏州龙杰,12.1,12.05,12.21,11.97,12.03,2756200,33340407.0
2026-09-24,sh,603333,福华尚纬,9.43,9.38,9.46,9.25,9.32,5483800,51138344.0
2026-09-24,sh,603334,丰倍生物,32.17,32.17,32.48,31.85,32.08,822764,26466017.0
2026-09-24,sh,603335,迪生力,6.22,6.26,6.26,6.11,6.13,5639100,34806591.0
2026-09-24,sh,603336,宏辉果蔬,10.61,10.6,10.62,10.15,10.3,16925375,175287753.0
2026-09-24,sh,603337,杰克科技,37.65,37.59,38.25,37.02,37.04,2167238,81549189.0
2026-09-24,sh,603338,浙江鼎力,54.28,54.0,54.57,52.75,52.78,3270500,174589057.0
2026-09-24,sh,603339,四方科技,12.75,12.67,12.75,12.28,12.3,10033038,125265957.0
2026-09-24,sh,603341,龙旗科技,38.43,38.32,38.42,37.3,37.33,7477215,282592078.0
2026-09-24,sh,603344,星德胜,22.52,22.44,22.78,22.35,22.36,2475700,55753214.0
2026-09-24,sh,603345,XD安井食,77.75,77.9,78.08,76.51,76.93,2899773,223478274.0
2026-09-24,sh,603348,文灿股份,14.41,14.38,14.67,14.25,14.48,2054825,29850985.0
2026-09-24,sh,603350,安乃达,28.4,28.25,28.66,28.17,28.31,412000,11738144.0
2026-09-24,sh,603351,威尔药业,27.55,27.54,27.71,26.98,27.16,1664360,45237109.0
2026-09-24,sh,603352,至信股份,25.79,25.75,25.87,25.61,25.62,582168,14981382.0
2026-09-24,sh,603353,和顺石油,46.23,45.4,45.67,43.0,44.17,10368780,460625500.0
2026-09-24,sh,603355,莱克电气,32.38,32.38,32.8,31.04,31.1,4619662,147500804.0
2026-09-24,sh,603356,华菱精工,17.38,16.88,18.52,16.88,17.11,4358700,75040419.0
2026-09-24,sh,603357,设计总院,5.96,5.94,5.98,5.89,5.95,1957860,11619152.0
2026-09-24,sh,603358,华达科技,46.43,46.39,46.39,44.44,44.73,6688138,301308630.0
2026-09-24,sh,603359,*ST东珠,2.18,2.18,2.2,2.15,2.15,3588700,7778361.0
2026-09-24,sh,603360,百傲化学,12.84,12.79,12.88,12.54,12.55,5790320,73514461.0
2026-09-24,sh,603363,傲农生物,2.86,2.85,2.86,2.77,2.8,27376100,76670951.0
2026-09-24,sh,603365,水星家纺,16.06,16.1,16.23,16.01,16.08,1255000,20233216.0
2026-09-24,sh,603366,日出东方,7.33,7.3,7.49,7.26,7.3,14440700,106282962.0
2026-09-24,sh,603367,辰欣药业,14.48,14.41,14.62,14.25,14.28,5038056,72617842.0
2026-09-24,sh,603368,柳药集团,15.24,15.21,15.3,15.17,15.17,2136000,32520265.0
2026-09-24,sh,603369,今世缘,27.26,27.27,27.48,26.7,26.92,6753347,181996086.0
2026-09-24,sh,603370,华新精科,27.44,27.45,28.5,27.35,27.97,2817201,79046196.0
2026-09-24,sh,603373,安邦护卫,47.96,48.25,51.49,48.01,50.8,5592146,279666424.0
2026-09-24,sh,603375,盛景微,44.77,44.5,49.25,44.3,49.25,7392707,345029348.0
2026-09-24,sh,603376,大明电子,27.23,27.11,27.5,26.91,27.01,1261133,34396568.0
2026-09-24,sh,603377,ST东时,3.17,3.18,3.21,3.14,3.19,1899447,6041951.0
2026-09-24,sh,603378,*ST亚士,4.9,4.89,4.98,4.69,4.71,13570142,65397850.0
2026-09-24,sh,603379,三美股份,51.31,51.34,51.76,50.01,50.03,5687877,289307466.0
2026-09-24,sh,603380,易德龙,35.66,35.46,35.78,34.17,34.23,2523200,87918417.0
2026-09-24,sh,603381,永臻股份,15.08,15.02,15.07,14.75,14.84,3348809,50009467.0
2026-09-24,sh,603382,海阳科技,18.97,18.97,19.25,18.82,19.16,1996429,38110471.0
2026-09-24,sh,603383,顶点软件,27.18,27.23,27.29,26.83,26.83,1033035,27885553.0
2026-09-24,sh,603385,惠达卫浴,5.65,5.67,5.74,5.61,5.69,2708500,15384139.0
2026-09-24,sh,603386,骏亚科技,19.37,19.07,19.6,18.37,18.47,14847000,279362385.0
2026-09-24,sh,603387,基蛋生物,9.95,9.85,10.05,9.81,9.82,8887300,88186722.0
2026-09-24,sh,603389,亚振家居,44.3,44.3,44.63,43.66,43.82,1170900,51589506.0
2026-09-24,sh,603390,通达电气,11.07,10.99,11.08,10.55,10.58,12456674,134344495.0
2026-09-24,sh,603391,力聚热能,68.21,67.45,68.99,67.45,68.3,2354200,161039058.0
2026-09-24,sh,603392,万泰生物,26.93,26.79,27.32,26.3,26.38,5942538,158937976.0
2026-09-24,sh,603393,新天然气,25.19,25.22,25.38,24.63,24.77,5254075,130747529.0
2026-09-24,sh,603395,红四方,26.78,26.78,26.95,25.99,26.01,6551133,172404027.0
2026-09-24,sh,603396,金辰股份,32.4,32.77,35.64,32.77,35.64,11035843,383309980.0
2026-09-24,sh,603398,*ST沐邦,8.63,8.66,8.82,8.4,8.75,4771300,40830488.0
2026-09-24,sh,603399,永杉锂业,13.54,13.42,13.54,13.21,13.22,15457114,206006544.0
2026-09-24,sh,603400,华之杰,54.67,0.0,0.0,0.0,54.67,0,0.0
2026-09-24,sh,603402,陕西旅游,62.01,61.83,61.99,60.35,60.65,1754889,106774598.0
2026-09-24,sh,603406,天富龙,28.4,28.32,28.46,27.9,27.91,1244043,34984174.0
2026-09-24,sh,603407,长裕集团,62.73,63.39,63.66,60.84,61.5,3921194,243378147.0
2026-09-24,sh,603408,建霖家居,11.69,11.69,11.84,11.56,11.69,1300000,15220364.0
2026-09-24,sh,603409,汇通控股,17.89,17.91,18.22,17.83,17.99,1739380,31465838.0
2026-09-24,sh,603416,信捷电气,46.71,46.51,47.14,46.28,46.37,1135200,53056529.0
2026-09-24,sh,603418,友升股份,44.72,44.63,45.48,43.9,45.11,2535299,113629875.0
2026-09-24,sh,603421,鼎信通讯,6.5,6.48,6.52,6.34,6.38,22057340,141382683.0
2026-09-24,sh,603429,*ST集友,8.6,8.7,8.81,8.64,8.7,1378540,12024411.0
2026-09-24,sh,603435,嘉德利,49.25,48.78,49.3,48.23,48.39,1742600,84811638.0
2026-09-24,sh,603439,三力制药,13.88,13.83,13.88,13.32,13.48,11863700,160484935.0
2026-09-24,sh,603444,吉比特,344.58,343.99,348.3,342.0,342.0,845907,291599716.0
2026-09-24,sh,603448,天博智能,61.3,60.51,63.58,60.41,62.17,5204936,325278637.0
2026-09-24,sh,603456,九洲药业,16.66,16.5,16.84,16.22,16.24,25601777,421581031.0
2026-09-24,sh,603458,勘设股份,10.89,10.89,10.95,10.75,10.81,4562377,49472968.0
2026-09-24,sh,603459,红板科技,88.78,88.1,88.27,85.13,85.16,7232554,623108537.0
2026-09-24,sh,603466,风语筑,12.69,12.59,12.76,12.07,12.11,53120657,654017805.0
2026-09-24,sh,603468,津富士达,22.38,22.45,23.0,22.31,22.49,3040313,68902691.0
2026-09-24,sh,603477,巨星农牧,14.24,14.24,14.29,13.88,13.89,10175989,142690939.0
2026-09-24,sh,603486,科沃斯,50.75,50.7,51.11,50.12,50.33,2424196,122468971.0
2026-09-24,sh,603488,展鹏科技,7.98,7.95,8.03,7.89,7.91,4231700,33625985.0
2026-09-24,sh,603489,八方股份,29.46,29.49,29.94,29.23,29.63,2038409,60323667.0
2026-09-24,sh,603496,恒为科技,23.0,22.88,22.97,22.56,22.58,4098160,93221555.0
2026-09-24,sh,603499,翔港科技,13.35,13.29,13.35,13.18,13.18,2299276,30455906.0
2026-09-24,sh,603500,祥和实业,9.47,9.6,10.42,9.6,10.42,13948746,143607982.0
2026-09-24,sh,603501,豪威集团,82.77,82.33,82.68,81.24,81.4,7318290,599055736.0
2026-09-24,sh,603505,金石资源,15.22,15.17,15.23,14.86,14.91,5041868,75724616.0
2026-09-24,sh,603506,南都物业,12.21,12.15,12.39,12.05,12.08,3097666,37652234.0
2026-09-24,sh,603507,振江股份,27.74,27.48,27.78,26.61,26.75,16323422,443546357.0
2026-09-24,sh,603508,思维列控,20.94,20.93,20.95,20.66,20.7,1595945,33159757.0
2026-09-24,sh,603511,爱慕股份,12.42,12.39,12.88,12.31,12.77,2216100,28291603.0
2026-09-24,sh,603515,欧普照明,14.66,14.68,14.75,14.55,14.6,845980,12378127.0
2026-09-24,sh,603516,淳中科技,84.99,84.03,84.86,82.67,82.68,2796863,233413297.0
2026-09-24,sh,603517,ST绝味,11.38,11.41,11.51,11.34,11.43,3629200,41433508.0
2026-09-24,sh,603518,锦泓集团,7.74,7.71,7.85,7.68,7.72,5435032,42145496.0
2026-09-24,sh,603519,立霸股份,17.22,17.08,18.92,17.08,17.58,19051788,342280956.0
2026-09-24,sh,603520,司太立,8.64,8.64,8.7,8.43,8.47,5772761,49338818.0
2026-09-24,sh,603527,众源新材,9.93,9.98,9.99,9.65,9.65,6082900,59334397.0
2026-09-24,sh,603528,多伦科技,6.58,6.52,6.63,6.48,6.5,8039900,52670544.0
2026-09-24,sh,603529,XD爱玛科,21.28,21.25,21.41,20.85,20.88,3224150,68115186.0
2026-09-24,sh,603530,神马电力,46.01,45.8,46.39,44.71,44.81,1739500,79001002.0
2026-09-24,sh,603533,掌阅科技,22.55,22.67,23.41,22.3,22.37,18374100,416502922.0
2026-09-24,sh,603535,嘉诚国际,6.22,6.22,6.27,6.18,6.21,2253767,14013094.0
2026-09-24,sh,603536,惠发食品,9.87,9.86,10.08,9.8,9.91,3709740,36820622.0
2026-09-24,sh,603538,美诺华,27.78,27.6,28.31,26.75,26.76,34857869,948429773.0
2026-09-24,sh,603551,奥普科技,9.29,9.36,9.42,9.29,9.33,2094300,19595199.0
2026-09-24,sh,603556,海兴电力,23.16,23.22,23.43,22.68,22.68,3058337,70214166.0
2026-09-24,sh,603557,*ST起步,3.25,3.25,3.25,3.1,3.14,6069400,19247670.0
2026-09-24,sh,603558,健盛集团,13.05,13.01,13.39,13.01,13.31,4991200,66329564.0
2026-09-24,sh,603559,中通国脉,9.22,9.35,9.35,9.06,9.09,5898200,54075993.0
2026-09-24,sh,603565,中谷物流,11.82,11.8,11.8,11.64,11.69,10503297,123030241.0
2026-09-24,sh,603566,普莱柯,10.22,10.23,10.29,10.15,10.19,1410100,14402939.0
2026-09-24,sh,603567,珍宝岛,5.31,5.29,5.54,5.15,5.17,22819721,120356838.0
2026-09-24,sh,603568,伟明环保,13.77,13.77,13.8,13.33,13.36,6867784,92612719.0
2026-09-24,sh,603569,长久物流,5.78,5.78,5.83,5.74,5.81,2111800,12225737.0
2026-09-24,sh,603577,汇金通,9.66,9.66,9.83,9.55,9.7,2735600,26610038.0
2026-09-24,sh,603578,三星新材,13.9,13.9,13.97,13.64,13.83,4072100,56279723.0
2026-09-24,sh,603579,荣泰健康,17.85,17.85,18.43,17.74,18.33,3924800,71509560.0
2026-09-24,sh,603580,艾艾精工,77.56,79.11,81.03,72.21,78.74,11711693,921621060.0
2026-09-24,sh,603583,捷昌驱动,28.64,28.6,28.86,28.01,28.08,4449500,126575683.0
2026-09-24,sh,603585,苏利股份,10.47,10.41,10.55,10.36,10.36,1971060,20538181.0
2026-09-24,sh,603586,金麒麟,13.71,13.62,13.82,13.62,13.65,1119800,15343871.0
2026-09-24,sh,603587,地素时尚,12.16,12.17,12.38,12.11,12.29,2911340,35748948.0
2026-09-24,sh,603588,XD高能环,17.32,17.1,17.44,16.9,17.22,50801625,877003767.0
2026-09-24,sh,603589,口子窖,18.0,17.92,18.18,17.57,17.58,5975496,106050479.0
2026-09-24,sh,603590,康辰药业,29.92,30.4,30.4,29.32,29.38,1740700,51543677.0
2026-09-24,sh,603595,ST东尼,33.3,33.26,33.41,32.36,32.55,1446300,47343422.0
2026-09-24,sh,603596,伯特利,28.72,28.58,29.2,28.47,28.55,8985986,258108801.0
2026-09-24,sh,603598,引力传媒,19.12,19.06,19.18,18.22,18.26,33005100,613894986.0
2026-09-24,sh,603599,广信股份,10.6,10.61,10.62,10.33,10.35,7861200,82034476.0
2026-09-24,sh,603600,永艺股份,10.3,10.33,10.38,10.22,10.32,3118353,32125257.0
2026-09-24,sh,603601,再升科技,10.12,10.02,11.11,9.96,10.59,218993932,2328890175.0
2026-09-24,sh,603602,纵横通信,11.49,11.59,11.75,11.44,11.63,2339200,27236311.0
2026-09-24,sh,603605,珀莱雅,56.79,56.56,57.48,56.21,56.45,3927881,222562782.0
2026-09-24,sh,603606,东方电缆,35.56,35.3,36.33,35.29,35.56,10633740,381455256.0
2026-09-24,sh,603607,京华激光,23.53,23.43,23.68,23.21,23.28,2916200,68156302.0
2026-09-24,sh,603608,天创时尚,21.13,20.96,21.06,20.26,20.34,8457613,174081419.0
2026-09-24,sh,603609,禾丰股份,6.34,6.33,6.37,6.2,6.22,4526700,28318078.0
2026-09-24,sh,603610,麒盛科技,13.73,13.63,13.98,13.56,13.71,4717000,64999421.0
2026-09-24,sh,603611,诺力股份,15.71,15.77,15.79,15.6,15.67,614200,9641376.0
2026-09-24,sh,603612,索通发展,16.87,16.86,16.88,16.04,16.09,12526196,205100342.0
2026-09-24,sh,603613,国联股份,20.47,20.46,20.58,19.66,19.66,12105425,242495796.0
2026-09-24,sh,603615,茶花股份,19.11,19.11,19.28,18.55,18.82,3668200,69213828.0
2026-09-24,sh,603616,韩建河山,5.59,5.55,5.63,5.49,5.6,9555700,53189011.0
2026-09-24,sh,603617,君禾股份,6.78,6.79,6.86,6.73,6.79,3582200,24394341.0
2026-09-24,sh,603618,杭电股份,37.74,37.54,37.7,36.21,36.35,42762110,1568941618.0
2026-09-24,sh,603619,中曼石油,21.6,21.7,21.9,21.14,21.35,13038557,279442071.0
2026-09-24,sh,603626,科森科技,22.88,23.2,23.68,22.4,22.51,53813400,1237709607.0
2026-09-24,sh,603628,清源股份,10.31,10.24,10.38,10.1,10.33,4292935,44246279.0
2026-09-24,sh,603629,利通电子,111.57,110.01,110.3,105.8,105.89,18899434,2029924335.0
2026-09-24,sh,603630,拉芳家化,14.38,14.33,14.61,14.07,14.16,5588565,80040092.0
2026-09-24,sh,603633,徕木股份,6.37,6.37,6.43,6.26,6.3,6214780,39388174.0
2026-09-24,sh,603636,南威软件,8.81,8.21,8.55,7.93,7.94,107384226,870467134.0
2026-09-24,sh,603637,镇海股份,14.45,14.47,14.47,13.96,14.08,5937500,83895507.0
2026-09-24,sh,603638,艾迪精密,18.83,18.83,19.6,18.58,19.34,18148017,350281482.0
2026-09-24,sh,603639,海利尔,10.43,10.39,10.45,10.33,10.41,724700,7527431.0
2026-09-24,sh,603648,畅联股份,9.65,9.57,9.75,9.54,9.7,2051200,19892961.0
2026-09-24,sh,603650,彤程新材,69.23,68.35,69.9,68.07,68.68,13241510,916064109.0
2026-09-24,sh,603655,朗博科技,32.8,32.8,33.19,32.27,32.66,1664600,54510854.0
2026-09-24,sh,603656,泰禾智能,17.57,17.6,17.7,17.47,17.56,1589000,27964461.0
2026-09-24,sh,603657,春光科技,36.64,37.0,37.88,35.62,35.7,4616200,167183436.0
2026-09-24,sh,603658,安图生物,34.44,34.71,34.82,33.6,33.65,6078294,206565847.0
2026-09-24,sh,603659,璞泰来,22.04,21.92,22.15,21.5,21.5,11766042,255827644.0
2026-09-24,sh,603660,苏州科达,9.75,9.6,9.75,9.56,9.64,10917682,105308303.0
2026-09-24,sh,603661,恒林股份,35.63,35.63,35.99,35.0,35.05,3098168,109621638.0
2026-09-24,sh,603662,柯力传感,49.71,49.71,50.58,49.27,49.31,3254994,162506472.0
2026-09-24,sh,603663,三祥新材,47.0,46.63,50.38,46.01,48.2,32856297,1586731126.0
2026-09-24,sh,603665,康隆达,22.1,21.96,22.89,21.73,22.37,3913300,87411686.0
2026-09-24,sh,603666,亿嘉和,27.74,27.74,27.93,26.86,27.12,2995595,81562306.0
2026-09-24,sh,603667,五洲新春,49.69,49.75,53.11,49.09,50.65,24698806,1268668264.0
2026-09-24,sh,603668,天马科技,12.28,12.26,12.41,12.12,12.18,5601220,68557130.0
2026-09-24,sh,603669,灵康药业,6.02,5.97,6.15,5.88,5.9,28805344,172977252.0
2026-09-24,sh,603676,卫信康,8.94,8.97,8.99,8.81,8.85,1105065,9825582.0
2026-09-24,sh,603677,奇精机械,14.41,14.44,14.64,14.27,14.44,1196900,17353875.0
2026-09-24,sh,603678,火炬电子,49.98,49.7,50.6,48.0,48.05,14323511,700531861.0
2026-09-24,sh,603679,华体科技,23.5,22.0,23.34,22.0,22.61,16760058,381759965.0
2026-09-24,sh,603680,今创集团,10.21,10.21,10.26,9.95,9.99,3808600,38399807.0
2026-09-24,sh,603681,永冠新材,19.86,19.81,20.68,19.56,19.86,14366701,288718758.0
2026-09-24,sh,603682,锦和商管,9.76,9.94,9.94,9.63,9.65,6307600,61484581.0
2026-09-24,sh,603683,晶华新材,16.58,16.5,16.77,16.14,16.19,14834300,244592284.0
2026-09-24,sh,603685,晨丰科技,25.98,25.78,26.2,25.62,25.79,1175100,30488972.0
2026-09-24,sh,603686,福龙马,14.13,14.0,14.97,13.91,14.82,52688071,763620609.0
2026-09-24,sh,603687,大胜达,15.31,15.2,15.5,14.92,14.97,10692200,162220261.0
2026-09-24,sh,603688,石英股份,50.1,49.7,49.9,48.17,48.19,9116159,444837382.0
2026-09-24,sh,603689,皖天然气,7.59,7.58,7.64,7.55,7.58,2075339,15750997.0
2026-09-24,sh,603690,至纯科技,24.24,24.07,25.01,24.03,24.3,22901410,561378039.0
2026-09-24,sh,603693,江苏新能,11.61,11.66,12.05,11.44,11.49,12191130,142307205.0
2026-09-24,sh,603696,安记食品,13.82,13.84,14.35,13.58,14.03,19302697,268845055.0
2026-09-24,sh,603697,有友食品,9.06,9.06,9.22,8.97,9.07,3938280,35764206.0
2026-09-24,sh,603698,航天工程,21.2,21.08,21.5,20.92,20.95,9813195,207578977.0
2026-09-24,sh,603699,纽威股份,44.66,44.71,44.79,42.5,42.5,3835200,165483144.0
2026-09-24,sh,603700,宁水集团,11.57,11.54,12.2,11.52,11.87,7983899,95304929.0
2026-09-24,sh,603701,德宏股份,19.29,19.24,19.32,18.66,18.81,2717487,51497129.0
2026-09-24,sh,603703,盛洋科技,10.43,10.36,10.45,10.23,10.23,8332380,86054158.0
2026-09-24,sh,603706,东方环宇,17.11,17.21,17.22,17.03,17.12,716500,12264372.0
2026-09-24,sh,603707,健友股份,7.91,7.9,7.93,7.69,7.7,8135800,63341380.0
2026-09-24,sh,603708,家家悦,8.91,8.92,8.95,8.84,8.85,2768067,24574024.0
2026-09-24,sh,603709,中源家居,12.7,12.72,13.03,12.63,12.81,3023070,38818317.0
2026-09-24,sh,603711,香飘飘,11.8,11.81,11.97,11.71,11.74,2271697,26811414.0
2026-09-24,sh,603712,七一二,11.54,11.49,11.65,11.4,11.41,6893485,79326603.0
2026-09-24,sh,603713,密尔克卫,67.63,67.65,70.37,67.54,69.43,3174481,219206716.0
2026-09-24,sh,603716,塞力医疗,16.81,17.1,18.4,16.93,17.27,24078619,421814257.0
2026-09-24,sh,603717,天域生物,5.87,5.83,5.94,5.82,5.93,5724472,33738209.0
2026-09-24,sh,603718,*ST海利,3.07,3.08,3.11,3.06,3.07,3472600,10692472.0
2026-09-24,sh,603719,良品铺子,9.15,9.1,9.21,9.02,9.07,2519800,22906749.0
2026-09-24,sh,603721,中广天择,18.23,18.19,18.48,18.11,18.19,3954500,72244220.0
2026-09-24,sh,603722,阿科力,29.88,29.7,30.01,29.39,29.67,452200,13429756.0
2026-09-24,sh,603725,天安新材,11.97,11.81,12.03,11.35,11.39,11328520,130128812.0
2026-09-24,sh,603726,朗迪集团,24.74,24.63,25.07,24.32,24.38,2980900,73767721.0
2026-09-24,sh,603727,博迈科,18.23,18.26,18.8,18.2,18.24,1867065,34450844.0
2026-09-24,sh,603728,鸣志电器,50.23,50.0,52.25,49.94,51.07,7068301,363959194.0
2026-09-24,sh,603729,ST龙韵,12.62,12.51,12.77,12.51,12.51,412200,5210121.0
2026-09-24,sh,603730,岱美股份,9.72,9.71,10.3,9.65,10.03,31620052,319135770.0
2026-09-24,sh,603733,仙鹤股份,18.88,18.82,19.07,18.7,18.87,4552791,85710991.0
2026-09-24,sh,603737,三棵树,21.83,21.86,22.09,21.32,21.5,7277431,157354714.0
2026-09-24,sh,603738,泰晶科技,38.23,38.0,39.39,37.6,37.8,28880086,1108979001.0
2026-09-24,sh,603739,蔚蓝生物,13.03,12.99,13.13,12.84,12.85,2909600,37579516.0
2026-09-24,sh,603755,日辰股份,24.16,24.27,26.53,24.08,25.22,3888519,99396828.0
2026-09-24,sh,603757,大元泵业,69.9,69.15,72.99,67.6,68.05,9881115,696017164.0
2026-09-24,sh,603758,秦安股份,11.03,11.0,11.11,10.88,10.91,4211572,46209215.0
2026-09-24,sh,603759,海天股份,7.93,7.91,7.92,7.76,7.81,2977902,23290636.0
2026-09-24,sh,603766,隆鑫通用,14.56,14.44,14.75,14.44,14.55,7808600,113771674.0
2026-09-24,sh,603767,中马传动,13.4,13.4,14.74,13.28,14.74,10786500,157461537.0
2026-09-24,sh,603768,常青股份,11.57,11.57,11.72,11.53,11.57,1413000,16423183.0
2026-09-24,sh,603773,沃格光电,102.5,103.01,103.99,97.33,97.7,40801613,4071149279.0
2026-09-24,sh,603776,永安行,20.83,20.72,21.2,20.4,21.15,3818079,79555241.0
2026-09-24,sh,603777,来伊份,14.5,14.65,14.8,14.2,14.31,8030400,116233686.0
2026-09-24,sh,603778,国晟科技,8.6,8.5,8.6,8.31,8.36,49351070,415753751.0
2026-09-24,sh,603779,威龙股份,8.3,8.23,8.4,8.15,8.15,9556125,78801188.0
2026-09-24,sh,603786,科博达,37.92,37.89,38.21,37.51,37.53,1190738,44984314.0
2026-09-24,sh,603787,新日股份,10.4,10.38,10.55,10.31,10.46,2711500,28437989.0
2026-09-24,sh,603788,宁波高发,13.77,13.78,13.87,13.69,13.74,790100,10892685.0
2026-09-24,sh,603789,ST星农,5.95,5.94,5.98,5.85,5.85,2173000,12795346.0
2026-09-24,sh,603790,雅运股份,25.98,25.88,26.38,25.4,25.47,3171800,81799042.0
2026-09-24,sh,603797,联泰环保,4.94,4.91,5.03,4.87,4.9,6002099,29677378.0
2026-09-24,sh,603798,康普顿,13.56,13.52,13.95,13.47,13.82,4133300,56928483.0
2026-09-24,sh,603799,华友钴业,36.17,35.9,36.04,35.42,35.42,25983621,926107265.0
2026-09-24,sh,603800,洪田股份,58.81,58.59,59.41,57.61,58.59,3619448,211521420.0
2026-09-24,sh,603801,志邦家居,6.19,6.16,6.33,6.16,6.2,7421625,46249704.0
2026-09-24,sh,603803,瑞斯康达,12.87,13.17,13.33,12.3,12.34,75532735,954249285.0
2026-09-24,sh,603806,福斯特,14.3,14.3,14.34,13.9,13.9,19456234,273271100.0
2026-09-24,sh,603808,歌力思,8.76,8.76,9.0,8.75,8.95,5041700,45027129.0
2026-09-24,sh,603809,豪能股份,8.68,8.68,8.76,8.58,8.63,3798619,32937209.0
2026-09-24,sh,603810,丰山集团,11.95,11.97,12.17,11.86,12.01,1328040,16017258.0
2026-09-24,sh,603811,诚意药业,6.96,6.93,7.01,6.86,6.87,3238924,22414948.0
2026-09-24,sh,603813,原尚股份,25.5,25.13,27.0,25.13,26.72,1050800,27761859.0
2026-09-24,sh,603815,交建股份,5.11,5.08,5.16,5.03,5.09,5247700,26710189.0
2026-09-24,sh,603816,顾家家居,22.44,22.47,22.71,22.28,22.55,5976402,134544045.0
2026-09-24,sh,603817,海峡环保,5.79,5.78,6.27,5.72,6.16,29398148,175410682.0
2026-09-24,sh,603818,曲美家居,3.82,3.8,3.89,3.75,3.88,25448600,98002814.0
2026-09-24,sh,603819,神力股份,16.07,15.89,16.97,15.62,16.76,12625556,209554966.0
2026-09-24,sh,603822,ST嘉澳,62.65,62.65,63.83,62.0,62.42,290036,18189233.0
2026-09-24,sh,603823,百合花,50.47,47.56,49.3,45.42,45.42,32551323,1505987772.0
2026-09-24,sh,603825,ST华扬,7.8,7.79,7.87,7.75,7.81,1209600,9433154.0
2026-09-24,sh,603826,坤彩科技,17.08,16.88,17.6,16.63,17.02,26596199,457114574.0
2026-09-24,sh,603828,*ST利达,6.16,6.2,6.26,6.06,6.1,2392213,14684115.0
2026-09-24,sh,603829,洛凯股份,15.59,15.59,15.88,15.44,15.6,2438400,38218807.0
2026-09-24,sh,603833,欧派家居,30.0,30.0,30.3,29.15,29.36,2784100,82411077.0
2026-09-24,sh,603836,海程邦达,9.55,9.55,9.64,9.46,9.5,2001820,19089578.0
2026-09-24,sh,603838,*ST四通,13.78,14.0,14.0,13.24,13.24,1821000,24493039.0
2026-09-24,sh,603839,安正时尚,6.9,6.85,7.07,6.85,6.9,3646367,25375019.0
2026-09-24,sh,603843,*ST正平,6.6,6.55,6.58,6.29,6.33,11035020,70572116.0
2026-09-24,sh,603848,好太太,13.55,13.68,13.88,13.32,13.32,2028800,27450134.0
2026-09-24,sh,603855,华荣股份,16.76,16.8,17.08,16.76,16.94,1180800,20000375.0
2026-09-24,sh,603856,东宏股份,11.71,11.76,11.77,11.65,11.72,1317300,15437791.0
2026-09-24,sh,603858,步长制药,14.68,14.68,14.74,14.48,14.52,3472490,50692023.0
2026-09-24,sh,603859,能科科技,41.09,40.85,41.09,40.02,40.13,3716234,150324371.0
2026-09-24,sh,603860,中公高科,26.3,26.23,26.75,26.16,26.39,790300,20943564.0
2026-09-24,sh,603861,白云电器,10.99,10.97,11.05,10.91,10.95,4368131,47977343.0
2026-09-24,sh,603863,松炀资源,12.61,12.54,12.74,12.3,12.33,3093200,38564247.0
2026-09-24,sh,603866,桃李面包,4.14,4.14,4.17,4.11,4.15,10842582,44909891.0
2026-09-24,sh,603867,新化股份,36.07,35.71,36.24,34.75,34.97,10259633,362753836.0
2026-09-24,sh,603868,飞科电器,31.26,31.11,31.5,30.79,31.0,1067451,33189188.0
2026-09-24,sh,603869,ST智知,8.54,8.54,8.59,8.51,8.52,348800,2978371.0
2026-09-24,sh,603871,嘉友国际,12.17,12.17,12.4,12.0,12.07,10979480,133803618.0
2026-09-24,sh,603876,鼎胜新材,18.36,18.34,18.52,17.89,17.94,11645923,210877533.0
2026-09-24,sh,603877,太平鸟,11.84,11.85,11.97,11.75,11.85,957100,11374369.0
2026-09-24,sh,603878,武进不锈,4.86,4.86,4.94,4.83,4.86,7531300,36849580.0
2026-09-24,sh,603879,永悦科技,4.87,4.9,4.94,4.84,4.9,6232800,30562507.0
2026-09-24,sh,603880,南卫股份,9.3,9.23,9.43,9.12,9.12,5531200,51188067.0
2026-09-24,sh,603881,数据港,24.51,24.43,24.55,23.95,23.95,14936201,360812685.0
2026-09-24,sh,603882,金域医学,29.07,28.81,30.14,28.73,29.39,13936519,412769109.0
2026-09-24,sh,603883,老百姓,12.9,12.9,13.05,12.83,12.95,9095480,117838057.0
2026-09-24,sh,603885,吉祥航空,10.2,10.13,10.14,9.9,9.91,13839198,138240318.0
2026-09-24,sh,603886,元祖股份,12.63,12.61,12.75,12.27,12.5,4859300,60720838.0
2026-09-24,sh,603887,城地香江,8.8,8.78,8.85,8.65,8.65,9503305,82955230.0
2026-09-24,sh,603888,新华网,17.79,17.71,18.02,17.4,17.58,22087561,389784727.0
2026-09-24,sh,603889,新澳股份,6.05,6.03,6.1,6.0,6.03,7558414,45644368.0
2026-09-24,sh,603890,春秋电子,16.73,16.56,16.68,15.98,15.99,24633911,400201003.0
2026-09-24,sh,603893,瑞芯微,223.01,223.0,228.74,218.51,219.05,15666050,3488390217.0
2026-09-24,sh,603895,天永智能,26.28,26.18,26.37,25.87,25.87,537000,13986255.0
2026-09-24,sh,603896,寿仙谷,14.7,14.75,14.85,14.47,14.51,1160600,16957142.0
2026-09-24,sh,603897,长城科技,30.36,30.05,30.55,29.59,29.71,4668801,139876608.0
2026-09-24,sh,603898,好莱客,11.58,11.65,12.55,11.64,11.8,6740200,80344202.0
2026-09-24,sh,603899,晨光股份,22.33,22.34,22.41,21.9,21.9,1822400,40331247.0
2026-09-24,sh,603900,莱绅通灵,6.53,6.48,6.52,6.32,6.36,14414000,91965408.0
2026-09-24,sh,603901,永创智能,9.49,9.51,9.65,9.45,9.5,6650178,63553656.0
2026-09-24,sh,603903,中持股份,15.12,14.9,15.77,14.88,14.97,15984670,244473423.0
2026-09-24,sh,603906,龙蟠科技,18.02,18.02,18.05,17.62,17.62,6622780,117732206.0
2026-09-24,sh,603908,牧高笛,19.5,19.56,19.78,19.34,19.45,917482,17955888.0
2026-09-24,sh,603909,建发合诚,9.89,9.79,9.95,9.64,9.88,3263409,31992200.0
2026-09-24,sh,603912,佳力图,9.13,9.07,9.82,9.05,9.39,41439346,394174471.0
2026-09-24,sh,603915,国茂股份,13.18,13.14,13.43,13.09,13.29,5260455,70085689.0
2026-09-24,sh,603916,苏博特,10.68,10.68,10.79,10.49,10.52,3216000,34064213.0
2026-09-24,sh,603917,合力科技,14.35,14.35,14.49,14.28,14.3,2893000,41627813.0
2026-09-24,sh,603918,金桥信息,10.56,10.5,10.67,10.41,10.41,6652200,69904071.0
2026-09-24,sh,603919,金徽酒,16.33,16.26,16.51,15.82,15.85,4860099,78102940.0
2026-09-24,sh,603920,世运电路,45.96,46.38,48.13,45.5,45.5,41364612,1936236661.0
2026-09-24,sh,603922,ST金鸿顺,12.7,12.79,12.79,12.13,12.13,651400,8080121.0
2026-09-24,sh,603926,铁流股份,17.58,17.58,17.96,17.5,17.51,2654000,47017439.0
2026-09-24,sh,603927,中科软,13.79,13.79,13.84,13.56,13.57,4046300,55298303.0
2026-09-24,sh,603928,兴业股份,12.32,12.21,12.62,12.18,12.32,10588729,131409711.0
2026-09-24,sh,603929,亚翔集成,158.73,157.75,158.73,154.15,154.2,2230861,347523576.0
2026-09-24,sh,603931,格林达,36.69,36.5,36.8,35.87,35.87,2468300,89560056.0
2026-09-24,sh,603933,睿能科技,19.4,19.28,19.7,19.25,19.33,2305300,44752850.0
2026-09-24,sh,603936,博敏电子,22.23,22.1,22.75,21.21,21.31,44125825,964092335.0
2026-09-24,sh,603937,丽岛新材,12.97,13.0,14.27,12.44,13.55,27471652,364856258.0
2026-09-24,sh,603938,三孚股份,51.5,50.01,50.61,48.01,48.03,24124528,1182072462.0
2026-09-24,sh,603939,益丰药房,22.09,22.05,22.33,21.94,22.08,5259811,116200700.0
2026-09-24,sh,603948,建业股份,19.6,19.67,19.68,19.22,19.34,964000,18790310.0
2026-09-24,sh,603949,雪龙集团,15.36,16.9,16.9,16.57,16.9,4465064,75458139.0
2026-09-24,sh,603950,长源东谷,58.59,57.75,58.79,55.85,56.1,4956299,280560234.0
2026-09-24,sh,603955,大千生态,24.8,24.61,26.5,24.55,25.74,4864000,125284213.0
2026-09-24,sh,603956,威派格,7.11,7.1,7.1,6.92,6.97,18000890,126018096.0
2026-09-24,sh,603958,哈森股份,18.93,19.07,19.08,18.45,18.7,10420200,194552507.0
2026-09-24,sh,603959,ST百利,4.39,4.39,4.42,4.27,4.31,4127037,17843478.0
2026-09-24,sh,603960,克来机电,18.23,18.14,18.42,17.6,17.88,8710400,157503768.0
2026-09-24,sh,603966,法兰泰克,7.67,7.62,7.69,7.48,7.54,5728206,43319414.0
2026-09-24,sh,603967,中创物流,11.54,11.54,11.63,11.51,11.53,1353700,15658042.0
2026-09-24,sh,603968,醋化股份,10.63,10.63,10.75,10.52,10.57,3171290,33698618.0
2026-09-24,sh,603969,银龙股份,7.53,7.49,7.57,7.34,7.38,6539800,48612726.0
2026-09-24,sh,603970,中农立华,11.06,11.15,12.17,10.93,12.17,7645751,90254673.0
2026-09-24,sh,603976,正川股份,32.9,33.0,34.01,31.17,31.3,4779454,154601011.0
2026-09-24,sh,603977,国泰集团,11.26,11.25,11.28,11.08,11.1,4165900,46408731.0
2026-09-24,sh,603978,深圳新星,25.72,26.12,26.39,25.17,26.01,13548112,351988312.0
2026-09-24,sh,603979,金诚信,76.04,75.72,76.09,72.33,72.35,4509100,331769249.0
2026-09-24,sh,603980,吉华集团,8.68,8.55,8.72,8.05,8.09,58994020,493465933.0
2026-09-24,sh,603982,泉峰汽车,6.33,6.31,6.42,6.28,6.33,4163526,26506628.0
2026-09-24,sh,603983,丸美生物,31.08,30.95,32.33,30.95,31.59,3741393,118689256.0
2026-09-24,sh,603985,恒润股份,17.07,16.9,17.18,16.73,16.75,6064015,102807489.0
2026-09-24,sh,603986,兆易创新,398.72,393.0,394.77,383.72,383.77,22659484,8769242612.0
2026-09-24,sh,603987,康德莱,7.57,7.54,7.64,7.5,7.5,3021400,22820950.0
2026-09-24,sh,603988,中电电机,17.94,17.97,17.98,17.6,17.68,2235014,39706030.0
2026-09-24,sh,603989,艾华集团,33.27,32.77,33.09,31.06,31.15,22002919,699918242.0
2026-09-24,sh,603990,麦迪科技,19.34,19.09,19.72,19.06,19.12,11067374,213829777.0
2026-09-24,sh,603991,领先股份,185.57,188.38,188.9,172.56,175.89,6174400,1093343829.0
2026-09-24,sh,603992,松霖科技,20.3,20.28,20.38,19.91,19.94,1988334,39920264.0
2026-09-24,sh,603993,洛阳钼业,17.66,17.48,17.48,17.02,17.08,150553166,2582281351.0
2026-09-24,sh,603995,甬金股份,25.7,25.62,25.65,25.14,25.32,3061951,77808193.0
2026-09-24,sh,603997,继峰股份,14.33,14.36,14.48,14.04,14.12,25753831,367037364.0
2026-09-24,sh,603998,方盛制药,10.45,10.39,10.52,10.23,10.29,7281600,75480095.0
2026-09-24,sh,603999,读者传媒,6.46,6.38,6.89,6.38,6.53,29513157,195489468.0
2026-09-24,sh,605001,威奥股份,5.79,5.79,5.87,5.75,5.84,3621680,21104004.0
2026-09-24,sh,605003,众望布艺,24.9,24.63,26.0,24.63,25.36,1431500,36363221.0
2026-09-24,sh,605005,合兴股份,16.23,16.2,16.34,16.07,16.11,704300,11414325.0
2026-09-24,sh,605006,山东玻纤,16.79,16.63,16.86,15.81,15.85,36506656,591096814.0
2026-09-24,sh,605007,五洲特纸,15.16,15.13,15.16,14.63,14.68,3492700,51751812.0
2026-09-24,sh,605008,长鸿高科,14.25,14.25,14.7,14.07,14.7,4644500,67076448.0
2026-09-24,sh,605009,豪悦护理,24.82,24.88,25.15,24.78,24.88,1043282,25994135.0
2026-09-24,sh,605011,杭州热电,17.58,17.5,17.68,17.27,17.3,5450600,95131775.0
2026-09-24,sh,605016,百龙创园,21.55,21.55,21.83,21.31,21.45,2673500,57540865.0
2026-09-24,sh,605018,长华集团,11.58,11.45,12.74,11.45,12.74,7677800,95819597.0
2026-09-24,sh,605020,永和股份,31.77,31.62,32.07,31.0,31.04,5485609,172778933.0
2026-09-24,sh,605028,世茂能源,24.7,24.58,24.67,23.86,24.26,1487900,35975039.0
2026-09-24,sh,605033,美邦股份,19.53,19.59,19.77,19.42,19.48,1359200,26563640.0
2026-09-24,sh,605050,福然德,10.1,10.11,10.16,10.01,10.06,1089520,10974808.0
2026-09-24,sh,605055,迎丰股份,8.77,8.71,8.99,8.71,8.83,3309700,29338207.0
2026-09-24,sh,605056,咸亨国际,14.0,13.98,14.43,13.88,14.01,9120174,128668348.0
2026-09-24,sh,605058,澳弘电子,58.6,58.0,60.45,56.7,60.2,22288359,1319514265.0
2026-09-24,sh,605060,联德股份,40.44,40.45,40.45,39.29,39.39,2375625,94646893.0
2026-09-24,sh,605066,天正电气,6.75,6.74,6.8,6.65,6.71,3346025,22577619.0
2026-09-24,sh,605068,明新旭腾,20.88,20.83,21.35,20.6,20.8,4283600,89838280.0
2026-09-24,sh,605069,正和生态,11.64,11.51,12.77,11.5,12.1,18596300,225413820.0
2026-09-24,sh,605077,华康股份,11.88,11.78,11.83,11.42,11.46,9989848,115567413.0
2026-09-24,sh,605080,浙江自然,23.02,23.02,23.47,23.0,23.33,1389560,32377435.0
2026-09-24,sh,605086,龙高股份,23.76,23.53,24.02,23.46,23.54,685500,16244462.0
2026-09-24,sh,605088,冠盛股份,25.91,25.1,25.4,24.05,24.6,16280657,398657770.0
2026-09-24,sh,605089,味知香,20.83,20.73,21.7,20.73,21.26,1701754,36295142.0
2026-09-24,sh,605090,九丰能源,31.79,31.79,31.99,31.28,31.39,5468600,172746820.0
2026-09-24,sh,605098,行动教育,53.4,53.39,53.75,53.02,53.4,646843,34527255.0
2026-09-24,sh,605099,共创草坪,29.08,29.0,29.36,28.58,28.62,972548,28125170.0
2026-09-24,sh,605100,华丰股份,34.86,35.0,35.0,33.62,33.75,3254187,111113444.0
2026-09-24,sh,605108,同庆楼,12.3,12.31,12.33,12.1,12.12,1962300,23890238.0
2026-09-24,sh,605111,新洁能,62.38,61.3,62.3,59.66,59.7,11734067,711787475.0
2026-09-24,sh,605116,奥锐特,19.96,19.96,20.11,19.53,19.6,1506615,29715069.0
2026-09-24,sh,605117,德业股份,78.01,78.31,78.78,75.95,76.47,16649131,1286813336.0
2026-09-24,sh,605118,力鼎光电,34.54,34.3,35.18,33.19,33.24,5172659,175241603.0
2026-09-24,sh,605122,四方新材,12.2,12.22,12.53,12.21,12.39,3760187,46666514.0
2026-09-24,sh,605123,派克新材,81.6,81.27,82.12,80.0,80.0,1172804,94981792.0
2026-09-24,sh,605128,上海沿浦,23.86,23.8,24.0,23.39,23.61,3513369,83367319.0
2026-09-24,sh,605133,嵘泰股份,24.75,24.78,25.37,24.37,24.6,5617460,139408877.0
2026-09-24,sh,605136,丽人丽妆,8.43,8.46,8.55,8.39,8.46,4329900,36715541.0
2026-09-24,sh,605138,盛泰集团,6.21,6.18,6.29,6.12,6.16,2914800,18011576.0
2026-09-24,sh,605151,西上海,18.68,18.7,18.9,18.37,18.7,1004400,18839245.0
2026-09-24,sh,605155,西大门,14.46,14.41,14.74,14.37,14.67,1839988,26875457.0
2026-09-24,sh,605158,华达新材,7.77,7.89,7.91,7.58,7.88,3502617,27440906.0
2026-09-24,sh,605162,新中港,12.41,12.0,12.4,11.72,12.05,31685766,380996702.0
2026-09-24,sh,605166,聚合顺,8.8,8.79,8.86,8.68,8.7,3178400,27809998.0
2026-09-24,sh,605167,利柏特,16.16,16.23,16.47,16.06,16.4,5651114,91668068.0
2026-09-24,sh,605168,三人行,53.73,53.75,55.9,53.03,53.07,5740991,310985709.0
2026-09-24,sh,605169,洪通燃气,12.95,12.94,13.05,12.81,12.99,2287400,29715853.0
2026-09-24,sh,605177,东亚药业,24.89,24.99,25.96,24.62,25.86,6994000,179310803.0
2026-09-24,sh,605178,时空科技,73.9,73.53,73.53,69.58,69.75,4695504,332643698.0
2026-09-24,sh,605179,一鸣食品,27.09,25.88,26.39,24.38,24.38,28006518,697878709.0
2026-09-24,sh,605180,华生科技,13.69,13.65,14.82,13.65,14.28,8220112,117197833.0
2026-09-24,sh,605183,确成股份,16.46,16.4,16.8,16.35,16.51,1913200,31666770.0
2026-09-24,sh,605186,健麾信息,26.72,26.72,26.9,26.0,26.11,1372200,36144923.0
2026-09-24,sh,605188,国光连锁,12.97,13.0,13.15,12.61,12.71,7460499,95395407.0
2026-09-24,sh,605189,富春染织,14.15,14.05,14.5,14.05,14.24,8725160,124579021.0
2026-09-24,sh,605196,华通线缆,36.73,36.55,36.68,34.5,34.7,13159220,466617016.0
2026-09-24,sh,605198,安德利,70.51,70.29,71.8,63.46,63.91,9126665,605839647.0
2026-09-24,sh,605199,ST葫芦娃,5.85,5.89,5.9,5.74,5.76,614100,3547744.0
2026-09-24,sh,605208,永茂泰,14.99,15.0,15.16,14.71,14.73,6895540,102694084.0
2026-09-24,sh,605218,伟时电子,14.9,14.68,15.2,14.5,14.51,9719858,143056381.0
2026-09-24,sh,605222,起帆电缆,22.63,22.96,22.96,22.0,22.14,4645400,103890313.0
2026-09-24,sh,605228,神通科技,11.39,11.37,11.37,11.06,11.15,3526529,39336516.0
2026-09-24,sh,605255,天普股份,60.07,58.99,59.3,57.66,58.1,699211,40932153.0
2026-09-24,sh,605258,协和电子,43.65,43.65,44.36,41.03,41.12,9631364,403790703.0
2026-09-24,sh,605259,绿田机械,17.61,17.68,17.75,17.4,17.43,572600,10059378.0
2026-09-24,sh,605266,健之佳,15.76,15.76,15.92,15.62,15.68,1102000,17347930.0
2026-09-24,sh,605268,王力安防,10.33,10.15,10.53,10.13,10.15,14156300,145607724.0
2026-09-24,sh,605277,新亚电子,17.43,17.34,17.57,17.24,17.24,8108530,140893582.0
2026-09-24,sh,605286,同力天启,25.3,25.19,25.52,24.91,24.95,1706400,42901867.0
2026-09-24,sh,605287,德才股份,36.25,36.23,36.98,35.2,35.42,1787700,64773934.0
2026-09-24,sh,605288,凯迪股份,67.92,68.8,69.7,65.0,66.19,2237770,151047469.0
2026-09-24,sh,605289,罗曼股份,102.14,102.5,103.27,100.8,102.05,2137280,217667660.0
2026-09-24,sh,605296,神农集团,33.6,33.05,33.3,30.24,30.3,9861289,304775328.0
2026-09-24,sh,605298,必得科技,45.61,45.64,45.9,43.81,44.04,913249,40901593.0
2026-09-24,sh,605299,舒华体育,12.41,12.34,12.73,12.32,12.62,9613700,120290167.0
2026-09-24,sh,605300,佳禾食品,10.46,10.48,10.53,10.13,10.19,3385703,34866484.0
2026-09-24,sh,605303,园林股份,23.68,0.0,0.0,0.0,23.68,0,0.0
2026-09-24,sh,605305,中际联合,30.73,30.72,31.06,30.64,30.73,2399976,74001212.0
2026-09-24,sh,605318,法狮龙,79.68,79.7,80.2,76.0,76.46,1071600,83146992.0
2026-09-24,sh,605319,无锡振华,23.16,23.0,23.41,22.12,22.29,5048261,114020555.0
2026-09-24,sh,605333,沪光股份,16.93,16.8,17.05,16.61,16.67,2482200,41673943.0
2026-09-24,sh,605336,*ST帅电,11.63,11.61,11.83,11.6,11.63,645500,7555188.0
2026-09-24,sh,605337,李子园,9.03,9.03,9.12,8.96,9.01,1786550,16119109.0
2026-09-24,sh,605338,巴比食品,17.78,17.78,17.93,17.6,17.63,1278627,22746625.0
2026-09-24,sh,605339,南侨食品,13.04,13.03,13.25,13.0,13.14,1430000,18772322.0
2026-09-24,sh,605358,立昂微,48.03,48.02,51.08,48.02,48.34,73272081,3616228083.0
2026-09-24,sh,605365,立达信,14.46,14.4,15.07,14.37,14.81,8738615,129091377.0
2026-09-24,sh,605366,宏柏新材,8.75,8.75,9.39,8.6,9.22,73311661,666908158.0
2026-09-24,sh,605368,蓝天燃气,6.71,6.67,6.75,6.63,6.66,2114500,14117563.0
2026-09-24,sh,605369,拱东医疗,17.96,17.96,18.06,17.68,17.75,1512400,26988180.0
2026-09-24,sh,605376,博迁新材,139.15,137.52,141.42,133.0,133.01,12350732,1677133512.0
2026-09-24,sh,605377,华旺科技,8.14,8.13,8.19,8.06,8.06,3035251,24603501.0
2026-09-24,sh,605378,野马电池,15.07,15.05,15.19,14.83,14.85,2656112,39852063.0
2026-09-24,sh,605388,均瑶健康,6.14,6.16,6.22,6.05,6.05,7006240,42795508.0
2026-09-24,sh,605389,长龄液压,65.98,65.99,66.19,64.08,64.3,693879,45053998.0
2026-09-24,sh,605398,新炬网络,22.66,22.62,22.71,22.25,22.3,5488785,123064159.0
2026-09-24,sh,605399,晨光新材,11.56,11.56,11.95,11.45,11.59,3283028,38451154.0
2026-09-24,sh,605488,福莱新材,31.01,31.17,34.0,30.78,32.22,16633971,543152906.0
2026-09-24,sh,605499,XD东鹏饮,111.48,111.47,111.81,110.49,110.83,2070961,229768681.0
2026-09-24,sh,605500,森林包装,7.42,7.36,7.47,7.31,7.32,2581822,19038602.0
2026-09-24,sh,605507,国邦医药,18.83,18.8,18.95,18.03,18.1,8117949,148737941.0
2026-09-24,sh,605555,德昌股份,12.63,12.62,12.8,12.5,12.52,2698791,34084472.0
2026-09-24,sh,605566,福莱蒽特,33.32,33.0,34.32,32.47,32.82,8075400,269578279.0
2026-09-24,sh,605567,春雪食品,9.42,9.42,9.53,9.33,9.38,2744900,25828214.0
2026-09-24,sh,605577,龙版传媒,15.92,15.6,16.96,15.37,16.52,40007144,656170556.0
2026-09-24,sh,605580,恒盛能源,22.86,22.61,22.8,21.89,21.89,9793400,217841349.0
2026-09-24,sh,605588,冠石科技,48.37,48.69,48.83,47.14,47.14,1075500,51516291.0
2026-09-24,sh,605589,圣泉集团,41.23,41.02,42.12,40.08,40.08,27159538,1110483368.0
2026-09-24,sh,605598,上海港湾,24.7,24.64,25.18,24.45,24.56,2162700,53573084.0
2026-09-24,sh,605599,菜百股份,13.8,13.79,13.84,13.47,13.49,5420846,73853597.0
2026-09-24,sh,688001,华兴源创,70.74,69.43,70.98,67.4,67.57,12232172,838075965.0
2026-09-24,sh,688002,睿创微纳,184.06,183.87,186.2,178.4,178.85,7162033,1301768674.0
2026-09-24,sh,688003,天准科技,82.8,81.89,82.92,79.1,79.3,2713969,218344230.0
2026-09-24,sh,688004,博汇科技,33.5,33.13,34.08,31.84,33.14,10134479,332839737.0
2026-09-24,sh,688005,容百科技,23.85,23.79,24.05,23.33,23.35,6878845,162087493.0
2026-09-24,sh,688006,杭可科技,21.2,21.2,21.45,20.69,20.72,5397009,113253842.0
2026-09-24,sh,688007,光峰科技,11.19,11.09,11.42,11.07,11.23,10039968,112786362.0
2026-09-24,sh,688008,澜起科技,223.37,222.06,222.06,214.36,214.5,25974047,5636848905.0
2026-09-24,sh,688009,中国通号,4.66,4.66,4.66,4.63,4.64,12617326,58610597.0
2026-09-24,sh,688010,福光股份,28.71,28.6,30.45,28.57,29.27,7709534,228046909.0
2026-09-24,sh,688011,新光光电,73.57,74.46,75.0,65.0,66.36,3901307,266868785.0
2026-09-24,sh,688012,中微公司,349.35,347.01,347.94,338.99,339.3,9973753,3416781571.0
2026-09-24,sh,688013,天臣医疗,25.37,25.16,26.06,25.04,25.22,2101482,53587368.0
2026-09-24,sh,688015,交控科技,16.83,16.9,17.07,16.65,16.96,1432246,24299468.0
2026-09-24,sh,688016,心脉医疗,86.24,86.33,86.55,84.79,85.01,801458,68422970.0
2026-09-24,sh,688017,绿的谐波,286.9,286.0,295.67,284.34,284.34,5398757,1563479197.0
2026-09-24,sh,688018,乐鑫科技,122.23,121.89,122.78,118.64,118.64,3553608,427720769.0
2026-09-24,sh,688019,安集科技,232.4,230.05,231.5,225.02,225.66,3061766,696667823.0
2026-09-24,sh,688020,方邦股份,157.62,157.54,158.68,150.03,150.05,2898977,444946360.0
2026-09-24,sh,688021,XD奥福科,20.31,20.55,20.61,20.05,20.22,1264797,25699411.0
2026-09-24,sh,688022,ST瀚川,8.9,8.95,8.95,8.78,8.78,1754666,15556336.0
2026-09-24,sh,688023,安恒信息,47.44,48.7,49.19,47.44,47.9,4741411,229298557.0
2026-09-24,sh,688025,杰普特,449.79,454.52,471.33,443.0,444.59,3521449,1609605450.0
2026-09-24,sh,688026,洁特生物,27.78,27.69,28.0,25.89,25.95,9425653,251640430.0
2026-09-24,sh,688027,国盾量子,387.84,377.66,382.0,364.0,364.0,2552632,943536419.0
2026-09-24,sh,688028,沃尔德,130.14,131.0,133.5,122.6,122.6,11501533,1455211067.0
2026-09-24,sh,688029,南微医学,84.9,84.9,85.47,82.75,82.76,1855830,155592171.0
2026-09-24,sh,688030,山石网科,19.0,19.0,19.16,18.65,19.0,3548763,67362074.0
2026-09-24,sh,688031,星环科技,109.0,108.81,108.9,103.5,103.7,3723569,392089668.0
2026-09-24,sh,688032,禾迈股份,70.33,70.68,70.68,68.5,68.73,406620,28217693.0
2026-09-24,sh,688033,*ST天宜,7.35,7.29,7.67,7.29,7.51,5551519,41959263.0
2026-09-24,sh,688035,德邦科技,84.54,81.6,82.45,77.8,78.54,9579412,768570924.0
2026-09-24,sh,688036,传音控股,55.65,55.5,55.98,54.6,54.92,5949449,327032387.0
2026-09-24,sh,688037,芯源微,351.57,349.25,353.09,343.0,344.98,2058301,716636834.0
2026-09-24,sh,688038,中科通达,19.57,19.6,19.8,19.25,19.3,1710261,33372646.0
2026-09-24,sh,688039,当虹科技,33.39,33.25,33.65,32.8,32.83,1510379,49988798.0
2026-09-24,sh,688041,海光信息,251.66,249.5,255.56,247.7,248.3,16873483,4236795354.0
2026-09-24,sh,688045,必易微,62.2,61.78,62.57,60.42,60.58,1513500,92751257.0
2026-09-24,sh,688046,药康生物,38.61,38.54,38.61,35.8,35.92,13507718,494813986.0
2026-09-24,sh,688047,龙芯中科,105.85,105.01,106.67,103.6,104.7,3480978,365470044.0
2026-09-24,sh,688048,长光华芯,348.9,348.0,348.88,329.66,329.66,6933521,2340889083.0
2026-09-24,sh,688049,炬芯科技,46.11,45.81,48.19,45.76,47.1,12389024,582903625.0
2026-09-24,sh,688050,爱博医疗,39.41,39.3,39.68,38.25,38.35,1989851,77166401.0
2026-09-24,sh,688051,佳华科技,25.55,25.83,25.93,25.0,25.0,1765262,44700128.0
2026-09-24,sh,688052,纳芯微,254.29,255.42,259.88,248.17,253.01,2240259,567558347.0
2026-09-24,sh,688053,ST思科瑞,39.8,39.8,40.2,39.05,39.08,541546,21419120.0
2026-09-24,sh,688055,龙腾光电,3.8,3.8,3.8,3.71,3.71,6491257,24295425.0
2026-09-24,sh,688056,莱伯泰科,52.92,53.0,62.97,52.0,58.24,6066020,338201970.0
2026-09-24,sh,688057,金达莱,19.56,19.83,20.57,18.78,19.79,9794703,193032560.0
2026-09-24,sh,688058,宝兰德,25.72,25.5,25.69,25.18,25.25,760353,19273619.0
2026-09-24,sh,688059,华锐精密,91.02,90.31,91.0,88.8,88.99,2513914,225015713.0
2026-09-24,sh,688060,云涌科技,38.08,38.08,38.08,37.0,37.13,314078,11787969.0
2026-09-24,sh,688061,灿瑞科技,47.5,47.5,47.92,46.4,46.49,1717095,81080568.0
2026-09-24,sh,688062,迈威生物,27.8,27.56,27.84,26.45,26.47,6549486,176492528.0
2026-09-24,sh,688063,派能科技,41.33,41.33,41.47,40.5,40.51,3494325,142760937.0
2026-09-24,sh,688065,凯赛生物,39.32,39.28,39.61,38.28,38.34,2976709,115402280.0
2026-09-24,sh,688066,*ST航图,8.18,8.15,9.28,8.15,8.96,19797415,170608197.0
2026-09-24,sh,688067,爱威科技,24.02,24.17,24.42,23.8,23.95,873415,21072583.0
2026-09-24,sh,688068,热景生物,95.46,94.22,96.35,91.89,91.89,2018684,188359574.0
2026-09-24,sh,688069,德林海,37.84,38.17,38.52,37.22,37.3,1759892,66553061.0
2026-09-24,sh,688070,纵横股份,36.62,36.29,37.48,36.2,36.43,1803870,66591510.0
2026-09-24,sh,688071,华依科技,35.75,35.86,36.36,35.33,35.65,2050962,73337000.0
2026-09-24,sh,688072,拓荆科技,730.3,722.68,732.0,698.0,700.9,4043634,2882209478.0
2026-09-24,sh,688073,毕得医药,80.76,79.0,79.99,74.5,74.55,6209512,474659143.0
2026-09-24,sh,688075,安旭生物,30.41,30.31,30.41,29.81,29.82,556660,16773806.0
2026-09-24,sh,688076,ST诺泰,29.06,29.28,29.28,28.82,28.83,1553754,44954502.0
2026-09-24,sh,688077,大地熊,28.24,27.92,28.6,27.61,27.86,5258189,146981168.0
2026-09-24,sh,688078,龙软科技,31.33,31.33,31.44,30.91,30.92,1385839,43151424.0
2026-09-24,sh,688079,美迪凯,18.06,17.7,18.3,17.34,17.51,28925799,514363521.0
2026-09-24,sh,688080,映翰通,38.52,38.4,38.7,37.9,38.04,632788,24195369.0
2026-09-24,sh,688081,兴图新科,26.67,25.84,27.05,25.84,26.25,908191,24085978.0
2026-09-24,sh,688082,盛美上海,291.33,291.0,315.8,288.21,304.11,7530166,2297156080.0
2026-09-24,sh,688083,中望软件,52.57,52.53,52.9,51.87,51.96,1037074,54280557.0
2026-09-24,sh,688084,晶品特装,44.47,44.29,44.4,43.0,43.03,820057,35697427.0
2026-09-24,sh,688085,三友医疗,13.21,13.38,13.48,13.0,13.15,2801668,37216606.0
2026-09-24,sh,688087,英科再生,34.38,34.39,34.66,33.15,33.21,1421162,47997279.0
2026-09-24,sh,688088,虹软科技,30.07,29.88,30.16,29.45,29.49,3179207,94545365.0
2026-09-24,sh,688089,ST嘉必优,8.51,8.5,8.57,8.43,8.46,909686,7711256.0
2026-09-24,sh,688090,瑞松科技,84.8,84.86,86.98,83.1,83.31,5813922,492105876.0
2026-09-24,sh,688091,上海谊众,40.85,40.52,40.8,38.96,39.95,3952175,156792410.0
2026-09-24,sh,688092,爱科科技,22.83,22.83,22.92,22.46,22.9,872933,19829158.0
2026-09-24,sh,688093,世华科技,23.94,23.73,24.1,23.22,23.29,1931769,45634164.0
2026-09-24,sh,688095,福昕软件,58.72,58.6,58.85,57.28,57.44,1675406,96938498.0
2026-09-24,sh,688096,京源环保,7.5,7.48,7.55,7.36,7.41,4931765,36715653.0
2026-09-24,sh,688097,博众精工,46.9,46.64,46.75,44.64,44.9,4635976,210464161.0
2026-09-24,sh,688098,申联生物,8.68,8.63,8.83,8.35,8.37,3445714,29533919.0
2026-09-24,sh,688099,晶晨股份,92.89,92.36,93.37,89.52,89.52,7260025,660145574.0
2026-09-24,sh,688100,威胜信息,25.09,24.91,25.28,24.58,24.73,1788578,44484067.0
2026-09-24,sh,688101,三达膜,14.69,14.71,14.71,14.48,14.54,1565830,22822426.0
2026-09-24,sh,688102,斯瑞新材,31.58,31.45,31.96,30.88,30.9,8258282,259114264.0
2026-09-24,sh,688103,国力电子,84.72,83.53,84.05,80.74,81.24,2102042,172767932.0
2026-09-24,sh,688105,诺唯赞,27.59,27.35,27.68,26.44,26.57,16902918,455222568.0
2026-09-24,sh,688106,金宏气体,27.02,26.97,27.43,26.78,26.82,10639428,287772812.0
2026-09-24,sh,688107,安路科技,31.0,30.71,31.37,30.56,30.73,5126268,158705044.0
2026-09-24,sh,688108,赛诺医疗,15.76,15.67,15.83,15.18,15.2,6014284,92935807.0
2026-09-24,sh,688109,品茗科技,72.6,72.5,74.73,72.18,72.29,820517,60101634.0
2026-09-24,sh,688110,东芯股份,122.65,121.5,122.0,118.63,118.73,9744794,1168988098.0
2026-09-24,sh,688111,金山办公,226.6,226.0,226.88,222.03,222.03,3130845,699634780.0
2026-09-24,sh,688112,鼎阳科技,114.98,115.92,122.0,114.01,117.08,11261661,1329709289.0
2026-09-24,sh,688113,联测科技,38.07,38.05,38.3,37.59,37.9,721675,27357367.0
2026-09-24,sh,688114,华大智造,75.34,74.9,79.72,74.1,74.94,10852556,832623095.0
2026-09-24,sh,688115,思林杰,66.9,66.07,68.76,64.48,67.38,3618067,241615552.0
2026-09-24,sh,688116,天奈科技,34.3,34.24,34.5,33.56,33.64,3238544,109673519.0
2026-09-24,sh,688117,圣诺生物,19.75,19.6,19.79,18.82,18.82,13137389,251416246.0
2026-09-24,sh,688118,普元信息,20.4,20.41,20.41,19.93,20.15,1847705,37228541.0
2026-09-24,sh,688119,中钢洛耐,3.87,3.89,3.89,3.82,3.84,8401049,32347520.0
2026-09-24,sh,688120,华海清科,254.01,252.6,255.13,246.0,247.17,5173038,1295338317.0
2026-09-24,sh,688121,*ST卓然,1.16,1.19,1.22,1.15,1.16,12534275,14818539.0
2026-09-24,sh,688122,西部超导,52.79,52.2,52.5,51.33,51.33,8439541,437432374.0
2026-09-24,sh,688123,聚辰股份,168.11,164.75,169.2,159.05,159.55,7915835,1279900203.0
2026-09-24,sh,688125,安达智能,128.68,128.32,128.32,123.2,124.52,642186,80479583.0
2026-09-24,sh,688126,沪硅产业,24.88,25.4,25.74,24.76,24.8,70268064,1775767058.0
2026-09-24,sh,688127,蓝特光学,69.05,68.34,68.65,65.7,65.78,8193503,548277167.0
2026-09-24,sh,688128,中国电研,22.28,22.26,22.29,21.96,22.1,1275260,28187545.0
2026-09-24,sh,688129,东来技术,24.43,24.54,24.54,23.52,23.84,1302418,31366133.0
2026-09-24,sh,688130,晶华微,28.51,28.16,28.5,27.33,27.36,2604495,72090576.0
2026-09-24,sh,688131,皓元医药,110.37,110.0,111.3,103.33,103.54,6774809,724483775.0
2026-09-24,sh,688132,邦彦技术,16.72,16.65,17.35,16.62,16.78,2164190,36792490.0
2026-09-24,sh,688133,泰坦科技,23.17,23.14,23.39,22.63,22.7,4916122,112711174.0
2026-09-24,sh,688135,利扬芯片,40.3,39.68,40.38,39.27,39.55,12872631,511604899.0
2026-09-24,sh,688136,科兴制药,24.59,24.35,24.68,23.2,23.27,9752007,230416863.0
2026-09-24,sh,688137,近岸蛋白,122.84,122.51,129.23,121.01,125.25,8042989,1014181766.0
2026-09-24,sh,688138,清溢光电,41.8,41.5,41.86,39.88,40.15,8131693,331612543.0
2026-09-24,sh,688139,海尔生物,35.07,35.0,35.57,34.6,34.6,5318312,185700813.0
2026-09-24,sh,688141,杰华特,119.29,116.91,118.12,110.02,112.4,13620321,1534442006.0
2026-09-24,sh,688143,长盈通,193.59,191.91,200.15,185.3,191.35,9103175,1759271843.0
2026-09-24,sh,688146,中船特气,217.4,214.51,219.21,212.56,212.99,7941266,1709388168.0
2026-09-24,sh,688147,微导纳米,115.4,115.0,115.55,110.7,111.0,5404223,611108466.0
2026-09-24,sh,688148,芳源股份,5.96,5.92,5.99,5.86,5.88,9239988,54616967.0
2026-09-24,sh,688150,莱特光电,44.69,45.06,45.7,42.9,42.99,7837381,343086067.0
2026-09-24,sh,688151,华强科技,17.0,16.99,17.19,16.87,17.08,2824361,48118927.0
2026-09-24,sh,688152,麒麟信安,36.55,36.55,36.8,35.12,35.23,2304317,82101455.0
2026-09-24,sh,688153,唯捷创芯,26.92,26.68,27.2,26.43,26.5,2626293,70432921.0
2026-09-24,sh,688155,先惠技术,53.63,53.4,54.22,53.18,53.9,1785626,96007191.0
2026-09-24,sh,688156,路德科技,23.3,23.15,23.3,22.72,22.87,1871366,42947767.0
2026-09-24,sh,688157,松井股份,19.87,19.87,20.0,19.26,19.3,1769918,34607646.0
2026-09-24,sh,688158,优刻得,30.21,30.01,30.45,29.65,29.65,8581733,257331516.0
2026-09-24,sh,688159,有方科技,37.9,37.62,37.86,36.48,36.62,4439349,164354255.0
2026-09-24,sh,688160,步科股份,97.5,97.99,101.47,96.88,97.36,1438743,142676683.0
2026-09-24,sh,688161,威高骨科,21.93,21.9,21.99,21.58,21.64,688667,14955204.0
2026-09-24,sh,688162,巨一科技,25.04,24.94,25.43,24.94,24.97,756190,19033659.0
2026-09-24,sh,688163,赛伦生物,38.27,37.95,38.58,37.08,37.31,1039274,39088611.0
2026-09-24,sh,688165,埃夫特,15.03,15.04,15.24,14.81,14.81,3884549,58343104.0
2026-09-24,sh,688166,博瑞医药,36.3,36.0,36.5,34.71,35.0,10164846,358632752.0
2026-09-24,sh,688167,炬光科技,308.9,307.6,307.65,292.01,293.84,5215903,1549230482.0
2026-09-24,sh,688168,安博通,45.3,45.45,45.8,44.0,44.78,4408310,197010507.0
2026-09-24,sh,688169,石头科技,116.38,116.38,116.5,114.51,114.6,2664816,307152882.0
2026-09-24,sh,688170,德龙激光,72.0,71.83,71.96,68.62,68.65,4244114,296799408.0
2026-09-24,sh,688171,纬德信息,24.03,24.15,25.2,23.51,24.82,3480883,84593768.0
2026-09-24,sh,688172,燕东微,46.96,46.81,46.89,45.26,45.26,8549196,393033787.0
2026-09-24,sh,688173,希荻微,13.81,13.75,13.85,13.42,13.46,6956587,94504671.0
2026-09-24,sh,688175,高凌信息,26.79,25.98,27.29,25.88,25.95,8132552,214866249.0
2026-09-24,sh,688176,亚虹医药,14.69,14.58,15.07,14.47,14.73,20358030,299936824.0
2026-09-24,sh,688177,百奥泰,21.27,21.51,21.68,20.77,20.83,7173494,151259252.0
2026-09-24,sh,688178,万德斯,30.35,30.14,30.3,29.3,30.11,1492532,44531032.0
2026-09-24,sh,688179,阿拉丁,24.13,24.66,26.0,24.24,24.84,42094902,1059821291.0
2026-09-24,sh,688180,君实生物,35.78,35.45,36.39,34.86,34.88,14781865,525580713.0
2026-09-24,sh,688181,八亿时空,46.78,46.4,48.09,46.05,46.98,8222952,386499857.0
2026-09-24,sh,688182,灿勤科技,29.62,29.81,29.81,28.61,28.67,3764335,109167644.0
2026-09-24,sh,688183,生益电子,119.0,117.08,119.6,113.38,114.08,15146541,1748839923.0
2026-09-24,sh,688184,ST帕瓦,10.8,10.85,10.85,10.71,10.76,203691,2191410.0
2026-09-24,sh,688185,康希诺,85.25,83.5,85.82,81.55,81.61,10080761,835092845.0
2026-09-24,sh,688186,广大特材,14.72,14.53,14.79,14.33,14.35,4349520,63438353.0
2026-09-24,sh,688187,时代电气,45.77,45.77,45.79,44.4,44.4,3396122,152465579.0
2026-09-24,sh,688188,柏楚电子,97.31,97.0,97.38,95.25,95.25,1195806,114842614.0
2026-09-24,sh,688189,ST南新,6.53,6.5,6.57,6.45,6.48,2365764,15392310.0
2026-09-24,sh,688190,云路股份,73.51,73.02,73.51,71.07,71.2,649643,46750129.0
2026-09-24,sh,688191,智洋创新,23.6,23.48,23.69,21.92,22.05,8345371,187102641.0
2026-09-24,sh,688192,迪哲医药,60.25,59.95,61.27,56.02,56.45,6515172,373967581.0
2026-09-24,sh,688193,仁度生物,48.9,49.01,49.99,48.93,49.18,428773,21178514.0
2026-09-24,sh,688195,腾景科技,194.4,192.21,194.7,188.0,188.12,5709845,1086837944.0
2026-09-24,sh,688196,卓越新能,34.66,34.44,34.99,33.51,33.56,1215038,41380195.0
2026-09-24,sh,688197,首药控股,39.46,39.4,39.76,37.52,37.72,2840824,108517519.0
2026-09-24,sh,688198,佰仁医疗,73.41,74.07,74.07,71.14,71.16,373705,26948003.0
2026-09-24,sh,688199,久日新材,25.5,25.35,26.03,25.06,25.51,5170362,131966678.0
2026-09-24,sh,688200,华峰测控,397.32,391.84,409.5,384.87,398.08,4835539,1935951111.0
2026-09-24,sh,688201,ST信安,7.9,7.88,7.98,7.71,7.71,2539472,19831100.0
2026-09-24,sh,688202,美迪西,117.08,117.5,118.92,107.8,107.91,7063287,789491097.0
2026-09-24,sh,688203,海正生材,24.3,24.29,26.35,22.7,23.06,37827542,908837907.0
2026-09-24,sh,688205,德科立,229.66,225.2,227.0,207.0,210.68,11089232,2390829952.0
2026-09-24,sh,688206,概伦电子,37.84,37.67,37.87,36.69,36.79,3302351,123130502.0
2026-09-24,sh,688207,格灵深瞳,20.85,20.71,20.84,19.68,19.72,10541921,211568386.0
2026-09-24,sh,688208,道通科技,25.98,25.84,26.1,25.57,25.6,3384299,87324464.0
2026-09-24,sh,688209,英集芯,36.63,36.6,36.84,34.9,35.0,13939339,499044724.0
2026-09-24,sh,688210,统联精密,29.71,29.5,29.74,28.84,28.92,2127467,62170156.0
2026-09-24,sh,688211,中科微至,33.19,33.24,33.48,32.73,33.12,936711,31096619.0
2026-09-24,sh,688212,澳华内镜,28.88,28.88,30.95,28.58,29.39,4102444,123167235.0
2026-09-24,sh,688213,思特威,95.63,95.0,95.8,93.31,93.41,3339903,313758221.0
2026-09-24,sh,688215,瑞晟智能,47.79,47.9,47.95,45.88,46.09,1033701,48241885.0
2026-09-24,sh,688216,气派科技,41.5,41.5,41.85,40.23,40.29,6844996,281188854.0
2026-09-24,sh,688217,睿昂基因,25.79,25.8,26.4,25.42,25.65,1031792,26621916.0
2026-09-24,sh,688218,江苏北人,40.34,40.78,40.8,38.54,38.69,3352664,131835002.0
2026-09-24,sh,688219,会通股份,10.43,10.46,10.54,10.35,10.37,3673278,38361150.0
2026-09-24,sh,688220,翱捷科技,99.68,98.98,99.95,97.35,97.36,5145647,505876714.0
2026-09-24,sh,688221,前沿生物,17.48,17.31,17.45,16.69,16.73,10553446,179108005.0
2026-09-24,sh,688222,成都先导,46.02,45.55,46.3,44.19,44.19,23089787,1037792188.0
2026-09-24,sh,688223,晶科能源,3.85,3.82,3.84,3.73,3.75,56157928,212008172.0
2026-09-24,sh,688225,亚信安全,14.68,14.66,15.09,14.6,14.73,8974539,133114571.0
2026-09-24,sh,688226,威腾电气,32.07,31.88,32.25,30.57,30.64,8869136,276846531.0
2026-09-24,sh,688227,品高股份,78.96,79.95,80.99,77.0,77.0,3154519,248330703.0
2026-09-24,sh,688228,开普云,88.67,88.23,88.65,84.28,84.44,1710392,146866086.0
2026-09-24,sh,688229,博睿数据,62.17,61.9,62.15,60.51,60.57,337500,20638797.0
2026-09-24,sh,688230,芯导科技,62.85,62.06,62.85,60.93,61.01,1056888,65111075.0
2026-09-24,sh,688231,隆达股份,35.61,35.26,35.91,34.65,34.65,3841762,134834722.0
2026-09-24,sh,688232,新点软件,17.72,17.71,17.75,17.44,17.45,1274767,22409249.0
2026-09-24,sh,688233,神工股份,103.08,102.8,106.22,100.11,100.36,6397891,659175306.0
2026-09-24,sh,688234,天岳先进,114.07,113.56,114.14,109.26,110.35,8828815,980049611.0
2026-09-24,sh,688235,百济神州,266.49,265.28,266.54,257.55,258.0,2197643,573121147.0
2026-09-24,sh,688236,春立医疗,14.58,14.54,14.67,14.09,14.12,2115861,30265572.0
2026-09-24,sh,688237,超卓航科,59.33,58.99,59.89,58.18,59.0,875944,51723441.0
2026-09-24,sh,688238,和元生物,8.68,8.65,8.84,8.41,8.52,63858350,550513559.0
2026-09-24,sh,688239,航宇科技,56.88,57.76,57.82,54.8,55.45,4695757,261133311.0
2026-09-24,sh,688244,永信至诚,16.74,17.07,17.07,16.33,16.5,6433681,107292761.0
2026-09-24,sh,688246,嘉和美康,17.74,17.39,17.75,17.22,17.22,1821823,31827577.0
2026-09-24,sh,688247,宣泰医药,10.25,10.18,10.32,9.83,9.88,9297134,93055736.0
2026-09-24,sh,688248,南网科技,49.55,48.75,49.77,47.47,47.47,3466506,167056743.0
2026-09-24,sh,688249,晶合集成,36.36,36.2,36.2,34.8,34.82,13842462,490112299.0
2026-09-24,sh,688251,井松智能,19.15,19.15,19.55,18.28,18.45,2778984,52756762.0
2026-09-24,sh,688252,天德钰,21.9,21.73,21.86,21.22,21.32,3670049,78763137.0
2026-09-24,sh,688253,英诺特,57.79,57.21,58.39,57.0,57.1,955052,55057780.0
2026-09-24,sh,688255,凯尔达,26.79,26.81,27.35,26.66,26.8,2487531,67140677.0
2026-09-24,sh,688256,寒武纪,1103.08,1098.0,1126.0,1091.0,1091.48,6529463,7211661245.0
2026-09-24,sh,688257,新锐股份,60.91,61.14,61.33,58.21,58.21,10023843,596162342.0
2026-09-24,sh,688258,卓易信息,91.37,90.42,91.65,88.08,88.14,2549286,227824545.0
2026-09-24,sh,688259,创耀科技,33.08,33.0,33.72,32.72,33.34,1455999,48486480.0
2026-09-24,sh,688260,昀冢科技,116.37,115.21,117.5,108.5,108.64,5092780,569625821.0
2026-09-24,sh,688261,东微半导,79.82,78.07,79.66,77.2,77.3,4310956,336502533.0
2026-09-24,sh,688262,国芯科技,30.65,30.5,30.77,29.17,29.24,11842974,352572973.0
2026-09-24,sh,688265,南模生物,53.42,53.36,54.47,51.5,52.13,3266408,172249285.0
2026-09-24,sh,688266,泽璟制药,116.05,116.66,116.68,108.5,108.95,3480798,385631837.0
2026-09-24,sh,688267,中触媒,22.3,22.3,22.47,21.9,22.29,2426494,53780592.0
2026-09-24,sh,688268,华特气体,134.87,133.84,135.99,131.95,132.03,2548552,340724809.0
2026-09-24,sh,688269,凯立新材,27.37,26.91,27.77,26.91,27.69,1074913,29350459.0
2026-09-24,sh,688270,ST臻镭,57.13,57.25,58.0,56.88,56.91,3072113,176332044.0
2026-09-24,sh,688271,联影医疗,102.2,102.01,104.2,101.25,102.41,4885828,502102498.0
2026-09-24,sh,688272,富吉瑞,30.0,30.43,30.86,29.27,29.46,1086808,32480687.0
2026-09-24,sh,688273,麦澜德,30.07,30.06,30.95,29.43,29.43,1242592,37528201.0
2026-09-24,sh,688275,万润新能,68.97,69.0,72.49,67.52,67.64,4605070,320720220.0
2026-09-24,sh,688276,百克生物,18.24,17.95,18.52,17.75,17.75,4219857,75848052.0
2026-09-24,sh,688277,天智航,15.83,16.0,16.0,15.25,15.29,5017464,77778293.0
2026-09-24,sh,688278,特宝生物,53.1,52.8,53.48,51.3,51.4,2241639,116687774.0
2026-09-24,sh,688279,峰岹科技,215.42,215.18,221.97,213.04,213.56,1333076,289029052.0
2026-09-24,sh,688280,精进电动,5.1,5.14,5.14,4.85,4.88,19299918,95739755.0
2026-09-24,sh,688281,华秦科技,51.48,51.48,51.89,49.8,49.91,2091279,105421959.0
2026-09-24,sh,688282,理工导航,53.42,53.66,55.79,53.09,54.9,1064959,58218802.0
2026-09-24,sh,688283,坤恒顺维,33.1,32.8,36.0,31.1,34.08,7396740,245070042.0
2026-09-24,sh,688285,高铁电气,7.68,7.62,7.71,7.58,7.62,1786321,13640833.0
2026-09-24,sh,688286,敏芯股份,51.15,51.0,58.37,50.66,55.8,9532074,524406139.0
2026-09-24,sh,688288,鸿泉技术,19.95,19.85,20.28,19.62,19.9,2026543,40464164.0
2026-09-24,sh,688289,圣湘生物,16.57,16.5,17.04,16.45,16.65,5982926,99912091.0
2026-09-24,sh,688290,景业智能,63.04,63.0,63.9,60.6,61.0,766123,47556579.0
2026-09-24,sh,688291,金橙子,42.45,42.06,43.97,41.8,42.3,2816846,121039926.0
2026-09-24,sh,688292,浩瀚深度,23.0,22.99,23.19,21.66,21.74,8218197,182405412.0
2026-09-24,sh,688293,奥浦迈,85.0,83.05,83.29,77.45,77.45,7023162,557253696.0
2026-09-24,sh,688295,中复神鹰,37.36,37.31,37.9,36.18,36.41,5324065,195588937.0
2026-09-24,sh,688296,和达科技,28.65,28.86,29.86,27.53,27.58,6687271,190317057.0
2026-09-24,sh,688297,中无人机,43.03,42.93,42.93,41.81,42.15,6451881,272558263.0
2026-09-24,sh,688298,东方生物,19.38,19.31,19.65,19.08,19.18,1749878,33811286.0
2026-09-24,sh,688299,长阳科技,13.75,13.7,13.78,13.33,13.37,3627274,48991477.0
2026-09-24,sh,688300,联瑞新材,183.1,178.9,179.9,166.58,167.8,10551074,1815122757.0
2026-09-24,sh,688301,奕瑞科技,95.95,95.0,95.6,88.0,89.1,7511504,684772974.0
2026-09-24,sh,688302,海创药业,33.65,33.61,33.96,32.21,32.89,1506167,49435123.0
2026-09-24,sh,688303,大全能源,16.25,16.21,16.27,15.82,15.83,6730662,107533438.0
2026-09-24,sh,688305,科德数控,57.69,57.68,57.78,56.3,56.3,1282138,72990684.0
2026-09-24,sh,688306,均普智能,9.91,9.81,10.24,9.81,10.15,19664323,198692016.0
2026-09-24,sh,688307,中润光学,48.7,48.91,49.0,47.2,47.21,2123322,101948435.0
2026-09-24,sh,688308,欧科亿,88.77,88.0,88.69,85.33,85.35,4552643,394917439.0
2026-09-24,sh,688309,恒誉科技,77.21,77.21,78.77,76.3,77.2,987880,76462086.0
2026-09-24,sh,688310,迈得医疗,16.02,15.9,16.17,15.7,15.75,2566832,40901980.0
2026-09-24,sh,688311,盟升电子,25.02,24.9,25.2,24.53,24.55,3059669,76097588.0
2026-09-24,sh,688312,燕麦科技,60.6,60.0,61.99,57.7,57.79,11853282,697824029.0
2026-09-24,sh,688313,仕佳光子,163.68,163.14,165.03,157.1,157.3,13070552,2097593819.0
2026-09-24,sh,688314,康拓医疗,31.8,31.71,32.14,30.5,30.76,1885914,58752891.0
2026-09-24,sh,688315,诺禾致源,19.39,19.23,21.49,18.7,20.4,35993118,720342857.0
2026-09-24,sh,688316,青云科技,46.39,45.97,46.96,45.62,45.92,1419054,65753761.0
2026-09-24,sh,688317,之江生物,19.39,19.55,19.55,18.68,18.75,5750330,109343239.0
2026-09-24,sh,688318,财富趋势,81.68,80.95,81.26,77.88,78.0,5309219,420411019.0
2026-09-24,sh,688319,欧林生物,33.92,33.6,33.69,31.47,31.52,10644491,344717090.0
2026-09-24,sh,688320,禾川科技,37.19,36.89,37.94,36.89,37.38,4239743,159018761.0
2026-09-24,sh,688321,微芯生物,26.18,26.1,26.37,25.18,25.35,8665653,221487283.0
2026-09-24,sh,688322,奥比中光,91.21,91.4,92.58,89.44,89.51,5148659,467413946.0
2026-09-24,sh,688323,瑞华泰,27.3,27.23,27.85,26.6,26.61,10140481,274841910.0
2026-09-24,sh,688325,赛微微电,107.85,107.54,112.69,106.99,108.83,816871,89355212.0
2026-09-24,sh,688326,经纬恒润,58.74,58.72,59.37,57.81,57.98,712381,41635453.0
2026-09-24,sh,688327,云从科技,10.07,10.01,10.12,9.88,9.89,10036603,99976956.0
2026-09-24,sh,688328,深科达,84.67,83.97,83.97,79.58,80.3,5625807,456047697.0
2026-09-24,sh,688329,艾隆科技,23.25,22.92,24.0,22.92,23.32,1608584,37844262.0
2026-09-24,sh,688330,宏力达,38.1,37.72,38.45,37.6,37.88,1507863,57173054.0
2026-09-24,sh,688331,荣昌生物,124.75,123.3,125.08,116.12,116.28,7147268,848150711.0
2026-09-24,sh,688332,中科蓝讯,97.7,96.98,97.98,93.82,93.84,2895599,276584094.0
2026-09-24,sh,688333,铂力特,113.61,115.7,115.7,108.16,108.27,8005645,886227444.0
2026-09-24,sh,688334,西高院,18.11,18.11,18.2,17.95,17.95,931389,16813592.0
2026-09-24,sh,688335,复洁科技,17.91,17.9,18.2,17.6,17.6,1667049,29733188.0
2026-09-24,sh,688336,三生国健,41.36,41.02,41.8,39.18,39.21,7052859,281534598.0
2026-09-24,sh,688337,普源精电,57.18,58.0,62.95,54.66,58.61,22977986,1335402616.0
2026-09-24,sh,688338,赛科希德,32.51,32.65,32.87,31.8,31.8,1640872,52836320.0
2026-09-24,sh,688339,亿华通,18.22,18.1,18.76,17.96,18.1,6154688,112373914.0
2026-09-24,sh,688343,云天励飞,65.48,65.3,65.65,63.59,63.85,7758720,498976693.0
2026-09-24,sh,688345,博力威,49.2,49.2,49.44,47.86,48.11,670021,32503938.0
2026-09-24,sh,688347,华虹宏力,229.52,228.52,231.14,224.1,224.1,9364290,2119663601.0
2026-09-24,sh,688348,昱能科技,30.9,31.01,31.04,30.43,30.5,1030232,31682231.0
2026-09-24,sh,688349,三一重能,13.2,13.12,13.32,12.9,12.94,7623499,100066551.0
2026-09-24,sh,688350,富淼科技,29.45,29.29,30.2,28.8,29.39,2707481,80446977.0
2026-09-24,sh,688351,微电生理,17.93,17.91,18.0,17.45,17.5,2215564,39090409.0
2026-09-24,sh,688352,颀中科技,19.81,19.65,19.85,19.04,19.09,18811070,363407897.0
2026-09-24,sh,688353,华盛锂电,82.1,82.07,82.52,79.8,79.86,2192669,177206140.0
2026-09-24,sh,688355,明志科技,17.12,17.12,17.25,16.93,16.97,910002,15544962.0
2026-09-24,sh,688356,键凯科技,102.34,100.01,100.47,94.55,94.79,6889545,668010368.0
2026-09-24,sh,688357,建龙微纳,26.94,27.0,27.29,26.65,26.93,717600,19326485.0
2026-09-24,sh,688358,祥生医疗,29.35,29.5,29.5,29.0,29.0,597153,17416614.0
2026-09-24,sh,688359,三孚新科,115.29,114.78,115.49,110.83,111.09,3238541,364939763.0
2026-09-24,sh,688360,德马科技,16.36,16.36,16.61,16.18,16.4,4721836,77660923.0
2026-09-24,sh,688361,中科飞测,381.32,380.34,383.55,369.08,370.3,5870041,2205829032.0
2026-09-24,sh,688362,甬矽电子,62.87,62.43,63.0,60.85,60.85,10122976,623741593.0
2026-09-24,sh,688363,华熙生物,35.05,35.05,35.52,34.61,34.7,2398986,83900037.0
2026-09-24,sh,688365,光云科技,16.5,16.2,16.71,16.04,16.07,20727943,337914097.0
2026-09-24,sh,688366,昊海生科,30.4,30.24,30.49,29.71,29.91,406288,12236156.0
2026-09-24,sh,688367,工大高科,30.83,30.68,30.97,29.88,30.9,1595270,48557945.0
2026-09-24,sh,688368,晶丰明源,146.97,146.72,146.82,140.2,140.21,4458347,636318892.0
2026-09-24,sh,688369,致远互联,19.96,19.7,20.0,19.45,19.57,2759256,54227770.0
2026-09-24,sh,688370,丛麟科技,28.4,28.19,28.59,27.88,28.42,1048886,29682533.0
2026-09-24,sh,688371,菲沃泰,25.47,25.25,25.88,24.78,24.84,4616075,116560275.0
2026-09-24,sh,688372,伟测科技,116.8,115.72,117.5,112.5,112.78,5049489,579046057.0
2026-09-24,sh,688373,盟科药业,6.02,6.01,6.14,5.85,5.86,18453031,110143853.0
2026-09-24,sh,688375,国博电子,70.08,69.96,70.85,68.84,68.88,2114975,147388023.0
2026-09-24,sh,688376,美埃科技,65.14,64.49,65.09,63.02,63.06,741866,47340869.0
2026-09-24,sh,688377,迪威尔,17.27,17.34,17.5,16.94,16.97,3345586,57634734.0
2026-09-24,sh,688378,奥来德,52.49,52.18,52.87,50.51,50.72,10807897,554722259.0
2026-09-24,sh,688379,华光新材,64.17,63.9,64.36,61.25,61.27,6020318,375740329.0
2026-09-24,sh,688380,中微半导,43.51,43.0,43.3,42.28,42.28,6403395,273267064.0
2026-09-24,sh,688381,帝奥微,47.28,47.04,47.08,44.8,45.1,10479235,481231243.0
2026-09-24,sh,688382,益方生物,19.91,19.8,20.02,18.62,18.75,10675917,203349654.0
2026-09-24,sh,688383,新益昌,141.61,142.05,146.97,137.48,143.01,3275966,467402436.0
2026-09-24,sh,688385,复旦微电,60.87,60.5,62.36,59.76,59.78,13057218,793912741.0
2026-09-24,sh,688386,泛亚微透,51.73,51.29,51.77,48.75,49.11,3605404,179328632.0
2026-09-24,sh,688387,信科移动,12.43,12.4,12.72,12.3,12.31,26907784,336303151.0
2026-09-24,sh,688388,嘉元科技,31.26,30.97,31.26,29.71,30.0,38954237,1179083576.0
2026-09-24,sh,688389,普门科技,11.19,11.17,11.26,11.12,11.12,1631961,18249481.0
2026-09-24,sh,688390,固德威,58.87,58.84,59.05,56.8,56.8,4757056,273671026.0
2026-09-24,sh,688391,钜泉科技,27.34,27.03,27.5,26.74,27.02,1123414,30378137.0
2026-09-24,sh,688392,骄成超声,177.35,176.0,176.57,166.8,167.0,3462475,590151369.0
2026-09-24,sh,688393,安必平,22.53,22.35,22.86,22.04,22.21,3065174,68591630.0
2026-09-24,sh,688395,正弦电气,26.76,26.76,27.46,26.3,26.35,2339363,62702270.0
2026-09-24,sh,688396,华润微,61.21,60.8,61.1,59.17,59.17,11495757,688304292.0
2026-09-24,sh,688398,赛特新材,23.46,23.55,24.09,22.91,23.57,1942253,45830240.0
2026-09-24,sh,688399,硕世生物,27.89,27.8,28.64,27.54,27.63,1901242,53094470.0
2026-09-24,sh,688400,凌云光,47.44,47.1,47.67,46.13,46.15,5991909,279942793.0
2026-09-24,sh,688401,路维光电,73.17,72.8,73.52,70.61,70.76,4113712,294464676.0
2026-09-24,sh,688403,汇成股份,25.79,25.5,26.08,24.71,24.8,35041320,887776480.0
2026-09-24,sh,688408,中信博,23.17,23.15,23.28,22.67,22.7,2070524,47389890.0
2026-09-24,sh,688409,富创精密,192.6,190.0,193.0,186.0,186.02,3813525,720405802.0
2026-09-24,sh,688410,山外山,9.94,9.94,10.04,9.77,9.77,5929903,58550313.0
2026-09-24,sh,688411,海博思创,165.48,164.08,166.66,161.0,161.01,1826885,298524648.0
2026-09-24,sh,688416,恒烁股份,83.32,82.36,82.96,79.7,79.71,4806959,388451138.0
2026-09-24,sh,688418,震有科技,32.26,32.53,33.18,31.74,32.0,2520857,81313196.0
2026-09-24,sh,688419,耐科装备,53.55,53.39,53.84,52.05,52.08,1855170,97880105.0
2026-09-24,sh,688420,美腾科技,23.31,23.23,23.29,22.68,22.81,620861,14262980.0
2026-09-24,sh,688425,铁建重工,3.96,3.95,3.97,3.92,3.92,9764228,38426413.0
2026-09-24,sh,688426,康为世纪,23.79,23.5,23.72,21.55,21.96,4215925,95281394.0
2026-09-24,sh,688428,诺诚健华,33.4,33.14,35.0,29.8,29.86,30318340,950806138.0
2026-09-24,sh,688429,时创能源,9.99,10.03,10.2,9.85,10.09,1212703,12247779.0
2026-09-24,sh,688432,有研硅,55.0,54.0,58.93,53.55,55.13,70474979,3965109674.0
2026-09-24,sh,688433,华曙高科,90.47,89.9,91.0,86.5,86.5,3447397,303774621.0
2026-09-24,sh,688435,英方软件,30.8,30.79,30.79,30.04,30.11,1612275,48968162.0
2026-09-24,sh,688439,振华风光,38.49,38.79,39.48,37.85,38.16,2498133,96340904.0
2026-09-24,sh,688443,智翔金泰,25.49,25.36,25.64,24.57,24.61,4410041,110478189.0
2026-09-24,sh,688448,磁谷科技,68.4,68.1,68.25,65.47,65.69,1562109,103926693.0
2026-09-24,sh,688449,联芸科技,64.36,64.7,64.77,61.57,61.61,4262835,266564730.0
2026-09-24,sh,688450,光格科技,33.88,33.88,34.25,32.75,33.07,1216070,40575833.0
2026-09-24,sh,688455,科捷智能,18.0,18.04,18.21,17.66,17.7,1654467,29521248.0
2026-09-24,sh,688456,有研粉材,78.4,77.29,78.35,75.02,75.12,5145216,393289429.0
2026-09-24,sh,688458,美芯晟,39.83,39.6,39.88,39.11,39.16,1479249,58401058.0
2026-09-24,sh,688459,哈铁科技,8.2,8.29,8.29,8.19,8.23,939874,7748451.0
2026-09-24,sh,688466,金科环境,14.12,14.05,14.25,13.93,14.05,958482,13544630.0
2026-09-24,sh,688468,科美诊断,6.59,6.59,6.63,6.5,6.53,2577835,16951661.0
2026-09-24,sh,688469,芯联集成,8.83,8.82,8.87,8.56,8.59,70974575,619250036.0
2026-09-24,sh,688472,阿特斯,8.53,8.52,8.55,8.3,8.32,21279598,178554054.0
2026-09-24,sh,688475,萤石网络,28.18,28.09,28.34,27.95,27.99,2628727,74020844.0
2026-09-24,sh,688478,晶升股份,53.18,52.25,54.5,50.5,50.64,7716556,400690941.0
2026-09-24,sh,688479,友车科技,37.74,37.6,38.15,36.5,37.22,2269018,84933318.0
2026-09-24,sh,688480,赛恩斯,70.6,70.6,70.8,69.36,70.0,706344,49442335.0
2026-09-24,sh,688484,南芯科技,34.7,34.56,34.64,33.59,33.67,5594854,190207635.0
2026-09-24,sh,688485,九州一轨,128.02,127.99,127.99,119.22,119.94,7820551,962199509.0
2026-09-24,sh,688486,龙迅股份,50.0,50.01,50.3,48.78,49.0,3981748,196622026.0
2026-09-24,sh,688488,艾迪药业,16.7,16.77,16.77,15.9,15.95,5715473,92880944.0
2026-09-24,sh,688489,三未信安,28.92,28.93,28.94,27.06,27.12,3482473,96711263.0
2026-09-24,sh,688496,*ST清越,0.58,0.0,0.0,0.0,0.58,0,0.0
2026-09-24,sh,688498,XD源杰科,1733.98,1735.0,1759.98,1695.0,1700.03,2140841,3679540353.0
2026-09-24,sh,688499,利元亨,38.43,38.11,39.22,37.73,37.75,6258957,239705658.0
2026-09-24,sh,688500,慧辰股份,31.18,31.3,31.53,30.6,30.7,1712982,53135393.0
2026-09-24,sh,688501,青达环保,15.93,15.79,15.95,15.3,15.4,3484210,54385547.0
2026-09-24,sh,688502,茂莱光学,440.23,437.57,455.0,435.5,444.6,1820459,811275911.0
2026-09-24,sh,688503,聚和材料,80.6,79.83,80.1,75.92,76.01,13313231,1036130577.0
2026-09-24,sh,688505,复旦张江,8.56,8.56,8.66,8.34,8.36,11961125,100948814.0
2026-09-24,sh,688506,百利天恒,248.28,248.7,248.7,236.09,239.3,1589372,381618244.0
2026-09-24,sh,688507,索辰科技,144.08,143.5,146.52,141.09,141.09,1892226,271272729.0
2026-09-24,sh,688508,芯朋微,89.67,88.78,89.38,84.21,84.29,4701970,405188767.0
2026-09-24,sh,688509,正元地信,4.17,4.18,4.2,4.14,4.15,2484896,10340954.0
2026-09-24,sh,688510,航亚科技,24.97,25.08,25.09,23.76,23.98,5863855,141624005.0
2026-09-24,sh,688511,天微电子,22.9,22.68,23.66,22.68,23.06,1512801,35111509.0
2026-09-24,sh,688512,慧智微,17.32,17.0,18.3,16.7,17.58,68692671,1214077092.0
2026-09-24,sh,688513,苑东生物,52.0,51.8,51.98,49.25,50.0,2061906,103897547.0
2026-09-24,sh,688515,裕太微,158.0,157.5,158.0,151.62,152.5,2723823,420769533.0
2026-09-24,sh,688516,XD奥特维,45.6,45.49,45.68,43.87,43.91,5663395,252245512.0
2026-09-24,sh,688517,金冠电气,16.29,16.26,17.21,16.19,16.68,3147604,52880042.0
2026-09-24,sh,688518,XD联赢激,21.51,21.38,21.62,21.03,21.08,7735321,164326311.0
2026-09-24,sh,688519,南亚新材,309.5,306.34,311.96,294.4,295.08,4821220,1445900419.0
2026-09-24,sh,688520,神州细胞,37.22,37.27,37.5,35.73,35.75,3818325,138642426.0
2026-09-24,sh,688521,芯原股份,210.2,211.46,218.55,205.7,207.45,18685820,3947389518.0
2026-09-24,sh,688522,纳睿雷达,18.6,18.47,18.94,18.4,18.4,3146089,58542158.0
2026-09-24,sh,688523,航天环宇,39.74,39.75,40.39,39.01,39.52,3037242,120298790.0
2026-09-24,sh,688525,佰维存储,222.69,218.6,219.4,211.0,211.01,19653639,4192122477.0
2026-09-24,sh,688526,科前生物,12.36,12.39,12.4,12.16,12.18,807245,9893513.0
2026-09-24,sh,688528,秦川物联,10.24,10.24,10.4,10.14,10.31,1536746,15849717.0
2026-09-24,sh,688529,豪森智能,15.39,15.24,15.91,15.09,15.6,2079983,32454714.0
2026-09-24,sh,688530,欧莱新材,63.98,63.18,66.18,61.68,61.71,6678149,420724890.0
2026-09-24,sh,688531,日联科技,148.16,147.86,147.86,138.11,138.5,3510650,497557790.0
2026-09-24,sh,688533,上声电子,20.65,20.6,20.66,20.08,20.1,1154877,23468304.0
2026-09-24,sh,688535,华海诚科,116.0,114.36,115.0,108.65,108.84,8253460,916071198.0
2026-09-24,sh,688536,思瑞浦,357.97,353.68,361.93,345.0,346.81,2762948,965395539.0
2026-09-24,sh,688538,和辉光电,2.07,2.07,2.08,2.05,2.05,41385664,85304181.0
2026-09-24,sh,688539,高华科技,25.15,25.17,25.54,24.8,24.85,1764748,44339889.0
2026-09-24,sh,688543,国科军工,43.22,43.2,44.51,42.96,43.73,7612974,333262723.0
2026-09-24,sh,688545,兴福电子,79.19,78.25,79.58,76.68,76.68,5133404,398388903.0
2026-09-24,sh,688548,广钢气体,33.54,33.18,34.54,33.0,33.32,21661919,733317189.0
2026-09-24,sh,688549,中巨芯,23.78,23.5,24.39,23.18,23.27,34298828,810627130.0
2026-09-24,sh,688550,瑞联新材,38.92,38.83,39.05,37.93,38.06,2022186,77625710.0
2026-09-24,sh,688551,科威尔,43.25,43.25,45.77,42.09,43.3,6673771,293365968.0
2026-09-24,sh,688552,航天南湖,30.7,30.71,30.76,29.8,29.86,1971169,59553368.0
2026-09-24,sh,688553,汇宇制药,12.73,12.68,12.75,12.21,12.26,11124298,137996426.0
2026-09-24,sh,688556,高测股份,7.94,7.94,8.02,7.82,7.85,11700975,92546007.0
2026-09-24,sh,688557,兰剑智能,21.42,21.6,21.67,21.23,21.28,1144952,24529736.0
2026-09-24,sh,688558,国盛智科,34.19,34.0,34.54,33.8,34.08,1344867,45912259.0
2026-09-24,sh,688559,海目星,59.19,58.8,61.93,58.25,58.33,13155757,786777961.0
2026-09-24,sh,688560,明冠新材,12.88,12.8,13.01,12.67,12.8,2794961,35977459.0
2026-09-24,sh,688561,奇安信,29.36,29.72,29.75,28.6,28.61,7133340,206870730.0
2026-09-24,sh,688562,航天软件,14.46,14.5,14.62,14.36,14.43,2031604,29409324.0
2026-09-24,sh,688563,航材股份,54.21,54.21,54.35,52.3,52.79,2625930,139492404.0
2026-09-24,sh,688565,力源科技,11.54,11.6,11.66,11.42,11.46,1936595,22380393.0
2026-09-24,sh,688566,吉贝尔,27.97,27.7,28.24,27.47,27.72,3192562,88608926.0
2026-09-24,sh,688567,孚能科技,9.02,9.03,9.05,8.88,8.88,5286777,47344109.0
2026-09-24,sh,688568,中科星图,30.8,30.76,31.13,30.27,30.3,6798959,207955811.0
2026-09-24,sh,688569,XD铁科轨,18.41,18.59,18.95,18.4,18.75,1104551,20650628.0
2026-09-24,sh,688570,天玛智控,14.74,14.74,14.87,14.6,14.74,579758,8568926.0
2026-09-24,sh,688571,杭华股份,8.85,8.59,8.73,8.42,8.49,8622613,73863759.0
2026-09-24,sh,688573,信宇人,17.15,17.39,17.39,15.84,15.9,7211797,117606077.0
2026-09-24,sh,688575,亚辉龙,10.49,10.44,10.62,10.26,10.28,9142476,95224872.0
2026-09-24,sh,688576,西山科技,41.15,41.21,41.5,40.29,40.36,383446,15607765.0
2026-09-24,sh,688577,浙海德曼,41.93,41.93,42.16,41.15,41.37,666056,27692170.0
2026-09-24,sh,688578,艾力斯,112.42,111.7,112.36,104.08,104.22,9650169,1026452611.0
2026-09-24,sh,688579,地纬智能,7.94,7.97,8.0,7.87,7.92,2301450,18256149.0
2026-09-24,sh,688580,伟思医疗,44.11,44.25,44.63,43.0,43.07,1018724,44541882.0
2026-09-24,sh,688581,安杰思,56.31,56.69,60.0,56.69,57.77,1915113,111947423.0
2026-09-24,sh,688582,芯动联科,39.55,39.35,39.67,38.75,38.78,2699051,105758974.0
2026-09-24,sh,688583,思看科技,89.22,89.99,90.8,83.99,84.38,3324937,290614649.0
2026-09-24,sh,688584,上海合晶,29.2,29.88,30.26,28.94,29.05,13945089,412550408.0
2026-09-24,sh,688585,上纬新材,138.66,139.2,140.2,135.8,136.2,2033202,280267647.0
2026-09-24,sh,688586,江航装备,11.26,11.27,11.33,11.02,11.09,3549066,39611162.0
2026-09-24,sh,688588,凌志软件,9.14,9.19,9.19,8.97,9.0,2110355,19096374.0
2026-09-24,sh,688589,力合微,21.35,21.1,21.4,20.75,20.79,2816620,59017429.0
2026-09-24,sh,688590,新致软件,12.48,12.38,12.54,12.17,12.19,4709362,57934498.0
2026-09-24,sh,688591,泰凌微,33.16,32.96,33.45,32.36,32.45,6947325,227571400.0
2026-09-24,sh,688592,司南导航,23.41,23.52,23.86,23.16,23.52,758778,17804425.0
2026-09-24,sh,688593,新相微,32.87,32.81,33.03,31.01,31.01,13207804,421136550.0
2026-09-24,sh,688595,芯海科技,32.18,32.1,32.34,31.52,31.65,2402225,76417699.0
2026-09-24,sh,688596,正帆科技,66.8,66.82,69.38,64.51,64.69,12478018,833297685.0
2026-09-24,sh,688597,煜邦电力,6.29,6.26,6.35,6.2,6.26,3293529,20713077.0
2026-09-24,sh,688598,金博股份,36.4,36.0,38.7,36.0,36.53,16712830,623858395.0
2026-09-24,sh,688599,天合光能,11.2,11.12,11.2,10.88,10.89,19897445,218931811.0
2026-09-24,sh,688600,皖仪科技,38.59,38.08,38.57,36.29,36.34,5594459,209100379.0
2026-09-24,sh,688601,力芯微,62.86,62.24,62.87,60.77,60.94,1964090,120784544.0
2026-09-24,sh,688602,康鹏科技,6.9,6.93,7.03,6.87,6.9,4056127,28191850.0
2026-09-24,sh,688603,天承科技,128.64,129.0,129.59,124.28,125.12,5827091,738314923.0
2026-09-24,sh,688605,先锋精科,86.51,86.02,89.8,85.3,86.59,3526566,309316987.0
2026-09-24,sh,688606,奥泰生物,47.59,47.59,47.9,46.57,46.82,272542,12825499.0
2026-09-24,sh,688607,康众科技,38.99,39.15,39.15,37.88,37.96,652357,25082130.0
2026-09-24,sh,688608,恒玄科技,113.5,111.78,113.97,108.31,108.88,5534085,608523335.0
2026-09-24,sh,688609,九联科技,9.56,9.48,9.59,9.23,9.24,10773678,101012999.0
2026-09-24,sh,688610,埃科光电,172.46,172.22,172.22,165.01,165.04,948878,158715785.0
2026-09-24,sh,688611,杭州柯林,68.7,68.38,68.38,66.0,66.43,1113712,74588895.0
2026-09-24,sh,688612,威迈斯,36.5,36.5,36.53,35.2,35.4,3291549,117421602.0
2026-09-24,sh,688613,奥精医疗,21.29,21.2,21.3,20.52,21.09,6843474,143089659.0
2026-09-24,sh,688615,合合信息,90.74,90.5,91.91,87.08,87.11,4127220,366321709.0
2026-09-24,sh,688616,西力科技,10.95,10.94,11.1,10.87,11.01,1343897,14798970.0
2026-09-24,sh,688617,惠泰医疗,245.56,244.93,245.94,235.91,236.04,1570281,374058052.0
2026-09-24,sh,688618,三旺通信,30.0,30.6,30.6,28.77,29.06,1046545,30704615.0
2026-09-24,sh,688619,罗普特,14.84,14.75,15.18,14.41,14.47,3005167,44173171.0
2026-09-24,sh,688620,安凯微,18.36,18.29,18.56,17.9,18.01,14576186,264727657.0
2026-09-24,sh,688621,阳光诺和,75.26,74.6,75.76,71.99,72.75,1788505,130818238.0
2026-09-24,sh,688622,*ST禾信,136.82,137.99,144.98,134.02,142.39,823901,115592363.0
2026-09-24,sh,688623,双元科技,63.4,63.4,65.38,61.82,64.67,1419323,90636638.0
2026-09-24,sh,688625,呈和科技,72.11,71.95,75.77,71.21,74.1,9981304,740399176.0
2026-09-24,sh,688626,翔宇医疗,44.22,44.4,45.48,43.97,44.06,2778330,124325407.0
2026-09-24,sh,688627,精智达,475.0,469.83,475.15,457.11,458.05,2081928,968165448.0
2026-09-24,sh,688628,优利德,114.44,111.87,116.38,107.3,110.89,14190025,1593628970.0
2026-09-24,sh,688629,华丰科技,123.15,122.52,123.0,116.65,116.8,12011995,1429051833.0
2026-09-24,sh,688630,芯碁微装,440.68,437.05,437.05,418.0,418.0,2930202,1246162145.0
2026-09-24,sh,688631,莱斯信息,38.07,37.95,38.7,37.5,37.52,1211152,46147875.0
2026-09-24,sh,688633,星球石墨,22.62,22.58,22.69,22.25,22.37,1285342,28837952.0
2026-09-24,sh,688635,长进光子,288.8,285.03,291.8,282.35,282.8,1134377,324528329.0
2026-09-24,sh,688636,智明达,21.01,20.95,21.22,20.4,20.41,4785948,99268177.0
2026-09-24,sh,688638,誉辰智能,34.22,34.34,34.85,33.9,34.69,506887,17543854.0
2026-09-24,sh,688639,华恒生物,18.29,18.48,18.65,17.95,17.95,4593101,83970511.0
2026-09-24,sh,688646,逸飞激光,77.59,77.59,82.8,77.13,80.66,4057237,330150747.0
2026-09-24,sh,688648,中邮科技,29.39,29.21,30.09,29.08,29.19,1840082,54537320.0
2026-09-24,sh,688651,盛邦安全,25.51,25.47,25.53,24.72,24.94,1785659,44867789.0
2026-09-24,sh,688652,京仪装备,147.42,146.02,149.76,144.02,144.05,2923770,427674524.0
2026-09-24,sh,688653,康希通信,15.68,15.64,15.9,15.38,15.39,12711927,198562209.0
2026-09-24,sh,688655,迅捷兴,78.15,78.14,79.23,73.57,73.8,10769808,811716091.0
2026-09-24,sh,688656,浩欧博,141.04,139.0,144.88,131.18,132.15,1684573,229135085.0
2026-09-24,sh,688657,浩辰软件,34.39,34.72,34.72,33.78,33.95,674514,22995903.0
2026-09-24,sh,688658,悦康药业,13.8,13.73,13.96,13.08,13.17,13181405,176543827.0
2026-09-24,sh,688659,元琛科技,9.31,9.42,9.44,9.21,9.3,2817057,26306936.0
2026-09-24,sh,688660,电气风电,8.92,8.9,9.05,8.83,8.85,20024303,178839863.0
2026-09-24,sh,688661,和林微纳,108.29,108.26,108.26,102.16,102.5,3154288,330285244.0
2026-09-24,sh,688662,富信科技,130.61,133.0,137.98,127.6,128.28,18360598,2429097894.0
2026-09-24,sh,688663,新风光,57.05,57.5,57.88,55.69,55.83,2023958,113944966.0
2026-09-24,sh,688665,四方光电,46.98,46.9,48.3,46.01,47.27,1657819,78309256.0
2026-09-24,sh,688667,菱电电控,103.61,103.35,107.88,103.2,104.83,976855,103137812.0
2026-09-24,sh,688668,鼎通科技,244.89,243.23,244.47,232.0,232.0,4366245,1031424596.0
2026-09-24,sh,688669,聚石化学,69.07,69.4,69.55,66.68,66.92,1793595,121698261.0
2026-09-24,sh,688670,金迪克,18.89,18.87,19.2,18.21,18.21,1649050,30639884.0
2026-09-24,sh,688671,碧兴物联,26.81,26.81,26.97,26.08,26.29,1404739,37111302.0
2026-09-24,sh,688676,金盘科技,64.2,63.8,64.29,62.0,62.06,6051673,380160389.0
2026-09-24,sh,688677,海泰新光,87.48,87.0,87.0,81.01,81.01,6084188,506966049.0
2026-09-24,sh,688678,福立旺,31.43,31.0,33.3,30.6,32.63,43899143,1422847426.0
2026-09-24,sh,688679,通源环境,41.8,41.6,41.95,39.5,39.6,3564831,144283041.0
2026-09-24,sh,688680,海优新材,38.57,38.58,39.8,37.91,39.21,2686023,105328293.0
2026-09-24,sh,688681,科汇股份,15.51,15.47,15.69,15.4,15.51,1433366,22292645.0
2026-09-24,sh,688682,霍莱沃,31.62,34.0,37.94,33.99,37.94,5976406,222120487.0
2026-09-24,sh,688683,莱尔科技,31.95,31.95,32.56,31.68,31.86,988659,31695259.0
2026-09-24,sh,688685,迈信林,34.87,34.47,35.79,33.97,34.52,3112481,108780831.0
2026-09-24,sh,688686,奥普特,141.79,140.0,141.89,136.2,136.3,914380,126609250.0
2026-09-24,sh,688687,凯因科技,18.7,18.72,18.8,18.27,18.29,3308091,61092657.0
2026-09-24,sh,688689,银河微电,42.69,42.59,43.11,41.62,41.65,5489506,232324095.0
2026-09-24,sh,688690,纳微科技,49.21,49.06,49.38,46.87,46.99,11234778,536648195.0
2026-09-24,sh,688691,灿芯股份,65.49,64.41,66.0,64.31,64.35,2485771,161511956.0
2026-09-24,sh,688692,达梦数据,206.62,205.01,206.24,201.82,202.77,633063,128541370.0
2026-09-24,sh,688693,锴威特,79.05,78.0,79.13,76.44,76.53,1002844,77612384.0
2026-09-24,sh,688695,中创股份,19.93,19.92,20.18,19.8,19.82,994943,19868668.0
2026-09-24,sh,688696,极米科技,86.71,87.59,87.59,83.42,83.58,939329,79684723.0
2026-09-24,sh,688697,纽威数控,15.27,15.16,15.43,14.9,14.91,4353404,65837055.0
2026-09-24,sh,688698,伟创电气,44.45,44.38,45.59,43.87,43.87,2728626,121879774.0
2026-09-24,sh,688699,明微电子,70.54,70.1,71.0,68.38,68.65,3437830,239060776.0
2026-09-24,sh,688700,东威科技,67.88,68.0,69.63,64.3,64.3,11856285,782343521.0
2026-09-24,sh,688701,卓锦股份,8.7,8.65,8.79,8.54,8.62,2505335,21670042.0
2026-09-24,sh,688702,盛科通信,335.0,330.0,339.8,328.3,328.5,6198311,2068068560.0
2026-09-24,sh,688707,振华新材,10.28,10.3,10.32,10.08,10.09,3357230,34105823.0
2026-09-24,sh,688708,佳驰科技,40.76,40.76,40.99,39.51,39.55,1348052,54245063.0
2026-09-24,sh,688709,成都华微,25.98,26.15,26.2,25.39,25.41,3089539,79591781.0
2026-09-24,sh,688710,益诺思,104.77,101.97,102.97,96.0,96.0,4986301,490655109.0
2026-09-24,sh,688711,宏微科技,29.8,29.4,29.7,28.51,28.58,6732655,195081217.0
2026-09-24,sh,688712,北芯生命,32.28,32.27,32.28,31.18,31.22,1446487,45689454.0
2026-09-24,sh,688716,中研股份,26.86,26.83,27.15,26.5,26.52,1098748,29395689.0
2026-09-24,sh,688717,艾罗能源,43.29,43.48,43.71,41.93,41.93,4636414,197136976.0
2026-09-24,sh,688718,唯赛勃,15.43,15.4,15.56,15.11,15.13,1819120,27832686.0
2026-09-24,sh,688719,爱科赛博,62.05,62.86,62.86,59.21,59.32,5238993,315587835.0
2026-09-24,sh,688720,艾森股份,70.03,70.02,70.58,67.76,67.8,2662586,182836869.0
2026-09-24,sh,688721,龙图光罩,42.4,41.98,42.78,41.36,41.58,2790674,116970373.0
2026-09-24,sh,688722,同益中,14.57,14.66,14.68,14.4,14.58,2245406,32685576.0
2026-09-24,sh,688726,拉普拉斯,47.85,48.63,48.63,46.51,46.55,7314206,345985755.0
2026-09-24,sh,688727,恒坤新材,49.14,48.89,49.25,47.8,47.99,2158156,104528248.0
2026-09-24,sh,688728,格科微,14.74,14.74,14.77,14.38,14.39,16684369,242761658.0
2026-09-24,sh,688729,屹唐股份,24.65,24.45,24.65,23.89,23.92,19293128,467677251.0
2026-09-24,sh,688733,壹石通,29.85,29.5,30.2,29.01,29.15,4086569,120525322.0
2026-09-24,sh,688737,中自科技,17.58,17.52,17.68,17.14,17.3,1772847,30805185.0
2026-09-24,sh,688739,成大生物,20.92,20.87,21.09,20.62,20.62,1288218,26820286.0
2026-09-24,sh,688750,金天钛业,14.16,14.15,14.16,13.88,13.9,2009535,28103158.0
2026-09-24,sh,688755,汉邦科技,31.45,31.39,31.95,29.76,29.83,4508608,137820090.0
2026-09-24,sh,688757,胜科纳米,33.09,32.92,33.03,31.11,31.7,13254463,421496151.0
2026-09-24,sh,688758,赛分科技,33.63,33.02,34.1,32.45,32.5,10314010,340271604.0
2026-09-24,sh,688759,必贝特,23.4,23.2,23.66,22.37,22.47,3963390,90251640.0
2026-09-24,sh,688765,禾元生物,42.55,42.69,42.84,41.05,41.05,6150830,257719802.0
2026-09-24,sh,688766,普冉股份,431.0,425.48,428.88,408.66,408.7,7677062,3187113635.0
2026-09-24,sh,688767,博拓生物,43.4,43.0,44.12,42.24,42.93,3146741,135933305.0
2026-09-24,sh,688768,容知日新,47.64,47.34,48.49,46.88,46.92,646612,30733105.0
2026-09-24,sh,688772,珠海冠宇,13.62,13.63,14.28,13.55,14.03,28257243,394632485.0
2026-09-24,sh,688775,影石创新,95.0,94.01,94.65,90.76,90.78,4927531,453385921.0
2026-09-24,sh,688776,国光电气,52.0,52.52,55.93,51.52,54.25,8466735,459580820.0
2026-09-24,sh,688777,中控技术,81.29,81.0,81.8,80.02,80.02,6711323,542514303.0
2026-09-24,sh,688778,厦钨新能,43.33,43.21,43.57,42.13,42.15,3491805,149065960.0
2026-09-24,sh,688779,五矿新能,7.63,7.6,7.81,7.44,7.44,14790403,112197974.0
2026-09-24,sh,688781,视涯科技,51.56,49.88,51.55,45.02,45.02,8280173,391644978.0
2026-09-24,sh,688783,西安奕材,30.0,30.95,31.77,29.59,29.91,40973719,1253144874.0
2026-09-24,sh,688785,恒运昌,381.0,375.29,393.33,364.0,365.02,622820,234704262.0
2026-09-24,sh,688786,悦安新材,28.96,28.88,29.19,28.3,28.59,2938418,84496051.0
2026-09-24,sh,688787,海天瑞声,92.56,92.01,92.62,89.86,89.9,1097623,99847976.0
2026-09-24,sh,688788,科思科技,29.62,29.62,30.4,29.0,29.04,2314764,68570244.0
2026-09-24,sh,688789,宏华数科,51.01,51.09,51.88,49.63,49.72,3221398,163103403.0
2026-09-24,sh,688790,昂瑞微,110.13,109.29,110.96,106.08,106.17,1950531,211320427.0
2026-09-24,sh,688793,倍轻松,18.49,18.37,18.66,17.71,18.25,1768465,32358971.0
2026-09-24,sh,688795,摩尔线程,435.0,428.0,443.53,427.0,433.33,5056873,2206184135.0
2026-09-24,sh,688796,百奥赛图,135.5,135.5,135.5,126.0,126.54,2602992,336143115.0
2026-09-24,sh,688797,臻宝科技,281.88,278.93,284.51,275.5,276.18,2182989,609918176.0
2026-09-24,sh,688798,艾为电子,58.06,57.51,58.45,56.48,56.59,2457767,140488743.0
2026-09-24,sh,688799,华纳药厂,58.08,57.79,58.1,56.29,56.88,3061062,175092183.0
2026-09-24,sh,688800,瑞可达,66.88,66.48,66.68,61.65,61.65,14926278,946299277.0
2026-09-24,sh,688801,燧原科技,493.5,495.0,527.1,490.0,490.0,2748011,1398448371.0
2026-09-24,sh,688802,沐曦股份,566.42,562.0,575.98,556.86,556.86,2722640,1538550972.0
2026-09-24,sh,688805,健信超导,41.18,41.18,41.18,39.87,39.87,971781,39163959.0
2026-09-24,sh,688806,泰诺麦博,26.46,26.51,26.97,25.28,25.5,6056244,155635810.0
2026-09-24,sh,688807,优迅股份,361.32,356.0,359.9,335.0,335.56,1595290,547272370.0
2026-09-24,sh,688808,联讯仪器,2280.02,2274.6,2279.87,2231.01,2231.01,475282,1068672614.0
2026-09-24,sh,688809,强一股份,505.01,504.8,516.88,496.8,498.0,885419,447832723.0
2026-09-24,sh,688811,有研复材,20.82,20.76,20.96,20.45,20.48,3151427,65157000.0
2026-09-24,sh,688813,泰金新能,161.24,159.81,160.2,149.01,150.07,5450382,833512010.0
2026-09-24,sh,688816,易思维,48.44,48.44,48.65,47.32,47.38,265490,12724007.0
2026-09-24,sh,688818,电科蓝天,42.76,42.85,43.52,42.31,42.57,5548305,237554832.0
2026-09-24,sh,688819,天能股份,20.95,20.96,21.0,20.46,20.5,1512463,31318122.0
2026-09-24,sh,688820,盛合晶微,133.57,133.06,133.09,128.0,128.02,7547470,981167443.0
2026-09-24,sh,688825,长鑫科技,58.62,57.7,57.8,56.2,56.2,151606263,8611739903.0
2026-09-24,sh,688826,频准激光,858.78,845.0,852.92,815.06,828.74,860032,715707299.0
2026-09-24,sh,688828,国仪公司,95.86,93.66,96.38,88.8,92.2,3492229,323222942.0
2026-09-24,sh,688835,高凯技术,354.88,349.56,397.7,349.56,380.85,3706352,1397121618.0
2026-09-24,sh,688836,宇树科技,490.97,490.99,499.78,487.05,488.0,2030847,1003076244.0
2026-09-24,sh,688837,信诺维,53.6,52.5,54.48,47.31,47.31,20262182,1020530716.0
2026-09-24,sh,688981,中芯国际,121.39,121.1,121.39,119.63,119.98,18660976,2246348480.0
2026-09-24,sh,689009,九号公司,37.48,37.38,37.85,36.85,37.06,5323860,198457874.0
2026-09-24,sz,000001,平安银行,11.35,11.35,11.47,11.29,11.3,104381872,1186736895.7
2026-09-24,sz,000002,万 科Ａ,3.92,3.89,3.93,3.67,3.76,667265050,2512837905.92
2026-09-24,sz,000006,深振业Ａ,7.24,7.29,7.53,7.14,7.21,27859946,203622719.48
2026-09-24,sz,000007,全新好,11.61,11.66,11.8,11.43,11.64,4812300,56083832.0
2026-09-24,sz,000008,神州高铁,2.38,2.36,2.4,2.36,2.38,18940883,45067173.54
2026-09-24,sz,000009,中国宝安,7.0,7.03,7.12,6.8,6.8,16454271,113680769.32
2026-09-24,sz,000010,*ST美丽,1.52,1.51,1.52,1.48,1.5,10136500,15211873.0
2026-09-24,sz,000011,深物业A,9.59,9.52,9.56,9.09,9.2,17077022,157992131.6
2026-09-24,sz,000012,南 玻Ａ,3.77,3.75,3.76,3.68,3.7,23180194,86088550.9
2026-09-24,sz,000014,沙河股份,10.82,10.76,10.9,10.55,10.64,5538601,59091546.65
2026-09-24,sz,000017,深中华A,7.69,7.61,7.65,7.46,7.53,37597000,283243299.0
2026-09-24,sz,000019,深粮控股,6.96,6.91,7.0,6.76,6.78,13973798,95646381.98
2026-09-24,sz,000020,深华发Ａ,13.59,13.73,13.86,13.3,13.31,9094000,122617933.0
2026-09-24,sz,000021,深科技,36.91,36.4,36.53,35.51,35.53,46355336,1664037940.98
2026-09-24,sz,000025,特 力Ａ,15.04,15.0,15.19,14.88,14.92,3594872,54025374.03
2026-09-24,sz,000026,飞亚达,19.9,19.88,20.25,19.67,19.75,5440800,108427658.0
2026-09-24,sz,000027,深圳能源,6.23,6.22,6.23,6.16,6.17,15545900,96180091.0
2026-09-24,sz,000028,国药一致,19.72,19.72,19.77,19.46,19.5,1913620,37474839.4
2026-09-24,sz,000029,深深房Ａ,21.88,21.88,22.56,21.74,22.15,7072248,156625091.18
2026-09-24,sz,000030,富奥股份,3.93,3.92,3.94,3.89,3.92,7576602,29642397.82
2026-09-24,sz,000031,大悦城,2.35,2.34,2.38,2.24,2.28,72156903,165513342.77
2026-09-24,sz,000032,深桑达Ａ,14.53,14.45,14.53,14.14,14.17,19429617,277981037.15
2026-09-24,sz,000034,神州数码,23.28,23.23,24.28,23.03,24.15,34210970,810726377.97
2026-09-24,sz,000035,中国天楹,4.91,4.89,4.9,4.78,4.79,24075956,116526098.24
2026-09-24,sz,000036,华联控股,4.06,3.98,4.04,3.88,3.9,41874430,165058609.0
2026-09-24,sz,000037,深南电A,9.01,9.04,9.09,8.92,8.94,7377900,66253371.0
2026-09-24,sz,000039,中集集团,8.79,8.8,8.85,8.64,8.66,19775542,172452665.86
2026-09-24,sz,000042,中洲控股,8.41,8.3,8.47,8.24,8.25,4910802,40903476.76
2026-09-24,sz,000045,深纺织Ａ,11.25,11.21,11.3,11.03,11.09,2929100,32682431.0
2026-09-24,sz,000048,京基智农,19.1,18.88,19.19,18.52,18.66,10238774,193024717.39
2026-09-24,sz,000049,德赛电池,22.46,22.46,22.6,22.16,22.17,2949404,65907411.17
2026-09-24,sz,000050,深天马Ａ,6.59,6.56,6.58,6.36,6.36,24888455,160094995.81
2026-09-24,sz,000055,方大集团,3.81,3.79,3.85,3.77,3.79,14744773,56016492.21
2026-09-24,sz,000056,*ST皇庭,2.69,2.65,2.82,2.64,2.76,29359400,81050643.0
2026-09-24,sz,000058,深 赛 格,7.14,7.1,7.19,6.98,7.04,6515798,45967277.3
2026-09-24,sz,000059,华锦股份,5.65,5.65,5.68,5.52,5.6,32007286,179483197.46
2026-09-24,sz,000060,中金岭南,6.13,6.1,6.1,5.93,5.95,80416721,482054932.91
2026-09-24,sz,000061,农 产 品,6.03,6.03,6.07,5.92,5.95,12651900,75602305.0
2026-09-24,sz,000062,深圳华强,23.29,23.09,23.2,22.74,22.74,13187214,302054705.47
2026-09-24,sz,000063,中兴通讯,32.28,32.15,32.28,31.88,31.92,52893267,1693857127.23
2026-09-24,sz,000065,北方国际,10.12,10.19,10.19,9.8,9.85,19538441,193488864.16
2026-09-24,sz,000066,中国长城,15.14,15.21,15.45,14.8,14.8,151992513,2282674708.07
2026-09-24,sz,000068,华控赛格,3.25,3.22,3.31,3.22,3.26,13111900,42644982.0
2026-09-24,sz,000069,华侨城Ａ,1.9,1.89,1.92,1.83,1.84,99110401,184312387.84
2026-09-24,sz,000070,特发信息,17.99,17.81,18.37,17.72,17.94,75281714,1356651841.28
2026-09-24,sz,000078,ST海王,1.57,1.55,1.58,1.53,1.55,43651248,67528791.92
2026-09-24,sz,000088,盐 田 港,4.51,4.5,4.54,4.48,4.5,14181344,63911926.12
2026-09-24,sz,000089,深圳机场,6.56,6.55,6.57,6.45,6.5,11195960,72781217.2
2026-09-24,sz,000090,天健集团,3.56,3.55,3.58,3.47,3.5,18628300,65357399.0
2026-09-24,sz,000096,广聚能源,7.9,7.9,7.97,7.85,7.89,2593530,20501322.6
2026-09-24,sz,000099,中信海直,13.06,12.98,13.1,12.88,12.89,3972000,51532691.72
2026-09-24,sz,000100,TCL科技,4.93,4.93,4.94,4.87,4.87,291835663,1430757148.28
2026-09-24,sz,000151,中成股份,9.98,9.94,10.54,9.93,10.01,12976700,132302403.26
2026-09-24,sz,000153,丰原药业,6.17,6.16,6.21,6.04,6.09,7986440,48770367.0
2026-09-24,sz,000155,川能动力,11.26,11.26,11.28,11.04,11.04,13032290,145261178.55
2026-09-24,sz,000156,华数传媒,7.08,7.05,7.16,6.98,7.02,10021557,70683994.99
2026-09-24,sz,000157,中联重科,6.1,6.08,6.1,6.04,6.04,28582098,173464810.1
2026-09-24,sz,000158,常山北明,12.72,12.72,12.78,12.55,12.55,15373668,194172906.53
2026-09-24,sz,000159,国际实业,5.42,5.42,5.58,5.39,5.46,10462054,57152884.62
2026-09-24,sz,000166,申万宏源,4.47,4.47,4.47,4.38,4.39,50974805,225058646.08
2026-09-24,sz,000301,东方盛虹,13.73,13.6,13.69,13.34,13.36,14026100,188700319.46
2026-09-24,sz,000333,美的集团,82.47,82.18,83.05,82.05,82.65,14315502,1184739585.47
2026-09-24,sz,000338,潍柴动力,25.89,25.89,25.9,25.27,25.3,57599371,1470007070.53
2026-09-24,sz,000400,许继电气,20.3,20.26,20.39,20.14,20.19,6630972,134312027.56
2026-09-24,sz,000401,金隅冀东,3.62,3.6,3.65,3.53,3.55,12061041,43160234.96
2026-09-24,sz,000402,金 融 街,2.7,2.71,2.72,2.61,2.63,73098422,193715694.35
2026-09-24,sz,000403,派林生物,10.11,10.0,10.16,9.9,9.92,5480692,54903778.12
2026-09-24,sz,000404,长虹华意,6.83,6.84,6.91,6.82,6.86,3778479,25970258.21
2026-09-24,sz,000407,胜利股份,4.1,4.12,4.26,4.1,4.17,15538618,64900370.7
2026-09-24,sz,000408,藏格矿业,73.85,73.01,73.34,71.3,71.46,6993540,505381571.96
2026-09-24,sz,000409,云鼎科技,8.96,8.91,8.96,8.83,8.84,2664933,23657882.7
2026-09-24,sz,000410,沈阳机床,5.27,5.26,5.31,5.22,5.23,20509100,107994781.0
2026-09-24,sz,000411,英特集团,9.88,9.87,10.65,9.82,10.42,15039429,155168529.8
2026-09-24,sz,000415,渤海租赁,4.17,4.15,4.2,4.1,4.11,38906800,161069878.0
2026-09-24,sz,000417,合百集团,5.69,5.69,5.97,5.66,5.85,42161904,246045057.69
2026-09-24,sz,000419,通程控股,5.0,4.98,5.05,4.96,4.99,3183400,15915620.0
2026-09-24,sz,000420,吉林化纤,3.56,3.54,3.65,3.52,3.57,49727612,178070951.14
2026-09-24,sz,000421,南京公用,5.69,5.69,5.74,5.63,5.69,4491350,25503357.0
2026-09-24,sz,000422,湖北宜化,11.97,11.94,11.95,11.77,11.79,8826949,104402962.64
2026-09-24,sz,000423,东阿阿胶,46.05,46.08,46.15,45.12,45.15,4803519,218123877.98
2026-09-24,sz,000425,徐工机械,7.23,7.21,7.29,7.15,7.17,91719348,659114330.64
2026-09-24,sz,000426,兴业银锡,34.37,33.44,33.79,32.71,32.77,42814113,1416008520.91
2026-09-24,sz,000428,华天酒店,4.18,4.15,4.18,4.01,4.02,34126555,138952254.35
2026-09-24,sz,000429,粤高速Ａ,12.58,12.56,12.66,12.48,12.5,3682858,46226793.92
2026-09-24,sz,000430,张家界,7.0,6.93,7.01,6.79,6.84,11584100,79501779.0
2026-09-24,sz,000488,ST晨鸣,2.12,2.12,2.16,2.09,2.11,9202650,19562410.5
2026-09-24,sz,000498,山东路桥,5.14,5.65,5.65,5.56,5.65,55652886,314302754.9
2026-09-24,sz,000501,武商集团,7.16,7.15,7.19,7.06,7.09,5129553,36487869.48
2026-09-24,sz,000503,国新健康,6.87,6.85,6.9,6.75,6.76,7391882,50338831.98
2026-09-24,sz,000504,南华生物,12.76,11.62,14.04,11.62,13.73,115197157,1525092476.05
2026-09-24,sz,000505,京粮控股,6.6,6.63,6.64,6.31,6.36,22898817,147075533.78
2026-09-24,sz,000506,招金黄金,18.1,17.75,17.79,17.45,17.48,33845840,595161092.05
2026-09-24,sz,000507,珠海港,4.95,4.93,4.97,4.92,4.93,5391702,26624854.83
2026-09-24,sz,000509,华塑控股,3.76,3.77,3.85,3.67,3.69,39150400,145617551.0
2026-09-24,sz,000510,新金路,19.23,19.0,19.34,18.45,18.55,35321161,660407612.87
2026-09-24,sz,000513,丽珠集团,27.73,27.6,27.85,27.15,27.58,7869902,216630309.67
2026-09-24,sz,000514,渝 开 发,4.4,4.37,4.45,4.3,4.35,11151100,48611039.0
2026-09-24,sz,000516,国际医学,4.27,4.27,4.35,4.25,4.3,21370462,91899493.36
2026-09-24,sz,000517,荣安地产,2.01,2.04,2.04,1.95,2.0,46580000,92447380.0
2026-09-24,sz,000518,四环生物,3.68,3.74,3.76,3.65,3.67,16788400,61918747.0
2026-09-24,sz,000519,中兵红箭,15.01,14.94,15.06,14.7,14.79,33339969,495090778.43
2026-09-24,sz,000520,凤凰航运,4.02,4.03,4.11,4.01,4.07,17015800,69213332.0
2026-09-24,sz,000521,长虹美菱,4.4,4.39,4.41,4.33,4.33,5222100,22780592.0
2026-09-24,sz,000523,红棉股份,3.42,3.44,3.45,3.26,3.29,104345501,345763379.28
2026-09-24,sz,000524,岭南控股,8.99,8.94,9.03,8.86,8.93,4531014,40564141.88
2026-09-24,sz,000525,红太阳,4.54,4.52,4.56,4.46,4.47,12224631,55044152.82
2026-09-24,sz,000526,学大教育,36.16,36.4,37.05,36.05,36.26,2755579,100846421.33
2026-09-24,sz,000528,柳 工,7.61,7.59,7.61,7.48,7.5,22430044,168990203.55
2026-09-24,sz,000529,广弘控股,4.96,4.98,5.03,4.92,4.97,2844902,14122144.88
2026-09-24,sz,000530,冰山冷热,5.18,5.19,5.24,5.15,5.2,10357240,53836656.6
2026-09-24,sz,000531,穗恒运Ａ,5.6,5.61,5.61,5.54,5.54,4941000,27491657.0
2026-09-24,sz,000532,华金资本,13.5,13.05,13.31,12.79,12.87,38072347,494335437.53
2026-09-24,sz,000533,顺钠股份,10.44,10.5,10.5,10.3,10.34,19975906,207060116.84
2026-09-24,sz,000534,万泽股份,22.92,22.8,23.99,22.55,22.64,15746275,362924467.55
2026-09-24,sz,000536,华映科技,3.51,3.5,3.53,3.43,3.49,45562600,158279256.0
2026-09-24,sz,000537,绿发电力,7.34,7.34,7.37,7.28,7.3,10137900,74241873.0
2026-09-24,sz,000538,云南白药,50.32,50.41,50.51,49.81,49.87,6936926,347480670.15
2026-09-24,sz,000539,粤电力Ａ,5.02,5.02,5.03,4.92,4.95,30953180,153475382.2
2026-09-24,sz,000541,佛山照明,4.91,4.92,4.93,4.88,4.9,2979858,14614484.46
2026-09-24,sz,000543,皖能电力,7.15,7.14,7.21,7.13,7.15,12405853,88823935.45
2026-09-24,sz,000544,中原环保,7.2,7.2,7.23,7.14,7.16,2392144,17172513.04
2026-09-24,sz,000545,金浦钛业,2.17,2.18,2.2,2.15,2.17,20162857,43818722.26
2026-09-24,sz,000546,金圆股份,4.37,4.37,4.42,4.32,4.35,7821800,34058592.0
2026-09-24,sz,000547,航天发展,14.31,14.3,15.15,14.26,14.56,113265146,1663229031.07
2026-09-24,sz,000548,湖南投资,4.58,4.58,4.63,4.56,4.58,2775700,12734412.0
2026-09-24,sz,000550,江铃汽车,16.26,16.25,16.28,15.97,15.99,3640092,58616470.08
2026-09-24,sz,000551,创元科技,12.33,12.26,12.33,12.13,12.14,6041200,73762457.0
2026-09-24,sz,000552,甘肃能化,2.46,2.46,2.5,2.44,2.47,46857452,115582981.92
2026-09-24,sz,000553,安道麦A,5.46,5.44,5.54,5.43,5.46,4507600,24662929.69
2026-09-24,sz,000554,泰山石油,6.23,6.24,6.28,6.18,6.26,8233325,51397874.24
2026-09-24,sz,000555,神州信息,11.01,10.5,10.64,9.96,9.99,51654867,522461714.14
2026-09-24,sz,000557,西部创业,3.64,3.63,3.68,3.58,3.62,10169358,36841998.44
2026-09-24,sz,000558,天府文旅,3.61,3.6,3.63,3.53,3.57,19380419,69122971.64
2026-09-24,sz,000559,万向钱潮,11.16,11.2,11.72,11.08,11.1,74851354,849399245.99
2026-09-24,sz,000560,我爱我家,3.86,3.87,4.1,3.59,3.66,774995270,2936520453.09
2026-09-24,sz,000561,烽火电子,7.74,7.78,7.83,7.63,7.68,7281827,56210279.09
2026-09-24,sz,000563,陕国投Ａ,2.91,2.91,2.92,2.87,2.88,30688804,88644072.16
2026-09-24,sz,000564,供销大集,1.48,1.47,1.5,1.47,1.48,121624701,180850642.7
2026-09-24,sz,000565,渝三峡Ａ,6.61,6.56,6.62,6.42,6.43,11710200,75973550.1
2026-09-24,sz,000566,海南海药,4.8,4.76,4.81,4.65,4.69,55129547,259762858.48
2026-09-24,sz,000567,海德股份,6.0,5.97,6.01,5.88,5.9,13450665,79835247.41
2026-09-24,sz,000568,泸州老窖,72.11,71.69,72.16,70.51,70.65,9067869,644006073.47
2026-09-24,sz,000570,苏常柴Ａ,5.26,5.26,5.32,5.21,5.28,6611801,34995829.29
2026-09-24,sz,000571,新大洲A,6.73,6.81,6.83,6.65,6.69,18796024,126522640.85
2026-09-24,sz,000572,海马汽车,4.02,3.95,4.06,3.86,3.88,101114943,397017048.24
2026-09-24,sz,000573,粤宏远Ａ,3.78,3.76,3.82,3.73,3.78,10783500,40753337.0
2026-09-24,sz,000576,甘化科工,8.34,8.35,8.41,8.27,8.27,6317500,52565110.0
2026-09-24,sz,000581,威孚高科,18.16,18.1,18.3,18.08,18.1,4301548,78277957.27
2026-09-24,sz,000582,北部湾港,9.39,9.36,9.47,9.1,9.11,48872376,451123996.52
2026-09-24,sz,000586,汇源通信,13.62,13.62,13.73,13.36,13.41,4573000,61719757.0
2026-09-24,sz,000589,贵州轮胎,4.22,4.22,4.24,4.19,4.2,11807920,49714751.0
2026-09-24,sz,000590,古汉医药,9.05,9.0,9.12,8.96,8.97,2104402,18981290.94
2026-09-24,sz,000591,太阳能,4.2,4.18,4.2,4.14,4.16,32164806,133983718.53
2026-09-24,sz,000592,平潭发展,7.98,8.02,8.78,7.8,8.78,325667313,2717291125.56
2026-09-24,sz,000593,德龙汇能,24.19,23.41,23.41,21.77,21.77,21931869,492443411.74
2026-09-24,sz,000595,新能股份,5.61,5.61,5.74,5.48,5.49,28123729,156928175.66
2026-09-24,sz,000596,古井贡酒,96.8,95.98,96.5,91.5,91.66,3283473,306053808.02
2026-09-24,sz,000597,东北制药,4.78,4.77,4.8,4.69,4.71,7652120,36149181.4
2026-09-24,sz,000598,兴蓉环境,7.06,7.06,7.1,7.02,7.05,9707700,68474898.0
2026-09-24,sz,000599,青岛双星,4.48,4.48,4.51,4.44,4.45,8083978,36138917.1
2026-09-24,sz,000600,建投能源,7.21,7.2,7.23,7.07,7.08,14036881,99994406.48
2026-09-24,sz,000601,韶能股份,6.01,6.02,6.03,5.96,6.0,18234100,109246662.0
2026-09-24,sz,000603,盛达资源,33.78,32.66,32.93,32.04,32.12,25919521,838691221.02
2026-09-24,sz,000605,渤海股份,5.88,5.88,5.98,5.84,5.95,3029300,17946552.0
2026-09-24,sz,000607,华媒控股,4.48,4.2,4.3,4.03,4.03,118759776,488481951.01
2026-09-24,sz,000608,阳光股份,7.0,6.96,7.25,6.81,7.19,22949211,161271784.99
2026-09-24,sz,000609,*ST中迪,10.01,10.0,10.0,9.8,9.94,3100000,30685941.0
2026-09-24,sz,000610,*ST西旅,7.57,7.49,7.75,7.38,7.4,9241400,69398062.0
2026-09-24,sz,000612,焦作万方,10.94,10.88,11.07,10.7,10.71,30777224,333558458.86
2026-09-24,sz,000615,*ST美谷,3.22,3.2,3.22,3.16,3.2,2797699,8944338.8
2026-09-24,sz,000617,中油资本,6.75,6.77,6.78,6.66,6.67,43591193,291914607.31
2026-09-24,sz,000619,海螺新材,5.25,5.26,5.3,5.2,5.23,4973887,26022942.4
2026-09-24,sz,000620,盈新发展,3.28,3.25,3.27,3.12,3.13,304329027,961352962.69
2026-09-24,sz,000623,吉林敖东,17.73,17.69,17.76,17.43,17.48,5681048,99754426.24
2026-09-24,sz,000625,长安汽车,7.12,7.09,7.12,7.03,7.03,40129460,283236090.69
2026-09-24,sz,000626,远大控股,9.37,9.28,9.31,8.86,8.96,14485700,130482242.0
2026-09-24,sz,000628,高新发展,59.47,59.12,59.59,57.29,57.78,6842261,397828886.05
2026-09-24,sz,000629,钒钛股份,2.89,2.88,2.89,2.83,2.83,68211749,194236615.16
2026-09-24,sz,000630,铜陵有色,6.12,6.04,6.05,5.88,5.89,211656908,1258280606.62
2026-09-24,sz,000631,顺发恒能,3.05,3.03,3.06,2.99,3.0,14959961,45102650.71
2026-09-24,sz,000632,ST三木,3.71,3.67,3.84,3.67,3.75,9766600,36703090.0
2026-09-24,sz,000633,合金投资,5.24,5.22,5.32,5.2,5.25,5296600,27928926.0
2026-09-24,sz,000635,英 力 特,7.44,7.4,7.54,7.38,7.49,9968900,74494061.0
2026-09-24,sz,000636,风华高科,58.74,57.9,59.68,56.0,56.02,80302246,4596275386.75
2026-09-24,sz,000637,茂化实华,4.16,4.16,4.31,4.11,4.22,11128689,46768931.02
2026-09-24,sz,000639,ST西王,1.53,1.52,1.56,1.52,1.53,29138934,44802368.74
2026-09-24,sz,000650,仁和药业,5.19,5.19,5.22,5.12,5.13,13240333,68247224.85
2026-09-24,sz,000651,格力电器,38.36,38.23,38.73,38.23,38.5,25241336,972664117.26
2026-09-24,sz,000652,泰达股份,3.33,3.34,3.35,3.28,3.31,9409232,31139107.31
2026-09-24,sz,000655,金岭矿业,7.15,7.11,7.18,7.07,7.1,3979800,28295417.0
2026-09-24,sz,000656,金科股份,1.26,1.25,1.28,1.23,1.23,213408717,266345319.41
2026-09-24,sz,000657,中钨高新,59.16,58.62,59.06,57.0,57.18,36160219,2088798409.8
2026-09-24,sz,000659,珠海中富,2.71,2.71,2.75,2.68,2.7,20736430,56077191.0
2026-09-24,sz,000661,长春高新,73.25,72.8,73.2,70.7,70.85,4591699,327961398.59
2026-09-24,sz,000663,永安林业,5.92,5.94,6.13,5.88,6.08,12294200,73893322.0
2026-09-24,sz,000665,湖北广电,4.04,4.05,4.29,4.0,4.08,34732933,142602068.53
2026-09-24,sz,000668,荣丰控股,17.44,17.13,19.0,17.07,18.35,9243471,168675489.66
2026-09-24,sz,000669,ST金鸿,4.2,4.2,4.29,4.2,4.2,3067000,13015631.0
2026-09-24,sz,000670,盈方微,7.56,7.47,8.25,7.47,7.93,96668110,761960825.02
2026-09-24,sz,000672,上峰材料,15.46,15.65,16.03,15.55,15.56,26284247,415501769.88
2026-09-24,sz,000676,智度股份,7.25,7.14,7.3,6.79,6.8,151901610,1062887068.75
2026-09-24,sz,000677,ST海龙,1.77,1.79,1.84,1.78,1.8,16419001,29700892.79
2026-09-24,sz,000678,襄阳轴承,8.8,8.77,9.68,8.73,9.68,26675053,256643526.68
2026-09-24,sz,000679,大连友谊,6.49,6.45,6.56,6.39,6.48,4468300,28871942.0
2026-09-24,sz,000680,山推股份,9.28,9.26,9.34,9.01,9.04,18857610,171925837.2
2026-09-24,sz,000681,视觉中国,16.24,16.16,16.35,15.95,15.96,13856805,222978299.95
2026-09-24,sz,000682,东方电子,10.64,10.59,10.68,10.36,10.4,8404619,88136938.73
2026-09-24,sz,000683,博源化工,5.62,5.6,5.64,5.53,5.54,31982700,178305053.0
2026-09-24,sz,000685,中山公用,10.85,10.83,10.88,10.79,10.81,8063553,87296947.15
2026-09-24,sz,000686,东北证券,7.74,7.73,7.74,7.62,7.64,10980360,84250705.0
2026-09-24,sz,000688,国城矿业,25.54,25.42,25.7,24.92,24.94,12552824,315695314.76
2026-09-24,sz,000690,宝新能源,5.02,5.0,5.08,4.97,5.06,35137403,177046183.3
2026-09-24,sz,000691,亚太实业,9.28,9.24,9.28,9.0,9.08,6138750,55952559.5
2026-09-24,sz,000692,惠天热电,4.12,4.1,4.16,4.08,4.12,6066200,24970405.0
2026-09-24,sz,000695,滨海能源,12.91,12.91,13.07,12.68,12.71,2952100,37823203.0
2026-09-24,sz,000697,炼石航空,9.07,9.08,9.17,8.9,8.91,4432200,40011849.0
2026-09-24,sz,000698,ST沈化,3.63,3.63,3.67,3.63,3.66,2887900,10529987.0
2026-09-24,sz,000700,模塑科技,12.06,12.13,12.62,11.97,12.47,69694179,863633444.65
2026-09-24,sz,000701,厦门信达,5.13,5.13,5.53,5.1,5.46,28059900,149078463.1
2026-09-24,sz,000702,正虹科技,5.67,5.63,5.76,5.62,5.69,5100700,28989353.0
2026-09-24,sz,000703,恒逸石化,17.39,17.38,17.69,17.08,17.24,58356763,1010281603.85
2026-09-24,sz,000705,浙江震元,7.01,7.01,7.16,6.99,7.02,5145200,36205825.0
2026-09-24,sz,000707,双环科技,4.5,4.48,4.73,4.47,4.57,11295700,52220807.36
2026-09-24,sz,000708,中信特钢,12.96,12.93,13.0,12.88,12.92,7128493,92241699.39
2026-09-24,sz,000709,河钢股份,2.03,2.04,2.04,2.0,2.01,74540148,150296390.24
2026-09-24,sz,000710,贝瑞基因,10.01,9.81,11.01,9.8,11.01,28370000,306196897.0
2026-09-24,sz,000711,京蓝科技,4.82,4.77,4.86,4.75,4.82,48531000,233378793.0
2026-09-24,sz,000712,锦龙股份,10.28,10.2,10.24,9.93,9.98,35319166,354253566.29
2026-09-24,sz,000713,国投丰乐,6.59,6.61,6.66,6.31,6.35,19771440,127074611.4
2026-09-24,sz,000715,中兴商业,5.3,5.3,5.38,5.25,5.3,5137110,27329897.7
2026-09-24,sz,000716,黑芝麻,5.01,5.02,5.05,4.96,4.97,15877241,79343681.04
2026-09-24,sz,000717,中南股份,2.15,2.14,2.16,2.11,2.13,21877155,46527588.1
2026-09-24,sz,000718,苏宁环球,2.07,2.06,2.08,2.0,2.04,36691275,74717625.06
2026-09-24,sz,000719,中原传媒,12.21,12.15,12.35,12.07,12.09,3369481,41153108.15
2026-09-24,sz,000720,新能泰山,3.65,3.68,3.68,3.6,3.62,23594800,85544121.0
2026-09-24,sz,000721,西安饮食,6.27,6.23,6.27,6.08,6.13,14160399,86905943.8
2026-09-24,sz,000722,湖南发展,13.46,13.46,13.54,13.17,13.29,15105101,202018566.34
2026-09-24,sz,000723,美锦能源,3.52,3.51,3.58,3.5,3.52,40547641,143562932.55
2026-09-24,sz,000725,京东方Ａ,6.02,5.97,6.03,5.83,5.85,1075320074,6351389727.87
2026-09-24,sz,000726,鲁 泰Ａ,6.02,6.02,6.1,6.0,6.07,5613564,34023011.57
2026-09-24,sz,000727,冠捷科技,2.2,2.2,2.21,2.16,2.17,65135000,141913635.0
2026-09-24,sz,000728,国元证券,7.41,7.4,7.41,7.28,7.29,17502606,128212597.69
2026-09-24,sz,000729,燕京啤酒,11.0,10.97,11.08,10.72,10.78,20166819,218862726.99
2026-09-24,sz,000731,四川美丰,8.18,8.23,8.23,7.91,7.94,14771383,118598124.9
2026-09-24,sz,000733,振华科技,41.4,41.19,41.65,40.9,40.9,8137479,334477652.82
2026-09-24,sz,000735,罗 牛 山,5.8,5.79,5.83,5.61,5.64,41579115,236378898.28
2026-09-24,sz,000736,中交发展,4.74,4.67,4.78,4.6,4.6,21647598,100877821.76
2026-09-24,sz,000737,北方铜业,14.82,14.7,14.74,13.95,13.96,86978630,1233152242.93
2026-09-24,sz,000738,航发控制,19.19,19.16,19.17,18.7,18.81,8826176,166547219.56
2026-09-24,sz,000739,普洛药业,25.32,25.13,25.68,24.82,25.3,15766274,399584522.11
2026-09-24,sz,000750,国海证券,3.66,3.66,3.66,3.59,3.61,36036370,130416421.0
2026-09-24,sz,000751,锌业股份,4.58,4.54,4.55,4.44,4.45,20985084,94038881.3
2026-09-24,sz,000752,*ST西发,8.73,8.71,9.09,8.66,8.96,3767100,33553932.54
2026-09-24,sz,000753,漳州发展,4.86,4.86,5.35,4.83,5.35,86539641,445872835.4
2026-09-24,sz,000755,山西高速,4.64,4.63,4.69,4.62,4.66,3214563,14990611.95
2026-09-24,sz,000756,新华制药,14.53,14.29,15.0,13.84,13.92,69319470,991805171.34
2026-09-24,sz,000757,浩物股份,4.34,4.33,4.34,4.26,4.3,9015400,38773891.0
2026-09-24,sz,000758,中色股份,5.99,5.94,5.96,5.8,5.8,22221626,130168057.82
2026-09-24,sz,000759,中百集团,6.52,6.62,6.71,6.37,6.39,65238600,422594735.0
2026-09-24,sz,000761,本钢板材,2.22,2.21,2.23,2.18,2.21,17726034,38921582.79
2026-09-24,sz,000762,西藏矿业,21.44,21.2,21.35,20.92,20.95,6472280,136453907.2
2026-09-24,sz,000766,通化金马,15.43,15.3,15.53,15.16,15.19,9420400,143906885.0
2026-09-24,sz,000767,晋控电力,3.3,3.29,3.32,3.26,3.29,42494894,140134457.97
2026-09-24,sz,000768,中航西飞,22.71,22.63,22.77,22.06,22.1,18065061,402871327.12
2026-09-24,sz,000776,广发证券,20.83,20.74,20.74,20.26,20.37,37958398,776173108.86
2026-09-24,sz,000777,中核科技,16.47,16.53,16.56,16.37,16.37,2208800,36292256.0
2026-09-24,sz,000778,新兴铸管,3.59,3.58,3.6,3.56,3.57,23709778,84784791.46
2026-09-24,sz,000779,甘咨询,8.69,8.66,8.79,8.55,8.58,19897645,171581680.02
2026-09-24,sz,000782,恒申新材,8.33,8.33,8.4,8.16,8.21,10714400,88635172.0
2026-09-24,sz,000783,长江证券,8.46,8.41,8.44,8.28,8.28,50279721,418789313.86
2026-09-24,sz,000785,居然智家,2.26,2.25,2.41,2.21,2.3,116405848,266796003.51
2026-09-24,sz,000786,北新建材,16.05,16.0,16.11,15.81,15.91,15136273,241022646.48
2026-09-24,sz,000788,北大医药,5.41,5.41,5.47,5.34,5.38,8467900,45713109.0
2026-09-24,sz,000789,万年青,4.18,4.15,4.19,4.07,4.11,6865002,28278155.72
2026-09-24,sz,000790,华神科技,4.25,4.23,4.68,4.19,4.68,33701615,154808990.5
2026-09-24,sz,000791,甘肃能源,7.13,7.13,7.15,7.04,7.05,12961804,91737154.84
2026-09-24,sz,000792,盐湖股份,24.48,24.4,24.43,23.7,23.7,50140201,1200572281.21
2026-09-24,sz,000793,ST华闻,2.05,2.05,2.06,2.03,2.03,7572927,15464540.82
2026-09-24,sz,000795,英洛华,8.32,8.34,8.79,8.2,8.52,22149479,187847376.83
2026-09-24,sz,000796,凯撒旅业,3.7,3.68,3.68,3.56,3.59,39855833,143603194.48
2026-09-24,sz,000797,中国武夷,2.68,2.66,2.81,2.58,2.78,80285072,215498234.2
2026-09-24,sz,000798,中水渔业,10.09,10.07,10.17,9.92,9.98,13347000,133575151.0
2026-09-24,sz,000799,酒鬼酒,37.68,37.25,37.51,36.66,36.66,4205558,155469120.72
2026-09-24,sz,000800,一汽解放,5.93,5.92,5.98,5.85,5.86,11251322,66300365.59
2026-09-24,sz,000801,四川九洲,11.87,11.9,12.04,11.81,11.85,6264100,74612948.0
2026-09-24,sz,000802,北京文化,3.89,3.92,4.03,3.86,3.91,68602083,268997166.73
2026-09-24,sz,000803,山高环能,7.09,7.17,7.3,7.08,7.17,10937152,78423126.36
2026-09-24,sz,000807,云铝股份,26.58,26.51,26.64,25.96,26.03,50361477,1317793611.75
2026-09-24,sz,000809,和展能源,3.35,3.36,3.68,3.32,3.46,42759433,149524457.05
2026-09-24,sz,000810,创维数字,9.51,9.45,9.54,9.33,9.35,9947400,93550897.0
2026-09-24,sz,000811,冰轮环境,39.83,39.82,40.77,39.16,39.45,36818815,1466402724.28
2026-09-24,sz,000812,陕西金叶,3.67,3.72,3.87,3.68,3.73,23659600,88412406.15
2026-09-24,sz,000813,德展健康,3.23,3.23,3.27,3.18,3.2,19040575,61213076.75
2026-09-24,sz,000815,美利云,15.82,15.6,15.72,15.26,15.27,27758759,428068700.83
2026-09-24,sz,000816,智慧农业,2.88,2.88,2.88,2.81,2.86,39077600,111210673.0
2026-09-24,sz,000818,航锦科技,12.01,12.01,12.01,11.81,11.86,7903809,93894752.73
2026-09-24,sz,000819,岳阳兴长,12.28,12.25,12.34,12.05,12.05,2375097,28884105.97
2026-09-24,sz,000820,神雾节能,3.58,3.59,3.62,3.53,3.58,10831168,38671909.76
2026-09-24,sz,000821,ST京机,7.57,7.58,7.58,7.39,7.45,4849530,36229397.3
2026-09-24,sz,000822,山东海化,4.21,4.2,4.25,4.18,4.22,6366062,26881851.64
2026-09-24,sz,000823,超声电子,27.2,26.1,26.62,24.48,24.48,129378250,3267359876.21
2026-09-24,sz,000825,太钢不锈,3.38,3.38,3.39,3.33,3.34,28501434,95561801.59
2026-09-24,sz,000826,*ST启环,1.84,1.75,1.83,1.75,1.78,19687677,35233158.64
2026-09-24,sz,000828,东莞控股,10.11,10.11,10.13,9.98,10.04,3564700,35816860.0
2026-09-24,sz,000829,天音控股,9.06,9.05,9.45,8.93,9.32,41466795,382731328.09
2026-09-24,sz,000830,鲁西化工,11.85,11.85,11.88,11.55,11.57,20110745,234281271.77
2026-09-24,sz,000831,中国稀土,53.63,53.33,54.0,52.8,53.9,16835113,899017519.16
2026-09-24,sz,000833,粤桂股份,19.3,19.4,19.48,19.03,19.05,13120220,251875771.0
2026-09-24,sz,000837,秦川机床,9.66,9.65,9.76,9.6,9.61,6952179,67352309.01
2026-09-24,sz,000838,*ST发展,2.39,2.37,2.39,2.27,2.31,39061800,90071914.0
2026-09-24,sz,000839,国安股份,2.82,2.82,2.87,2.79,2.83,75421748,213255714.84
2026-09-24,sz,000848,承德露露,8.26,8.26,8.29,8.02,8.06,14383217,117086579.92
2026-09-24,sz,000850,华茂股份,4.65,5.12,5.12,5.12,5.12,13699436,70141112.32
2026-09-24,sz,000852,石化机械,5.38,5.37,5.41,5.3,5.32,11346525,60743338.34
2026-09-24,sz,000856,冀东装备,8.8,8.81,8.9,8.66,8.81,2810300,24770763.0
2026-09-24,sz,000858,五 粮 液,70.34,70.1,70.26,69.58,69.67,13178634,919684327.16
2026-09-24,sz,000859,国风新材,9.35,9.23,9.47,9.02,9.02,33183835,304022836.27
2026-09-24,sz,000860,顺鑫农业,10.44,10.4,10.48,10.05,10.09,12486561,127265833.25
2026-09-24,sz,000862,银星能源,5.26,5.28,5.3,5.19,5.23,8887940,46623618.0
2026-09-24,sz,000863,三湘印象,4.45,4.44,4.62,4.33,4.52,31758243,141377434.99
2026-09-24,sz,000868,安凯客车,4.13,4.06,4.1,3.97,3.99,68492891,275403242.2
2026-09-24,sz,000869,张 裕Ａ,17.39,17.39,17.57,16.9,16.94,3259400,55900503.0
2026-09-24,sz,000875,电投绿能,4.72,4.73,4.73,4.6,4.62,29354717,136606679.55
2026-09-24,sz,000876,新 希 望,7.03,7.0,7.04,6.91,6.92,27671297,192423404.21
2026-09-24,sz,000877,天山股份,3.94,3.86,3.87,3.74,3.77,60471312,229552062.77
2026-09-24,sz,000878,云南铜业,17.28,17.06,17.09,16.35,16.36,45386115,754483908.16
2026-09-24,sz,000880,潍柴重机,25.29,25.19,25.56,24.87,25.19,12596715,317409179.39
2026-09-24,sz,000881,中广核技,6.55,6.54,6.57,6.45,6.48,5047791,32791233.05
2026-09-24,sz,000882,华联股份,1.54,1.53,1.56,1.48,1.5,79174284,119643289.16
2026-09-24,sz,000883,湖北能源,4.36,4.36,4.37,4.32,4.34,17971900,78031024.35
2026-09-24,sz,000885,城发环境,11.79,11.76,11.81,11.63,11.63,1743300,20407600.6
2026-09-24,sz,000886,海南高速,4.66,4.65,4.67,4.57,4.61,9757500,44957779.0
2026-09-24,sz,000887,中鼎股份,19.8,19.71,19.87,19.33,19.38,16495150,322445257.06
2026-09-24,sz,000888,峨眉山Ａ,9.34,9.32,9.36,9.21,9.22,4973498,46040706.56
2026-09-24,sz,000889,中嘉博创,3.74,3.71,3.77,3.69,3.7,21288889,79018364.3
2026-09-24,sz,000890,法尔胜,7.42,7.4,7.45,7.3,7.35,17007334,125249287.88
2026-09-24,sz,000892,欢瑞世纪,4.55,4.45,4.59,4.41,4.51,64253698,287393854.96
2026-09-24,sz,000893,亚钾国际,38.98,38.84,38.95,37.15,37.18,15553123,588595245.39
2026-09-24,sz,000895,双汇发展,23.33,23.3,23.4,23.18,23.18,5326816,123839761.45
2026-09-24,sz,000897,津滨发展,1.9,1.91,1.93,1.85,1.88,37483971,70623263.26
2026-09-24,sz,000898,鞍钢股份,2.01,2.01,2.02,1.98,1.99,39329186,78360095.78
2026-09-24,sz,000899,赣能股份,9.1,9.1,9.12,8.92,8.98,8341136,75234167.75
2026-09-24,sz,000900,现代投资,3.56,3.56,3.59,3.54,3.55,8082260,28781367.55
2026-09-24,sz,000901,航天科技,14.05,14.02,14.38,13.97,14.06,12484100,177002568.0
2026-09-24,sz,000902,新洋丰,13.81,13.78,13.88,13.68,13.71,3342848,45947195.7
2026-09-24,sz,000903,ST云动,1.97,1.98,2.0,1.96,1.96,10920900,21535040.0
2026-09-24,sz,000905,厦门港务,8.92,8.96,9.81,8.79,9.81,41768871,389999404.77
2026-09-24,sz,000906,浙商中拓,6.14,6.15,6.18,6.09,6.18,7558200,46412220.0
2026-09-24,sz,000908,石药景峰,6.02,6.0,6.21,5.98,6.05,17237376,104764699.72
2026-09-24,sz,000909,*ST数源,5.46,5.45,5.54,5.27,5.32,4006700,21526576.0
2026-09-24,sz,000910,大亚圣象,7.58,8.34,8.34,7.43,7.6,104530815,840876506.15
2026-09-24,sz,000911,*ST广糖,5.16,5.17,5.29,5.08,5.11,5829100,30091286.0
2026-09-24,sz,000912,泸天化,4.0,4.0,4.03,3.9,3.93,28568894,112902070.48
2026-09-24,sz,000913,钱江摩托,10.66,10.61,10.72,10.54,10.54,2226600,23588360.0
2026-09-24,sz,000915,华特达因,24.22,24.22,24.36,23.91,23.97,1947400,46964447.74
2026-09-24,sz,000917,电广传媒,6.93,6.92,7.01,6.82,6.84,14493675,99941019.8
2026-09-24,sz,000919,金陵药业,6.49,6.49,6.55,6.41,6.42,7149900,46170827.0
2026-09-24,sz,000920,沃顿科技,12.41,12.42,13.1,12.36,12.71,31429179,401178261.16
2026-09-24,sz,000921,海信家电,26.47,26.47,26.95,26.2,26.36,4856600,129259707.76
2026-09-24,sz,000922,佳电股份,12.32,12.32,12.35,12.15,12.17,5295904,64907515.56
2026-09-24,sz,000923,河钢资源,16.36,16.24,16.25,15.74,15.75,9957266,158816421.89
2026-09-24,sz,000925,众合科技,8.02,8.02,8.09,7.92,7.93,11872240,94758375.0
2026-09-24,sz,000926,福星股份,2.19,2.16,2.19,2.09,2.12,44137740,93842781.2
2026-09-24,sz,000927,中国铁物,2.44,2.44,2.47,2.41,2.43,37171900,90671824.0
2026-09-24,sz,000928,中钢国际,5.36,5.32,5.36,5.27,5.29,10413367,55243696.55
2026-09-24,sz,000929,兰州黄河,9.2,9.0,9.34,9.0,9.17,3890700,35759226.0
2026-09-24,sz,000930,中粮科技,5.42,5.4,5.46,5.22,5.26,48425993,256517882.69
2026-09-24,sz,000931,中 关 村,4.57,4.58,4.61,4.51,4.52,11256309,51180315.68
2026-09-24,sz,000932,华菱钢铁,3.54,3.51,3.53,3.43,3.45,84087630,291977186.8
2026-09-24,sz,000933,神火股份,26.12,26.01,26.5,25.63,25.72,29698516,771650355.19
2026-09-24,sz,000935,四川双马,20.6,20.53,20.54,19.9,19.99,4153385,83757533.6
2026-09-24,sz,000936,华西股份,5.54,5.52,5.59,5.43,5.45,12841460,70543317.0
2026-09-24,sz,000937,冀中能源,4.39,4.37,4.44,4.37,4.42,33280149,146703171.7
2026-09-24,sz,000938,紫光股份,33.66,33.58,34.05,33.38,33.4,91457204,3084576844.61
2026-09-24,sz,000948,南天信息,13.38,13.37,13.4,13.11,13.11,4612000,60831721.0
2026-09-24,sz,000949,新乡化纤,6.94,6.93,6.98,6.85,6.86,22556000,155715017.0
2026-09-24,sz,000950,重药控股,5.22,5.22,5.27,5.16,5.19,12941282,67359883.58
2026-09-24,sz,000951,中国重汽,20.26,20.15,20.16,19.73,19.9,9651024,191834796.69
2026-09-24,sz,000952,广济药业,6.56,6.55,6.65,6.45,6.48,4767111,31111811.59
2026-09-24,sz,000953,中哲精化,6.08,6.07,6.13,6.0,6.02,4112500,24864982.0
2026-09-24,sz,000955,欣龙控股,3.96,3.96,4.06,3.94,4.03,11475505,46164068.15
2026-09-24,sz,000957,中通客车,9.85,9.79,9.89,9.64,9.68,9182138,89369549.88
2026-09-24,sz,000958,电投产融,5.03,5.05,5.06,5.01,5.03,7217000,36287385.0
2026-09-24,sz,000959,首钢股份,3.47,3.46,3.48,3.39,3.42,22315540,76331865.2
2026-09-24,sz,000960,锡业股份,33.28,32.83,33.05,31.52,31.61,30065525,963141196.38
2026-09-24,sz,000962,东方钽业,61.04,60.7,61.04,58.32,58.52,13613252,802897238.27
2026-09-24,sz,000963,华东医药,26.5,26.43,26.54,26.05,26.06,9250529,242328655.48
2026-09-24,sz,000965,天保基建,3.37,3.35,3.39,3.27,3.31,19507500,64628021.0
2026-09-24,sz,000966,长源电力,3.9,3.89,3.93,3.86,3.9,23812870,92876675.0
2026-09-24,sz,000967,盈峰环境,8.1,8.08,8.32,8.01,8.15,63765545,520509411.51
2026-09-24,sz,000968,蓝焰控股,6.85,6.88,6.95,6.81,6.85,12195588,83816808.97
2026-09-24,sz,000969,安泰科技,17.42,17.38,17.4,16.86,16.86,18382000,313543738.04
2026-09-24,sz,000970,中科三环,11.57,11.57,11.61,11.36,11.38,12375129,141737100.57
2026-09-24,sz,000972,中基健康,4.07,4.05,4.09,3.95,3.96,13108500,52378934.0
2026-09-24,sz,000973,佛塑科技,11.76,11.77,11.88,11.6,11.6,16093805,188570484.54
2026-09-24,sz,000975,山金国际,24.28,23.8,24.09,22.94,23.17,48262204,1126914325.49
2026-09-24,sz,000977,浪潮信息,71.27,70.85,71.38,69.9,69.9,29380727,2067843853.27
2026-09-24,sz,000978,桂林旅游,8.79,8.47,8.47,7.91,7.91,74518000,597634389.1
2026-09-24,sz,000980,众泰汽车,2.2,2.1,2.12,2.01,2.04,360166145,743521139.12
2026-09-24,sz,000981,山子高科,2.81,2.76,2.82,2.73,2.74,408847327,1128608341.96
2026-09-24,sz,000983,山西焦煤,6.49,6.49,6.58,6.44,6.53,49398380,321788117.14
2026-09-24,sz,000985,大庆华科,17.33,17.41,17.5,17.02,17.23,1395300,24035440.0
2026-09-24,sz,000987,越秀资本,7.41,7.42,7.43,7.25,7.26,17639918,128931078.22
2026-09-24,sz,000988,华工科技,106.06,105.42,105.63,102.75,102.9,26160102,2718936006.72
2026-09-24,sz,000989,九芝堂,8.67,8.61,8.73,8.5,8.52,11456300,98152360.0
2026-09-24,sz,000990,诚志股份,6.44,6.43,6.47,6.33,6.34,23394912,149330284.16
2026-09-24,sz,000993,闽东电力,18.82,18.0,19.8,17.59,19.32,104589568,1937310437.6
2026-09-24,sz,000995,皇台酒业,11.81,11.81,11.95,11.4,11.44,20320900,236072892.0
2026-09-24,sz,000997,新 大 陆,19.7,19.53,19.78,19.4,19.53,9016900,176849455.4
2026-09-24,sz,000998,隆平高科,8.89,8.9,8.98,8.67,8.68,19858678,174449370.04
2026-09-24,sz,000999,华润三九,23.76,23.7,23.81,23.35,23.39,7231186,170082874.16
2026-09-24,sz,001201,东瑞股份,16.02,15.93,16.0,14.51,14.66,15420712,231727497.24
2026-09-24,sz,001202,炬申股份,15.04,15.13,15.13,14.81,15.08,1318750,19756303.74
2026-09-24,sz,001203,大中矿业,23.58,23.35,23.66,23.11,23.11,8710282,203413807.58
2026-09-24,sz,001205,盛航股份,14.52,14.55,14.7,14.5,14.61,2052300,29955400.0
2026-09-24,sz,001206,依依股份,17.04,17.09,17.31,16.96,17.0,2385716,40809983.23
2026-09-24,sz,001207,联科科技,18.21,18.06,18.81,18.01,18.55,6669332,123865273.8
2026-09-24,sz,001208,华菱线缆,13.48,13.43,13.92,13.38,13.62,10929200,149543817.46
2026-09-24,sz,001209,洪兴股份,19.08,19.0,19.63,18.97,19.0,4010580,77056329.6
2026-09-24,sz,001210,金房能源,29.1,28.99,29.36,28.62,28.77,3247650,93951105.73
2026-09-24,sz,001211,双枪科技,26.06,25.88,26.55,25.52,25.68,4511740,116860706.86
2026-09-24,sz,001212,中旗新材,38.83,38.66,39.48,37.83,38.27,7974635,307345885.5
2026-09-24,sz,001213,中铁特货,3.48,3.49,3.51,3.47,3.49,4158800,14512928.0
2026-09-24,sz,001215,千味央厨,33.71,33.61,34.29,32.88,33.36,2509421,83648861.57
2026-09-24,sz,001216,华瓷股份,28.31,28.05,29.5,27.8,28.4,42857961,1222641481.18
2026-09-24,sz,001217,华尔泰,11.0,10.93,11.14,10.93,11.03,3461100,38209969.0
2026-09-24,sz,001218,丽臣实业,24.18,24.11,24.21,23.8,23.8,1181100,28297967.0
2026-09-24,sz,001219,青岛食品,12.75,12.71,12.81,12.6,12.72,1623700,20614799.35
2026-09-24,sz,001220,世盟股份,31.95,31.98,32.25,31.7,31.78,612346,19578920.21
2026-09-24,sz,001221,悍高集团,35.8,35.55,35.62,34.86,34.86,1762724,61998103.84
2026-09-24,sz,001222,源飞宠物,15.75,15.65,15.96,15.56,15.62,3157000,49795082.0
2026-09-24,sz,001223,欧克科技,44.56,44.26,44.37,42.89,43.05,1596316,69412299.6
2026-09-24,sz,001225,和泰机电,37.03,36.66,37.07,34.51,34.6,1988220,70135597.4
2026-09-24,sz,001226,拓山重工,46.5,46.22,47.44,45.45,46.69,1050300,48809564.0
2026-09-24,sz,001227,兰州银行,2.1,2.1,2.11,2.07,2.07,73470988,153453179.92
2026-09-24,sz,001228,永泰运,37.35,37.25,38.5,36.76,37.42,5221905,196025899.98
2026-09-24,sz,001229,魅视科技,39.15,38.74,39.97,38.66,38.68,2870540,112538066.0
2026-09-24,sz,001230,劲旅环境,19.35,19.22,21.2,19.03,20.31,8545884,172022634.92
2026-09-24,sz,001231,农心科技,22.77,22.78,22.96,22.46,22.75,1076500,24456376.7
2026-09-24,sz,001232,嘉立创,205.85,207.88,209.58,199.0,199.48,4294472,878382630.82
2026-09-24,sz,001233,海安集团,46.01,46.0,46.29,45.3,45.35,1617626,73982149.21
2026-09-24,sz,001234,泰慕士,32.18,35.4,35.4,35.4,35.4,2272162,80434534.8
2026-09-24,sz,001236,弘业期货,7.79,7.76,7.82,7.68,7.77,6866400,53165071.0
2026-09-24,sz,001237,惠康科技,51.02,50.96,51.16,50.56,50.56,739185,37547617.66
2026-09-24,sz,001238,浙江正特,26.42,26.42,26.65,26.08,26.16,930440,24474227.6
2026-09-24,sz,001239,永达股份,12.08,12.14,13.08,12.08,12.43,6532026,81884079.15
2026-09-24,sz,001248,华润新能,11.81,11.8,11.85,11.69,11.69,26227786,308321943.34
2026-09-24,sz,001255,博菲电气,27.0,26.86,27.4,26.86,27.2,898700,24323034.0
2026-09-24,sz,001256,炜冈科技,22.21,22.18,22.29,21.82,21.89,1322400,29141445.0
2026-09-24,sz,001257,盛龙股份,22.84,22.71,22.75,22.07,22.24,6914513,154994059.51
2026-09-24,sz,001258,立新能源,10.62,10.72,10.72,10.41,10.44,45342736,474971509.84
2026-09-24,sz,001259,利仁科技,46.0,46.0,47.47,45.14,45.88,1200600,55524371.0
2026-09-24,sz,001260,坤泰股份,19.28,19.08,19.82,18.89,19.24,4528300,88005362.68
2026-09-24,sz,001266,宏英智能,37.62,37.25,38.08,35.6,35.6,7077959,256901232.0
2026-09-24,sz,001267,汇绿生态,37.81,37.6,38.16,36.68,36.75,19148656,713478706.54
2026-09-24,sz,001268,联合精密,27.17,27.61,27.74,25.8,25.99,7719164,203682507.2
2026-09-24,sz,001269,欧晶科技,19.49,19.38,19.65,19.25,19.35,1586360,30828999.8
2026-09-24,sz,001270,铖昌科技,99.19,99.3,101.49,98.51,99.26,5510155,551411448.0
2026-09-24,sz,001277,速达股份,30.63,30.6,30.8,30.34,30.55,834337,25510984.69
2026-09-24,sz,001278,一彬科技,16.71,16.79,16.85,16.57,16.76,2362700,39480014.0
2026-09-24,sz,001279,强邦新材,26.43,26.45,26.68,26.4,26.4,406242,10771412.36
2026-09-24,sz,001280,中国铀业,62.92,62.57,62.57,61.2,61.36,3720366,229462844.36
2026-09-24,sz,001282,三联锻造,16.52,16.52,16.97,16.4,16.74,5069447,85065879.5
2026-09-24,sz,001283,豪鹏科技,47.57,47.4,47.69,46.2,46.3,2367040,110379613.9
2026-09-24,sz,001285,瑞立科密,42.78,42.72,43.08,42.52,42.59,637319,27289291.5
2026-09-24,sz,001286,陕西能源,9.43,9.44,9.47,9.38,9.43,11154458,105115840.32
2026-09-24,sz,001287,中电港,25.2,25.19,25.19,24.42,24.42,14168829,349505155.87
2026-09-24,sz,001288,运机集团,33.69,33.88,35.31,33.19,34.84,7979858,275406389.83
2026-09-24,sz,001289,龙源电力,14.99,14.94,15.03,14.9,14.95,1940541,29023756.75
2026-09-24,sz,001296,长江材料,20.62,20.43,20.75,19.95,19.99,3756800,76162723.0
2026-09-24,sz,001298,好上好,17.13,17.07,17.12,16.88,16.94,4711310,80000541.4
2026-09-24,sz,001299,美能能源,10.32,10.31,10.46,10.11,10.16,7100344,72762134.5
2026-09-24,sz,001300,三柏硕,12.42,12.43,12.55,12.26,12.39,3208300,39772516.0
2026-09-24,sz,001301,尚太科技,48.63,48.48,48.72,47.05,47.65,5165062,246797290.3
2026-09-24,sz,001306,夏厦精密,56.82,56.82,58.32,56.45,57.19,1218532,69899944.52
2026-09-24,sz,001308,康冠科技,18.25,18.19,18.32,18.13,18.14,1530568,27911416.42
2026-09-24,sz,001309,德明利,410.32,404.01,404.61,393.7,394.43,7710991,3068260222.16
2026-09-24,sz,001311,多利科技,17.14,17.04,17.48,17.01,17.14,3095304,53427446.59
2026-09-24,sz,001312,福恩股份,18.02,17.99,18.47,17.98,18.35,4252993,78058634.39
2026-09-24,sz,001313,粤海饲料,7.46,7.43,7.48,7.28,7.31,8269900,60599119.0
2026-09-24,sz,001314,亿道信息,56.02,55.86,56.37,54.52,54.67,2909771,161036055.45
2026-09-24,sz,001316,润贝航科,28.44,28.46,28.55,27.28,27.71,3504173,97056342.85
2026-09-24,sz,001317,三羊马,59.36,59.24,65.3,58.59,65.3,12715064,793141125.2
2026-09-24,sz,001318,阳光乳业,11.7,11.66,11.76,11.61,11.63,1550500,18087400.0
2026-09-24,sz,001319,铭科精技,22.03,22.04,22.22,21.21,21.33,2169400,46931853.0
2026-09-24,sz,001322,箭牌家居,6.71,6.62,6.72,6.47,6.51,15308047,100753420.03
2026-09-24,sz,001323,慕思股份,17.98,18.0,18.28,17.64,17.66,1224819,21870849.77
2026-09-24,sz,001324,长青科技,21.18,21.18,21.28,20.61,20.67,3286914,68258367.68
2026-09-24,sz,001325,元创股份,36.9,37.01,37.07,36.5,36.57,553475,20341986.75
2026-09-24,sz,001326,联域股份,107.0,110.74,112.77,106.04,110.15,4764670,524239172.0
2026-09-24,sz,001328,登康口腔,29.76,29.91,31.13,29.7,30.32,1714617,52442180.87
2026-09-24,sz,001330,博纳影业,5.75,5.55,5.99,5.55,5.78,155241474,906490598.91
2026-09-24,sz,001331,胜通能源,42.78,42.5,42.78,40.4,40.89,8138182,335475109.32
2026-09-24,sz,001332,锡装股份,27.49,27.22,27.95,27.18,27.19,2937560,80670482.6
2026-09-24,sz,001333,光华股份,20.6,20.53,20.88,20.2,20.23,2004209,41051283.5
2026-09-24,sz,001335,信凯科技,33.67,33.66,34.06,33.38,33.63,824412,27827861.38
2026-09-24,sz,001336,楚环科技,19.44,19.44,19.46,19.18,19.19,1109400,21414999.2
2026-09-24,sz,001337,四川黄金,48.73,48.0,48.0,46.7,46.71,7006600,330797850.0
2026-09-24,sz,001338,永顺泰,9.18,9.09,9.24,8.98,9.1,8006023,72790129.34
2026-09-24,sz,001339,智微智能,79.7,79.89,79.89,76.01,76.18,4440026,343505567.84
2026-09-24,sz,001356,富岭股份,9.46,9.45,9.65,9.45,9.5,4970356,47457397.17
2026-09-24,sz,001358,兴欣新材,24.73,24.68,27.08,24.59,25.48,5174862,134723638.41
2026-09-24,sz,001359,平安电工,92.15,91.78,91.78,87.61,87.89,2143027,190395904.21
2026-09-24,sz,001360,南矿集团,20.25,20.33,20.33,19.59,19.79,4680200,92833517.0
2026-09-24,sz,001365,天海电子,36.5,36.26,36.65,36.07,36.1,4412604,160629747.68
2026-09-24,sz,001366,播恩集团,13.09,13.0,13.18,12.94,13.05,3967300,51730267.0
2026-09-24,sz,001367,海森药业,22.05,21.9,22.04,21.36,21.5,2196726,47590244.09
2026-09-24,sz,001368,通达创智,37.53,37.52,39.78,35.9,38.0,9605845,368731421.06
2026-09-24,sz,001369,双欣材料,12.45,12.4,12.45,12.28,12.3,4474732,55236204.0
2026-09-24,sz,001373,翔腾新材,31.39,31.24,32.79,30.82,32.3,3661444,117950822.27
2026-09-24,sz,001376,百通能源,12.42,12.42,13.33,12.3,13.12,42848629,555381600.73
2026-09-24,sz,001378,德冠新材,23.48,23.36,23.66,22.96,23.17,5884383,136964590.47
2026-09-24,sz,001379,腾达科技,15.83,15.8,16.07,15.73,15.76,1206600,19159972.0
2026-09-24,sz,001380,华纬科技,18.82,18.93,19.62,18.76,19.13,4112768,78939369.83
2026-09-24,sz,001382,新亚电缆,16.42,16.41,16.49,16.35,16.41,843166,13835665.76
2026-09-24,sz,001386,马可波罗,16.38,16.34,16.44,16.1,16.1,2114236,34360320.47
2026-09-24,sz,001387,雪祺电气,12.25,12.24,12.38,12.07,12.18,3455013,42234239.2
2026-09-24,sz,001388,信通电子,20.38,19.95,19.95,19.41,19.59,4480391,87876481.94
2026-09-24,sz,001389,广合科技,192.25,188.87,191.0,178.0,181.16,12238992,2233435554.15
2026-09-24,sz,001390,古麒绒材,17.76,17.72,18.15,17.66,17.78,4021093,72288788.16
2026-09-24,sz,001391,国货航,3.85,3.84,3.85,3.81,3.83,18938428,72560025.96
2026-09-24,sz,001393,维通利,43.41,42.82,43.0,42.04,42.04,2186809,92870658.16
2026-09-24,sz,001395,亚联机械,30.95,30.89,31.18,30.48,30.55,1728220,53184903.4
2026-09-24,sz,001396,誉帆科技,32.76,32.6,32.83,32.11,32.17,583210,18890623.06
2026-09-24,sz,001399,惠科股份,23.77,23.47,23.59,22.94,22.98,24986362,579079146.66
2026-09-24,sz,001400,江顺科技,78.38,77.68,83.46,77.68,80.21,3274546,265249885.2
2026-09-24,sz,001696,宗申动力,16.42,16.12,16.4,15.63,15.64,40837491,653316294.33
2026-09-24,sz,001872,招商港口,22.81,22.78,23.32,22.77,23.26,2148957,49775474.25
2026-09-24,sz,001896,豫能控股,11.34,11.26,11.3,10.78,10.79,63741260,696757650.9
2026-09-24,sz,001914,招商积余,9.13,9.12,9.22,8.81,8.87,16370375,146716479.61
2026-09-24,sz,001965,招商公路,9.86,9.87,9.99,9.81,9.88,10117330,100364295.04
2026-09-24,sz,001979,招商蛇口,7.25,7.18,7.34,7.08,7.18,83995789,603307757.77
2026-09-24,sz,002001,新 和 成,26.34,26.4,26.4,25.7,25.7,19044450,493936785.5
2026-09-24,sz,002003,伟星股份,11.25,11.21,11.67,11.16,11.58,14881700,171824550.0
2026-09-24,sz,002004,华邦健康,4.37,4.36,4.39,4.29,4.3,16988900,73491068.0
2026-09-24,sz,002005,德豪润达,2.66,2.65,2.82,2.64,2.8,48763503,134951509.31
2026-09-24,sz,002006,精工科技,13.49,13.49,13.76,13.43,13.56,5514312,74946702.72
2026-09-24,sz,002007,华兰生物,13.3,13.31,13.4,13.11,13.11,9245461,122125292.59
2026-09-24,sz,002008,大族激光,92.98,92.05,92.73,89.0,89.09,32461432,2926250122.22
2026-09-24,sz,002009,天奇股份,15.66,15.62,15.91,15.47,15.49,7723500,121141971.2
2026-09-24,sz,002010,传化智联,4.55,4.55,4.56,4.48,4.49,10337912,46635737.48
2026-09-24,sz,002011,盾安环境,14.33,14.25,14.46,13.79,14.08,37956089,531658607.03
2026-09-24,sz,002012,凯恩股份,7.1,7.1,7.18,6.97,7.05,8119200,57372181.0
2026-09-24,sz,002014,永新股份,10.9,10.93,11.02,10.83,10.96,1665720,18231173.2
2026-09-24,sz,002015,协鑫能科,15.27,15.26,15.3,14.9,14.96,42369971,639380825.24
2026-09-24,sz,002016,世荣兆业,4.77,4.77,4.8,4.61,4.67,8906100,41806286.0
2026-09-24,sz,002017,东信和平,14.46,14.46,14.5,14.18,14.2,11071300,157923239.0
2026-09-24,sz,002019,亿帆医药,9.55,9.54,9.58,9.34,9.36,5951900,56094565.0
2026-09-24,sz,002020,京新药业,11.68,11.63,11.7,11.21,11.25,15338500,174554513.0
2026-09-24,sz,002021,中捷资源,2.57,2.58,2.69,2.56,2.57,27144804,70829828.4
2026-09-24,sz,002022,科华生物,6.05,6.05,6.46,6.02,6.12,31542379,196575812.58
2026-09-24,sz,002023,海特高新,9.83,9.81,10.16,9.68,9.77,25736810,254453684.0
2026-09-24,sz,002024,ST易购,1.16,1.16,1.16,1.15,1.15,10884478,12564252.7
2026-09-24,sz,002025,航天电器,72.29,71.72,72.29,70.49,71.35,7012147,500532040.18
2026-09-24,sz,002026,山东威达,11.37,11.32,11.92,11.15,11.38,16692956,192960388.5
2026-09-24,sz,002027,分众传媒,4.75,4.73,4.78,4.66,4.66,96503184,453910014.6
2026-09-24,sz,002028,思源电气,128.56,128.27,129.68,125.17,125.22,10000707,1271965814.11
2026-09-24,sz,002029,七 匹 狼,8.42,8.48,9.26,8.42,9.26,62206777,565685531.83
2026-09-24,sz,002030,达安基因,5.6,5.56,5.79,5.55,5.67,29608700,168977502.92
2026-09-24,sz,002031,巨轮智能,5.27,5.21,5.48,5.18,5.35,124717433,667824755.37
2026-09-24,sz,002032,苏 泊 尔,39.1,39.11,39.41,38.96,39.23,1112100,43582791.0
2026-09-24,sz,002033,丽江股份,8.38,8.37,8.39,8.28,8.28,9532700,79197991.01
2026-09-24,sz,002034,旺能环境,14.4,14.4,14.47,14.12,14.15,3743345,53440610.45
2026-09-24,sz,002035,华帝股份,4.68,4.65,5.05,4.62,4.83,48100224,233516112.92
2026-09-24,sz,002036,联创电子,6.26,6.27,6.31,6.12,6.16,16485324,102357368.24
2026-09-24,sz,002037,保利联合,6.9,6.9,6.93,6.83,6.83,2891400,19843828.0
2026-09-24,sz,002038,双鹭药业,5.78,5.76,5.8,5.63,5.65,15933087,90601595.29
2026-09-24,sz,002039,黔源电力,19.03,19.04,19.16,18.88,18.94,3366173,64052321.23
2026-09-24,sz,002040,南 京 港,9.04,9.07,9.35,8.97,9.08,16224180,147479074.6
2026-09-24,sz,002041,登海种业,10.24,10.25,10.35,9.89,9.94,20030829,201375739.45
2026-09-24,sz,002042,华孚时尚,3.9,3.86,3.94,3.84,3.87,45886582,178049387.95
2026-09-24,sz,002043,兔 宝 宝,11.66,11.53,11.63,11.29,11.4,7380768,84267980.2
2026-09-24,sz,002044,美年健康,4.48,4.48,4.62,4.46,4.48,66279398,299731542.46
2026-09-24,sz,002045,国光电器,9.09,9.11,9.18,8.86,8.89,12550155,112818308.0
2026-09-24,sz,002046,国机精工,66.1,65.5,66.5,63.86,63.9,12870422,834117188.89
2026-09-24,sz,002047,宝鹰股份,3.24,3.22,3.26,3.18,3.19,17958200,57574676.0
2026-09-24,sz,002048,宁波华翔,18.45,18.37,18.95,18.28,18.36,9377834,174547835.83
2026-09-24,sz,002049,紫光国微,61.37,61.0,61.44,60.6,60.6,7420887,452303863.81
2026-09-24,sz,002050,三花智控,35.99,35.85,36.97,35.65,36.08,51240220,1868210314.37
2026-09-24,sz,002051,中工国际,9.13,9.0,9.05,8.77,8.87,31454441,278771168.09
2026-09-24,sz,002052,同洲电子,8.44,8.41,8.44,8.29,8.3,3538900,29497824.0
2026-09-24,sz,002053,云南能投,9.35,9.35,9.54,9.27,9.44,5299130,49895879.05
2026-09-24,sz,002054,德美化工,7.21,7.15,7.19,7.05,7.05,6374300,45297531.0
2026-09-24,sz,002055,ST得润,6.9,6.86,6.99,6.83,6.88,11949600,82570462.0
2026-09-24,sz,002056,横店东磁,20.41,20.33,20.46,20.03,20.04,12823664,258682264.28
2026-09-24,sz,002057,中钢天源,9.13,9.1,9.14,8.88,8.93,11317266,101656819.25
2026-09-24,sz,002058,紫竹高科,17.34,17.24,17.4,17.02,17.22,1670912,28770146.64
2026-09-24,sz,002059,云南旅游,4.55,4.5,4.5,4.36,4.39,56153100,247243248.0
2026-09-24,sz,002060,广东建工,3.04,3.04,3.05,3.0,3.02,13455400,40693641.0
2026-09-24,sz,002061,浙江交科,3.33,3.32,3.34,3.29,3.3,13119798,43437116.4
2026-09-24,sz,002062,宏润建设,9.58,9.55,9.68,9.48,9.61,11913060,114450482.8
2026-09-24,sz,002063,远光软件,5.29,5.3,5.32,5.21,5.22,16241600,85292416.0
2026-09-24,sz,002064,华峰化学,9.83,9.87,9.88,9.59,9.61,26043709,252607994.53
2026-09-24,sz,002065,东华软件,6.66,6.66,6.68,6.55,6.56,22125463,145784629.18
2026-09-24,sz,002066,瑞泰科技,20.25,20.3,20.33,19.93,19.93,1798706,35973313.12
2026-09-24,sz,002067,景兴纸业,4.02,4.01,4.07,3.98,4.0,18789116,75574878.84
2026-09-24,sz,002068,黑猫股份,9.86,9.8,10.29,9.53,9.84,42014666,417420377.99
2026-09-24,sz,002069,獐子岛,3.68,3.66,3.7,3.64,3.67,9714001,35633349.59
2026-09-24,sz,002072,凯瑞德,7.33,7.3,7.48,7.27,7.36,9623600,71048560.0
2026-09-24,sz,002073,软控股份,5.67,5.67,5.72,5.64,5.67,6861099,38985642.35
2026-09-24,sz,002074,国轩高科,27.28,27.15,27.35,26.73,26.76,19248737,518975809.56
2026-09-24,sz,002075,沙钢股份,3.53,3.52,3.53,3.46,3.47,19778205,68910485.35
2026-09-24,sz,002076,星光股份,2.11,2.09,2.13,2.09,2.11,14780412,31134560.2
2026-09-24,sz,002077,大港股份,14.19,13.91,15.03,13.76,14.67,70044618,1020262076.42
2026-09-24,sz,002078,太阳纸业,13.74,13.68,13.76,13.51,13.54,13435277,182719615.42
2026-09-24,sz,002079,苏州固锝,9.08,9.08,9.13,8.92,8.94,16163429,145538835.97
2026-09-24,sz,002080,中材科技,60.7,60.0,60.96,57.0,57.2,67355632,3939041359.77
2026-09-24,sz,002081,金 螳 螂,5.32,5.04,5.24,4.93,4.97,286604259,1447127927.74
2026-09-24,sz,002082,ST万邦,11.37,11.56,12.51,11.48,12.0,31018280,377794641.0
2026-09-24,sz,002083,孚日股份,9.58,9.52,9.7,9.45,9.48,16007500,152715762.0
2026-09-24,sz,002084,海鸥住工,6.47,6.55,6.89,6.23,6.44,107370997,698275040.08
2026-09-24,sz,002085,万丰奥威,9.52,9.5,9.69,9.43,9.44,23086721,220167461.11
2026-09-24,sz,002086,东方海洋,2.05,2.05,2.09,2.02,2.04,38449500,78819964.0
2026-09-24,sz,002088,鲁阳节能,8.18,8.17,8.2,8.02,8.05,1548718,12497501.34
2026-09-24,sz,002090,金智科技,9.05,9.05,9.11,8.97,9.02,3757193,33917978.93
2026-09-24,sz,002091,江苏国泰,7.53,7.53,7.56,7.46,7.51,5491370,41232283.3
2026-09-24,sz,002092,中泰化学,4.41,4.41,4.42,4.32,4.35,26108900,113818552.0
2026-09-24,sz,002093,国脉科技,7.58,7.51,7.87,7.46,7.77,41073646,315291929.65
2026-09-24,sz,002094,青岛金王,5.13,5.13,5.19,5.05,5.07,15763945,80342149.05
2026-09-24,sz,002095,生 意 宝,15.7,16.19,16.8,15.73,16.03,13470189,217161794.6
2026-09-24,sz,002096,易普力,9.34,9.36,9.36,9.03,9.03,4815500,44041467.0
2026-09-24,sz,002097,山河智能,6.99,6.99,7.0,6.88,6.89,11333654,78504369.06
2026-09-24,sz,002098,浔兴股份,8.18,8.12,8.49,8.11,8.41,8319490,69551493.2
2026-09-24,sz,002099,海翔药业,5.94,5.84,5.93,5.74,5.82,28261585,164572320.5
2026-09-24,sz,002100,天康生物,7.74,7.7,7.74,7.54,7.58,12400200,94306556.0
2026-09-24,sz,002101,广东鸿图,8.63,8.63,8.72,8.54,8.54,3083800,26591198.0
2026-09-24,sz,002102,ST能特,2.71,2.7,2.71,2.65,2.65,8230418,21962304.7
2026-09-24,sz,002103,广博股份,6.74,6.72,6.79,6.66,6.69,6097502,40887382.5
2026-09-24,sz,002104,恒宝股份,10.93,10.85,10.9,10.52,10.54,39652606,421371357.48
2026-09-24,sz,002105,信隆健康,6.11,6.1,6.17,6.01,6.06,5127900,31163164.0
2026-09-24,sz,002106,莱宝高科,13.9,13.76,13.76,12.51,12.51,54534591,715305553.92
2026-09-24,sz,002107,沃华医药,7.21,7.24,7.38,7.12,7.17,15174980,109542151.0
2026-09-24,sz,002108,沧州明珠,4.36,4.35,4.38,4.34,4.36,6953963,30283507.95
2026-09-24,sz,002109,ST兴化,2.77,2.76,2.79,2.75,2.77,2154200,5968126.0
2026-09-24,sz,002110,三钢闽光,2.88,2.85,2.89,2.81,2.87,34133202,96988756.64
2026-09-24,sz,002111,威海广泰,9.39,9.36,9.43,9.28,9.35,4661944,43574544.96
2026-09-24,sz,002112,三变科技,14.13,14.15,14.26,14.07,14.1,5996986,84876749.48
2026-09-24,sz,002114,罗平锌电,7.24,7.2,7.27,7.14,7.19,5107500,36757369.0
2026-09-24,sz,002115,三维通信,10.0,10.1,10.42,10.1,10.16,56290340,577552096.01
2026-09-24,sz,002116,中国海诚,7.15,7.13,7.19,7.1,7.11,2018560,14416001.0
2026-09-24,sz,002117,东港股份,7.99,7.98,8.04,7.9,7.94,5402200,43099984.0
2026-09-24,sz,002119,康强电子,26.92,28.52,29.61,28.01,29.61,115794983,3358508145.82
2026-09-24,sz,002120,韵达股份,6.88,6.86,6.88,6.78,6.83,21574716,147420086.44
2026-09-24,sz,002121,科陆电子,4.41,4.33,4.34,4.18,4.19,40239589,170509291.54
2026-09-24,sz,002122,ST汇洲,2.74,2.73,2.76,2.72,2.73,5736200,15681329.0
2026-09-24,sz,002123,梦网科技,7.97,7.95,7.99,7.72,7.74,18255900,142879353.0
2026-09-24,sz,002124,天邦食品,2.04,2.02,2.11,2.0,2.07,118769822,242397697.97
2026-09-24,sz,002125,湘潭电化,12.14,12.12,12.28,12.0,12.02,8072384,98064590.0
2026-09-24,sz,002126,银轮股份,38.33,38.12,38.17,36.03,36.11,19191416,708525422.91
2026-09-24,sz,002127,南极电商,2.92,2.92,2.99,2.89,2.92,38007221,111590456.32
2026-09-24,sz,002128,电投能源,28.08,28.0,28.34,27.82,27.82,10979631,307734257.28
2026-09-24,sz,002129,TCL中环,9.61,9.6,9.65,9.33,9.35,65234145,619327491.27
2026-09-24,sz,002130,沃尔核材,16.57,16.56,16.57,16.08,16.09,23051302,374771191.74
2026-09-24,sz,002131,利欧股份,4.41,4.4,4.45,4.3,4.31,180515639,785618291.35
2026-09-24,sz,002132,恒星科技,4.15,4.16,4.18,4.08,4.09,27126516,112074899.72
2026-09-24,sz,002133,广宇集团,2.87,2.86,2.89,2.79,2.83,12336500,34938903.0
2026-09-24,sz,002134,天津普林,27.47,27.35,27.7,26.28,26.31,18270611,488562922.55
2026-09-24,sz,002135,东南网架,6.17,6.13,6.2,5.96,6.0,18505400,112015169.0
2026-09-24,sz,002136,安 纳 达,11.78,11.76,11.95,11.7,11.72,3376520,39855696.6
2026-09-24,sz,002137,实益达,8.27,8.29,8.29,7.98,7.98,26534100,214446953.0
2026-09-24,sz,002138,顺络电子,54.66,53.92,54.27,51.22,51.3,31884549,1668463585.03
2026-09-24,sz,002139,拓邦股份,9.63,9.63,9.73,9.59,9.6,7255967,69973943.22
2026-09-24,sz,002140,东华科技,9.4,9.36,9.41,9.2,9.22,4505600,41806875.0
2026-09-24,sz,002141,贤丰控股,7.1,7.16,7.17,6.73,6.76,144187920,985812223.8
2026-09-24,sz,002142,宁波银行,34.72,34.66,35.14,34.65,34.91,23775570,831415210.73
2026-09-24,sz,002144,宏达高科,10.84,10.78,10.99,10.75,10.9,2566885,27989093.65
2026-09-24,sz,002145,钛能化学,4.86,4.83,4.99,4.81,4.83,87880220,429984986.95
2026-09-24,sz,002146,荣盛发展,1.27,1.25,1.27,1.19,1.2,289076846,353967711.1
2026-09-24,sz,002148,北纬科技,6.37,6.31,6.42,6.27,6.27,9270545,58640566.85
2026-09-24,sz,002149,西部材料,32.91,32.84,33.95,32.6,32.93,21358017,710058945.41
2026-09-24,sz,002150,正泰电源,21.88,22.18,22.18,21.12,21.15,6232082,133501136.66
2026-09-24,sz,002151,北斗星通,29.84,30.0,30.0,29.1,29.12,17118606,503508649.84
2026-09-24,sz,002152,广电运通,9.18,9.17,9.19,9.02,9.03,14527100,132067629.0
2026-09-24,sz,002153,石基信息,7.66,7.63,7.67,7.45,7.46,15804800,118946195.0
2026-09-24,sz,002154,报 喜 鸟,3.82,3.82,3.87,3.8,3.84,20150049,77202689.67
2026-09-24,sz,002155,湖南黄金,24.82,24.44,24.5,23.68,23.69,41218258,989108205.18
2026-09-24,sz,002156,通富微电,62.8,62.49,62.8,61.0,61.02,46276300,2851632230.12
2026-09-24,sz,002157,正邦科技,2.96,2.96,2.96,2.91,2.92,108536661,317646224.51
2026-09-24,sz,002158,汉钟精机,28.28,28.06,28.25,27.37,27.4,5206456,143950107.04
2026-09-24,sz,002159,三特索道,13.46,13.37,13.58,13.33,13.46,2006300,27027221.0
2026-09-24,sz,002160,常铝股份,3.88,3.87,3.9,3.8,3.85,11644852,44926159.72
2026-09-24,sz,002161,远 望 谷,6.74,6.67,6.73,6.54,6.54,27079304,178651904.14
2026-09-24,sz,002162,悦心健康,4.15,4.12,4.21,4.08,4.11,16790900,69464589.0
2026-09-24,sz,002163,海南发展,7.6,7.63,7.72,7.44,7.56,31221529,236114352.09
2026-09-24,sz,002164,宁波东力,11.87,12.21,13.06,12.17,13.06,71645334,921657308.08
2026-09-24,sz,002165,红 宝 丽,7.01,6.99,7.07,6.83,6.89,43759705,302329091.92
2026-09-24,sz,002166,莱茵生物,6.75,6.75,6.8,6.63,6.68,6389900,42877141.0
2026-09-24,sz,002167,东方锆业,16.36,16.18,16.79,16.15,16.19,31142582,510378020.15
2026-09-24,sz,002168,ST惠程,3.58,3.58,3.61,3.58,3.59,1606320,5771550.6
2026-09-24,sz,002169,智光电气,13.88,13.84,13.9,13.42,13.44,22262880,303381974.37
2026-09-24,sz,002170,芭田股份,10.81,10.81,10.85,10.68,10.7,9199734,99064042.8
2026-09-24,sz,002171,楚江新材,10.65,10.51,10.64,10.25,10.25,44342053,459355289.46
2026-09-24,sz,002172,澳洋健康,5.35,5.32,5.66,5.25,5.42,189095716,1028721391.97
2026-09-24,sz,002173,创新医疗,18.06,18.18,18.55,17.65,17.66,20860829,376472477.75
2026-09-24,sz,002174,游族网络,14.33,14.25,14.33,13.87,14.01,35359171,495130271.4
2026-09-24,sz,002175,*ST东智,2.51,2.5,2.52,2.5,2.5,5539636,13890195.0
2026-09-24,sz,002176,江特电机,8.4,8.42,8.45,8.27,8.29,21065287,175890239.67
2026-09-24,sz,002177,御银股份,5.5,5.48,5.52,5.42,5.43,11169200,60922086.0
2026-09-24,sz,002178,延华智能,5.1,5.08,5.3,4.98,5.07,78707288,403352299.26
2026-09-24,sz,002179,中航光电,34.77,34.6,34.87,34.22,34.24,12326220,424816691.0
2026-09-24,sz,002180,奔图科技,17.13,17.04,17.11,16.47,16.66,12057131,201308472.26
2026-09-24,sz,002181,粤 传 媒,9.12,9.12,10.03,9.11,9.58,137237068,1344885940.83
2026-09-24,sz,002182,宝武镁业,11.66,11.57,11.73,11.37,11.39,7235693,83431688.04
2026-09-24,sz,002183,怡 亚 通,4.3,4.29,4.33,4.19,4.2,47847265,202576363.65
2026-09-24,sz,002184,海得控制,9.93,9.87,10.05,9.87,9.93,2811670,27991231.77
2026-09-24,sz,002185,华天科技,18.37,18.03,18.17,17.58,17.58,219584614,3900611299.54
2026-09-24,sz,002186,全 聚 德,9.51,9.51,9.55,9.35,9.39,2318800,21828916.88
2026-09-24,sz,002187,广百股份,5.49,5.49,5.54,5.4,5.44,8418400,45905293.0
2026-09-24,sz,002188,中天服务,5.71,5.63,5.69,5.5,5.59,13189200,73993618.0
2026-09-24,sz,002189,中光学,19.21,19.21,19.3,19.02,19.06,1400900,26818819.44
2026-09-24,sz,002190,成飞集成,23.75,23.61,23.79,23.4,23.46,3026355,71276354.15
2026-09-24,sz,002191,劲嘉股份,3.62,3.62,3.63,3.58,3.58,7003200,25202513.0
2026-09-24,sz,002192,融捷股份,60.83,60.79,60.83,58.6,58.75,7527105,448863009.67
2026-09-24,sz,002193,ST如意,4.66,4.65,4.7,4.62,4.65,2244500,10469880.0
2026-09-24,sz,002194,武汉凡谷,10.67,10.77,11.2,10.56,10.62,39394512,425921711.97
2026-09-24,sz,002195,岩山科技,6.09,6.07,6.12,6.0,6.01,55517568,335437493.73
2026-09-24,sz,002196,方正电机,10.09,10.07,10.46,10.03,10.13,18011400,184732540.0
2026-09-24,sz,002197,证通电子,6.52,6.63,6.71,6.48,6.5,15405207,101162217.21
2026-09-24,sz,002198,ST嘉应,3.63,3.62,3.66,3.6,3.61,1945300,7047304.0
2026-09-24,sz,002199,东晶电子,12.45,12.29,12.39,12.05,12.1,5188101,62946962.13
2026-09-24,sz,002200,交投生态,6.5,6.47,6.84,6.47,6.83,6499800,43709499.0
2026-09-24,sz,002201,九鼎新材,10.04,10.0,10.23,9.85,9.87,35884714,358026228.62
2026-09-24,sz,002202,金风科技,17.83,17.84,18.17,17.77,17.9,70319067,1265992230.47
2026-09-24,sz,002203,海亮股份,18.53,18.46,18.46,17.77,17.78,16691245,300993303.13
2026-09-24,sz,002204,大连重工,5.38,5.35,5.44,5.35,5.41,24429777,131927109.5
2026-09-24,sz,002205,国统股份,11.62,11.33,12.78,10.83,12.78,17494206,201473191.39
2026-09-24,sz,002206,海 利 得,4.98,4.98,4.99,4.86,4.87,11578036,56826617.32
2026-09-24,sz,002207,*ST准油,5.45,5.4,5.46,5.38,5.38,2657400,14382619.0
2026-09-24,sz,002208,合肥城建,10.34,10.36,10.37,10.04,10.08,19812360,200814694.6
2026-09-24,sz,002209,达 意 隆,13.62,13.53,13.64,13.34,13.34,3225600,43409427.0
2026-09-24,sz,002210,飞马国际,2.09,2.1,2.13,2.08,2.11,40636100,85577799.0
2026-09-24,sz,002211,ST宏达,3.81,3.82,3.85,3.8,3.8,3540850,13503389.0
2026-09-24,sz,002212,天融信,7.06,7.1,7.24,6.91,6.93,80690797,566097141.25
2026-09-24,sz,002213,大为股份,29.34,28.9,29.67,28.82,29.2,13014506,382167449.77
2026-09-24,sz,002214,大立科技,18.54,18.5,18.53,18.0,18.22,5597760,102461418.2
2026-09-24,sz,002215,诺 普 信,9.76,9.75,9.89,9.6,9.62,12709700,123843470.0
2026-09-24,sz,002216,三全食品,11.57,11.57,11.63,11.49,11.49,2796148,32291726.78
2026-09-24,sz,002217,ST合力泰,1.55,1.55,1.59,1.55,1.56,102741900,160874194.0
2026-09-24,sz,002218,拓日新能,3.89,3.9,3.92,3.76,3.77,55849800,213013168.0
2026-09-24,sz,002219,新里程,2.08,2.06,2.11,2.05,2.06,72763791,150559428.46
2026-09-24,sz,002221,东华能源,5.7,5.7,5.82,5.65,5.71,10947199,62651274.47
2026-09-24,sz,002222,福晶科技,69.93,69.37,71.55,67.88,68.07,20094541,1396663915.09
2026-09-24,sz,002223,鱼跃医疗,26.78,26.68,26.86,26.34,26.38,5881809,156003874.4
2026-09-24,sz,002224,三 力 士,3.71,3.69,3.84,3.69,3.74,13438000,50505574.0
2026-09-24,sz,002225,濮耐股份,3.49,3.49,3.53,3.43,3.44,17417876,60329307.02
2026-09-24,sz,002226,江南化工,5.15,5.14,5.14,4.97,4.99,28689197,144718274.73
2026-09-24,sz,002227,*ST特迅,6.46,6.45,6.47,6.33,6.35,786400,5034488.0
2026-09-24,sz,002228,合兴包装,3.17,3.17,3.28,3.15,3.27,31171724,100733620.8
2026-09-24,sz,002229,鸿博股份,10.62,10.56,10.66,10.48,10.52,15268173,161179213.49
2026-09-24,sz,002230,科大讯飞,38.72,38.76,38.8,38.28,38.32,13846110,532292888.3
2026-09-24,sz,002232,启明信息,15.16,15.06,15.24,14.8,14.8,7372054,110414115.42
2026-09-24,sz,002233,塔牌集团,6.99,6.98,6.99,6.7,6.73,26696497,181704534.43
2026-09-24,sz,002234,民和股份,7.83,7.81,7.91,7.7,7.75,4106800,31887533.0
2026-09-24,sz,002235,安妮股份,7.84,7.86,7.92,7.74,7.77,12973702,101233905.76
2026-09-24,sz,002236,大华股份,15.85,15.81,15.85,15.51,15.54,26319380,411025177.69
2026-09-24,sz,002237,恒邦股份,13.33,13.2,13.22,12.83,12.84,18630745,241757919.7
2026-09-24,sz,002238,天威视讯,7.66,8.3,8.43,8.01,8.43,86861858,722575320.37
2026-09-24,sz,002239,奥特佳,2.48,2.49,2.51,2.45,2.47,47428509,117276679.19
2026-09-24,sz,002240,盛新锂能,26.62,26.62,26.72,25.68,25.69,19859074,517840502.41
2026-09-24,sz,002241,歌尔股份,24.45,24.41,24.45,23.77,23.94,86450594,2077083388.6
2026-09-24,sz,002242,九阳股份,9.76,9.63,9.95,9.39,9.39,17153272,164783931.19
2026-09-24,sz,002243,力合科创,7.05,7.02,7.08,6.92,6.94,6349790,44335494.7
2026-09-24,sz,002244,滨江集团,8.6,8.5,8.69,8.2,8.32,43181715,361339252.15
2026-09-24,sz,002245,蔚蓝锂芯,16.86,16.74,17.11,16.42,16.76,48653730,815681196.35
2026-09-24,sz,002246,北化股份,25.59,25.45,26.4,24.81,26.0,43745970,1129390220.53
2026-09-24,sz,002247,聚力文化,2.44,2.44,2.47,2.42,2.45,17230000,42285786.0
2026-09-24,sz,002248,华东数控,9.54,9.44,9.64,9.4,9.48,9231045,87955473.3
2026-09-24,sz,002249,大洋电机,6.44,6.42,6.56,6.39,6.45,27255509,176870942.64
2026-09-24,sz,002250,联化科技,14.74,14.72,14.86,14.42,14.51,8378490,122288995.3
2026-09-24,sz,002251,步步高,3.48,3.47,3.5,3.41,3.44,57137142,196994036.83
2026-09-24,sz,002252,上海莱士,4.97,5.03,5.1,4.91,5.02,80947018,405227577.12
2026-09-24,sz,002253,川大智胜,9.24,8.99,9.22,8.61,8.7,27080570,239665361.45
2026-09-24,sz,002254,泰和新材,12.75,12.66,12.79,12.37,12.39,12555509,157232729.76
2026-09-24,sz,002255,海陆重工,7.59,7.58,7.61,7.51,7.52,4797445,36219592.08
2026-09-24,sz,002256,兆新股份,3.17,3.16,3.19,3.14,3.14,18164600,57376992.0
2026-09-24,sz,002258,利尔化学,14.74,14.71,14.78,14.21,14.23,22089416,319557201.19
2026-09-24,sz,002259,升达林业,4.78,4.78,4.78,4.58,4.74,34934634,164039732.14
2026-09-24,sz,002261,拓维信息,25.24,25.19,25.34,24.92,24.93,20992488,526048831.81
2026-09-24,sz,002262,恩华药业,22.0,21.89,22.17,21.15,21.16,8012688,172171439.64
2026-09-24,sz,002263,大东南,3.17,3.15,3.18,3.12,3.16,30035191,94514134.74
2026-09-24,sz,002264,新 华 都,7.39,7.4,8.13,7.32,8.13,96241506,742802880.78
2026-09-24,sz,002265,建设工业,19.62,19.65,19.75,19.35,19.36,8147200,159169053.35
2026-09-24,sz,002266,浙富控股,4.79,4.77,4.8,4.58,4.59,79720696,372829018.4
2026-09-24,sz,002267,陕天然气,7.12,7.15,7.18,7.07,7.12,3852000,27428835.0
2026-09-24,sz,002268,电科网安,14.92,14.83,14.97,14.72,14.74,8692087,128887689.43
2026-09-24,sz,002269,美邦服饰,1.39,1.38,1.41,1.37,1.39,44709200,61961157.0
2026-09-24,sz,002270,华明装备,17.93,17.95,18.03,17.7,17.75,7863355,140221829.45
2026-09-24,sz,002271,东方雨虹,10.7,10.65,10.7,10.37,10.4,35567825,372905759.25
2026-09-24,sz,002272,川润股份,16.02,15.95,16.04,15.46,15.55,17021367,267487404.85
2026-09-24,sz,002273,水晶光电,26.19,25.9,26.15,25.11,25.17,30815933,787691545.61
2026-09-24,sz,002274,华昌化工,6.14,6.12,6.14,5.94,5.95,17204612,103335178.74
2026-09-24,sz,002275,桂林三金,12.23,12.22,12.3,12.08,12.1,1344610,16357786.7
2026-09-24,sz,002276,万马股份,9.91,9.89,10.01,9.81,9.82,8123753,80430364.99
2026-09-24,sz,002277,友阿股份,5.36,5.35,5.41,5.23,5.25,14147800,74784583.0
2026-09-24,sz,002278,神开股份,7.91,7.94,8.0,7.87,7.96,6009950,47775717.0
2026-09-24,sz,002279,久其软件,6.66,6.75,6.75,6.55,6.57,21700329,143623423.11
2026-09-24,sz,002281,光迅科技,190.0,189.09,189.49,181.73,181.99,19619717,3635030988.76
2026-09-24,sz,002282,博深股份,6.07,6.1,6.12,6.05,6.05,2721851,16532026.05
2026-09-24,sz,002283,天润工业,7.99,7.95,8.16,7.93,8.01,14007500,112749455.0
2026-09-24,sz,002284,亚太股份,9.59,9.55,9.8,9.51,9.51,12488416,120318709.08
2026-09-24,sz,002285,世联行,3.17,3.09,3.39,2.97,3.26,389129137,1223074749.66
2026-09-24,sz,002286,保龄宝,8.75,8.54,8.88,8.4,8.46,44415794,383393585.23
2026-09-24,sz,002287,奇正藏药,19.55,19.55,19.67,19.35,19.38,1655207,32206457.96
2026-09-24,sz,002289,宇顺电子,35.94,35.7,35.93,34.85,34.91,2543390,89358056.0
2026-09-24,sz,002290,禾盛新材,74.65,74.25,77.8,72.66,73.89,11655665,874018160.44
2026-09-24,sz,002291,遥望科技,5.49,5.5,5.76,5.43,5.45,38647428,214237201.5
2026-09-24,sz,002292,奥飞娱乐,8.71,8.78,8.92,8.62,8.73,44177778,387722268.3
2026-09-24,sz,002293,罗莱生活,10.78,10.76,10.9,10.7,10.75,2295874,24804639.37
2026-09-24,sz,002294,信立泰,30.98,30.9,30.99,30.2,30.22,7634207,232709715.75
2026-09-24,sz,002295,精艺股份,10.18,10.1,10.17,9.86,9.88,9285904,92573065.1
2026-09-24,sz,002296,辉煌科技,9.55,9.6,9.62,9.43,9.43,7781600,74084186.0
2026-09-24,sz,002297,博云新材,21.3,21.15,23.2,21.0,22.47,138603131,3089792087.25
2026-09-24,sz,002298,中电鑫龙,8.62,8.62,8.79,8.56,8.56,41669903,360574885.86
2026-09-24,sz,002299,圣农发展,15.91,16.01,16.01,15.62,15.7,6447200,101490296.0
2026-09-24,sz,002300,太阳电缆,7.98,7.92,8.28,7.44,8.19,87000935,684468114.32
2026-09-24,sz,002301,齐心集团,8.76,8.77,9.12,8.64,8.91,46164139,413132683.72
2026-09-24,sz,002302,西部建设,4.79,4.73,4.77,4.64,4.69,8802134,41251890.12
2026-09-24,sz,002303,美盈森,6.7,6.62,6.67,6.33,6.35,140542581,911562892.53
2026-09-24,sz,002304,洋河股份,38.03,37.94,38.02,37.44,37.47,4301107,161904064.01
2026-09-24,sz,002305,*ST南置,2.02,2.02,2.04,2.0,2.01,15735100,31757572.0
2026-09-24,sz,002306,ST云网,2.19,2.19,2.2,2.08,2.15,14397800,30670391.0
2026-09-24,sz,002307,北新路桥,2.99,2.96,2.99,2.91,2.93,21590860,63553453.6
2026-09-24,sz,002309,中利集团,2.82,2.82,2.86,2.8,2.85,72015507,204882689.85
2026-09-24,sz,002310,东方新能,2.23,2.22,2.26,2.2,2.26,59212235,132357191.46
2026-09-24,sz,002311,海大集团,41.44,41.41,41.59,41.05,41.1,4858910,200595578.68
2026-09-24,sz,002312,川发龙蟒,8.41,8.4,8.45,8.21,8.21,22133049,183394402.53
2026-09-24,sz,002313,日海智能,9.31,9.1,9.21,8.93,8.98,33171369,300943954.51
2026-09-24,sz,002314,南山控股,2.34,2.34,2.36,2.25,2.27,45076546,103405167.4
2026-09-24,sz,002315,焦点科技,25.6,25.71,25.71,24.71,24.76,8086800,202342737.6
2026-09-24,sz,002316,亚联发展,4.25,4.25,4.33,4.22,4.3,11576200,49570070.0
2026-09-24,sz,002317,众生药业,24.92,24.78,24.9,23.3,23.35,22678885,540591867.44
2026-09-24,sz,002318,久立特材,18.31,18.22,18.48,18.13,18.4,6505850,119168310.5
2026-09-24,sz,002319,乐通股份,10.06,10.0,10.37,9.95,10.22,7786289,79257779.12
2026-09-24,sz,002320,海峡股份,6.41,6.4,6.97,6.28,6.76,65353672,431324763.03
2026-09-24,sz,002321,华英农业,2.06,2.11,2.27,2.11,2.27,113560205,255370814.35
2026-09-24,sz,002322,理工能科,12.0,11.96,12.12,11.9,11.99,4282802,51479869.98
2026-09-24,sz,002323,*ST雅博,1.25,1.25,1.26,1.24,1.25,22787530,28448900.2
2026-09-24,sz,002324,普利特,9.13,9.1,9.3,8.97,8.99,18101206,164824963.4
2026-09-24,sz,002326,永太科技,16.96,16.97,17.05,16.57,16.57,10932282,183098261.8
2026-09-24,sz,002327,富安娜,6.12,6.12,6.16,6.1,6.14,3695700,22648113.0
2026-09-24,sz,002328,新朋股份,8.92,8.7,9.23,8.7,8.75,68095502,607010899.81
2026-09-24,sz,002329,皇氏集团,3.63,3.6,3.68,3.58,3.6,17009400,61453214.02
2026-09-24,sz,002330,得利斯,4.08,4.08,4.12,4.02,4.05,7607300,30876014.0
2026-09-24,sz,002331,皖通科技,6.84,6.8,6.89,6.77,6.8,4109695,28050627.1
2026-09-24,sz,002332,仙琚制药,8.73,8.71,8.77,8.58,8.61,7764300,67124131.0
2026-09-24,sz,002333,罗普斯金,5.79,5.77,5.78,5.45,5.47,14271200,79353044.0
2026-09-24,sz,002334,英威腾,6.54,6.47,6.58,6.44,6.5,9048710,59025644.24
2026-09-24,sz,002335,科华数据,32.63,32.23,32.46,31.7,31.85,39912693,1277017045.11
2026-09-24,sz,002337,赛象科技,4.87,4.87,4.87,4.78,4.79,18115300,87207279.0
2026-09-24,sz,002338,奥普光电,46.7,46.23,46.59,45.41,45.85,5922556,272052111.38
2026-09-24,sz,002339,积成电子,7.49,7.42,7.59,7.3,7.55,30638511,227425745.16
2026-09-24,sz,002340,格林美,6.22,6.19,6.2,6.12,6.12,44476704,273359203.52
2026-09-24,sz,002342,巨力索具,7.54,7.51,8.23,7.48,7.89,140044136,1104378139.64
2026-09-24,sz,002343,慈文传媒,5.8,5.8,5.87,5.67,5.72,11135980,63927408.6
2026-09-24,sz,002344,海宁皮城,3.98,3.96,4.04,3.96,3.99,6560638,26156780.62
2026-09-24,sz,002345,潮宏基,8.61,8.6,8.65,8.44,8.47,8540076,72747319.62
2026-09-24,sz,002346,柘中股份,18.52,18.48,18.79,18.31,18.41,7254476,134716980.4
2026-09-24,sz,002347,泰尔股份,5.76,5.73,6.07,5.73,5.84,20140900,119100275.0
2026-09-24,sz,002348,高乐股份,10.86,10.77,11.24,10.77,11.01,15260410,168640110.5
2026-09-24,sz,002349,精华制药,8.57,8.58,8.74,8.43,8.46,54464405,467361432.81
2026-09-24,sz,002350,北京科锐,13.94,13.9,13.93,13.68,13.71,4418270,60793821.57
2026-09-24,sz,002351,漫步者,10.03,10.04,10.09,9.85,9.87,4155318,41253514.28
2026-09-24,sz,002352,顺丰控股,30.89,30.81,30.92,30.45,30.54,10397709,318410754.03
2026-09-24,sz,002353,杰瑞股份,116.84,116.8,119.84,115.19,116.02,16620396,1946033972.3
2026-09-24,sz,002354,天娱数科,7.53,7.6,7.69,7.41,7.48,124952729,941996919.2
2026-09-24,sz,002355,兴民智通,4.61,4.64,4.8,4.62,4.64,10155124,47468397.6
2026-09-24,sz,002356,鹏飞绿能,2.69,2.69,2.73,2.66,2.67,12854900,34621795.0
2026-09-24,sz,002357,富临运业,11.95,11.93,12.06,11.69,11.72,6168300,73178423.0
2026-09-24,sz,002358,森源电气,5.17,5.16,5.2,5.13,5.13,8261100,42641755.0
2026-09-24,sz,002360,ST同德,5.34,5.72,5.83,5.43,5.5,11199151,62718270.46
2026-09-24,sz,002361,神剑股份,10.1,10.09,10.5,10.02,10.14,87323439,892722044.71
2026-09-24,sz,002362,汉王科技,15.93,16.13,16.13,15.73,15.75,5175100,81995098.0
2026-09-24,sz,002363,隆基机械,6.87,6.84,6.95,6.82,6.9,2770800,19128232.0
2026-09-24,sz,002364,中恒电气,36.34,36.18,36.2,34.87,34.92,15379742,543803138.63
2026-09-24,sz,002365,永安药业,13.84,14.78,15.15,13.44,13.48,38484066,535510781.9
2026-09-24,sz,002366,融发核电,5.58,5.55,5.61,5.54,5.58,12699754,70729294.55
2026-09-24,sz,002367,康力电梯,6.19,6.1,6.16,5.95,5.97,35285920,212746741.11
2026-09-24,sz,002368,太极股份,13.12,13.04,13.1,12.86,12.98,8111861,105221369.68
2026-09-24,sz,002369,卓翼科技,5.64,5.64,5.67,5.55,5.56,5909657,33090121.24
2026-09-24,sz,002370,亚太药业,5.24,5.21,5.28,5.12,5.12,11678265,60338282.4
2026-09-24,sz,002371,北方华创,668.15,663.16,665.88,653.06,653.06,4006147,2639809529.96
2026-09-24,sz,002372,伟星新材,8.26,8.25,8.29,8.13,8.17,5584252,45731677.84
2026-09-24,sz,002373,千方科技,7.38,7.35,7.46,7.26,7.29,13208400,97054290.0
2026-09-24,sz,002374,中锐股份,3.24,3.23,3.28,3.21,3.22,23864500,77410292.0
2026-09-24,sz,002375,亚厦股份,3.95,3.89,3.95,3.83,3.85,28734900,111181541.0
2026-09-24,sz,002376,新北洋,6.73,6.71,6.8,6.69,6.75,8525900,57634557.0
2026-09-24,sz,002377,国创高新,2.99,2.99,3.06,2.93,2.95,45264499,134488355.04
2026-09-24,sz,002378,章源钨业,23.19,23.06,23.18,22.45,22.5,14805676,336246688.7
2026-09-24,sz,002379,宏桥控股,16.51,16.44,16.56,16.09,16.11,21388390,347404505.0
2026-09-24,sz,002380,科远智慧,27.46,27.28,27.52,27.01,27.02,2067300,56275964.0
2026-09-24,sz,002381,双箭股份,5.57,5.56,5.62,5.54,5.55,2074100,11551362.0
2026-09-24,sz,002382,蓝帆医疗,5.86,5.93,6.09,5.93,5.95,17429107,104338308.16
2026-09-24,sz,002383,合众思壮,8.52,8.31,8.59,8.21,8.3,33895028,283038008.2
2026-09-24,sz,002384,东山精密,193.0,192.0,193.66,185.6,185.99,39982948,7533577923.75
2026-09-24,sz,002385,大北农,3.14,3.17,3.17,3.07,3.09,58501000,182166549.0
2026-09-24,sz,002386,天原股份,6.03,6.04,6.06,5.92,5.95,14193100,84703366.96
2026-09-24,sz,002387,维信诺,6.94,6.91,6.97,6.87,6.87,6737712,46480815.56
2026-09-24,sz,002388,新亚制程,7.96,7.78,8.08,7.68,7.76,68119956,537378399.76
2026-09-24,sz,002389,航天彩虹,18.66,18.6,18.63,18.27,18.31,10463979,192686429.12
2026-09-24,sz,002390,信邦制药,2.96,2.96,2.98,2.9,2.91,23623924,69149303.6
2026-09-24,sz,002391,长青股份,5.14,5.14,5.16,5.09,5.12,6398800,32731754.0
2026-09-24,sz,002392,北京利尔,7.64,7.61,7.66,7.57,7.6,5309100,40396558.0
2026-09-24,sz,002393,力生制药,13.93,13.85,14.01,13.77,13.82,1468448,20330597.68
2026-09-24,sz,002394,联发股份,10.33,10.37,10.4,10.2,10.23,3134900,32204269.0
2026-09-24,sz,002395,双象股份,12.77,12.6,14.05,12.6,14.05,16724103,232050738.7
2026-09-24,sz,002396,星网锐捷,36.52,36.8,37.69,36.33,36.65,64463158,2382680946.65
2026-09-24,sz,002397,梦洁股份,3.61,3.61,3.66,3.58,3.62,12592600,45671805.0
2026-09-24,sz,002398,垒知集团,4.2,4.2,4.27,4.15,4.27,11791534,49658624.14
2026-09-24,sz,002399,海普瑞,9.73,9.73,9.8,9.5,9.58,3541620,34031463.4
2026-09-24,sz,002400,省广集团,6.53,6.53,6.62,6.43,6.46,43147460,281247613.2
2026-09-24,sz,002401,中远海科,12.11,12.13,12.15,12.0,12.06,2072200,25006979.0
2026-09-24,sz,002402,和而泰,18.72,18.67,18.81,18.36,18.37,12019011,222979393.93
2026-09-24,sz,002403,爱仕达,10.1,10.14,10.68,10.07,10.33,21492085,223101392.21
2026-09-24,sz,002404,嘉欣丝绸,5.81,5.78,5.93,5.77,5.88,6659000,39180902.0
2026-09-24,sz,002405,四维图新,6.04,6.02,6.05,5.92,5.95,20303658,121377588.89
2026-09-24,sz,002406,远东传动,6.4,6.37,6.5,6.35,6.45,9712005,62734777.85
2026-09-24,sz,002407,多氟多,32.09,31.91,32.18,30.91,30.92,52836598,1655503367.85
2026-09-24,sz,002408,齐翔腾达,5.37,5.35,5.4,5.29,5.32,11580974,61774999.79
2026-09-24,sz,002409,雅克科技,137.28,135.47,136.7,132.55,132.62,9667927,1296668561.45
2026-09-24,sz,002410,广联达,8.46,8.48,8.57,8.39,8.4,15157578,128427170.78
2026-09-24,sz,002412,汉森制药,9.41,9.4,9.41,9.06,9.1,42064912,385526970.87
2026-09-24,sz,002413,雷科防务,8.15,8.31,8.97,8.31,8.97,222978571,1977372525.03
2026-09-24,sz,002414,高德红外,12.02,11.98,12.03,11.87,11.88,29632131,353539378.96
2026-09-24,sz,002415,海康威视,33.11,33.01,33.13,32.62,32.63,24791519,814120190.66
2026-09-24,sz,002416,爱施德,9.01,9.0,9.13,8.96,9.06,9361400,84772244.38
2026-09-24,sz,002418,康盛股份,4.54,4.5,4.55,4.46,4.47,49614600,223352112.0
2026-09-24,sz,002419,天虹股份,4.57,4.56,4.6,4.55,4.55,6790495,31026251.27
2026-09-24,sz,002420,毅昌科技,6.11,6.07,6.17,6.04,6.08,4792400,29239736.0
2026-09-24,sz,002421,达实智能,3.16,3.15,3.19,3.09,3.11,62791108,196679508.42
2026-09-24,sz,002422,科伦药业,41.7,41.42,41.6,38.6,38.86,28601826,1125240466.39
2026-09-24,sz,002423,中粮资本,9.23,9.24,9.24,9.02,9.05,9881474,89939902.7
2026-09-24,sz,002424,ST百灵,4.44,4.57,4.8,4.55,4.61,22390600,104104513.97
2026-09-24,sz,002425,凯撒文化,3.05,3.04,3.1,3.03,3.04,21980300,67064037.0
2026-09-24,sz,002426,胜利精密,2.96,2.95,2.97,2.78,2.8,348418459,997478410.35
2026-09-24,sz,002427,尤夫股份,4.56,4.55,4.57,4.5,4.52,6967834,31580133.68
2026-09-24,sz,002428,云南锗业,94.39,92.58,95.83,91.5,91.63,37947550,3539152356.35
2026-09-24,sz,002429,兆驰股份,8.24,8.17,8.34,8.05,8.3,63860054,523922376.35
2026-09-24,sz,002430,杭氧股份,25.35,25.45,25.67,24.9,24.9,7956704,200664770.84
2026-09-24,sz,002431,ST棕榈,1.33,1.34,1.35,1.31,1.31,11333201,15053924.32
2026-09-24,sz,002432,九安医疗,63.33,63.22,63.9,61.6,61.68,10244767,639631665.86
2026-09-24,sz,002434,万里扬,6.19,6.25,6.3,6.16,6.17,15464400,96258651.0
2026-09-24,sz,002436,兴森科技,45.9,45.51,45.65,43.15,43.31,120987409,5309165742.17
2026-09-24,sz,002437,誉衡药业,3.64,3.67,3.67,3.48,3.5,184443421,654230127.49
2026-09-24,sz,002438,江苏神通,13.8,13.8,13.95,13.71,13.76,3254100,44978604.0
2026-09-24,sz,002439,启明星辰,14.47,14.64,14.67,14.27,14.35,21167107,304957024.5
2026-09-24,sz,002440,闰土股份,13.06,12.98,13.0,12.64,12.79,30637667,392138477.64
2026-09-24,sz,002441,众业达,8.18,8.21,8.24,8.14,8.16,2798980,22955098.24
2026-09-24,sz,002442,龙星科技,5.56,5.51,5.57,5.37,5.42,24077900,131077113.0
2026-09-24,sz,002443,金洲管道,13.37,13.34,13.42,12.72,12.93,40477792,525536634.36
2026-09-24,sz,002444,巨星科技,28.0,27.95,28.06,27.17,27.28,7067349,194388826.3
2026-09-24,sz,002445,中南文化,3.11,3.11,3.19,3.08,3.11,57709220,180853811.8
2026-09-24,sz,002446,盛路通信,8.07,8.14,8.34,8.06,8.15,33709960,276562981.15
2026-09-24,sz,002448,中原内配,11.11,11.02,11.14,10.82,10.89,10311750,112815519.0
2026-09-24,sz,002449,国星光电,6.69,6.7,6.7,6.59,6.59,6043867,40057994.53
2026-09-24,sz,002451,摩恩电气,7.49,7.5,7.81,7.41,7.62,13706810,104855450.3
2026-09-24,sz,002452,长高电气,11.82,11.81,11.89,11.56,11.59,6131139,71848446.98
2026-09-24,sz,002453,华软科技,5.1,4.91,5.18,4.86,5.02,76868298,383918303.62
2026-09-24,sz,002454,松芝股份,5.13,5.14,5.2,5.07,5.14,7173094,36944755.35
2026-09-24,sz,002455,百川股份,6.9,6.88,6.9,6.78,6.79,13952180,95429362.12
2026-09-24,sz,002456,欧菲光,6.85,6.85,6.9,6.69,6.69,54694659,369922069.42
2026-09-24,sz,002457,青龙管业,11.3,11.21,11.3,11.02,11.09,13751400,152827632.0
2026-09-24,sz,002458,益生股份,8.21,8.2,8.24,8.06,8.09,18140568,147347092.2
2026-09-24,sz,002459,晶澳科技,6.88,6.85,6.9,6.68,6.7,20765073,140425917.03
2026-09-24,sz,002460,赣锋锂业,45.53,45.38,45.41,43.67,43.68,27464872,1218260050.51
2026-09-24,sz,002461,珠江啤酒,8.38,8.37,8.42,8.06,8.15,7139000,58344367.28
2026-09-24,sz,002462,嘉事堂,12.31,12.32,12.37,12.16,12.24,1861300,22810689.0
2026-09-24,sz,002463,沪电股份,128.1,126.61,128.0,123.3,124.05,37922475,4748253384.53
2026-09-24,sz,002465,海格通信,10.21,10.22,10.56,10.18,10.31,70169535,728067711.06
2026-09-24,sz,002466,天齐锂业,42.42,42.0,42.23,40.9,40.9,23774454,983868651.84
2026-09-24,sz,002467,二六三,4.86,4.82,4.91,4.77,4.82,74165570,358165953.96
2026-09-24,sz,002468,申通快递,14.77,14.76,15.03,14.64,14.87,10321161,153020592.98
2026-09-24,sz,002469,三维化学,6.12,6.14,6.15,6.03,6.03,4661265,28291172.45
2026-09-24,sz,002470,金正大,2.04,2.05,2.06,2.01,2.02,94014100,190571803.0
2026-09-24,sz,002471,中超控股,5.41,5.42,5.58,5.34,5.52,106057931,579946801.55
2026-09-24,sz,002472,双环传动,37.58,37.41,39.49,37.3,38.94,37997824,1474521292.19
2026-09-24,sz,002474,榕基软件,6.38,6.34,6.4,6.23,6.36,13197215,83389407.2
2026-09-24,sz,002475,立讯精密,54.37,54.15,54.15,51.89,52.0,70797067,3725995371.43
2026-09-24,sz,002476,新叶股份,4.99,4.99,5.08,4.95,5.02,5897199,29535777.0
2026-09-24,sz,002478,常宝股份,6.47,6.42,6.98,6.41,6.72,37841632,256413728.03
2026-09-24,sz,002479,富春环保,5.89,5.86,5.92,5.8,5.83,8792900,51389876.0
2026-09-24,sz,002480,新筑股份,5.38,5.48,5.49,5.14,5.14,23304725,121805742.5
2026-09-24,sz,002481,双塔食品,4.24,4.22,4.28,4.16,4.16,8650981,36318486.96
2026-09-24,sz,002482,广田集团,1.37,1.36,1.38,1.32,1.33,73536600,98667376.0
2026-09-24,sz,002483,润邦股份,6.15,6.15,6.21,6.02,6.02,13150022,80216855.42
2026-09-24,sz,002484,江海股份,59.85,59.41,60.05,57.8,57.96,24076865,1412835227.35
2026-09-24,sz,002485,ST雪发,5.96,5.98,5.98,5.82,5.88,1990100,11695202.0
2026-09-24,sz,002486,嘉麟杰,2.72,2.71,2.76,2.69,2.73,17446500,47680724.0
2026-09-24,sz,002487,大金重工,37.89,38.06,40.5,37.6,39.77,84802756,3341430318.09
2026-09-24,sz,002488,金固股份,7.51,7.51,7.54,7.3,7.34,11723400,87003243.0
2026-09-24,sz,002489,浙江永强,3.04,3.05,3.11,3.02,3.04,28486593,87323997.94
2026-09-24,sz,002490,山东墨龙,7.13,7.12,7.18,7.08,7.15,11971664,85346501.96
2026-09-24,sz,002491,通鼎互联,24.28,24.02,24.93,23.75,23.8,170355390,4145019115.43
2026-09-24,sz,002492,恒基达鑫,6.3,6.26,6.6,6.26,6.32,9669100,61660160.0
2026-09-24,sz,002493,荣盛石化,13.55,13.42,13.51,13.08,13.11,34174430,452725582.52
2026-09-24,sz,002494,华斯股份,4.81,4.88,5.1,4.84,5.0,20605779,101991642.21
2026-09-24,sz,002495,佳隆股份,2.42,2.4,2.45,2.38,2.4,15897303,38282465.2
2026-09-24,sz,002496,辉丰股份,2.1,2.1,2.15,2.09,2.13,24232139,51335042.86
2026-09-24,sz,002497,雅化集团,16.38,16.28,16.38,15.91,15.94,18984491,305218935.05
2026-09-24,sz,002498,汉缆股份,6.27,6.27,6.31,6.22,6.3,36412901,228589636.52
2026-09-24,sz,002500,山西证券,5.25,5.24,5.25,5.13,5.14,22338877,115663489.46
2026-09-24,sz,002501,*ST利源,1.31,1.3,1.31,1.29,1.3,17324200,22509283.0
2026-09-24,sz,002506,协鑫集成,2.42,2.41,2.43,2.35,2.36,151032200,359469839.0
2026-09-24,sz,002507,涪陵榨菜,11.18,11.2,11.24,11.04,11.04,6076300,67453356.9
2026-09-24,sz,002508,老板电器,16.48,16.4,16.68,16.33,16.58,6380024,105470943.67
2026-09-24,sz,002510,天汽模,5.67,5.71,5.87,5.65,5.65,23867086,137357452.9
2026-09-24,sz,002511,中顺洁柔,7.0,6.96,7.04,6.91,6.91,7678600,53395003.0
2026-09-24,sz,002512,ST达华,3.86,3.9,3.94,3.85,3.88,12547950,48831502.0
2026-09-24,sz,002513,蓝丰生化,5.27,5.24,5.35,5.23,5.31,5169403,27408201.9
2026-09-24,sz,002514,*ST宝馨,2.49,2.46,2.6,2.44,2.49,28622611,71924904.28
2026-09-24,sz,002515,金字火腿,7.7,7.62,7.7,7.35,7.4,46847900,349153622.0
2026-09-24,sz,002516,旷达科技,5.91,5.88,5.92,5.74,5.76,20665400,120182381.0
2026-09-24,sz,002517,恺英网络,16.38,16.41,16.55,16.15,16.17,24033867,391695245.62
2026-09-24,sz,002518,科士达,38.97,38.6,39.09,37.04,37.12,12960256,493044310.3
2026-09-24,sz,002519,银河电子,5.77,5.77,6.08,5.72,5.9,75506198,445297342.27
2026-09-24,sz,002520,日发精机,6.25,6.24,6.54,6.19,6.46,53197945,342149324.24
2026-09-24,sz,002521,齐峰新材,6.27,6.23,6.31,6.21,6.28,3810200,23884796.0
2026-09-24,sz,002522,浙江众成,5.76,5.72,5.73,5.57,5.59,41352111,232776669.6
2026-09-24,sz,002523,天桥起重,3.38,3.38,3.4,3.35,3.38,12223224,41241564.12
2026-09-24,sz,002524,光正眼科,4.02,4.02,4.09,4.0,4.03,10641967,42989685.01
2026-09-24,sz,002526,山东矿机,2.6,2.6,2.64,2.59,2.6,15319977,39962343.5
2026-09-24,sz,002527,新时达,10.7,10.7,11.06,10.6,10.75,8611062,93548773.09
2026-09-24,sz,002528,*ST英飞,5.8,5.75,5.85,5.51,5.73,22837898,129718076.7
2026-09-24,sz,002529,海源复材,6.55,6.5,6.63,6.5,6.59,3601500,23682354.0
2026-09-24,sz,002530,金财互联,7.17,7.14,7.21,7.01,7.03,7230647,51228825.35
2026-09-24,sz,002531,天顺风能,7.16,7.11,7.47,7.11,7.44,137194394,1010351775.98
2026-09-24,sz,002532,天山铝业,12.41,12.32,12.36,12.04,12.11,44011154,536212046.41
2026-09-24,sz,002533,金杯电工,10.89,10.79,10.97,10.79,10.91,4426900,48284568.0
2026-09-24,sz,002534,西子洁能,17.6,17.6,17.74,17.38,17.41,9095561,159489590.3
2026-09-24,sz,002535,林州重机,2.38,2.38,2.43,2.34,2.42,11696500,28136522.0
2026-09-24,sz,002536,飞龙股份,52.27,51.9,52.38,50.3,50.67,27306494,1392712610.79
2026-09-24,sz,002537,海联金汇,5.7,5.7,5.71,5.59,5.62,16454207,92686997.41
2026-09-24,sz,002538,ST司特,6.73,6.73,6.74,6.6,6.61,4479800,29798662.03
2026-09-24,sz,002539,云图控股,12.23,12.15,12.27,11.98,12.04,9906400,119594612.0
2026-09-24,sz,002540,亚太科技,5.03,5.02,5.04,4.94,4.98,9163000,45821445.0
2026-09-24,sz,002541,鸿路钢构,19.69,19.49,19.66,18.22,18.26,19925921,370400788.96
2026-09-24,sz,002542,*ST中岩,1.66,1.65,1.66,1.63,1.63,8483600,13941779.0
2026-09-24,sz,002543,万和电气,7.36,7.24,7.4,7.1,7.11,12153632,87855579.58
2026-09-24,sz,002544,普天科技,15.86,15.77,16.04,15.68,15.69,9996700,157944240.0
2026-09-24,sz,002545,东方铁塔,15.63,15.6,15.61,14.76,14.79,25572890,384454986.71
2026-09-24,sz,002546,新联电子,7.46,7.46,7.49,7.37,7.37,7282884,54017300.76
2026-09-24,sz,002547,*ST春兴,2.36,2.42,2.59,2.39,2.45,45676500,114465881.0
2026-09-24,sz,002548,金新农,3.93,3.9,3.95,3.8,3.82,24491100,94414704.0
2026-09-24,sz,002549,凯美特气,13.3,13.2,13.34,13.03,13.05,8301100,109230805.0
2026-09-24,sz,002550,千红制药,6.53,6.51,6.56,6.35,6.36,11109600,71428753.0
2026-09-24,sz,002551,尚荣医疗,3.33,3.33,3.38,3.31,3.35,11155821,37279907.97
2026-09-24,sz,002552,宝鼎科技,53.45,52.94,53.28,49.8,49.88,19634600,1000371241.26
2026-09-24,sz,002553,南方精工,15.47,15.4,16.96,15.35,16.27,27977404,458866491.42
2026-09-24,sz,002554,惠博普,2.77,2.79,2.8,2.75,2.76,12727200,35229240.0
2026-09-24,sz,002555,三七互娱,17.39,17.37,17.49,17.32,17.38,11030245,191915586.01
2026-09-24,sz,002556,辉隆股份,5.13,5.13,5.16,5.05,5.08,9397200,47867366.0
2026-09-24,sz,002557,洽洽食品,18.12,18.17,18.31,18.05,18.2,3977298,72274951.53
2026-09-24,sz,002558,巨人网络,23.6,23.6,24.06,23.51,23.62,32075442,763051175.61
2026-09-24,sz,002559,亚威股份,9.17,9.13,9.18,8.96,8.97,13357258,120774576.86
2026-09-24,sz,002560,通达股份,6.98,7.0,7.03,6.78,6.8,41468902,283730525.84
2026-09-24,sz,002561,徐家汇,7.37,7.35,7.47,7.3,7.33,5053200,37171353.0
2026-09-24,sz,002562,兄弟科技,4.98,4.95,5.3,4.95,5.0,48980046,250140901.08
2026-09-24,sz,002563,森马服饰,5.5,5.49,5.56,5.43,5.44,11129400,61013094.0
2026-09-24,sz,002564,天沃科技,5.49,5.41,5.52,5.25,5.28,77031712,412568377.43
2026-09-24,sz,002565,顺灏股份,8.66,8.61,9.28,8.58,8.78,115278505,1022519582.74
2026-09-24,sz,002566,益盛药业,7.01,6.97,7.09,6.94,6.96,3756900,26301502.0
2026-09-24,sz,002567,唐人神,3.67,3.66,3.68,3.57,3.58,22475999,81085917.42
2026-09-24,sz,002568,百润股份,18.63,19.25,19.76,18.77,19.25,23493929,454947813.15
2026-09-24,sz,002569,*ST步森,11.6,11.6,11.7,11.33,11.43,1368700,15727503.0
2026-09-24,sz,002570,贝因美,4.4,4.4,4.43,4.38,4.38,7875871,34640532.68
2026-09-24,sz,002571,德力股份,11.02,11.08,11.1,10.96,10.97,2859701,31498484.02
2026-09-24,sz,002572,索菲亚,7.59,7.55,7.7,7.41,7.45,7987482,60131130.68
2026-09-24,sz,002573,清新环境,3.12,3.1,3.14,3.1,3.11,8251543,25696736.31
2026-09-24,sz,002574,明牌珠宝,5.02,5.0,5.05,4.94,4.97,5177968,25796730.32
2026-09-24,sz,002575,群兴玩具,5.12,5.1,5.16,5.0,5.06,20274641,103009997.87
2026-09-24,sz,002576,通达动力,14.41,14.35,14.56,14.31,14.49,1883002,27269814.92
2026-09-24,sz,002577,雷柏科技,22.3,22.35,22.37,21.88,21.9,5301500,116935420.0
2026-09-24,sz,002578,闽发铝业,4.14,4.14,4.14,4.06,4.08,16015900,65603564.0
2026-09-24,sz,002579,中京电子,18.6,18.68,20.0,18.68,19.22,173270061,3361505549.75
2026-09-24,sz,002580,圣阳股份,18.65,18.6,18.75,18.4,18.4,22604349,419581861.9
2026-09-24,sz,002581,*ST未名,5.18,5.08,5.18,4.95,4.97,6170300,30959136.0
2026-09-24,sz,002582,好想你,9.62,9.58,9.68,9.43,9.45,9182200,87407921.0
2026-09-24,sz,002583,海能达,8.02,8.01,8.23,7.92,8.03,15917700,129120160.0
2026-09-24,sz,002584,西陇科学,9.02,8.95,9.8,8.79,8.79,110692300,1005109319.0
2026-09-24,sz,002585,双星新材,11.72,11.49,11.83,11.18,11.2,102941232,1170385335.83
2026-09-24,sz,002586,围海股份,3.77,3.75,3.81,3.73,3.74,3665800,13778057.0
2026-09-24,sz,002587,奥拓电子,5.24,5.27,5.33,5.18,5.25,10701242,56379849.98
2026-09-24,sz,002588,史丹利,7.64,7.62,7.65,7.52,7.54,8866980,67063955.4
2026-09-24,sz,002589,瑞康医药,3.38,3.44,3.48,3.3,3.32,139148761,468234618.47
2026-09-24,sz,002590,万安科技,9.62,9.55,9.76,9.55,9.6,4053380,39238362.2
2026-09-24,sz,002591,恒大高新,6.34,6.31,6.41,6.3,6.37,6674300,42402373.0
2026-09-24,sz,002592,ST八菱,6.42,6.4,6.48,6.35,6.36,1532800,9807777.0
2026-09-24,sz,002593,日上集团,4.53,4.52,4.65,4.5,4.63,11158300,51066913.0
2026-09-24,sz,002594,比亚迪,85.85,85.7,86.02,84.23,84.34,18221596,1547053127.74
2026-09-24,sz,002595,豪迈科技,39.77,39.7,40.17,38.85,38.94,3123875,123099837.65
2026-09-24,sz,002596,海南瑞泽,3.19,3.19,3.23,3.1,3.22,24457766,77247325.31
2026-09-24,sz,002597,金禾实业,21.99,21.93,22.06,21.56,21.56,2994267,65112386.88
2026-09-24,sz,002598,ST章鼓,6.95,6.9,6.97,6.88,6.9,1458300,10088402.0
2026-09-24,sz,002599,盛通股份,5.64,5.62,5.65,5.54,5.58,7461200,41785268.0
2026-09-24,sz,002600,领益智造,12.37,12.28,12.42,12.22,12.23,44499933,546471586.83
2026-09-24,sz,002601,龙佰集团,15.24,15.2,15.42,15.0,15.0,8124535,122906194.45
2026-09-24,sz,002602,世纪华通,14.26,14.21,14.37,14.1,14.23,55714898,791261889.23
2026-09-24,sz,002603,以岭药业,15.46,15.4,15.52,15.13,15.14,10669970,162749235.7
2026-09-24,sz,002605,姚记科技,16.62,16.66,16.7,16.43,16.43,2447837,40466161.91
2026-09-24,sz,002606,大连电瓷,12.3,12.3,12.38,12.15,12.16,8300000,101586385.65
2026-09-24,sz,002607,中公教育,1.9,1.89,1.92,1.87,1.88,109909200,207599646.0
2026-09-24,sz,002608,江苏国信,7.27,7.25,7.33,7.21,7.24,8627200,62573356.0
2026-09-24,sz,002609,捷顺科技,7.77,7.75,7.9,7.72,7.81,5256100,41008021.0
2026-09-24,sz,002611,东方精工,14.38,14.2,14.79,14.07,14.44,31449340,455410679.15
2026-09-24,sz,002612,朗姿股份,17.23,17.5,18.14,17.1,17.14,16087637,284148708.59
2026-09-24,sz,002613,北玻股份,3.58,3.53,3.53,3.41,3.41,55442740,190630390.8
2026-09-24,sz,002614,奥佳华,7.57,7.5,8.33,7.5,8.33,57328214,463388106.65
2026-09-24,sz,002615,哈尔斯,6.36,6.35,6.42,6.32,6.35,5918200,37608576.0
2026-09-24,sz,002616,长青集团,4.79,4.79,4.83,4.77,4.81,3026851,14542889.27
2026-09-24,sz,002617,露笑科技,6.95,6.84,6.87,6.66,6.68,89651844,605228179.33
2026-09-24,sz,002620,*ST瑞和,5.82,5.75,5.89,5.72,5.72,4666600,26986407.0
2026-09-24,sz,002622,皓宸医疗,2.47,2.5,2.72,2.46,2.72,52789284,139841303.48
2026-09-24,sz,002623,亚玛顿,18.72,18.71,19.86,18.31,19.05,16048410,307103485.96
2026-09-24,sz,002624,完美世界,9.89,9.88,9.97,9.69,9.69,31182593,305834678.51
2026-09-24,sz,002625,光启技术,26.57,25.74,25.8,24.81,24.97,43683959,1097845094.07
2026-09-24,sz,002626,金达威,16.78,16.7,16.77,16.14,16.19,4169940,68124291.2
2026-09-24,sz,002627,三峡旅游,6.7,6.69,6.72,6.56,6.6,7489100,49648991.67
2026-09-24,sz,002628,成都路桥,5.07,5.09,5.14,4.96,5.0,13680200,68875869.0
2026-09-24,sz,002629,仁智股份,4.24,4.24,4.32,4.23,4.29,10827400,46406762.12
2026-09-24,sz,002630,*ST华西,1.6,1.6,1.62,1.58,1.59,11053252,17670871.64
2026-09-24,sz,002631,德尔未来,13.6,13.55,14.09,13.18,13.93,74214743,1025165645.12
2026-09-24,sz,002632,道明光学,9.73,9.73,9.83,9.58,9.59,12996700,125661072.0
2026-09-24,sz,002633,申科股份,15.87,15.72,16.79,15.0,15.86,13269805,208412698.07
2026-09-24,sz,002634,*ST棒杰,4.01,4.03,4.08,3.99,4.04,3640600,14715723.0
2026-09-24,sz,002635,安洁科技,16.79,16.68,16.68,15.73,15.81,66327184,1060286445.64
2026-09-24,sz,002636,金安国纪,87.15,85.27,85.42,80.88,80.88,51040121,4242843748.16
2026-09-24,sz,002637,赞宇科技,10.95,10.86,10.92,10.47,10.47,17915500,190691368.65
2026-09-24,sz,002638,勤上股份,4.74,4.72,5.15,4.64,4.93,113653544,558811063.68
2026-09-24,sz,002639,雪人集团,13.75,13.76,14.42,13.65,14.28,84379373,1186005476.72
2026-09-24,sz,002640,跨境通,3.51,3.53,3.8,3.45,3.6,267074813,961659619.39
2026-09-24,sz,002641,公元股份,3.81,3.8,3.84,3.76,3.78,7185700,27225257.0
2026-09-24,sz,002642,荣联科技,6.89,6.87,6.94,6.8,6.81,6626002,45351269.74
2026-09-24,sz,002643,万润股份,13.32,13.27,13.32,13.05,13.06,7941600,104604945.4
2026-09-24,sz,002644,佛慈制药,8.17,8.13,8.28,8.09,8.14,4178000,34155847.0
2026-09-24,sz,002645,华宏科技,18.58,18.58,18.66,18.08,18.2,12713300,232544625.6
2026-09-24,sz,002646,天佑德酒,7.34,7.33,7.43,7.06,7.08,26874954,193332485.17
2026-09-24,sz,002647,仁东控股,11.58,11.58,11.96,11.46,11.75,28395700,334222185.0
2026-09-24,sz,002648,卫星化学,26.82,26.66,26.82,26.43,26.64,19955829,531088100.81
2026-09-24,sz,002649,博彦科技,9.31,9.28,9.34,9.13,9.14,6481100,59682413.0
2026-09-24,sz,002650,ST加加,7.27,7.0,7.0,6.54,6.54,11583909,76459451.41
2026-09-24,sz,002651,利君股份,8.12,8.12,8.18,8.06,8.13,7387397,60049649.67
2026-09-24,sz,002652,扬子新材,4.69,4.7,4.74,4.54,4.58,14870000,68485007.0
2026-09-24,sz,002653,海思科,65.46,65.0,65.38,61.08,61.31,5951200,369457135.34
2026-09-24,sz,002654,万润科技,13.76,13.62,13.73,13.18,13.21,27693044,370563395.92
2026-09-24,sz,002655,共达电声,39.61,39.12,39.34,37.36,37.43,18909515,722651223.9
2026-09-24,sz,002656,摩登大道,2.77,2.76,2.81,2.75,2.76,8008900,22252986.0
2026-09-24,sz,002657,中科金财,15.27,15.27,15.38,14.8,14.89,5794100,86831943.0
2026-09-24,sz,002658,雪迪龙,7.35,7.35,7.38,7.29,7.32,2569200,18815124.0
2026-09-24,sz,002659,凯文教育,4.6,4.57,4.8,4.56,4.69,17984600,84552738.0
2026-09-24,sz,002660,茂硕电源,7.9,7.86,7.95,7.83,7.83,4359800,34350170.0
2026-09-24,sz,002661,克明食品,7.59,7.59,7.66,7.48,7.55,6084600,45895723.0
2026-09-24,sz,002662,峰璟股份,3.1,3.11,3.14,3.09,3.1,7043292,21904483.12
2026-09-24,sz,002663,普邦股份,1.69,1.68,1.72,1.67,1.7,27970698,47435884.6
2026-09-24,sz,002664,信质集团,14.88,14.93,15.1,14.71,14.72,2927000,43557878.0
2026-09-24,sz,002666,德联集团,4.25,4.22,4.29,4.21,4.24,11623600,49353864.0
2026-09-24,sz,002667,*ST威领,22.09,21.87,22.29,20.32,21.02,15111148,321105251.98
2026-09-24,sz,002668,TCL智家,8.91,8.88,9.15,8.86,8.93,11893890,106965326.9
2026-09-24,sz,002669,康达新材,14.52,14.46,15.33,14.19,15.15,48636999,721152063.68
2026-09-24,sz,002670,国盛证券,11.7,11.6,11.7,11.45,11.48,10810652,124635702.56
2026-09-24,sz,002671,龙泉股份,4.02,4.01,4.07,3.99,4.03,8318000,33460854.0
2026-09-24,sz,002672,东江环保,3.89,3.81,3.82,3.66,3.71,36111584,134327334.0
2026-09-24,sz,002673,西部证券,6.74,6.72,6.74,6.6,6.61,21079516,140142528.9
2026-09-24,sz,002674,兴业科技,20.25,20.1,21.19,19.98,20.42,10489200,216442540.0
2026-09-24,sz,002675,东诚药业,12.77,12.7,12.83,12.65,12.68,3822359,48580765.71
2026-09-24,sz,002676,顺威股份,5.3,5.3,5.37,5.26,5.26,9196400,48728054.0
2026-09-24,sz,002677,浙江美大,6.3,6.25,6.68,6.25,6.4,15825085,102729557.0
2026-09-24,sz,002678,珠江钢琴,4.43,4.42,4.48,4.37,4.39,6724235,29716182.35
2026-09-24,sz,002679,福建金森,10.53,10.47,11.58,10.36,11.58,25053575,275290872.38
2026-09-24,sz,002681,奋达科技,4.53,4.53,4.58,4.47,4.49,24683383,111402259.84
2026-09-24,sz,002682,龙洲股份,4.84,4.84,5.05,4.8,5.05,31386830,155145088.03
2026-09-24,sz,002683,广东宏大,28.6,28.5,29.04,28.21,28.26,5441209,155824273.44
2026-09-24,sz,002685,华东重机,5.52,5.48,5.56,5.46,5.48,17525398,96447031.96
2026-09-24,sz,002686,亿利达,6.17,6.15,6.42,6.13,6.21,8991800,56288251.0
2026-09-24,sz,002687,乔治白,5.57,5.54,5.88,5.51,5.77,28374865,161911008.39
2026-09-24,sz,002688,金河生物,5.17,5.19,5.21,5.13,5.15,4764500,24572665.0
2026-09-24,sz,002689,ST远智,2.93,2.94,2.95,2.92,2.93,2457820,7203649.4
2026-09-24,sz,002690,美亚光电,16.03,16.03,16.15,15.77,15.83,4462341,70974153.8
2026-09-24,sz,002691,*ST冀凯,4.13,4.1,4.15,4.05,4.09,1767300,7220110.0
2026-09-24,sz,002692,远程股份,4.27,4.24,4.32,4.2,4.29,7143220,30599492.8
2026-09-24,sz,002693,双成药业,9.2,9.2,9.27,8.96,8.98,11406000,103290005.0
2026-09-24,sz,002694,*ST顾地,2.51,2.51,2.56,2.49,2.52,2246400,5690786.0
2026-09-24,sz,002695,煌上煌,10.53,10.5,10.64,10.48,10.53,5084600,53635401.0
2026-09-24,sz,002696,百洋股份,6.59,6.62,6.85,6.5,6.65,21540700,143917525.0
2026-09-24,sz,002697,红旗连锁,4.66,4.64,4.69,4.58,4.61,13835219,64053700.55
2026-09-24,sz,002698,博实股份,11.4,11.36,11.49,11.32,11.32,3835550,43684537.0
2026-09-24,sz,002700,万憬能源,6.38,6.38,6.49,6.32,6.36,3142500,20075074.0
2026-09-24,sz,002701,奥瑞金,4.38,4.38,4.39,4.3,4.32,15481013,67224566.68
2026-09-24,sz,002702,海欣食品,5.45,5.48,5.55,5.37,5.55,41941873,229546164.58
2026-09-24,sz,002703,浙江世宝,15.2,15.16,15.93,15.0,15.18,26739172,411620975.79
2026-09-24,sz,002705,新宝股份,11.68,11.65,11.81,11.61,11.77,6973323,81846386.65
2026-09-24,sz,002706,良信股份,8.7,8.67,8.75,8.59,8.61,11801900,102002075.0
2026-09-24,sz,002707,众信旅游,5.16,5.13,5.17,5.06,5.09,14317600,72988086.0
2026-09-24,sz,002708,光洋股份,17.21,17.64,17.77,16.37,16.45,38850059,650402697.36
2026-09-24,sz,002709,天赐材料,32.84,32.71,32.9,31.75,31.76,28750525,923850583.84
2026-09-24,sz,002712,思美传媒,4.98,4.96,5.05,4.9,4.96,11110705,55060517.6
2026-09-24,sz,002713,东易日盛,10.73,10.73,10.79,10.46,10.47,11790407,124793852.24
2026-09-24,sz,002714,牧原股份,41.4,41.3,41.34,40.42,40.48,27200597,1106455753.63
2026-09-24,sz,002715,登云股份,13.09,13.01,13.23,12.98,13.11,1986907,26073231.42
2026-09-24,sz,002716,湖南白银,9.56,9.37,9.37,9.06,9.09,127171013,1167868320.03
2026-09-24,sz,002717,*ST岭南,0.89,0.87,0.88,0.84,0.85,89768933,76766780.84
2026-09-24,sz,002718,友邦吊顶,83.22,83.22,87.52,81.22,85.96,2329605,197049179.1
2026-09-24,sz,002719,ST麦趣,6.26,6.2,6.32,6.18,6.25,2179900,13622856.0
2026-09-24,sz,002721,金一文化,2.66,2.64,2.67,2.62,2.66,35652300,94162014.0
2026-09-24,sz,002722,物产金轮,13.22,13.22,13.4,13.15,13.28,2372146,31590292.97
2026-09-24,sz,002723,小崧股份,7.28,7.23,7.45,7.22,7.38,9365795,68646406.85
2026-09-24,sz,002724,海洋王,7.17,7.14,7.66,7.07,7.22,45075739,330217099.19
2026-09-24,sz,002725,跃岭股份,10.99,10.93,11.04,10.83,10.86,2091300,22876754.0
2026-09-24,sz,002726,ST龙大,2.48,2.46,2.51,2.37,2.39,44772547,108192139.72
2026-09-24,sz,002727,一心堂,10.66,10.66,10.78,10.58,10.6,3403520,36261216.85
2026-09-24,sz,002728,特一药业,9.84,9.74,9.93,9.54,9.61,15086440,146556536.4
2026-09-24,sz,002729,好利科技,13.95,13.99,14.08,13.87,13.97,2366900,33086049.0
2026-09-24,sz,002730,电光科技,22.82,22.75,22.75,22.23,22.31,5916600,132696845.0
2026-09-24,sz,002732,燕塘乳业,14.11,14.25,14.31,14.05,14.17,1106100,15665314.0
2026-09-24,sz,002733,雄韬股份,18.08,18.18,18.18,17.71,17.72,7332019,130727238.87
2026-09-24,sz,002734,利民股份,20.32,20.09,21.21,19.7,19.86,33715515,686825340.27
2026-09-24,sz,002735,王子新材,11.9,11.75,11.9,11.38,11.38,24844606,286411164.26
2026-09-24,sz,002736,国信证券,9.98,9.95,9.97,9.78,9.84,14651100,144360556.0
2026-09-24,sz,002737,葵花药业,11.38,11.33,11.45,11.23,11.24,3033205,34308422.1
2026-09-24,sz,002738,中矿资源,44.35,44.12,44.24,42.54,42.58,15402817,664961157.03
2026-09-24,sz,002739,儒意电影,8.49,8.52,8.56,8.34,8.35,29034982,244487406.8
2026-09-24,sz,002741,光华科技,27.47,27.3,29.0,27.27,28.6,72851787,2056366547.06
2026-09-24,sz,002742,冀衡医药,4.21,4.18,4.24,4.11,4.14,19134501,79500851.14
2026-09-24,sz,002743,ST富煌,4.57,4.58,4.8,4.54,4.75,16499080,77050898.61
2026-09-24,sz,002745,木林森,12.42,12.27,12.32,11.8,11.87,43481191,523190756.08
2026-09-24,sz,002746,仙坛股份,6.28,6.28,6.31,6.18,6.19,8656029,53940030.26
2026-09-24,sz,002747,埃斯顿,29.47,29.5,30.26,29.35,29.35,38852574,1157186877.0
2026-09-24,sz,002748,世龙实业,12.34,12.34,12.38,12.07,12.11,3190300,39013879.0
2026-09-24,sz,002749,国光股份,8.45,8.44,8.52,8.42,8.44,1451250,12277825.12
2026-09-24,sz,002752,昇兴股份,6.12,6.12,6.17,6.09,6.15,7115731,43665189.25
2026-09-24,sz,002753,永东股份,6.71,6.7,6.85,6.69,6.82,7380637,50265645.34
2026-09-24,sz,002755,奥赛康,12.97,12.9,13.07,12.5,12.6,13981600,177397006.0
2026-09-24,sz,002756,永兴材料,40.13,39.91,40.05,39.08,39.08,6856559,270592455.75
2026-09-24,sz,002757,南兴股份,20.28,19.99,20.32,19.37,19.4,44342128,875705313.95
2026-09-24,sz,002758,浙农股份,8.54,8.55,8.7,8.51,8.62,7911380,68220700.84
2026-09-24,sz,002759,ST天际,14.32,14.28,14.48,13.89,13.89,11999525,168944754.04
2026-09-24,sz,002760,凤形股份,17.72,17.58,17.8,17.52,17.65,1694800,29918717.0
2026-09-24,sz,002761,浙江建投,7.37,7.28,7.43,7.21,7.23,13400665,97696056.37
2026-09-24,sz,002762,金发拉比,10.19,10.19,10.35,10.06,10.25,5223103,53463616.42
2026-09-24,sz,002763,汇洁股份,7.32,7.3,7.46,7.27,7.39,4522799,33493956.58
2026-09-24,sz,002765,蓝黛科技,6.91,6.92,7.03,6.85,6.88,5517374,38275761.12
2026-09-24,sz,002766,索菱股份,4.0,3.98,4.29,3.97,4.02,25127829,102589985.25
2026-09-24,sz,002767,先锋电子,18.82,18.82,18.99,18.68,18.71,1948000,36695426.0
2026-09-24,sz,002768,国恩股份,79.02,77.44,79.59,77.0,78.01,12653896,988094365.05
2026-09-24,sz,002769,普路通,6.74,6.79,6.86,6.63,6.73,8749400,59066145.0
2026-09-24,sz,002771,真视通,13.66,13.62,13.78,13.5,13.55,4541701,61894361.61
2026-09-24,sz,002772,众兴菌业,10.95,10.9,11.07,10.62,10.64,8458859,91308532.58
2026-09-24,sz,002773,康弘药业,20.17,20.1,20.59,19.88,20.42,6729970,136321927.46
2026-09-24,sz,002774,快意电梯,17.41,17.36,18.25,17.01,17.46,13567750,239283964.5
2026-09-24,sz,002775,文科股份,3.3,3.29,3.36,3.27,3.33,8270930,27401102.4
2026-09-24,sz,002777,久远银海,12.66,12.58,12.69,12.5,12.52,3129630,39345219.6
2026-09-24,sz,002778,中晟高科,15.8,15.75,15.94,15.65,15.83,1627900,25747862.25
2026-09-24,sz,002779,中坚科技,86.0,85.47,85.89,81.0,82.86,2893880,240945760.8
2026-09-24,sz,002780,三夫户外,14.92,14.85,15.28,14.73,14.91,8682430,129791120.9
2026-09-24,sz,002782,可立克,15.52,15.43,15.43,14.93,14.96,6835900,103330770.0
2026-09-24,sz,002783,凯龙股份,8.1,8.1,8.18,8.0,8.02,5148128,41547818.2
2026-09-24,sz,002785,万里石,39.48,40.27,41.83,38.5,41.0,14005278,562115110.8
2026-09-24,sz,002786,银宝山新,7.67,7.63,7.74,7.57,7.7,5353200,41165459.0
2026-09-24,sz,002787,华源控股,27.08,26.81,27.8,26.3,26.35,14038000,376807914.0
2026-09-24,sz,002788,鹭燕医药,10.82,10.83,11.03,10.6,10.89,19383700,210200299.0
2026-09-24,sz,002789,*ST建艺,13.17,13.0,14.14,12.92,14.05,2978191,40911439.62
2026-09-24,sz,002790,瑞尔特,6.6,6.56,6.7,6.39,6.49,26130865,170452914.21
2026-09-24,sz,002791,坚朗五金,15.43,15.41,15.63,15.03,15.48,5648946,86703628.98
2026-09-24,sz,002792,通宇通讯,33.35,33.35,33.96,32.94,33.05,23264164,775665515.08
2026-09-24,sz,002793,罗欣药业,4.77,4.77,4.81,4.62,4.66,19495800,91286184.0
2026-09-24,sz,002795,永和智控,7.91,7.91,8.13,7.81,7.94,19556104,156213717.88
2026-09-24,sz,002796,世嘉科技,30.6,30.31,30.5,29.1,29.16,6986724,206394623.75
2026-09-24,sz,002797,第一创业,6.29,6.29,6.3,6.2,6.21,27346023,170515945.17
2026-09-24,sz,002798,帝欧水华,6.67,6.66,6.7,6.53,6.6,9892900,65487338.0
2026-09-24,sz,002799,环球印务,6.83,6.8,6.92,6.8,6.82,3675360,25220844.6
2026-09-24,sz,002800,天顺股份,14.68,14.75,14.87,14.6,14.64,1359600,19987766.0
2026-09-24,sz,002801,微光股份,26.94,26.9,27.64,26.82,27.1,1120000,30577394.0
2026-09-24,sz,002802,洪汇新材,12.38,12.39,12.56,12.29,12.42,1959600,24393237.0
2026-09-24,sz,002803,吉宏股份,19.88,19.8,20.49,19.39,19.42,12649720,252086724.33
2026-09-24,sz,002805,丰元股份,16.46,16.48,16.55,16.13,16.16,5291193,86161787.57
2026-09-24,sz,002806,华锋股份,15.28,15.18,15.53,15.17,15.21,5417500,82865042.0
2026-09-24,sz,002807,江阴银行,4.12,4.12,4.18,4.11,4.16,38222084,158861519.36
2026-09-24,sz,002809,红墙股份,8.39,8.35,8.49,8.3,8.49,3953613,33207567.88
2026-09-24,sz,002810,山东赫达,21.47,21.47,21.59,21.2,21.23,2937100,62779551.0
2026-09-24,sz,002811,郑中设计,17.16,17.17,17.2,16.23,16.36,22141150,370809634.5
2026-09-24,sz,002812,恩捷股份,47.5,47.31,47.75,46.28,46.3,8234507,385336059.56
2026-09-24,sz,002813,路畅科技,22.8,22.79,23.51,22.67,23.1,2250900,52268970.0
2026-09-24,sz,002815,崇达技术,24.86,24.69,24.85,23.8,23.83,63562171,1535413946.0
2026-09-24,sz,002816,*ST和科,21.56,21.4,21.65,21.01,21.29,1413000,30050824.0
2026-09-24,sz,002817,黄山胶囊,6.74,6.74,6.83,6.7,6.73,2946300,19913794.0
2026-09-24,sz,002818,富森美,11.14,11.14,11.19,11.09,11.15,2379565,26502173.65
2026-09-24,sz,002819,东方中科,24.24,26.1,26.66,25.86,26.66,18617775,493825163.3
2026-09-24,sz,002820,桂发祥,9.79,9.82,9.96,9.73,9.75,4922900,48322839.0
2026-09-24,sz,002821,凯莱英,188.01,188.08,188.98,178.27,178.3,8098790,1477641741.74
2026-09-24,sz,002822,ST中装,2.93,2.92,2.92,2.88,2.91,6498416,18859048.24
2026-09-24,sz,002823,凯中精密,13.0,12.94,13.1,12.92,12.92,2717063,35357649.14
2026-09-24,sz,002824,和胜股份,28.53,28.46,28.89,27.17,27.22,16403729,452958217.52
2026-09-24,sz,002825,纳尔股份,9.54,9.59,9.6,9.41,9.43,2124758,20197032.91
2026-09-24,sz,002826,易明医药,17.15,17.06,18.38,17.05,17.68,7810680,139345808.4
2026-09-24,sz,002827,高争民爆,79.41,77.58,78.55,74.03,76.59,12606475,965230029.25
2026-09-24,sz,002828,贝肯能源,10.73,10.75,10.99,10.74,10.85,5713600,62036429.0
2026-09-24,sz,002829,星网宇达,20.24,20.06,20.38,19.91,19.96,3476400,69922548.0
2026-09-24,sz,002830,名雕股份,14.99,14.84,15.12,14.84,14.98,2175000,32547953.0
2026-09-24,sz,002831,裕同科技,28.75,29.1,29.95,28.88,29.0,10829482,317964393.57
2026-09-24,sz,002832,比音勒芬,25.45,25.45,25.69,25.1,25.15,3347039,84980014.76
2026-09-24,sz,002833,弘亚数控,18.68,18.6,18.75,18.29,18.32,2842263,52562082.15
2026-09-24,sz,002835,同为股份,13.1,13.1,13.2,13.03,13.08,1475900,19366858.0
2026-09-24,sz,002836,新宏泽,11.15,10.81,12.27,10.55,12.27,24574038,286117123.36
2026-09-24,sz,002837,英维克,61.25,60.7,60.8,57.0,57.22,50944135,2960231519.42
2026-09-24,sz,002838,道恩股份,25.84,25.83,26.25,25.55,25.65,4293676,110708884.64
2026-09-24,sz,002839,张家港行,4.25,4.25,4.28,4.23,4.25,18524901,78781166.18
2026-09-24,sz,002840,华统股份,8.36,7.95,8.32,7.65,7.75,41953286,330780927.52
2026-09-24,sz,002841,视源股份,46.6,46.15,46.51,44.85,44.94,5337568,243531096.58
2026-09-24,sz,002842,翔鹭钨业,33.78,33.84,33.84,32.81,32.86,12577269,416532303.23
2026-09-24,sz,002843,泰嘉股份,16.18,16.11,16.14,15.65,15.71,5336700,84536145.0
2026-09-24,sz,002845,同兴达,14.51,14.44,14.55,13.98,14.02,6345100,90048882.0
2026-09-24,sz,002846,英联股份,11.4,11.38,12.04,11.17,11.28,21779760,250513524.6
2026-09-24,sz,002847,盐津铺子,43.2,43.3,43.78,42.86,43.15,1160020,50155464.0
2026-09-24,sz,002848,高斯贝尔,15.66,15.61,15.72,15.37,15.44,10974500,170030410.97
2026-09-24,sz,002849,威星智能,23.0,22.99,25.18,22.35,24.75,49739106,1205565005.98
2026-09-24,sz,002850,科达利,170.98,170.38,174.5,169.02,169.27,1961382,335139145.62
2026-09-24,sz,002851,麦格米特,122.85,121.8,129.27,119.1,122.61,41045485,5068624528.79
2026-09-24,sz,002852,道道全,8.08,8.04,8.55,8.04,8.09,13269403,108969762.42
2026-09-24,sz,002853,皮阿诺,21.73,21.74,21.87,21.18,21.26,655115,14086446.65
2026-09-24,sz,002855,捷荣技术,13.06,12.92,13.21,12.9,12.91,10427108,135919879.88
2026-09-24,sz,002856,*ST美芝,19.77,18.0,18.97,17.79,17.79,13145300,239343040.0
2026-09-24,sz,002857,三晖电气,17.77,17.78,18.13,17.61,17.69,1937144,34609828.72
2026-09-24,sz,002858,力盛体育,11.47,11.84,11.99,11.57,11.66,5904705,69153460.15
2026-09-24,sz,002859,洁美科技,68.65,68.0,71.18,65.6,65.63,13387733,900801245.6
2026-09-24,sz,002861,瀛通通讯,14.66,14.61,15.03,14.5,14.73,4355000,64320043.0
2026-09-24,sz,002862,实丰文化,15.7,15.49,15.69,15.2,15.35,3441020,52842918.6
2026-09-24,sz,002863,今飞凯达,4.73,4.72,4.8,4.7,4.76,7189820,34272817.0
2026-09-24,sz,002864,盘龙药业,21.22,21.16,21.42,20.94,20.95,1763680,37252086.89
2026-09-24,sz,002865,钧达股份,38.28,38.34,38.69,37.53,37.6,4416500,167879277.0
2026-09-24,sz,002866,传艺科技,14.48,14.47,14.65,14.28,14.3,4056900,58647801.05
2026-09-24,sz,002867,周大生,10.17,10.16,10.21,10.02,10.07,6792104,68584792.08
2026-09-24,sz,002868,绿康生化,22.88,22.71,23.0,22.38,22.42,1844127,41746860.2
2026-09-24,sz,002869,金溢科技,16.77,16.74,17.25,16.61,16.81,5336005,90536981.98
2026-09-24,sz,002870,香山股份,49.36,49.5,49.51,47.82,48.2,2326400,112757862.0
2026-09-24,sz,002871,伟隆股份,18.84,18.8,18.89,18.16,18.2,2946615,54378811.0
2026-09-24,sz,002872,ST天圣,5.96,5.95,5.97,5.89,5.94,2732200,16173032.0
2026-09-24,sz,002873,新天药业,8.45,8.49,8.55,8.33,8.38,4548629,38236610.34
2026-09-24,sz,002875,安奈儿,13.1,13.11,13.31,12.93,12.97,2721700,35642838.0
2026-09-24,sz,002876,三利谱,33.2,33.09,33.34,32.45,32.54,3353096,110023675.28
2026-09-24,sz,002877,智能自控,7.45,7.51,7.51,7.42,7.45,2964900,22128644.0
2026-09-24,sz,002878,元隆雅图,12.61,12.61,12.76,12.48,12.58,3261100,41113603.0
2026-09-24,sz,002879,长缆科技,16.85,16.86,18.54,16.41,17.92,23038056,407311127.47
2026-09-24,sz,002880,卫光生物,21.87,21.88,21.99,21.47,21.51,1550100,33570026.2
2026-09-24,sz,002881,美格智能,46.25,45.81,46.4,45.0,45.53,6340968,290231117.82
2026-09-24,sz,002882,金龙羽,22.06,21.97,22.15,21.68,21.71,5270700,114939534.0
2026-09-24,sz,002883,*ST中设,9.22,9.11,9.27,9.11,9.26,258320,2380746.8
2026-09-24,sz,002884,凌霄泵业,15.45,15.49,15.49,15.33,15.4,1095168,16867444.48
2026-09-24,sz,002885,京泉华,28.76,28.5,28.89,28.03,28.04,9524185,270230425.5
2026-09-24,sz,002886,沃特股份,27.14,26.87,26.87,25.51,25.51,31106286,812151990.87
2026-09-24,sz,002887,绿茵生态,9.05,9.1,9.2,8.98,9.14,3815636,34718118.92
2026-09-24,sz,002888,惠威科技,18.69,18.89,19.2,18.55,19.03,2873460,54539487.0
2026-09-24,sz,002889,东方嘉盛,11.96,11.98,12.17,11.86,12.06,1691094,20390020.36
2026-09-24,sz,002890,弘宇股份,15.35,15.36,15.59,15.26,15.31,1458709,22547643.24
2026-09-24,sz,002891,中宠股份,28.43,28.42,28.62,27.74,27.83,5114173,143077937.25
2026-09-24,sz,002892,科力尔,8.63,8.6,8.78,8.56,8.63,5193280,45153205.2
2026-09-24,sz,002893,京能热力,10.25,10.2,10.34,10.13,10.15,5381400,54875132.0
2026-09-24,sz,002895,川恒股份,30.89,30.85,31.15,30.17,30.17,3689512,112451972.09
2026-09-24,sz,002896,中大力德,60.74,60.74,62.46,60.31,61.22,7594515,468636170.24
2026-09-24,sz,002897,意华股份,67.85,67.54,67.98,65.71,65.71,7811134,520791462.21
2026-09-24,sz,002899,英派斯,21.34,21.41,21.71,20.91,21.14,4302407,91376699.79
2026-09-24,sz,002900,哈三联,12.84,12.8,13.15,12.55,12.61,14980700,191257697.0
2026-09-24,sz,002901,大博医疗,41.72,41.72,42.7,41.12,41.34,1999500,83620423.0
2026-09-24,sz,002902,铭普光磁,28.83,28.51,28.7,27.84,27.86,16057540,452212625.0
2026-09-24,sz,002903,宇环数控,30.67,30.59,30.94,29.89,29.99,5390402,163171881.84
2026-09-24,sz,002905,金逸影视,8.94,8.95,9.02,8.71,8.78,5626300,49672163.86
2026-09-24,sz,002906,华阳集团,27.78,27.64,28.12,27.39,27.5,4196700,116429792.0
2026-09-24,sz,002907,华森制药,14.71,14.7,14.84,14.4,14.43,7469000,108748487.0
2026-09-24,sz,002908,德生科技,7.02,7.03,7.09,6.97,7.0,2908000,20450285.0
2026-09-24,sz,002909,集泰股份,7.54,7.67,8.29,7.67,8.29,75549359,611961229.51
2026-09-24,sz,002910,庄园牧场,10.03,10.02,10.1,9.88,9.98,3857600,38459948.0
2026-09-24,sz,002911,佛燃能源,11.06,11.04,11.26,10.97,11.17,3553947,39561886.75
2026-09-24,sz,002912,中新赛克,25.41,25.6,25.92,23.92,24.06,17515606,428899433.25
2026-09-24,sz,002913,奥士康,90.86,90.56,90.99,86.55,86.8,10585160,934156056.18
2026-09-24,sz,002915,中欣氟材,17.05,16.99,17.14,16.81,16.82,3675221,62284850.61
2026-09-24,sz,002916,深南电路,414.77,414.77,415.92,392.32,394.5,6949236,2779398514.41
2026-09-24,sz,002917,金奥博,10.23,10.27,10.27,10.11,10.14,1696400,17260076.0
2026-09-24,sz,002918,蒙娜丽莎,10.86,10.54,10.88,10.47,10.56,19143362,203310513.44
2026-09-24,sz,002919,名臣健康,16.49,16.49,17.09,16.35,16.48,3309216,55251977.76
2026-09-24,sz,002920,德赛西威,83.51,83.39,84.86,82.88,82.88,3107785,260203094.8
2026-09-24,sz,002921,联诚精密,21.25,21.11,21.4,20.64,20.89,4610360,96257873.2
2026-09-24,sz,002922,伊戈尔,23.44,23.21,23.7,22.71,22.75,9113659,210166854.13
2026-09-24,sz,002923,润都股份,11.06,11.03,11.14,10.81,10.85,4578638,49990349.54
2026-09-24,sz,002925,盈趣科技,24.58,24.52,24.52,22.98,23.02,14047869,332227713.99
2026-09-24,sz,002926,华西证券,8.35,8.32,8.35,8.2,8.23,10671678,88134412.5
2026-09-24,sz,002927,泰永长征,19.33,19.1,20.45,18.92,19.58,14277800,282642000.99
2026-09-24,sz,002928,华夏航空,6.5,6.38,6.38,6.18,6.2,39082047,244692137.69
2026-09-24,sz,002929,润建股份,51.96,51.96,52.45,51.4,51.4,4670401,242199187.99
2026-09-24,sz,002930,宏川智慧,9.1,9.07,9.3,9.01,9.17,4472202,41075667.05
2026-09-24,sz,002931,锋龙股份,40.85,40.65,42.1,40.47,40.48,5301924,217970041.56
2026-09-24,sz,002932,*ST明德,15.35,15.25,15.4,15.25,15.26,516406,7907807.29
2026-09-24,sz,002933,新兴装备,27.81,27.77,28.07,27.67,27.73,996100,27762393.0
2026-09-24,sz,002935,天奥电子,17.52,17.29,19.27,16.99,18.08,30047476,545664369.39
2026-09-24,sz,002936,郑州银行,1.74,1.74,1.75,1.71,1.71,113951312,197040759.38
2026-09-24,sz,002937,兴瑞科技,30.13,29.83,30.81,28.88,30.25,25728365,775437409.12
2026-09-24,sz,002938,鹏鼎控股,88.19,87.1,87.99,82.68,82.94,27503106,2313559610.82
2026-09-24,sz,002939,长城证券,7.87,7.86,7.86,7.76,7.76,14377350,112043613.5
2026-09-24,sz,002940,昂利康,23.28,23.3,23.47,22.8,22.84,4067474,93796946.35
2026-09-24,sz,002941,新疆交建,10.44,10.39,10.57,10.34,10.4,5157576,53838316.4
2026-09-24,sz,002942,新农股份,16.93,16.93,17.08,16.76,16.77,2398200,40468157.0
2026-09-24,sz,002943,宇晶股份,31.58,31.29,32.48,31.01,31.05,8402695,265915835.16
2026-09-24,sz,002945,华林证券,14.77,14.77,14.9,14.43,14.48,9939100,144955851.0
2026-09-24,sz,002946,新乳业,14.45,14.42,14.55,14.3,14.33,2929060,42171346.8
2026-09-24,sz,002947,恒铭达,65.77,65.36,65.98,63.12,63.41,4924377,315838903.48
2026-09-24,sz,002948,青岛银行,6.02,6.02,6.1,6.01,6.04,30396710,184418233.3
2026-09-24,sz,002949,华阳国际,13.03,13.0,13.32,12.87,13.08,4889600,64178489.0
2026-09-24,sz,002950,奥美医疗,8.64,8.62,8.72,8.53,8.55,3967800,34182189.0
2026-09-24,sz,002951,金时科技,16.83,16.56,17.73,16.42,16.98,14054881,241458085.99
2026-09-24,sz,002952,亚世光电,19.63,19.55,19.71,19.29,19.33,3405100,66380203.0
2026-09-24,sz,002953,日丰股份,10.35,10.35,10.47,10.27,10.29,6085469,63050188.72
2026-09-24,sz,002955,鸿合科技,37.41,37.46,38.25,36.91,37.46,5015900,188892733.0
2026-09-24,sz,002956,西麦食品,17.67,17.68,17.74,17.22,17.33,2935933,51199631.56
2026-09-24,sz,002957,科瑞技术,43.88,43.58,43.66,41.35,41.4,21685675,914776397.5
2026-09-24,sz,002958,青农商行,2.9,2.9,2.91,2.87,2.89,60140800,173824313.0
2026-09-24,sz,002959,小熊电器,31.7,31.74,31.99,31.58,31.58,387945,12336924.55
2026-09-24,sz,002960,青鸟智控,8.94,8.88,8.9,8.76,8.78,6508098,57284835.96
2026-09-24,sz,002961,瑞达期货,13.73,13.7,13.82,13.4,13.56,13057725,177139309.46
2026-09-24,sz,002962,五方光电,13.71,13.63,13.75,13.35,13.42,6279140,85015316.4
2026-09-24,sz,002963,豪尔赛,23.9,24.0,24.15,22.88,23.51,9641504,226591180.64
2026-09-24,sz,002965,祥鑫科技,32.37,32.15,32.62,31.36,31.79,11052780,352481784.7
2026-09-24,sz,002966,苏州银行,9.09,9.06,9.31,9.04,9.2,35275151,324625097.66
2026-09-24,sz,002967,广电计量,17.56,17.48,18.4,17.41,18.11,11050814,198365853.16
2026-09-24,sz,002968,新大正,9.99,9.8,9.97,9.67,9.75,7752726,76129740.5
2026-09-24,sz,002969,嘉美包装,11.18,11.15,11.25,11.02,11.1,15230900,169466099.0
2026-09-24,sz,002970,锐明技术,43.93,43.68,43.77,42.24,42.35,3240600,138961349.0
2026-09-24,sz,002971,和远气体,41.78,40.74,43.25,40.38,43.19,28026150,1183860211.24
2026-09-24,sz,002972,科安达,13.43,13.29,13.43,13.07,13.29,4059640,53704416.4
2026-09-24,sz,002973,侨银股份,12.86,12.81,12.93,12.35,12.35,5215100,65344410.0
2026-09-24,sz,002975,博杰股份,110.57,112.63,117.64,110.59,110.9,16122940,1826367126.15
2026-09-24,sz,002976,瑞玛精密,25.64,25.91,26.2,24.13,24.28,13655221,341561650.17
2026-09-24,sz,002977,*ST天箭,19.57,19.39,20.16,19.39,19.66,1305300,25775050.6
2026-09-24,sz,002978,安宁股份,25.23,25.29,25.29,24.8,24.8,1198600,29928211.0
2026-09-24,sz,002979,雷赛智能,54.14,54.0,55.38,53.7,53.99,4807426,261956157.12
2026-09-24,sz,002980,华盛昌,116.05,114.34,115.69,108.02,108.11,8774800,969906687.0
2026-09-24,sz,002981,朝阳科技,24.63,24.39,25.16,24.21,24.24,4012935,98941321.35
2026-09-24,sz,002982,湘佳股份,12.55,12.53,12.66,12.38,12.42,3166824,39597128.72
2026-09-24,sz,002983,芯瑞达,22.66,22.5,22.75,22.1,22.17,1864859,41730543.66
2026-09-24,sz,002984,森麒麟,13.06,13.02,13.17,12.86,12.93,7342418,95691713.78
2026-09-24,sz,002985,北摩高科,27.87,27.84,27.92,27.24,27.43,2869476,79093334.84
2026-09-24,sz,002986,宇新股份,13.21,13.19,13.27,12.77,12.8,3587146,46534864.68
2026-09-24,sz,002987,京北方,10.77,10.77,10.8,10.55,10.55,6800940,72372082.32
2026-09-24,sz,002988,豪美新材,31.61,31.9,31.9,30.8,31.0,3060300,95480241.0
2026-09-24,sz,002989,中天精装,27.96,27.31,27.53,25.8,25.83,14879474,392342867.28
2026-09-24,sz,002990,盛视科技,54.56,54.45,57.53,53.39,56.45,19498844,1095988913.8
2026-09-24,sz,002991,甘源食品,37.5,37.39,37.66,37.1,37.11,456100,17027708.4
2026-09-24,sz,002992,宝明科技,35.14,34.66,35.11,33.5,33.53,2208000,75325854.96
2026-09-24,sz,002993,奥海科技,35.47,35.28,35.5,34.18,34.28,3980230,138050896.1
2026-09-24,sz,002995,天地在线,17.34,17.23,17.55,17.0,17.02,4446728,76488321.44
2026-09-24,sz,002996,顺博合金,5.94,5.95,5.97,5.88,5.88,4341520,25661803.4
2026-09-24,sz,002997,瑞鹄模具,26.32,26.33,26.45,26.13,26.14,1365517,35875452.03
2026-09-24,sz,002998,优彩资源,8.13,8.09,8.42,8.04,8.26,13565100,111783698.0
2026-09-24,sz,002999,天禾股份,6.39,6.41,6.44,6.3,6.35,8119400,51555948.94
2026-09-24,sz,003000,劲仔食品,9.34,9.36,9.42,9.34,9.38,2475131,23231966.52
2026-09-24,sz,003001,中岩大地,21.5,21.39,21.88,20.87,21.1,12244691,261117800.79
2026-09-24,sz,003002,壶化股份,15.83,15.7,15.87,15.35,15.4,4260700,66162129.0
2026-09-24,sz,003003,天元股份,10.93,10.96,11.11,10.85,10.98,3761178,41245104.4
2026-09-24,sz,003004,声迅股份,60.62,60.22,61.4,58.06,58.06,1703800,100943290.25
2026-09-24,sz,003005,竞业达,14.87,14.66,15.16,14.63,14.85,13727608,205536646.12
2026-09-24,sz,003006,百亚股份,21.59,22.0,22.75,21.91,22.64,50203612,1127180385.96
2026-09-24,sz,003007,直真科技,40.78,41.35,41.49,40.4,40.76,1454504,59583104.8
2026-09-24,sz,003008,开普检测,19.94,19.9,20.18,19.72,19.75,778550,15497429.7
2026-09-24,sz,003009,中天火箭,46.7,46.7,47.55,46.41,46.58,2530942,118667580.49
2026-09-24,sz,003010,若羽臣,27.89,27.8,29.24,27.6,28.45,6822795,196099579.97
2026-09-24,sz,003011,海象新材,20.78,20.59,20.68,19.9,19.98,4115864,83018233.12
2026-09-24,sz,003012,东鹏控股,4.68,4.66,4.75,4.58,4.61,8085200,37525113.0
2026-09-24,sz,003013,地铁设计,16.2,16.2,16.46,15.61,16.3,6516718,105254733.25
2026-09-24,sz,003015,日久光电,12.58,12.57,12.59,12.36,12.39,2996300,37380621.0
2026-09-24,sz,003016,欣贺股份,7.5,7.52,7.72,7.42,7.7,6857388,52549454.45
2026-09-24,sz,003017,大洋生物,23.0,23.0,23.16,22.85,22.9,1500828,34495095.8
2026-09-24,sz,003018,金富科技,49.27,48.95,49.24,47.88,48.5,8397790,408293372.88
2026-09-24,sz,003019,宸展光电,27.9,27.68,27.87,27.28,27.41,2619200,72187116.0
2026-09-24,sz,003020,立方制药,17.75,17.6,17.75,16.96,16.99,3528916,60962971.51
2026-09-24,sz,003021,兆威机电,70.75,70.78,72.18,69.78,69.87,2629900,186306521.0
2026-09-24,sz,003022,联泓新科,19.47,19.39,20.18,19.16,19.18,8146729,160002770.31
2026-09-24,sz,003023,彩虹集团,26.09,26.09,26.43,25.62,25.73,1259800,32773615.0
2026-09-24,sz,003025,思进智能,12.41,12.43,12.46,12.2,12.2,2202540,27089689.4
2026-09-24,sz,003026,中晶科技,36.0,35.3,37.44,35.28,35.55,31686184,1154683897.18
2026-09-24,sz,003027,同兴科技,16.53,16.53,16.76,16.39,16.54,1268200,21094532.0
2026-09-24,sz,003028,振邦智能,23.86,23.98,24.03,23.31,23.61,825000,19599508.0
2026-09-24,sz,003029,吉大正元,17.48,17.0,17.88,16.8,17.59,8619708,149378648.04
2026-09-24,sz,003030,祖名股份,27.27,27.34,27.44,26.65,26.87,2529500,68124502.0
2026-09-24,sz,003031,中瓷电子,134.6,134.59,136.23,129.28,129.35,8220979,1086757439.21
2026-09-24,sz,003032,传智教育,9.26,8.89,9.54,8.89,9.0,56974547,520458594.21
2026-09-24,sz,003033,征和工业,95.38,94.93,95.38,91.05,91.74,2628650,243068610.0
2026-09-24,sz,003035,南网能源,5.34,5.33,5.36,5.28,5.31,21548000,114747007.0
2026-09-24,sz,003036,泰坦股份,58.8,58.24,60.55,56.3,56.56,14901729,867944072.4
2026-09-24,sz,003037,三和管桩,5.84,5.84,5.85,5.77,5.8,3164266,18358488.8
2026-09-24,sz,003038,鑫铂股份,10.71,10.71,10.87,10.67,10.71,2625700,28248467.6
2026-09-24,sz,003039,顺控发展,12.66,12.6,12.73,12.52,12.62,4602100,58103198.6
2026-09-24,sz,003040,楚天龙,15.91,14.9,15.18,14.44,14.5,68418246,1003340053.91
2026-09-24,sz,003041,真爱美家,42.79,42.71,43.12,41.2,41.31,2536800,106230078.0
2026-09-24,sz,003042,中农联合,14.3,14.56,15.13,14.1,14.29,9713300,140974141.45
2026-09-24,sz,003043,华亚智能,64.82,63.88,65.37,63.03,63.1,4048560,259720646.6
2026-09-24,sz,003816,中国广核,4.18,4.17,4.23,4.16,4.19,73046295,306825084.05
