date,market,code,name,prev_close,open,high,low,close,volume,amount
2026-09-29,sh,600000,浦发银行,9.16,9.15,9.25,9.09,9.18,80509739,739740988.0
2026-09-29,sh,600004,白云机场,7.62,7.61,7.68,7.59,7.61,5568942,42491723.0
2026-09-29,sh,600006,东风股份,5.83,5.7,5.7,5.55,5.58,58490300,327228296.0
2026-09-29,sh,600007,中国国贸,19.93,20.0,20.45,19.95,20.35,2321700,46938084.0
2026-09-29,sh,600008,首创环保,2.68,2.67,2.72,2.67,2.71,47143892,127508811.0
2026-09-29,sh,600009,上海机场,22.36,22.35,22.45,22.3,22.38,4653415,104075874.0
2026-09-29,sh,600010,包钢股份,2.06,2.06,2.1,2.05,2.08,238726515,496195254.0
2026-09-29,sh,600011,华能国际,6.94,6.91,7.0,6.89,6.95,86077517,598957987.0
2026-09-29,sh,600012,皖通高速,15.5,15.46,15.54,15.28,15.47,3352097,51679293.0
2026-09-29,sh,600015,华夏银行,6.18,6.19,6.23,6.17,6.21,42607655,264347017.0
2026-09-29,sh,600016,民生银行,3.44,3.44,3.5,3.43,3.47,208355248,723309741.0
2026-09-29,sh,600017,日照港,2.79,2.79,2.83,2.77,2.81,24889272,69954732.0
2026-09-29,sh,600018,上港集团,5.38,5.39,5.47,5.38,5.43,48625011,264068289.0
2026-09-29,sh,600019,宝钢股份,5.8,5.8,5.9,5.78,5.85,99682690,581948307.0
2026-09-29,sh,600020,中原高速,3.8,3.8,3.84,3.78,3.83,7145365,27310416.0
2026-09-29,sh,600021,上海电力,12.77,12.77,12.88,12.74,12.78,10340862,132356368.0
2026-09-29,sh,600022,山东钢铁,1.27,1.27,1.3,1.26,1.3,86582529,111789502.0
2026-09-29,sh,600023,浙能电力,5.19,5.18,5.24,5.14,5.18,40271584,208998799.0
2026-09-29,sh,600025,华能水电,9.87,9.87,9.94,9.76,9.78,27966075,274603567.0
2026-09-29,sh,600026,中远海能,21.23,21.02,21.23,20.24,20.27,70583254,1450562106.0
2026-09-29,sh,600027,华电国际,4.89,4.85,4.92,4.84,4.86,64336400,313709185.0
2026-09-29,sh,600028,中国石化,5.41,5.37,5.42,5.26,5.28,206807039,1098438820.0
2026-09-29,sh,600029,南方航空,4.82,4.81,4.84,4.8,4.84,24785799,119593200.0
2026-09-29,sh,600030,中信证券,25.94,25.81,26.03,25.8,25.82,67529391,1749188442.0
2026-09-29,sh,600031,三一重工,17.19,17.17,17.36,16.95,17.06,52697826,899299051.0
2026-09-29,sh,600032,浙江新能,7.43,7.68,8.17,7.63,8.17,56578020,454863353.0
2026-09-29,sh,600033,福建高速,3.59,3.57,3.63,3.51,3.62,30177175,108476074.0
2026-09-29,sh,600035,楚天高速,3.65,3.63,3.69,3.63,3.68,11536500,42320776.0
2026-09-29,sh,600036,招商银行,40.64,40.49,40.78,40.22,40.51,44934573,1819946991.0
2026-09-29,sh,600037,歌华有线,6.94,6.92,7.08,6.92,7.06,14810503,104100643.0
2026-09-29,sh,600038,中直股份,26.79,26.7,26.92,26.42,26.6,3221466,85587610.0
2026-09-29,sh,600039,四川路桥,8.62,8.65,8.75,8.53,8.69,17679833,152857658.0
2026-09-29,sh,600048,保利发展,5.61,5.63,5.87,5.63,5.84,404305436,2347054492.0
2026-09-29,sh,600050,中国联通,4.13,4.12,4.19,4.11,4.17,111551178,463629569.0
2026-09-29,sh,600051,宁波联合,6.25,6.26,6.43,6.23,6.39,4823235,30651069.0
2026-09-29,sh,600052,东望时代,3.71,3.74,3.81,3.69,3.8,11723403,44205717.0
2026-09-29,sh,600053,*ST九鼎,7.68,7.63,7.78,7.6,7.69,1256700,9641715.0
2026-09-29,sh,600054,黄山旅游,10.51,10.51,10.57,10.41,10.53,3187149,33494034.0
2026-09-29,sh,600055,万东医疗,10.45,10.48,10.49,10.34,10.42,3185659,33207420.0
2026-09-29,sh,600056,中国医药,8.84,8.81,8.89,8.77,8.78,7257186,63966823.0
2026-09-29,sh,600057,厦门象屿,6.03,6.03,6.1,5.98,6.0,10843269,65427072.0
2026-09-29,sh,600058,五矿发展,8.66,8.6,8.81,8.55,8.56,9483546,82034200.0
2026-09-29,sh,600059,古越龙山,11.73,12.0,12.11,10.56,11.15,113040680,1233597416.0
2026-09-29,sh,600060,海信视像,27.26,27.14,27.41,26.7,27.23,5004700,135441758.0
2026-09-29,sh,600061,国投资本,6.09,6.09,6.18,6.09,6.15,24201323,148766763.0
2026-09-29,sh,600062,华润双鹤,15.98,15.9,16.08,15.86,15.92,3797688,60530546.0
2026-09-29,sh,600063,皖维高新,5.35,5.31,5.36,5.29,5.35,18068633,96367315.0
2026-09-29,sh,600064,南京高科,7.63,7.65,7.78,7.63,7.75,17915018,138562557.0
2026-09-29,sh,600066,宇通客车,26.22,26.18,26.42,25.76,26.34,16143240,420929792.0
2026-09-29,sh,600067,冠城新材,2.58,2.58,2.64,2.57,2.62,35557234,93190877.0
2026-09-29,sh,600071,凤凰光学,16.16,16.01,16.34,16.01,16.24,1222599,19864032.0
2026-09-29,sh,600072,中船科技,8.74,8.74,8.86,8.68,8.82,11489725,100786623.0
2026-09-29,sh,600073,光明肉业,5.46,5.45,5.5,5.44,5.48,6100200,33388792.0
2026-09-29,sh,600075,新疆天业,4.53,4.51,4.55,4.47,4.52,11974125,53929041.0
2026-09-29,sh,600076,康欣新材,2.1,2.1,2.15,2.08,2.14,23988243,51212376.0
2026-09-29,sh,600078,澄星股份,9.66,9.67,9.88,9.63,9.78,6858936,67172705.0
2026-09-29,sh,600079,ST人福,18.81,18.8,19.0,18.75,18.83,6073900,114734719.0
2026-09-29,sh,600080,ST金花,4.65,4.65,4.69,4.64,4.64,1585300,7389686.0
2026-09-29,sh,600081,东风科技,10.65,10.62,10.9,10.61,10.81,5521110,59582609.0
2026-09-29,sh,600082,ST海泰,3.43,3.4,3.46,3.29,3.35,12187200,41195280.0
2026-09-29,sh,600084,*ST尼雅,4.32,4.32,4.39,4.32,4.38,1494910,6519543.0
2026-09-29,sh,600085,同仁堂,23.33,23.28,23.49,23.22,23.3,2455776,57276138.0
2026-09-29,sh,600088,中视传媒,12.61,12.5,13.52,12.48,13.34,21431502,281702599.0
2026-09-29,sh,600089,特变电工,17.26,17.18,17.27,17.13,17.15,33781701,580527416.0
2026-09-29,sh,600094,大名城,3.97,3.98,4.13,3.95,4.13,34182857,139288520.0
2026-09-29,sh,600095,湘财股份,8.52,8.59,8.98,8.52,8.86,54412219,479534817.0
2026-09-29,sh,600096,云天化,27.16,27.1,27.34,27.06,27.32,8478641,230648423.0
2026-09-29,sh,600097,开创国际,9.23,9.19,9.31,9.13,9.29,2230430,20616349.0
2026-09-29,sh,600098,广州发展,6.25,6.24,6.29,6.17,6.2,12064822,74908878.0
2026-09-29,sh,600099,林海股份,9.36,9.4,9.49,9.27,9.41,3469349,32672325.0
2026-09-29,sh,600100,同方股份,6.48,6.48,6.54,6.44,6.51,14493511,94225304.0
2026-09-29,sh,600101,明星电力,7.77,7.75,7.82,7.72,7.78,5579919,43435519.0
2026-09-29,sh,600103,青山纸业,3.42,3.46,3.5,3.35,3.41,98988166,339927392.0
2026-09-29,sh,600104,上汽集团,10.77,10.76,10.84,10.67,10.71,32344850,347169939.0
2026-09-29,sh,600105,永鼎股份,38.28,37.21,37.62,36.18,37.0,110437957,4068873635.0
2026-09-29,sh,600106,重庆路桥,4.31,4.31,4.52,4.29,4.45,15572429,68848516.0
2026-09-29,sh,600107,*ST尔雅,5.65,5.66,5.7,5.61,5.64,684215,3871634.0
2026-09-29,sh,600108,亚盛集团,3.91,3.88,3.94,3.84,3.87,106825903,415438617.0
2026-09-29,sh,600109,国金证券,8.0,7.99,8.12,7.99,8.08,12065305,97377456.0
2026-09-29,sh,600110,诺德股份,10.88,10.81,11.38,10.81,11.18,88315630,985914986.0
2026-09-29,sh,600111,北方稀土,35.57,35.27,35.85,35.26,35.41,20035924,710918997.0
2026-09-29,sh,600113,浙江东日,28.2,28.2,28.26,27.51,27.86,2120050,59249509.0
2026-09-29,sh,600114,东睦股份,25.19,25.0,25.64,24.94,25.37,7125427,180865117.0
2026-09-29,sh,600115,中国东航,3.31,3.29,3.32,3.29,3.32,80909939,267815008.0
2026-09-29,sh,600116,三峡水利,6.11,6.09,6.17,6.07,6.08,9534944,58292397.0
2026-09-29,sh,600117,西宁特钢,2.13,2.13,2.18,2.12,2.16,10949245,23664249.0
2026-09-29,sh,600118,中国卫星,56.11,55.88,56.5,55.13,55.27,12914687,717040819.0
2026-09-29,sh,600119,*ST长投,4.79,4.75,4.85,4.75,4.78,574516,2758981.0
2026-09-29,sh,600120,浙江东方,4.58,4.58,4.66,4.56,4.63,20995633,97241031.0
2026-09-29,sh,600121,郑州煤电,5.1,5.08,5.36,4.99,5.33,225777700,1175225248.0
2026-09-29,sh,600123,兰花科创,6.97,6.95,6.97,6.71,6.81,17753441,120661547.0
2026-09-29,sh,600125,铁龙物流,5.2,5.2,5.25,5.19,5.22,5838408,30541662.0
2026-09-29,sh,600126,杭钢股份,5.92,5.9,6.07,5.9,5.99,23588700,141321941.0
2026-09-29,sh,600127,金健米业,14.84,13.6,14.08,13.36,13.36,147667009,1984010278.0
2026-09-29,sh,600128,苏豪弘业,8.61,8.55,8.7,8.46,8.64,3262829,28191612.0
2026-09-29,sh,600129,太极集团,13.34,13.35,13.5,13.18,13.19,6917310,92003374.0
2026-09-29,sh,600130,波导股份,4.53,4.49,4.63,4.46,4.59,14123499,64854370.0
2026-09-29,sh,600131,国网信通,14.05,13.99,14.12,13.96,13.99,3923501,55023406.0
2026-09-29,sh,600132,重庆啤酒,37.6,37.6,37.7,37.23,37.26,1802400,67365368.0
2026-09-29,sh,600133,东湖高新,7.72,7.7,7.85,7.69,7.79,8050008,62698311.0
2026-09-29,sh,600135,乐凯胶片,7.41,7.39,7.58,7.36,7.54,6801641,51196834.0
2026-09-29,sh,600136,ST明诚,1.45,1.45,1.48,1.45,1.47,6193200,9064497.0
2026-09-29,sh,600137,浪莎股份,17.88,17.91,18.45,17.8,18.26,1306000,23765757.0
2026-09-29,sh,600138,中青旅,6.93,6.9,7.0,6.89,6.94,3614308,25157808.0
2026-09-29,sh,600141,兴发集团,27.07,27.07,27.2,26.28,26.5,21173425,565167370.0
2026-09-29,sh,600143,金发科技,12.88,12.89,12.93,12.74,12.74,16032929,205271814.0
2026-09-29,sh,600148,长春一东,15.74,15.74,15.98,15.68,15.92,1758250,27893174.0
2026-09-29,sh,600149,廊坊发展,5.04,5.04,5.17,5.0,5.14,8810724,45107930.0
2026-09-29,sh,600150,中国船舶,38.08,37.97,39.15,37.57,38.95,95900635,3686067110.0
2026-09-29,sh,600151,航天机电,9.18,9.17,9.31,9.13,9.14,11862297,108962564.0
2026-09-29,sh,600152,维科技术,7.56,7.56,8.32,7.5,8.32,35782979,288851159.0
2026-09-29,sh,600153,建发股份,8.46,8.46,8.7,8.45,8.65,26300132,226845869.0
2026-09-29,sh,600155,华创云信,5.81,5.8,5.94,5.79,5.92,18973652,111771618.0
2026-09-29,sh,600156,华升股份,8.26,8.26,9.09,8.1,8.17,59808900,511969663.0
2026-09-29,sh,600157,永泰能源,1.43,1.43,1.46,1.42,1.45,355182572,513870241.0
2026-09-29,sh,600158,中体产业,6.93,6.9,7.01,6.89,6.98,14406013,100452756.0
2026-09-29,sh,600159,大龙地产,2.72,2.72,2.85,2.72,2.83,21095340,59069028.0
2026-09-29,sh,600160,巨化股份,33.54,33.5,33.6,32.4,33.1,29963910,986564139.0
2026-09-29,sh,600161,天坛生物,12.22,12.23,12.3,12.1,12.12,7267803,88441452.0
2026-09-29,sh,600162,香江控股,4.39,4.4,4.46,4.28,4.32,57927411,252465157.0
2026-09-29,sh,600163,中闽能源,5.38,5.42,5.75,5.4,5.55,77363377,433340673.0
2026-09-29,sh,600165,宁科生物,3.37,3.4,3.4,3.23,3.25,19402300,63632142.0
2026-09-29,sh,600166,福田汽车,2.75,2.75,2.78,2.73,2.76,67849776,187044857.0
2026-09-29,sh,600167,联美控股,5.48,5.48,5.57,5.47,5.52,4127800,22859034.0
2026-09-29,sh,600168,武汉控股,4.34,4.32,4.42,4.32,4.38,3700340,16241561.0
2026-09-29,sh,600169,ST太重,2.16,2.15,2.18,2.15,2.18,6579620,14263652.0
2026-09-29,sh,600170,上海建工,2.17,2.17,2.22,2.17,2.21,123226952,271577975.0
2026-09-29,sh,600171,上海贝岭,22.18,22.07,22.48,22.01,22.14,5395665,119892007.0
2026-09-29,sh,600172,黄河旋风,16.5,15.99,16.0,14.85,14.9,196751764,2991180095.0
2026-09-29,sh,600173,卧龙新能,5.73,5.79,5.96,5.76,5.93,5930367,34959689.0
2026-09-29,sh,600176,中国巨石,39.27,39.0,39.96,38.7,39.69,120826952,4754132278.0
2026-09-29,sh,600177,雅戈尔,8.29,8.3,8.36,8.21,8.33,19853762,164903352.0
2026-09-29,sh,600178,东安动力,10.08,9.87,10.12,9.82,9.92,14617252,145700145.0
2026-09-29,sh,600179,安通控股,4.39,4.38,4.41,4.33,4.35,18986377,82671404.0
2026-09-29,sh,600180,*ST瑞茂,1.5,1.52,1.54,1.49,1.5,9379103,14203184.0
2026-09-29,sh,600182,S佳通,12.28,12.28,12.55,12.28,12.52,1425000,17705161.0
2026-09-29,sh,600183,生益科技,131.95,131.84,134.52,129.2,132.98,36502950,4812206364.0
2026-09-29,sh,600184,光电股份,18.06,17.88,18.23,17.83,18.12,11885374,215283880.0
2026-09-29,sh,600185,珠免集团,4.66,4.68,4.8,4.65,4.77,23400594,111139570.0
2026-09-29,sh,600186,莲花控股,12.02,11.75,11.97,11.39,11.57,179356571,2081293751.0
2026-09-29,sh,600187,*ST国中,1.24,1.23,1.26,1.23,1.24,11583050,14444452.0
2026-09-29,sh,600188,XD兖矿能,19.46,19.46,19.56,18.88,19.26,26130791,499670311.0
2026-09-29,sh,600189,泉阳泉,8.19,8.2,9.01,8.19,9.01,20151059,176318999.0
2026-09-29,sh,600191,华资实业,8.86,8.86,8.91,8.7,8.74,5443008,47872740.0
2026-09-29,sh,600192,长城电工,7.16,7.2,7.3,7.08,7.25,10069200,72823579.0
2026-09-29,sh,600195,中牧股份,6.67,6.63,6.69,6.58,6.64,4181858,27777662.0
2026-09-29,sh,600196,复星医药,23.24,23.18,23.96,23.12,23.39,29058014,685277902.0
2026-09-29,sh,600197,伊力特,9.17,9.16,9.26,9.14,9.18,1743264,16029935.0
2026-09-29,sh,600198,大唐电信,7.25,7.24,7.31,7.2,7.27,8705489,63315853.0
2026-09-29,sh,600199,金种子酒,6.83,6.77,6.97,6.77,6.89,13687667,94499821.0
2026-09-29,sh,600201,生物股份,11.41,11.38,11.54,11.3,11.43,8695645,99467933.0
2026-09-29,sh,600202,哈空调,5.15,5.15,5.27,5.06,5.24,5845723,30507066.0
2026-09-29,sh,600203,福日电子,9.68,9.69,9.98,9.63,9.89,13355515,132187686.0
2026-09-29,sh,600206,有研新材,51.63,49.91,51.51,46.47,49.7,87432167,4216846897.0
2026-09-29,sh,600207,安彩高科,5.46,5.2,5.79,5.03,5.48,75401436,406105365.0
2026-09-29,sh,600208,衢州发展,2.81,2.8,2.91,2.8,2.9,107347114,308494027.0
2026-09-29,sh,600210,紫江企业,6.2,6.19,6.28,6.18,6.26,12356354,77182755.0
2026-09-29,sh,600211,西藏药业,35.96,35.8,36.18,35.61,35.76,1862230,66745439.0
2026-09-29,sh,600212,绿能慧充,5.69,5.7,5.81,5.63,5.71,10572983,60652862.0
2026-09-29,sh,600215,派斯林,6.13,6.1,6.36,6.03,6.31,8440600,52993314.0
2026-09-29,sh,600216,浙江医药,12.31,12.3,12.38,12.16,12.18,8328903,101823627.0
2026-09-29,sh,600217,中再资环,3.22,3.2,3.28,3.2,3.26,7522396,24489073.0
2026-09-29,sh,600218,全柴动力,7.92,7.82,7.97,7.81,7.92,11083292,87731599.0
2026-09-29,sh,600219,南山铝业,4.49,4.49,4.64,4.47,4.62,91067499,415335076.0
2026-09-29,sh,600221,海航控股,1.21,1.2,1.22,1.2,1.21,121197871,146831964.0
2026-09-29,sh,600222,太龙药业,8.07,7.99,8.11,7.86,7.87,11986717,95443660.0
2026-09-29,sh,600223,福瑞达,5.61,5.62,5.7,5.59,5.66,7195962,40718796.0
2026-09-29,sh,600226,亨通股份,5.28,5.28,5.38,5.15,5.32,60644086,320924209.0
2026-09-29,sh,600227,赤天化,3.76,3.72,3.85,3.72,3.81,95761564,364857124.0
2026-09-29,sh,600228,返利科技,10.14,10.14,10.36,9.9,10.18,23194999,236198342.0
2026-09-29,sh,600229,城市传媒,5.72,5.72,5.9,5.64,5.85,9222754,53536576.0
2026-09-29,sh,600230,沧州大化,13.56,13.43,13.55,13.13,13.18,16496309,218943443.0
2026-09-29,sh,600231,凌钢股份,1.61,1.63,1.67,1.61,1.65,29131290,48007967.0
2026-09-29,sh,600232,金鹰股份,6.91,6.87,6.92,6.7,6.81,12566900,85508890.0
2026-09-29,sh,600233,圆通速递,18.03,18.09,18.3,17.8,18.0,17767534,320472818.0
2026-09-29,sh,600234,科新发展,19.77,19.57,19.95,19.4,19.63,1532011,30264418.0
2026-09-29,sh,600235,XD民丰特,5.93,5.9,5.99,5.85,5.96,5181702,30768562.0
2026-09-29,sh,600236,桂冠电力,9.36,9.35,9.49,9.16,9.18,9027690,83715423.0
2026-09-29,sh,600237,铜峰电子,8.78,8.71,9.39,8.68,9.03,37029388,336806601.0
2026-09-29,sh,600238,ST椰岛,4.02,3.99,4.07,3.99,4.01,2221350,8935024.0
2026-09-29,sh,600239,ST云城,1.4,1.4,1.43,1.4,1.43,11963720,16968579.0
2026-09-29,sh,600241,时代万恒,8.04,8.84,8.84,8.84,8.84,17157926,151676066.0
2026-09-29,sh,600243,*ST海华,3.56,3.53,3.69,3.51,3.64,7358500,26665559.0
2026-09-29,sh,600246,万通发展,12.91,12.76,13.27,12.58,13.13,69523250,907337096.0
2026-09-29,sh,600248,陕建股份,2.79,2.79,2.85,2.78,2.82,13883928,39250228.0
2026-09-29,sh,600249,两面针,5.33,5.33,5.4,5.3,5.36,4535865,24313347.0
2026-09-29,sh,600250,南京商旅,8.88,8.93,8.98,8.8,8.82,4806600,42669395.0
2026-09-29,sh,600251,冠农股份,9.93,9.87,9.89,9.68,9.77,19635199,192247017.0
2026-09-29,sh,600252,中恒集团,2.17,2.17,2.22,2.15,2.17,49766026,108952830.0
2026-09-29,sh,600255,鑫科材料,3.31,3.3,3.4,3.28,3.38,44393320,149635804.0
2026-09-29,sh,600256,广汇能源,6.8,6.76,6.82,6.57,6.68,158579982,1055370705.0
2026-09-29,sh,600257,大湖股份,5.47,5.47,5.49,5.41,5.45,9062932,49394586.0
2026-09-29,sh,600258,首旅酒店,10.99,11.03,11.09,10.98,11.01,7120474,78494767.0
2026-09-29,sh,600259,中稀有色,74.03,73.83,74.86,72.88,74.2,4430981,327261460.0
2026-09-29,sh,600261,阳光照明,3.28,3.24,3.3,3.23,3.27,14802241,48335278.0
2026-09-29,sh,600262,北方股份,14.58,14.48,14.73,14.43,14.53,2391644,34951374.0
2026-09-29,sh,600265,*ST景谷,22.7,22.5,22.81,22.4,22.55,613500,13817912.0
2026-09-29,sh,600266,城建发展,4.26,4.32,4.5,4.31,4.48,79762577,352911771.0
2026-09-29,sh,600267,海正药业,11.54,11.54,11.67,11.38,11.43,15841345,182150981.0
2026-09-29,sh,600268,国电南自,9.9,9.9,10.01,9.85,9.99,5652132,56136998.0
2026-09-29,sh,600269,赣粤高速,3.73,3.74,3.77,3.72,3.76,10404806,39037407.0
2026-09-29,sh,600271,航天信息,6.55,6.56,6.67,6.55,6.65,7566514,50105329.0
2026-09-29,sh,600272,开开实业,15.15,15.0,15.53,14.68,14.99,18155773,275509920.0
2026-09-29,sh,600273,嘉化能源,6.15,6.14,6.18,6.12,6.13,6142788,37734576.0
2026-09-29,sh,600276,恒瑞医药,44.47,44.34,46.13,44.29,45.62,79983152,3639980345.0
2026-09-29,sh,600278,东方创业,6.47,6.45,6.6,6.42,6.53,4546051,29729581.0
2026-09-29,sh,600279,重庆港,4.27,4.27,4.3,4.23,4.27,5383801,23017080.0
2026-09-29,sh,600280,中央商场,3.0,2.99,3.05,2.98,3.0,22669031,68458878.0
2026-09-29,sh,600281,华阳新材,4.58,4.58,4.73,4.52,4.71,11804778,55131571.0
2026-09-29,sh,600282,南钢股份,4.43,4.41,4.45,4.36,4.43,30649900,135480345.0
2026-09-29,sh,600283,钱江水利,7.92,7.91,8.04,7.9,8.0,2066983,16514464.0
2026-09-29,sh,600284,浦东建设,5.02,5.01,5.13,5.01,5.1,9679820,49265669.0
2026-09-29,sh,600285,羚锐制药,18.64,18.62,18.72,18.57,18.69,2533663,47254513.0
2026-09-29,sh,600287,苏豪时尚,4.96,4.93,5.06,4.93,5.03,3479105,17453352.0
2026-09-29,sh,600288,大恒科技,10.41,10.52,10.69,10.39,10.51,10330133,109357964.0
2026-09-29,sh,600289,ST信通,4.26,4.26,4.32,4.21,4.26,1642203,7017632.0
2026-09-29,sh,600292,电投水电,11.04,11.02,11.18,11.01,11.13,4504293,50143071.0
2026-09-29,sh,600293,三峡新材,3.93,0.0,0.0,0.0,3.93,0,0.0
2026-09-29,sh,600295,鄂尔多斯,12.76,12.79,12.9,12.62,12.84,5891028,75158061.0
2026-09-29,sh,600298,安琪酵母,38.68,38.63,38.8,36.9,37.3,10751975,401721340.0
2026-09-29,sh,600299,安迪苏,8.06,8.06,8.1,7.99,8.07,18827218,151340186.0
2026-09-29,sh,600300,维维股份,3.04,3.03,3.07,3.03,3.05,16824776,51328743.0
2026-09-29,sh,600301,华锡有色,48.19,48.0,49.68,48.0,48.64,13460826,658314587.0
2026-09-29,sh,600302,ST标准,6.69,6.7,6.93,6.66,6.77,2288300,15616670.0
2026-09-29,sh,600303,曙光股份,3.02,3.02,3.08,3.0,3.06,22748300,69487396.0
2026-09-29,sh,600305,恒顺醋业,6.69,6.66,6.72,6.65,6.67,4491210,29981341.0
2026-09-29,sh,600307,酒钢宏兴,1.44,1.43,1.47,1.43,1.46,32233134,46967153.0
2026-09-29,sh,600308,华泰股份,3.22,3.23,3.27,3.21,3.25,6143778,19972954.0
2026-09-29,sh,600309,万华化学,69.4,69.4,69.4,67.01,67.66,26783139,1814994889.0
2026-09-29,sh,600310,广西能源,4.52,4.49,4.84,4.47,4.56,63692048,294936698.0
2026-09-29,sh,600312,平高电气,19.65,19.49,20.06,19.36,19.95,21296266,422646622.0
2026-09-29,sh,600313,农发种业,6.51,6.46,6.58,6.43,6.45,25117204,163005865.0
2026-09-29,sh,600315,上海家化,17.95,17.9,18.04,17.59,17.7,5941200,105442531.0
2026-09-29,sh,600316,洪都航空,33.05,32.8,33.07,32.47,32.84,6963408,228030359.0
2026-09-29,sh,600318,新力金融,6.79,6.78,6.92,6.76,6.85,12322813,84621182.0
2026-09-29,sh,600319,亚星化学,6.17,6.22,6.34,6.06,6.3,3512305,21999782.0
2026-09-29,sh,600320,振华重工,3.99,3.99,4.03,3.97,4.02,22654423,90774071.0
2026-09-29,sh,600322,津投城开,2.66,2.65,2.8,2.65,2.79,40233470,110839329.0
2026-09-29,sh,600323,瀚蓝环境,29.17,29.14,29.29,28.83,29.14,3568300,103614898.0
2026-09-29,sh,600325,华发股份,2.68,2.69,2.95,2.68,2.95,175477257,495959455.0
2026-09-29,sh,600326,西藏天路,6.67,6.61,6.71,6.61,6.63,10595490,70579708.0
2026-09-29,sh,600327,大东方,3.8,3.78,3.87,3.78,3.85,9721910,37390530.0
2026-09-29,sh,600328,中盐化工,5.58,5.58,5.65,5.56,5.59,8575004,47901141.0
2026-09-29,sh,600329,达仁堂,35.18,35.0,35.4,34.54,34.6,1557304,54116656.0
2026-09-29,sh,600330,天通股份,27.81,27.4,28.49,27.38,27.84,48849726,1369683310.0
2026-09-29,sh,600331,宏达股份,11.76,11.81,11.81,11.53,11.65,17672056,205967988.0
2026-09-29,sh,600332,白云山,19.45,19.39,19.5,19.37,19.4,3188485,61939644.0
2026-09-29,sh,600333,长春燃气,6.7,6.76,6.82,6.7,6.73,7972001,53840918.0
2026-09-29,sh,600335,国机汽车,5.17,5.17,5.25,5.14,5.21,9088900,47350620.0
2026-09-29,sh,600336,澳柯玛,6.26,6.25,6.42,6.22,6.33,4325400,27487171.0
2026-09-29,sh,600337,ST美克,3.49,3.45,3.72,3.45,3.7,40399780,146456914.0
2026-09-29,sh,600338,西藏珠峰,11.61,11.68,11.95,11.61,11.93,19724890,233659437.0
2026-09-29,sh,600339,中油工程,3.21,3.2,3.24,3.19,3.21,32700814,105132314.0
2026-09-29,sh,600340,*ST华幸,1.29,1.24,1.41,1.21,1.37,243354130,325514204.0
2026-09-29,sh,600343,航天动力,20.08,19.85,20.59,19.09,19.16,36949718,717008557.0
2026-09-29,sh,600345,长江通信,46.7,46.54,47.68,45.8,47.06,7003868,327663977.0
2026-09-29,sh,600346,恒力石化,16.42,16.5,16.5,15.6,15.91,36069281,571717042.0
2026-09-29,sh,600348,华阳股份,8.89,8.9,8.96,8.6,8.72,24903452,216852155.0
2026-09-29,sh,600350,山东高速,10.1,10.09,10.13,9.91,9.96,8002900,79943565.0
2026-09-29,sh,600351,亚宝药业,6.83,6.73,6.86,6.67,6.7,17402327,117231099.0
2026-09-29,sh,600352,浙江龙盛,12.25,12.14,12.22,12.01,12.1,23248100,280811919.0
2026-09-29,sh,600353,旭光电子,29.31,29.0,29.75,28.73,29.3,34700222,1017963415.0
2026-09-29,sh,600354,敦煌种业,8.96,8.98,9.15,8.8,8.96,54718615,491261430.0
2026-09-29,sh,600356,恒丰纸业,11.06,10.95,11.07,10.42,10.42,29796807,319164244.0
2026-09-29,sh,600358,国旅联合,5.62,5.69,5.87,5.55,5.76,21376506,122868176.0
2026-09-29,sh,600359,新农开发,7.42,7.22,7.38,7.13,7.25,42476932,307942099.0
2026-09-29,sh,600360,华微电子,10.85,10.68,11.94,10.68,11.31,91494917,1044625080.0
2026-09-29,sh,600361,创新新材,3.4,3.41,3.49,3.4,3.47,31898708,110292273.0
2026-09-29,sh,600362,江西铜业,40.92,40.9,41.83,40.73,41.74,22563860,932555342.0
2026-09-29,sh,600363,联创光电,13.55,0.0,0.0,0.0,13.55,0,0.0
2026-09-29,sh,600365,ST通葡,2.88,2.87,2.88,2.85,2.86,1601500,4580508.0
2026-09-29,sh,600366,宁波韵升,10.69,10.7,10.82,10.66,10.76,10533623,113305499.0
2026-09-29,sh,600367,红星发展,35.48,34.4,35.3,33.5,34.59,19142236,662483196.0
2026-09-29,sh,600368,五洲交通,4.1,4.11,4.15,4.08,4.12,13048263,53801534.0
2026-09-29,sh,600369,西南证券,3.86,3.84,3.92,3.84,3.91,22128320,86119580.0
2026-09-29,sh,600370,*ST三房,1.44,1.44,1.46,1.44,1.45,6223948,9026621.0
2026-09-29,sh,600371,万向德农,14.27,13.19,13.42,12.84,12.84,34042949,439783617.0
2026-09-29,sh,600372,中航机载,11.24,11.21,11.3,11.09,11.15,17474120,194815337.0
2026-09-29,sh,600373,中文传媒,7.36,7.32,7.57,7.31,7.54,14490714,108697353.0
2026-09-29,sh,600375,汉马科技,3.61,3.61,3.69,3.59,3.66,14017302,51288981.0
2026-09-29,sh,600376,首开股份,3.17,3.19,3.49,3.17,3.39,137447082,460070306.0
2026-09-29,sh,600377,宁沪高速,12.86,12.86,13.0,12.74,12.93,10213500,132075163.0
2026-09-29,sh,600378,昊华科技,41.92,41.66,42.31,41.26,41.75,22747989,950044727.0
2026-09-29,sh,600379,宝光股份,14.13,14.05,14.39,13.86,14.18,6763507,96067392.0
2026-09-29,sh,600380,健康元,9.79,9.75,10.08,9.61,9.9,35713583,353785613.0
2026-09-29,sh,600381,*ST春天,4.13,4.14,4.26,4.09,4.13,4678500,19569635.0
2026-09-29,sh,600382,广东明珠,5.55,5.55,5.62,5.54,5.57,6248821,34883963.0
2026-09-29,sh,600383,金地集团,2.4,2.42,2.58,2.42,2.55,245115282,616466178.0
2026-09-29,sh,600386,北巴传媒,3.52,3.52,3.6,3.47,3.55,9397733,33427570.0
2026-09-29,sh,600388,紫金龙净,17.06,17.1,17.19,16.53,16.69,11676532,195361536.0
2026-09-29,sh,600389,江山股份,17.74,17.74,17.81,17.42,17.48,5110430,89826062.0
2026-09-29,sh,600390,五矿资本,4.78,4.77,4.83,4.76,4.79,20435588,98154509.0
2026-09-29,sh,600391,航发科技,41.66,41.29,41.29,40.23,40.92,9582634,389499967.0
2026-09-29,sh,600392,盛和资源,20.13,20.2,20.37,20.05,20.27,19684934,397978938.0
2026-09-29,sh,600395,盘江股份,5.02,5.02,5.06,4.9,4.95,21750408,107792508.0
2026-09-29,sh,600396,华电辽能,12.52,12.56,12.76,12.34,12.35,49666616,620756491.0
2026-09-29,sh,600397,江钨装备,16.1,15.9,16.42,15.9,15.94,36356586,584380002.0
2026-09-29,sh,600398,海澜之家,5.64,5.65,5.66,5.6,5.62,17520485,98417723.0
2026-09-29,sh,600399,抚顺特钢,4.22,4.21,4.28,4.2,4.25,16736661,71150245.0
2026-09-29,sh,600400,红豆股份,3.32,3.29,3.35,3.28,3.31,26933843,89283417.0
2026-09-29,sh,600403,大有能源,7.31,7.15,7.35,7.01,7.05,100297149,716102276.0
2026-09-29,sh,600405,动力源,5.07,5.04,5.12,5.0,5.02,5986299,30152302.0
2026-09-29,sh,600406,XD国电南,22.49,22.42,22.5,22.0,22.21,34806941,772077439.0
2026-09-29,sh,600408,安泰集团,3.02,3.0,3.16,2.99,3.04,54001500,166645130.0
2026-09-29,sh,600409,三友化工,6.11,6.11,6.16,5.96,6.05,17702700,106881788.0
2026-09-29,sh,600410,华胜天成,14.54,14.41,14.93,14.4,14.59,47341917,694358805.0
2026-09-29,sh,600415,小商品城,10.84,10.86,11.04,10.66,10.72,43400493,468325946.0
2026-09-29,sh,600416,湘电股份,8.1,8.11,8.19,8.09,8.15,7752493,63179953.0
2026-09-29,sh,600418,江淮汽车,25.22,25.69,26.89,24.52,26.04,225841545,5815861568.0
2026-09-29,sh,600419,天润乳业,8.74,8.79,8.84,8.7,8.77,2561800,22462013.0
2026-09-29,sh,600420,国药现代,8.21,8.18,8.28,8.17,8.21,4922362,40411851.0
2026-09-29,sh,600422,昆药集团,8.03,8.02,8.08,7.98,8.0,2693100,21600430.0
2026-09-29,sh,600423,*ST柳化,2.63,2.63,2.66,2.62,2.64,1615209,4265534.0
2026-09-29,sh,600425,青松建化,3.57,3.57,3.64,3.56,3.62,12160388,43904285.0
2026-09-29,sh,600426,华鲁恒升,19.4,19.5,19.6,18.92,19.05,27858505,531927469.0
2026-09-29,sh,600428,中远海特,10.8,10.74,10.74,10.33,10.42,36611210,383176505.0
2026-09-29,sh,600429,三元股份,4.76,4.67,4.82,4.66,4.75,23544567,111514034.0
2026-09-29,sh,600433,冠豪高新,3.19,3.19,3.26,3.16,3.24,19712621,63537010.0
2026-09-29,sh,600435,北方导航,10.86,10.79,10.95,10.75,10.87,8531700,92541270.0
2026-09-29,sh,600436,片仔癀,116.66,116.3,117.09,115.12,115.22,1478033,171263563.0
2026-09-29,sh,600438,通威股份,11.06,11.18,11.23,11.0,11.07,25604751,284301706.0
2026-09-29,sh,600439,ST瑞贝卡,1.83,1.84,1.85,1.83,1.84,7810495,14351461.0
2026-09-29,sh,600444,国机通用,14.53,14.51,14.63,14.29,14.53,2338074,33921294.0
2026-09-29,sh,600446,金证股份,10.21,10.18,10.48,10.16,10.39,10395285,107830854.0
2026-09-29,sh,600448,华纺股份,3.07,3.03,3.2,2.99,3.11,97270674,304721712.0
2026-09-29,sh,600449,宁夏建材,12.42,12.35,12.52,12.33,12.49,3712402,46250350.0
2026-09-29,sh,600452,涪陵电力,8.69,8.66,8.75,8.65,8.73,9758979,84992800.0
2026-09-29,sh,600455,博通股份,24.35,24.33,25.08,24.0,24.81,1356402,33599909.0
2026-09-29,sh,600456,宝钛股份,24.37,24.39,24.75,24.35,24.58,2031945,49845622.0
2026-09-29,sh,600458,时代新材,10.82,10.77,10.97,10.76,10.86,8282344,90157125.0
2026-09-29,sh,600459,贵研铂业,17.9,18.12,18.15,17.91,18.02,7060046,127407843.0
2026-09-29,sh,600460,士兰微,31.4,31.4,32.44,31.06,31.84,50117006,1601564654.0
2026-09-29,sh,600461,洪城环境,8.7,8.7,8.73,8.67,8.73,5519196,47992926.0
2026-09-29,sh,600463,空港股份,8.18,8.25,8.49,8.16,8.41,5262200,44217309.0
2026-09-29,sh,600467,好当家,2.41,2.4,2.43,2.37,2.42,32193300,77693424.0
2026-09-29,sh,600468,百利电气,5.83,5.83,5.93,5.81,5.86,10492300,61576980.0
2026-09-29,sh,600469,风神股份,4.89,4.88,4.93,4.87,4.9,3468533,17003455.0
2026-09-29,sh,600470,六国化工,5.43,5.43,5.5,5.4,5.46,10228900,55870234.0
2026-09-29,sh,600475,华光环能,14.35,14.34,14.48,14.25,14.3,3294786,47221352.0
2026-09-29,sh,600476,*ST湘邮,9.83,9.88,9.96,9.84,9.9,436008,4319553.0
2026-09-29,sh,600477,杭萧钢构,2.37,2.37,2.43,2.36,2.41,21077719,50840114.0
2026-09-29,sh,600478,科力远,4.33,4.36,4.52,4.33,4.49,30141007,134551931.0
2026-09-29,sh,600479,千金药业,12.17,12.08,12.7,11.95,11.95,47930883,586482575.0
2026-09-29,sh,600480,凌云股份,7.65,7.65,7.71,7.6,7.67,7850784,60108460.0
2026-09-29,sh,600481,双良节能,3.88,3.9,3.96,3.89,3.91,25797324,101481824.0
2026-09-29,sh,600482,中国动力,33.74,33.7,34.39,32.92,33.8,13430647,452378496.0
2026-09-29,sh,600483,福能股份,11.0,10.94,11.15,10.7,10.83,15894630,172903767.0
2026-09-29,sh,600486,扬农化工,51.36,51.5,51.65,50.11,50.45,2880269,145681708.0
2026-09-29,sh,600487,亨通光电,60.64,55.79,58.12,55.3,57.11,200272377,11344313714.0
2026-09-29,sh,600488,津药药业,6.27,6.76,6.9,6.49,6.9,140509334,955835538.0
2026-09-29,sh,600489,中金黄金,20.95,20.95,21.69,20.83,21.59,64892613,1377005430.0
2026-09-29,sh,600490,鹏欣资源,6.51,6.47,6.74,6.45,6.7,30717548,203357020.0
2026-09-29,sh,600491,ST龙元,1.52,1.51,1.57,1.5,1.55,34886104,53897919.0
2026-09-29,sh,600493,凤竹纺织,6.44,6.45,6.69,6.31,6.57,7723200,50629004.0
2026-09-29,sh,600495,晋西车轴,4.05,4.03,4.1,4.02,4.07,8031188,32776870.0
2026-09-29,sh,600496,精工钢构,3.34,3.32,3.36,3.31,3.32,15952700,53131297.0
2026-09-29,sh,600497,驰宏锌锗,8.83,8.81,8.98,8.79,8.93,42579287,378254991.0
2026-09-29,sh,600498,烽火通信,36.97,35.88,36.71,34.89,36.28,68608522,2450668900.0
2026-09-29,sh,600499,科达制造,11.12,11.02,11.16,10.96,11.07,25461956,281756665.0
2026-09-29,sh,600500,中化国际,5.02,4.93,5.11,4.92,5.01,66336826,332252580.0
2026-09-29,sh,600501,航天晨光,14.55,14.38,14.78,14.37,14.49,3858903,55999814.0
2026-09-29,sh,600502,安徽建工,4.13,4.12,4.18,4.11,4.16,21965575,91288258.0
2026-09-29,sh,600503,华丽家族,2.45,2.49,2.53,2.37,2.47,194918424,478814762.0
2026-09-29,sh,600505,西昌电力,10.37,10.3,10.51,10.26,10.29,5983716,62097988.0
2026-09-29,sh,600506,统一股份,16.37,16.0,16.93,15.83,16.18,17891637,293324973.0
2026-09-29,sh,600507,方大特钢,3.96,3.95,4.01,3.94,3.98,14618359,58193635.0
2026-09-29,sh,600508,上海能源,10.55,10.57,10.59,10.29,10.45,12177600,126880276.0
2026-09-29,sh,600509,天富能源,7.05,7.02,7.27,7.01,7.18,14667856,105234672.0
2026-09-29,sh,600510,黑牡丹,6.4,6.43,6.6,6.38,6.54,6530616,42595395.0
2026-09-29,sh,600511,国药股份,25.85,25.85,25.97,25.72,25.8,1750200,45176820.0
2026-09-29,sh,600512,腾达建设,2.05,2.05,2.1,2.04,2.09,24869600,51803240.0
2026-09-29,sh,600513,联环药业,14.85,14.91,15.13,14.67,14.81,6067800,90440647.0
2026-09-29,sh,600515,海南机场,2.66,2.66,2.72,2.66,2.71,72763716,196235194.0
2026-09-29,sh,600516,方大炭素,5.29,5.26,5.33,5.26,5.27,27500089,145563661.0
2026-09-29,sh,600517,国网英大,4.79,4.77,4.87,4.76,4.85,14575010,70402511.0
2026-09-29,sh,600518,康美药业,1.32,1.32,1.34,1.32,1.33,98778463,131394934.0
2026-09-29,sh,600519,贵州茅台,1243.88,1244.6,1245.87,1230.88,1235.58,2636630,3260057865.0
2026-09-29,sh,600520,三佳科技,25.38,25.19,25.77,24.9,25.03,6229899,157111677.0
2026-09-29,sh,600521,华海药业,15.91,15.91,16.38,15.82,15.99,18838722,302799353.0
2026-09-29,sh,600522,中天科技,31.32,30.76,31.52,30.69,31.33,112426242,3499079963.0
2026-09-29,sh,600523,贵航股份,11.78,11.72,11.89,11.72,11.81,2054442,24292557.0
2026-09-29,sh,600525,长园集团,4.79,4.81,4.89,4.77,4.85,9292625,45008923.0
2026-09-29,sh,600526,菲达环保,4.53,4.51,4.61,4.51,4.59,5512910,25265628.0
2026-09-29,sh,600527,江南高纤,2.15,2.15,2.18,2.13,2.16,22942014,49713121.0
2026-09-29,sh,600528,中铁工业,6.72,6.72,6.78,6.71,6.75,4323802,29144214.0
2026-09-29,sh,600529,山东药玻,18.22,18.19,18.25,17.94,17.97,4405400,79593794.0
2026-09-29,sh,600530,ST交昂,3.84,3.84,3.86,3.77,3.79,4179232,15876166.0
2026-09-29,sh,600531,豫光金铅,11.03,10.97,11.18,10.91,11.12,16071003,177825178.0
2026-09-29,sh,600533,栖霞建设,2.23,2.22,2.29,2.22,2.29,18766000,42645174.0
2026-09-29,sh,600535,天士力,13.8,13.74,13.85,13.67,13.74,7945220,109170614.0
2026-09-29,sh,600536,中国软件,30.96,30.71,31.26,30.71,30.98,8755883,271161752.0
2026-09-29,sh,600537,*ST亿晶,2.1,2.09,2.12,2.08,2.11,16229344,34190650.0
2026-09-29,sh,600538,国发股份,4.7,4.7,4.8,4.68,4.71,9231602,43835575.0
2026-09-29,sh,600539,狮头股份,14.15,14.16,14.23,13.6,13.62,10364003,143189333.0
2026-09-29,sh,600540,新赛股份,5.64,5.51,5.79,5.35,5.67,103114842,574916432.0
2026-09-29,sh,600543,*ST莫高,4.06,4.01,4.1,3.99,4.07,2572209,10363799.0
2026-09-29,sh,600545,卓郎智能,3.98,3.95,4.02,3.86,3.97,53694703,213400075.0
2026-09-29,sh,600546,山煤国际,13.22,13.14,13.3,12.75,13.0,15912244,205773924.0
2026-09-29,sh,600547,山东黄金,26.16,25.36,26.66,25.36,26.49,108994088,2840733679.0
2026-09-29,sh,600548,深高速,7.96,7.95,8.08,7.94,8.06,2181805,17521447.0
2026-09-29,sh,600549,厦门钨业,43.5,43.2,43.99,43.01,43.75,24714940,1078458057.0
2026-09-29,sh,600550,保变电气,10.1,10.1,10.18,10.04,10.08,10392653,104835019.0
2026-09-29,sh,600551,时代出版,7.6,7.58,7.93,7.58,7.87,22461027,175364561.0
2026-09-29,sh,600552,凯盛科技,17.93,17.56,17.61,16.8,17.2,71525816,1229808829.0
2026-09-29,sh,600556,天下秀,4.46,4.44,4.68,4.42,4.65,46888615,215846824.0
2026-09-29,sh,600557,康缘药业,12.22,12.12,12.36,12.06,12.1,4284760,52194203.0
2026-09-29,sh,600558,大西洋,4.75,4.72,4.83,4.71,4.75,9405117,44839185.0
2026-09-29,sh,600559,老白干酒,10.81,10.8,10.87,10.77,10.81,5087931,55006602.0
2026-09-29,sh,600560,金自天正,11.57,11.48,11.69,11.26,11.55,3692400,42696199.0
2026-09-29,sh,600561,江西长运,5.88,5.89,6.12,5.84,6.07,4463800,26826713.0
2026-09-29,sh,600562,国睿科技,26.71,26.7,26.88,26.02,26.35,4321604,113459060.0
2026-09-29,sh,600563,法拉电子,116.04,116.0,116.99,114.36,115.84,2543605,294102869.0
2026-09-29,sh,600566,济川药业,24.66,24.67,24.96,24.55,24.87,3670153,91192322.0
2026-09-29,sh,600567,山鹰国际,1.3,1.3,1.33,1.3,1.31,40647870,53373960.0
2026-09-29,sh,600568,ST中珠,2.36,2.36,2.42,2.36,2.4,4326900,10354162.0
2026-09-29,sh,600569,安阳钢铁,1.75,1.74,1.79,1.73,1.78,19751870,35079332.0
2026-09-29,sh,600570,恒生电子,19.42,19.42,19.6,19.3,19.32,10637762,206758216.0
2026-09-29,sh,600571,信雅达,10.09,10.09,10.35,10.05,10.28,4980865,51074983.0
2026-09-29,sh,600572,康恩贝,4.25,4.24,4.29,4.21,4.24,26057542,110666982.0
2026-09-29,sh,600573,惠泉啤酒,10.19,10.22,10.32,9.94,10.25,11096000,113037868.0
2026-09-29,sh,600575,淮河能源,3.12,3.12,3.16,3.11,3.13,16518450,51868211.0
2026-09-29,sh,600576,祥源文旅,5.29,5.29,5.35,5.28,5.32,3561307,18935265.0
2026-09-29,sh,600577,精达股份,8.25,8.26,8.39,8.17,8.25,53647713,444358468.0
2026-09-29,sh,600578,京能电力,5.19,5.17,5.23,5.15,5.15,26248220,135925631.0
2026-09-29,sh,600579,中化装备,6.88,6.88,7.1,6.85,7.02,3628718,25398230.0
2026-09-29,sh,600580,卧龙电驱,26.26,26.1,26.37,25.92,25.96,14819496,386543157.0
2026-09-29,sh,600581,*ST八钢,2.41,2.4,2.45,2.4,2.45,4981018,12094328.0
2026-09-29,sh,600582,天地科技,4.79,4.78,4.83,4.78,4.8,8653939,41586375.0
2026-09-29,sh,600583,海油工程,6.5,6.47,6.67,6.47,6.53,49569855,324902473.0
2026-09-29,sh,600584,长电科技,65.43,65.38,66.74,65.1,65.7,43954031,2899666450.0
2026-09-29,sh,600585,海螺水泥,16.77,16.84,17.02,16.8,16.98,16497202,279191529.0
2026-09-29,sh,600586,金晶科技,3.91,3.9,3.98,3.89,3.95,11232804,44343239.0
2026-09-29,sh,600587,新华医疗,12.8,12.77,13.04,12.7,12.82,12211912,157012658.0
2026-09-29,sh,600588,用友网络,9.11,9.09,9.34,9.08,9.25,28134793,259974352.0
2026-09-29,sh,600589,大位科技,7.35,7.36,7.61,7.31,7.53,33956140,253785035.0
2026-09-29,sh,600590,泰豪科技,8.09,8.1,8.2,8.06,8.12,10434472,85050881.0
2026-09-29,sh,600592,龙溪股份,14.68,14.95,15.53,14.7,14.73,16483762,247527400.0
2026-09-29,sh,600593,大连圣亚,49.56,50.11,51.99,47.81,48.05,14014059,694326470.0
2026-09-29,sh,600594,益佰制药,3.6,3.59,3.68,3.52,3.6,14816712,53529609.0
2026-09-29,sh,600595,中孚实业,5.74,5.74,5.97,5.73,5.97,55537824,325776276.0
2026-09-29,sh,600596,新安股份,10.44,10.42,10.55,10.35,10.46,20947628,219546273.0
2026-09-29,sh,600597,光明乳业,6.77,6.76,6.8,6.73,6.8,5237438,35498027.0
2026-09-29,sh,600598,北大荒,12.36,12.29,12.77,12.28,12.42,18685200,234178823.0
2026-09-29,sh,600600,青岛啤酒,49.7,49.78,49.85,49.48,49.52,2326665,115335775.0
2026-09-29,sh,600601,方正科技,12.87,12.75,13.85,12.65,13.72,193471250,2576180393.0
2026-09-29,sh,600602,云赛智联,16.23,16.19,16.38,16.13,16.21,9450070,153615324.0
2026-09-29,sh,600603,广汇物流,4.67,4.66,4.84,4.65,4.8,8618100,41155419.0
2026-09-29,sh,600604,市北高新,4.77,4.79,4.9,4.77,4.85,26205520,126929347.0
2026-09-29,sh,600605,汇通能源,29.77,29.62,30.42,29.22,29.6,5583809,165916073.0
2026-09-29,sh,600606,绿地控股,1.41,1.42,1.54,1.4,1.5,397263954,589053040.0
2026-09-29,sh,600609,金杯汽车,3.58,3.55,3.61,3.5,3.59,40153488,142810699.0
2026-09-29,sh,600610,中毅达,7.35,7.3,7.45,7.29,7.36,10624631,78419837.0
2026-09-29,sh,600611,大众交通,4.27,4.27,4.36,4.27,4.31,22977933,99340709.0
2026-09-29,sh,600612,老凤祥,31.22,31.01,31.18,30.75,30.79,990900,30605775.0
2026-09-29,sh,600613,神奇制药,8.29,8.05,8.55,7.9,8.11,55788840,458107664.0
2026-09-29,sh,600615,鑫源智造,9.37,9.48,9.63,9.32,9.54,2052060,19558268.0
2026-09-29,sh,600616,金枫酒业,5.19,5.22,5.26,4.93,5.02,55165101,278238749.0
2026-09-29,sh,600617,国新能源,3.26,3.23,3.31,3.22,3.27,21059054,69081786.0
2026-09-29,sh,600618,氯碱化工,9.58,9.55,9.61,9.5,9.52,2960171,28246004.0
2026-09-29,sh,600619,海立股份,13.18,13.06,13.44,13.05,13.18,14508981,192510410.0
2026-09-29,sh,600620,天宸股份,4.3,4.31,4.41,4.26,4.35,5803000,25362036.0
2026-09-29,sh,600621,XD华鑫股,13.51,13.45,13.64,13.37,13.45,14326048,193379340.0
2026-09-29,sh,600622,光大嘉宝,2.4,2.43,2.54,2.42,2.52,44595715,111528706.0
2026-09-29,sh,600623,华谊集团,8.6,8.6,8.63,8.37,8.42,16504394,139393112.0
2026-09-29,sh,600624,ST复华,4.58,4.58,4.63,4.58,4.61,1583553,7298544.0
2026-09-29,sh,600626,申达股份,3.76,3.76,3.86,3.73,3.75,13932939,52920549.0
2026-09-29,sh,600628,新世界,6.26,6.27,6.33,6.24,6.29,3737103,23548842.0
2026-09-29,sh,600629,华建集团,15.95,16.02,16.78,15.96,16.35,26083218,427917974.0
2026-09-29,sh,600630,龙头股份,7.94,7.87,8.1,7.62,7.71,70703013,551331333.0
2026-09-29,sh,600633,浙数文化,9.95,9.95,10.16,9.92,10.11,8428243,84809371.0
2026-09-29,sh,600635,大众公用,4.39,4.39,4.44,4.38,4.4,15559168,68750668.0
2026-09-29,sh,600637,东方明珠,8.66,8.63,8.84,8.6,8.8,34509515,302022036.0
2026-09-29,sh,600638,新黄浦,5.05,5.05,5.26,5.02,5.23,16265502,84354174.0
2026-09-29,sh,600639,浦东金桥,9.6,9.59,9.77,9.59,9.75,5479016,53233079.0
2026-09-29,sh,600640,国脉文化,12.48,12.47,12.88,12.3,12.62,21053247,266337114.0
2026-09-29,sh,600641,先导基电,49.21,49.21,49.72,48.27,48.76,57419941,2803311740.0
2026-09-29,sh,600642,申能股份,8.81,8.81,8.91,8.66,8.76,19450340,170484202.0
2026-09-29,sh,600643,爱建集团,4.0,4.0,4.09,3.98,4.07,13687899,55500538.0
2026-09-29,sh,600644,乐山电力,8.86,8.83,9.1,8.78,8.86,18555799,165685526.0
2026-09-29,sh,600645,中源协和,18.77,18.77,19.22,18.62,18.74,5404200,101967862.0
2026-09-29,sh,600648,外高桥,9.33,9.32,9.47,9.31,9.47,2213500,20871117.0
2026-09-29,sh,600649,城投控股,4.0,4.02,4.17,4.0,4.13,33045989,135408237.0
2026-09-29,sh,600650,XD锦江在,10.17,10.21,10.37,10.08,10.22,3171300,32560976.0
2026-09-29,sh,600651,飞乐音响,5.07,5.01,5.09,4.97,4.99,16719079,83708169.0
2026-09-29,sh,600653,申华控股,1.68,1.66,1.73,1.65,1.71,59511836,101560870.0
2026-09-29,sh,600654,中安科,2.99,2.97,3.07,2.96,3.05,49760497,151562365.0
2026-09-29,sh,600655,豫园股份,4.46,4.43,4.56,4.43,4.54,10778070,48763030.0
2026-09-29,sh,600657,信达地产,3.07,3.18,3.38,3.16,3.38,76107388,252867032.0
2026-09-29,sh,600658,电子城,4.05,4.09,4.26,4.06,4.24,20199240,84693817.0
2026-09-29,sh,600660,福耀玻璃,52.91,53.14,53.3,52.01,53.0,8911049,470729907.0
2026-09-29,sh,600661,昂立教育,9.2,9.15,9.38,9.07,9.3,6441961,59727843.0
2026-09-29,sh,600662,外服控股,4.17,4.16,4.23,4.16,4.19,7816538,32852758.0
2026-09-29,sh,600663,陆家嘴,8.75,8.8,9.26,8.75,9.19,25721660,233966692.0
2026-09-29,sh,600664,哈药股份,7.33,7.11,7.47,6.92,7.14,431927657,3120563512.0
2026-09-29,sh,600665,天地源,3.36,3.39,3.46,3.35,3.42,11082145,37983779.0
2026-09-29,sh,600666,奥瑞德,3.19,3.16,3.22,3.15,3.2,38794418,123996804.0
2026-09-29,sh,600667,太极实业,17.81,17.7,18.14,17.7,17.95,94182909,1691294007.0
2026-09-29,sh,600668,尖峰集团,7.34,7.3,7.42,7.29,7.39,2885680,21320034.0
2026-09-29,sh,600671,天目药业,21.84,21.86,22.21,21.6,21.62,2144700,46837815.0
2026-09-29,sh,600673,东阳光,30.31,30.31,30.68,30.11,30.44,11025990,335974128.0
2026-09-29,sh,600674,川投能源,16.56,16.46,16.63,16.36,16.5,26690004,440207374.0
2026-09-29,sh,600675,中华企业,2.35,2.4,2.59,2.4,2.49,120720436,299545682.0
2026-09-29,sh,600676,久事动娱,6.68,6.71,6.83,6.61,6.65,9609136,64633143.0
2026-09-29,sh,600678,ST金顶,5.59,5.68,5.89,5.68,5.75,10939117,63447765.0
2026-09-29,sh,600679,上海凤凰,10.55,10.54,10.67,10.41,10.52,4288000,45266058.0
2026-09-29,sh,600681,百川能源,3.46,3.45,3.51,3.44,3.48,17259839,60158462.0
2026-09-29,sh,600682,南京新百,5.73,5.69,5.83,5.67,5.74,11844469,68182146.0
2026-09-29,sh,600683,京投发展,8.92,8.99,9.77,8.92,9.25,21689999,201641987.0
2026-09-29,sh,600684,珠江股份,3.52,3.54,3.7,3.51,3.66,21961638,80013037.0
2026-09-29,sh,600685,中船防务,28.28,28.15,28.59,27.89,28.45,9917945,280468514.0
2026-09-29,sh,600686,金龙汽车,10.91,11.0,11.63,10.86,11.26,30756236,348394054.0
2026-09-29,sh,600688,上海石化,2.72,2.72,2.74,2.71,2.73,40231031,109556026.0
2026-09-29,sh,600689,上海三毛,11.88,11.92,12.09,11.82,12.02,2494068,29961851.0
2026-09-29,sh,600690,海尔智家,20.16,20.21,20.37,19.96,20.21,33040152,665610850.0
2026-09-29,sh,600691,潞化科技,2.68,2.66,2.74,2.66,2.72,27983129,76003484.0
2026-09-29,sh,600692,亚通股份,6.49,6.47,6.78,6.46,6.73,9447600,63024846.0
2026-09-29,sh,600693,XD东百集,9.29,9.23,9.46,9.11,9.12,37629568,347023637.0
2026-09-29,sh,600694,大商股份,14.29,14.23,14.38,14.23,14.26,1845263,26382857.0
2026-09-29,sh,600697,欧亚集团,11.28,11.26,11.44,11.13,11.36,4687300,53070577.0
2026-09-29,sh,600698,湖南天雁,6.98,7.05,7.09,6.81,6.86,19264659,132932555.0
2026-09-29,sh,600699,均胜电子,24.02,23.0,23.0,21.7,22.75,94499220,2123580780.0
2026-09-29,sh,600702,舍得酒业,31.89,31.88,32.19,31.72,31.76,2935541,93669732.0
2026-09-29,sh,600703,三安光电,11.59,11.42,11.59,11.35,11.41,61656899,707634596.0
2026-09-29,sh,600704,物产中大,4.74,4.75,4.8,4.72,4.78,23268842,110962255.0
2026-09-29,sh,600706,曲江文旅,8.06,8.09,8.17,7.91,8.06,6305499,51017322.0
2026-09-29,sh,600707,彩虹股份,10.38,9.79,9.96,9.34,9.57,267795481,2579378337.0
2026-09-29,sh,600708,光明地产,3.0,2.99,3.15,2.98,3.12,29133513,90287288.0
2026-09-29,sh,600710,苏美达,11.18,11.13,11.25,10.97,11.1,6678307,73942092.0
2026-09-29,sh,600711,盛屯矿业,10.16,10.1,10.33,10.09,10.29,30666587,312703759.0
2026-09-29,sh,600712,南宁百货,5.37,5.37,5.45,5.28,5.4,13099867,70821173.0
2026-09-29,sh,600713,南京医药,4.93,4.92,4.97,4.91,4.94,5491539,27142716.0
2026-09-29,sh,600714,金瑞矿业,17.8,17.83,18.04,17.4,17.49,13032521,230033028.0
2026-09-29,sh,600715,文投控股,1.62,1.61,1.66,1.6,1.65,46898810,76788565.0
2026-09-29,sh,600716,凤凰股份,3.72,3.71,3.83,3.7,3.79,7612500,28844152.0
2026-09-29,sh,600717,天津港,4.21,4.2,4.25,4.2,4.23,12724712,53805629.0
2026-09-29,sh,600718,东软集团,7.84,7.84,7.94,7.82,7.9,4233205,33435119.0
2026-09-29,sh,600719,大连热电,7.84,7.54,8.36,7.49,8.18,46712953,377229313.0
2026-09-29,sh,600720,中交设计,5.06,5.07,5.13,5.06,5.12,3010724,15386541.0
2026-09-29,sh,600721,百花医药,12.18,12.5,13.4,12.07,12.95,150443705,1956660207.0
2026-09-29,sh,600722,金牛化工,15.07,14.91,15.25,14.55,14.57,73962097,1092565719.0
2026-09-29,sh,600724,宁波富达,4.86,4.86,5.03,4.85,5.0,8821182,43897874.0
2026-09-29,sh,600725,云维股份,3.27,3.27,3.32,3.26,3.27,12166000,39902899.0
2026-09-29,sh,600726,华电能源,4.96,4.97,5.03,4.94,4.96,35238082,175743549.0
2026-09-29,sh,600727,鲁北化工,7.46,7.41,7.48,7.4,7.43,5514982,41027366.0
2026-09-29,sh,600728,佳都科技,4.37,4.37,4.48,4.36,4.47,14646898,65115677.0
2026-09-29,sh,600729,重百集团,18.23,18.27,18.36,18.06,18.08,1784900,32386740.0
2026-09-29,sh,600730,*ST高科,8.52,8.48,8.65,8.41,8.41,5482300,46622240.0
2026-09-29,sh,600731,湖南海利,5.79,5.8,5.86,5.76,5.83,2634967,15381526.0
2026-09-29,sh,600732,爱旭股份,11.01,11.05,11.07,10.87,10.88,14025650,153466422.0
2026-09-29,sh,600733,北汽蓝谷,4.95,4.87,5.1,4.8,4.93,197723076,975237136.0
2026-09-29,sh,600734,*ST实达,1.84,1.84,1.89,1.82,1.85,21310733,39703537.0
2026-09-29,sh,600735,ST新华锦,6.33,6.28,6.65,6.28,6.51,4706624,30697679.0
2026-09-29,sh,600736,苏州高新,6.36,6.36,6.56,6.35,6.53,15219838,98867174.0
2026-09-29,sh,600737,中粮糖业,14.0,14.0,14.07,13.59,13.8,49106908,677535478.0
2026-09-29,sh,600738,丽尚国潮,4.21,4.18,4.25,4.16,4.23,8124800,34310415.0
2026-09-29,sh,600739,辽宁成大,10.08,10.06,10.14,10.05,10.08,8410600,84879183.0
2026-09-29,sh,600740,山西焦化,3.73,3.71,3.77,3.67,3.7,21032415,77975345.0
2026-09-29,sh,600741,华域汽车,14.98,14.97,15.21,14.94,15.18,17308615,261395758.0
2026-09-29,sh,600742,富维股份,7.8,7.77,7.8,7.69,7.7,4746024,36742672.0
2026-09-29,sh,600743,华远控股,2.3,2.23,2.42,2.22,2.4,213458447,498664449.0
2026-09-29,sh,600744,华银电力,6.03,6.02,6.09,5.97,6.0,36236987,218553388.0
2026-09-29,sh,600745,*ST闻泰,16.3,16.39,16.66,16.35,16.51,14960942,247181736.0
2026-09-29,sh,600746,江苏索普,6.81,6.8,6.85,6.71,6.76,6391280,43190754.0
2026-09-29,sh,600748,上实发展,3.91,3.94,4.09,3.9,4.09,21376337,86341150.0
2026-09-29,sh,600749,西藏旅游,12.78,12.79,12.94,12.73,12.76,3358919,43067119.0
2026-09-29,sh,600750,华润江中,22.42,22.39,22.6,22.09,22.3,3592682,80253516.0
2026-09-29,sh,600751,海航科技,2.82,2.82,2.87,2.8,2.86,21392448,60934379.0
2026-09-29,sh,600753,ST海钦,13.71,13.89,14.19,13.7,13.73,4211658,58496599.0
2026-09-29,sh,600754,锦江酒店,17.89,17.95,18.18,17.75,17.85,6033061,108239439.0
2026-09-29,sh,600755,厦门国贸,5.76,5.71,5.78,5.67,5.69,23929353,136910820.0
2026-09-29,sh,600756,浪潮软件,13.57,13.6,14.14,13.5,13.95,8516611,118515623.0
2026-09-29,sh,600757,长江传媒,7.33,7.33,7.42,7.29,7.41,6127402,45242753.0
2026-09-29,sh,600758,辽宁能源,3.56,3.57,3.91,3.57,3.77,99877001,377223155.0
2026-09-29,sh,600759,ST洲际,2.23,2.23,2.23,2.17,2.2,70662710,155359774.0
2026-09-29,sh,600760,中航沈飞,43.34,43.22,43.6,41.94,42.65,13146577,558276917.0
2026-09-29,sh,600761,XD安徽合,14.83,14.92,14.95,14.67,14.7,5932108,87625651.0
2026-09-29,sh,600763,通策医疗,33.26,33.3,33.72,32.97,33.0,4274508,142155124.0
2026-09-29,sh,600764,中国海防,18.13,18.05,18.38,18.01,18.3,3466885,62937326.0
2026-09-29,sh,600765,中航重机,13.07,13.06,13.14,12.96,13.08,7682681,100076162.0
2026-09-29,sh,600768,富邦新材,14.7,14.74,15.0,14.63,14.89,2068942,30727436.0
2026-09-29,sh,600769,祥龙电业,14.51,14.46,14.84,14.23,14.56,6763913,98651834.0
2026-09-29,sh,600770,综艺股份,5.9,5.89,6.35,5.84,6.18,67120024,408187584.0
2026-09-29,sh,600771,广誉远,14.04,14.08,14.2,13.86,13.89,9604297,134169244.0
2026-09-29,sh,600773,西藏城投,9.29,9.29,9.78,9.28,9.67,19722328,189236945.0
2026-09-29,sh,600774,汉商集团,7.77,7.75,8.01,7.66,7.96,3901361,30861623.0
2026-09-29,sh,600775,南京熊猫,9.27,9.28,9.37,9.12,9.29,11082205,102980106.0
2026-09-29,sh,600776,东方通信,12.27,12.28,12.43,12.21,12.34,8188187,101045369.0
2026-09-29,sh,600777,新潮能源,4.02,4.02,4.02,3.98,4.0,9542600,38177450.0
2026-09-29,sh,600778,友好集团,5.73,5.7,5.81,5.67,5.78,8402405,48387471.0
2026-09-29,sh,600779,水井坊,25.98,26.15,26.28,25.71,25.73,1238701,32026798.0
2026-09-29,sh,600780,通宝能源,6.1,6.07,6.15,6.07,6.1,6479545,39618164.0
2026-09-29,sh,600782,新钢股份,2.62,2.62,2.67,2.61,2.66,33199910,87977115.0
2026-09-29,sh,600783,鲁信创投,14.75,14.69,14.92,14.57,14.62,6881996,101141813.0
2026-09-29,sh,600784,鲁银投资,6.98,6.93,7.1,6.93,7.06,4698302,33113936.0
2026-09-29,sh,600785,新华百货,10.47,10.48,10.57,10.26,10.28,12377440,128145339.0
2026-09-29,sh,600787,中储股份,4.53,4.53,4.58,4.51,4.57,8184255,37296215.0
2026-09-29,sh,600789,鲁抗医药,7.73,7.69,7.8,7.6,7.63,21047579,161618410.0
2026-09-29,sh,600790,轻纺城,3.7,3.87,3.87,3.61,3.65,55432551,204267956.0
2026-09-29,sh,600791,京能置业,6.78,6.9,7.16,6.76,7.1,15716600,110357628.0
2026-09-29,sh,600792,云煤能源,5.5,5.43,5.51,5.14,5.29,113975272,600502163.0
2026-09-29,sh,600793,宜宾纸业,16.67,16.89,16.89,16.35,16.39,3206304,52980017.0
2026-09-29,sh,600794,保税科技,3.16,3.15,3.21,3.14,3.19,9215905,29359793.0
2026-09-29,sh,600795,国电电力,5.4,5.37,5.41,5.31,5.36,108059789,578216405.0
2026-09-29,sh,600796,钱江生化,5.09,5.06,5.13,5.04,5.09,3800001,19405861.0
2026-09-29,sh,600797,浙大网新,6.42,6.4,6.54,6.38,6.49,7919812,51386529.0
2026-09-29,sh,600798,宁波海运,3.4,3.38,3.41,3.36,3.38,11291030,38275420.0
2026-09-29,sh,600800,渤海化学,3.16,3.17,3.22,3.13,3.2,11251146,35840131.0
2026-09-29,sh,600801,华新建材,23.85,23.52,23.98,23.35,23.8,7656014,181368283.0
2026-09-29,sh,600802,福建水泥,7.28,6.55,7.28,6.55,6.94,107987584,741719570.0
2026-09-29,sh,600803,新奥股份,18.74,18.67,18.79,18.3,18.39,4259664,78498472.0
2026-09-29,sh,600805,悦达投资,4.55,4.54,4.65,4.52,4.63,7717225,35550210.0
2026-09-29,sh,600807,济高发展,2.62,2.62,2.7,2.6,2.68,13373808,35721022.0
2026-09-29,sh,600808,马钢股份,2.39,2.39,2.47,2.38,2.46,61210466,149187506.0
2026-09-29,sh,600809,山西汾酒,110.26,110.06,113.33,110.06,111.5,4816325,540912470.0
2026-09-29,sh,600810,神马股份,6.31,6.26,6.32,6.22,6.22,4625100,28963915.0
2026-09-29,sh,600812,华北制药,4.9,4.88,4.95,4.82,4.84,25301701,123179594.0
2026-09-29,sh,600814,杭州解百,6.84,6.96,6.96,6.79,6.87,4371605,30064787.0
2026-09-29,sh,600815,厦工股份,4.19,3.88,3.98,3.77,3.77,183025534,698680903.0
2026-09-29,sh,600816,建元信托,2.33,2.33,2.36,2.32,2.34,32800272,76874320.0
2026-09-29,sh,600817,宇通重工,9.62,9.62,9.77,9.55,9.75,1667505,16164998.0
2026-09-29,sh,600818,ST中路,9.09,9.05,9.25,8.99,9.17,2019384,18462938.0
2026-09-29,sh,600819,耀皮玻璃,5.58,5.56,5.64,5.55,5.61,5685154,31789978.0
2026-09-29,sh,600820,隧道股份,5.2,5.22,5.24,5.18,5.2,6749200,35184826.0
2026-09-29,sh,600821,金开新能,5.72,5.71,5.77,5.68,5.7,25370381,145330645.0
2026-09-29,sh,600822,上海物贸,9.09,9.07,9.46,9.01,9.18,8027303,74116625.0
2026-09-29,sh,600824,益民集团,3.64,3.61,3.69,3.61,3.66,8230634,30185335.0
2026-09-29,sh,600825,新华传媒,8.55,9.41,9.41,9.41,9.41,15651467,147280304.0
2026-09-29,sh,600826,兰生股份,7.99,8.0,8.08,7.92,7.98,6120743,48912303.0
2026-09-29,sh,600827,百联股份,7.67,7.65,7.78,7.65,7.76,7589500,58738050.0
2026-09-29,sh,600828,茂业商业,4.27,4.27,4.34,4.22,4.28,13143000,56403312.0
2026-09-29,sh,600829,人民同泰,9.4,9.33,9.56,9.28,9.33,5903495,55497011.0
2026-09-29,sh,600830,香溢融通,8.33,8.32,8.46,8.3,8.36,5689298,47785406.0
2026-09-29,sh,600831,广电网络,3.33,3.23,3.45,3.23,3.41,33494799,112995688.0
2026-09-29,sh,600833,第一医药,10.59,10.54,10.63,10.37,10.56,3873408,40843553.0
2026-09-29,sh,600834,申通地铁,7.62,7.58,7.8,7.56,7.71,1814700,13992747.0
2026-09-29,sh,600835,上海机电,18.32,18.31,18.48,18.16,18.21,3910207,71406978.0
2026-09-29,sh,600838,上海九百,8.14,8.18,8.21,8.06,8.15,7678014,62510085.0
2026-09-29,sh,600839,四川长虹,6.42,6.42,6.45,6.4,6.41,22342713,143439960.0
2026-09-29,sh,600841,动力新科,5.47,5.48,5.68,5.45,5.65,11605844,65182300.0
2026-09-29,sh,600843,上工申贝,7.84,7.9,7.94,7.63,7.68,35211322,272673476.0
2026-09-29,sh,600844,金煤科技,3.23,3.23,3.25,3.2,3.21,19473500,62827605.0
2026-09-29,sh,600845,宝信软件,18.01,18.01,18.2,17.78,17.81,10681084,191087868.0
2026-09-29,sh,600846,同济科技,10.6,10.6,10.74,10.51,10.68,1670812,17847420.0
2026-09-29,sh,600847,万里股份,12.53,12.55,13.3,12.51,12.86,5179695,66790821.0
2026-09-29,sh,600848,上海临港,8.48,8.53,8.73,8.45,8.7,10992573,95233464.0
2026-09-29,sh,600850,电科数字,13.5,13.49,13.68,13.43,13.65,5477598,74529391.0
2026-09-29,sh,600851,海欣股份,7.9,7.88,8.05,7.87,7.9,4527100,35978490.0
2026-09-29,sh,600853,龙建股份,3.24,3.23,3.32,3.21,3.29,10131860,33263278.0
2026-09-29,sh,600854,春兰股份,4.74,4.71,4.81,4.69,4.78,8613400,40984820.0
2026-09-29,sh,600855,航天长峰,12.47,12.48,12.62,12.23,12.35,8769503,108409704.0
2026-09-29,sh,600857,宁波中百,18.64,17.58,18.1,17.0,17.53,13412441,235515087.0
2026-09-29,sh,600858,银座股份,4.88,4.85,4.97,4.81,4.94,6726200,33073141.0
2026-09-29,sh,600859,王府井,9.59,9.58,9.71,9.56,9.68,8416828,81258666.0
2026-09-29,sh,600860,京城股份,7.4,7.4,7.6,7.36,7.52,5096500,38417120.0
2026-09-29,sh,600861,北京人力,12.55,12.64,12.8,12.53,12.69,1717719,21845345.0
2026-09-29,sh,600862,中航高科,17.68,17.6,17.96,17.5,17.73,6758000,119441077.0
2026-09-29,sh,600863,华能蒙电,4.74,4.7,4.76,4.65,4.68,57775900,271138856.0
2026-09-29,sh,600864,哈投股份,5.63,5.62,5.68,5.61,5.63,20584171,116316797.0
2026-09-29,sh,600865,百大集团,10.59,10.55,10.68,10.38,10.43,14972500,157273229.0
2026-09-29,sh,600866,星湖科技,4.08,4.08,4.11,4.05,4.09,11405300,46614259.0
2026-09-29,sh,600867,通化东宝,7.73,7.73,7.78,7.66,7.68,10729400,82722838.0
2026-09-29,sh,600868,梅雁吉祥,2.73,2.73,2.8,2.7,2.78,34831944,96467422.0
2026-09-29,sh,600869,远东股份,18.09,17.95,18.18,17.78,18.03,92662497,1666475886.0
2026-09-29,sh,600871,石化油服,2.09,2.08,2.11,2.08,2.09,59050150,123725621.0
2026-09-29,sh,600872,中炬高新,17.13,17.1,17.13,16.8,16.84,8057211,136137501.0
2026-09-29,sh,600873,梅花生物,7.29,7.31,7.33,7.21,7.24,14869046,107861096.0
2026-09-29,sh,600874,创业环保,5.43,5.43,5.48,5.43,5.46,5076340,27737986.0
2026-09-29,sh,600875,东方电气,22.71,22.58,23.02,22.51,22.97,16400566,375387542.0
2026-09-29,sh,600876,凯盛新能,7.43,7.39,7.6,7.37,7.54,10177902,76734694.0
2026-09-29,sh,600877,电科芯片,11.43,11.43,11.56,11.28,11.4,8098710,92391514.0
2026-09-29,sh,600879,航天电子,13.84,13.8,13.99,13.6,13.66,42882603,587752561.0
2026-09-29,sh,600880,博瑞传播,4.08,4.07,4.22,4.06,4.18,49839080,207988707.0
2026-09-29,sh,600881,亚泰集团,1.86,1.84,1.87,1.8,1.84,62791200,116142357.0
2026-09-29,sh,600882,妙可蓝多,19.08,19.25,19.25,18.6,18.71,3162689,59588192.0
2026-09-29,sh,600883,博闻科技,8.06,8.07,8.28,8.01,8.21,4407003,36012883.0
2026-09-29,sh,600884,杉杉股份,11.19,11.28,11.82,11.23,11.58,52479579,607289091.0
2026-09-29,sh,600885,宏发股份,33.62,33.26,33.62,33.06,33.48,6899320,230259310.0
2026-09-29,sh,600886,国投电力,15.33,15.3,15.39,15.09,15.15,32133194,488347305.0
2026-09-29,sh,600887,伊利股份,27.03,27.05,27.37,26.89,27.24,47888194,1300129862.0
2026-09-29,sh,600888,新疆众和,9.09,9.3,9.77,9.24,9.67,58045103,553797737.0
2026-09-29,sh,600889,*ST京化,13.24,13.23,13.33,13.17,13.17,1145805,15150129.0
2026-09-29,sh,600892,大晟文化,4.04,4.06,4.22,3.97,4.16,31518864,130809220.0
2026-09-29,sh,600893,航发动力,38.68,38.61,38.7,37.75,38.41,16251968,620422453.0
2026-09-29,sh,600894,广日股份,7.61,7.6,7.8,7.58,7.66,7140572,54929475.0
2026-09-29,sh,600895,张江高科,27.34,27.6,28.05,27.49,27.77,11721295,325407787.0
2026-09-29,sh,600897,厦门空港,15.31,14.99,15.3,14.83,15.02,6875239,103256995.0
2026-09-29,sh,600900,长江电力,28.55,28.5,28.65,28.35,28.38,67675060,1924649157.0
2026-09-29,sh,600901,江苏金租,6.84,6.83,6.91,6.79,6.85,24691160,169168639.0
2026-09-29,sh,600903,贵州燃气,6.43,6.37,6.54,6.36,6.51,23038787,149416733.0
2026-09-29,sh,600905,三峡能源,3.53,3.53,3.56,3.52,3.52,62096483,219586811.0
2026-09-29,sh,600906,财达证券,6.23,6.23,6.29,6.22,6.27,14023600,87913196.0
2026-09-29,sh,600908,无锡银行,5.8,5.81,5.89,5.76,5.84,18231900,106345842.0
2026-09-29,sh,600909,华安证券,7.59,7.56,7.73,7.56,7.69,53911616,413087666.0
2026-09-29,sh,600916,中国黄金,7.1,7.05,7.15,7.03,7.14,11861600,84323199.0
2026-09-29,sh,600917,重庆燃气,4.81,4.78,4.83,4.78,4.79,3833600,18425089.0
2026-09-29,sh,600918,中泰证券,5.34,5.33,5.42,5.32,5.39,21754150,117086705.0
2026-09-29,sh,600919,江苏银行,12.22,12.26,12.29,12.12,12.16,62494905,761996742.0
2026-09-29,sh,600925,苏能股份,4.09,4.1,4.14,4.06,4.1,6547600,26917267.0
2026-09-29,sh,600926,杭州银行,16.81,16.83,16.89,16.7,16.81,21270718,357336312.0
2026-09-29,sh,600927,永安期货,12.01,11.98,12.14,11.97,12.06,3876891,46807166.0
2026-09-29,sh,600928,西安银行,3.45,3.44,3.5,3.44,3.48,21222464,73722373.0
2026-09-29,sh,600929,雪天盐业,5.94,5.91,6.04,5.89,5.99,22929071,136805108.0
2026-09-29,sh,600930,华电新能,3.81,3.81,3.85,3.8,3.82,46084360,176447922.0
2026-09-29,sh,600933,爱柯迪,13.52,13.57,13.62,13.25,13.3,8909369,119341825.0
2026-09-29,sh,600935,华塑股份,2.29,2.29,2.31,2.28,2.3,13106090,30140058.0
2026-09-29,sh,600936,北投科技,4.27,4.23,4.29,4.23,4.25,20442320,87286602.0
2026-09-29,sh,600938,中国海油,33.5,33.5,33.76,32.88,33.36,28606608,951887772.0
2026-09-29,sh,600939,重庆建工,2.58,2.58,2.68,2.58,2.65,14723200,39071986.0
2026-09-29,sh,600941,中国移动,97.71,97.5,98.12,96.92,97.36,5973278,582170507.0
2026-09-29,sh,600955,维远股份,12.23,12.21,12.38,12.17,12.28,1774200,21834288.0
2026-09-29,sh,600956,新天绿能,7.04,7.07,7.12,6.99,7.02,5158699,36325152.0
2026-09-29,sh,600958,东方证券,8.59,8.6,8.65,8.59,8.61,19981663,172164753.0
2026-09-29,sh,600959,江苏有线,3.03,3.02,3.13,3.01,3.11,33880337,104649333.0
2026-09-29,sh,600960,渤海汽车,3.88,3.89,3.93,3.85,3.89,5760920,22473100.0
2026-09-29,sh,600961,株冶集团,22.31,22.07,22.68,21.97,22.59,14726651,329053762.0
2026-09-29,sh,600962,国投中鲁,25.1,25.0,25.34,24.91,25.24,3260800,81892353.0
2026-09-29,sh,600963,岳阳林纸,3.3,3.32,3.36,3.27,3.34,18559593,61895068.0
2026-09-29,sh,600965,*ST福成,2.66,2.65,2.65,2.59,2.6,4236900,11082908.0
2026-09-29,sh,600966,博汇纸业,4.74,4.75,4.82,4.74,4.77,6826655,32589247.0
2026-09-29,sh,600967,内蒙一机,12.68,12.69,12.85,12.4,12.73,34655959,437672610.0
2026-09-29,sh,600968,海油发展,3.86,3.85,3.92,3.84,3.91,26353189,102484261.0
2026-09-29,sh,600969,郴电国际,9.65,9.53,9.7,9.48,9.5,6391000,61049562.0
2026-09-29,sh,600970,中材国际,7.66,7.66,7.71,7.63,7.63,8797400,67432087.0
2026-09-29,sh,600971,恒源煤电,8.38,8.29,8.37,8.08,8.14,10750213,87753365.0
2026-09-29,sh,600973,宝胜股份,5.7,5.77,5.77,5.7,5.71,7278016,41772022.0
2026-09-29,sh,600975,新五丰,5.1,5.08,5.25,5.05,5.22,17682525,91483829.0
2026-09-29,sh,600976,健民集团,26.94,26.88,27.0,26.51,26.56,636500,16989295.0
2026-09-29,sh,600977,中国电影,12.89,12.85,13.24,12.83,13.13,27725846,362397923.0
2026-09-29,sh,600979,广安爱众,3.86,3.84,3.92,3.84,3.89,15835460,61675866.0
2026-09-29,sh,600980,北矿科技,18.61,18.39,18.9,18.25,18.78,1878957,35178531.0
2026-09-29,sh,600981,苏豪汇鸿,2.38,2.36,2.43,2.35,2.41,14261100,34278687.0
2026-09-29,sh,600982,宁波能源,4.99,5.13,5.49,5.13,5.49,48874136,266085327.0
2026-09-29,sh,600983,惠而浦,7.42,7.42,7.52,7.38,7.46,1407100,10518240.0
2026-09-29,sh,600984,建设机械,3.45,3.47,3.6,3.44,3.58,30890432,109659469.0
2026-09-29,sh,600985,淮北矿业,16.33,16.24,16.39,15.57,15.9,23188661,367159055.0
2026-09-29,sh,600986,浙文互联,6.71,6.67,7.03,6.66,6.98,44066945,304029806.0
2026-09-29,sh,600987,航民股份,6.25,6.22,6.28,6.22,6.23,3328735,20766643.0
2026-09-29,sh,600988,赤峰黄金,38.07,37.33,38.89,36.83,38.44,43404684,1643930836.0
2026-09-29,sh,600989,宝丰能源,22.45,22.26,22.5,21.8,22.41,40355128,893337434.0
2026-09-29,sh,600990,四创电子,17.46,17.41,17.63,17.3,17.54,1562761,27401371.0
2026-09-29,sh,600992,贵绳股份,10.21,10.22,10.32,10.09,10.22,6504236,66617667.0
2026-09-29,sh,600993,马应龙,22.39,22.31,22.42,22.12,22.21,2157000,48011233.0
2026-09-29,sh,600995,南网储能,11.68,11.66,11.77,11.65,11.67,4845000,56718665.0
2026-09-29,sh,600996,贵广网络,6.72,6.67,6.96,6.65,6.9,19160865,131780115.0
2026-09-29,sh,600997,开滦股份,5.22,5.25,5.25,5.11,5.18,10051682,51961507.0
2026-09-29,sh,600998,九州通,4.93,4.89,4.98,4.88,4.96,26791678,132271938.0
2026-09-29,sh,600999,招商证券,16.92,16.93,17.01,16.88,16.94,22975512,389293041.0
2026-09-29,sh,601000,唐山港,4.52,4.51,4.61,4.46,4.58,44751174,203958500.0
2026-09-29,sh,601001,晋控煤业,17.72,17.6,17.73,16.8,17.0,16794473,286095553.0
2026-09-29,sh,601002,晋亿实业,5.19,5.16,5.26,5.14,5.22,5536400,28877301.0
2026-09-29,sh,601003,柳钢股份,3.46,3.44,3.53,3.43,3.5,12842776,44992245.0
2026-09-29,sh,601005,重庆钢铁,1.19,1.18,1.21,1.18,1.2,62032614,74411785.0
2026-09-29,sh,601006,大秦铁路,4.65,4.65,4.69,4.64,4.67,77123607,360204456.0
2026-09-29,sh,601007,金陵饭店,6.77,6.76,6.83,6.75,6.8,3757400,25492951.0
2026-09-29,sh,601008,连云港,4.4,4.4,4.43,4.33,4.35,10856000,47432297.0
2026-09-29,sh,601009,南京银行,11.9,11.96,11.97,11.73,11.79,40287399,475590105.0
2026-09-29,sh,601010,ST文峰,1.42,1.42,1.44,1.42,1.43,7045800,10072879.0
2026-09-29,sh,601011,宝泰隆,2.86,2.85,2.95,2.84,2.87,38567392,111207881.0
2026-09-29,sh,601012,隆基绿能,10.81,10.81,10.94,10.8,10.89,47573557,518276993.0
2026-09-29,sh,601015,陕西黑猫,3.51,3.5,3.71,3.46,3.58,70491063,253900238.0
2026-09-29,sh,601016,节能风电,3.25,3.25,3.28,3.23,3.26,42943302,140017952.0
2026-09-29,sh,601018,宁波港,3.43,3.42,3.5,3.42,3.49,54555047,189315959.0
2026-09-29,sh,601019,山东出版,6.67,6.67,6.8,6.65,6.76,8983198,60619432.0
2026-09-29,sh,601020,华钰矿业,19.52,19.28,20.23,19.28,19.95,14645877,289642703.0
2026-09-29,sh,601021,春秋航空,40.44,40.0,40.16,39.46,39.84,6493993,258686510.0
2026-09-29,sh,601022,宁波远洋,8.33,8.3,8.36,8.19,8.24,5954633,49137711.0
2026-09-29,sh,601026,XD道生天,14.77,14.61,14.85,14.55,14.69,2692153,39713610.0
2026-09-29,sh,601033,永兴股份,14.12,14.11,14.2,14.08,14.1,2148453,30337337.0
2026-09-29,sh,601038,一拖股份,13.62,13.58,13.73,13.4,13.67,5740794,77993178.0
2026-09-29,sh,601058,赛轮轮胎,13.21,13.21,13.3,13.08,13.22,26299139,347022727.0
2026-09-29,sh,601059,信达证券,15.56,0.0,0.0,0.0,15.56,0,0.0
2026-09-29,sh,601061,中信金属,10.42,10.49,10.56,10.4,10.52,8305589,87036712.0
2026-09-29,sh,601065,江盐集团,6.62,6.63,6.66,6.6,6.64,2352204,15599565.0
2026-09-29,sh,601066,中信建投,23.03,23.29,23.31,22.99,23.01,7991724,184660950.0
2026-09-29,sh,601068,中铝国际,4.2,4.21,4.37,4.2,4.35,19674447,85011063.0
2026-09-29,sh,601069,西部黄金,23.97,23.66,24.51,23.66,24.35,10753399,258875945.0
2026-09-29,sh,601077,渝农商行,6.66,6.65,6.67,6.58,6.58,64705889,427502730.0
2026-09-29,sh,601083,锦江航运,12.77,12.74,12.82,12.58,12.62,4472238,56676407.0
2026-09-29,sh,601086,国芳集团,15.85,15.38,15.45,14.27,14.27,66510900,958642775.0
2026-09-29,sh,601088,中国神华,48.39,48.3,48.31,46.71,47.3,22209153,1051209117.0
2026-09-29,sh,601089,福元医药,16.09,16.05,16.32,15.95,16.01,1849160,29742935.0
2026-09-29,sh,601091,沈鼓集团,27.71,25.69,27.3,25.17,25.19,83858072,2176461260.0
2026-09-29,sh,601096,宏盛华源,3.9,3.9,3.94,3.89,3.92,9303425,36466605.0
2026-09-29,sh,601098,中南传媒,9.94,9.94,10.21,9.92,10.2,11173660,112983146.0
2026-09-29,sh,601099,太平洋,3.43,3.42,3.49,3.41,3.46,90684659,313871387.0
2026-09-29,sh,601100,恒立液压,90.0,89.1,90.86,88.2,90.82,6471377,581660844.0
2026-09-29,sh,601101,昊华能源,12.89,12.8,12.95,12.27,12.59,20103944,250738605.0
2026-09-29,sh,601106,中国一重,2.87,2.87,2.94,2.86,2.92,40125667,116685626.0
2026-09-29,sh,601107,四川成渝,6.0,6.0,6.12,5.98,6.04,9106635,55117705.0
2026-09-29,sh,601108,财通证券,8.12,8.12,8.21,8.11,8.17,27135374,221671902.0
2026-09-29,sh,601111,中国国航,5.76,5.75,5.79,5.73,5.78,38465224,221953488.0
2026-09-29,sh,601112,振石股份,16.37,16.2,16.48,16.2,16.3,4270186,69748699.0
2026-09-29,sh,601113,华鼎股份,3.52,3.5,3.55,3.48,3.5,11294600,39746602.0
2026-09-29,sh,601116,三江购物,9.84,9.84,9.93,9.76,9.85,5749019,56675011.0
2026-09-29,sh,601117,中国化学,7.13,7.11,7.16,7.11,7.13,24706482,176233348.0
2026-09-29,sh,601118,海南橡胶,5.99,5.82,5.94,5.77,5.79,98805436,575621449.0
2026-09-29,sh,601121,宝地矿业,6.85,6.84,6.97,6.8,6.91,7490503,51703598.0
2026-09-29,sh,601123,马矿股份,17.62,17.24,17.75,16.91,17.01,15498657,265580620.0
2026-09-29,sh,601126,四方股份,35.9,35.82,36.87,35.22,36.63,13966457,506805560.0
2026-09-29,sh,601127,赛力斯,45.09,45.09,47.3,44.83,46.81,25789921,1189837631.0
2026-09-29,sh,601128,常熟银行,6.14,6.13,6.18,6.12,6.16,35322831,217241608.0
2026-09-29,sh,601133,柏诚股份,23.58,23.41,23.88,23.28,23.32,7581159,178495240.0
2026-09-29,sh,601136,首创证券,13.85,13.88,14.06,13.84,13.95,6433051,89820510.0
2026-09-29,sh,601137,博威合金,19.18,19.0,19.32,18.86,19.17,6304061,120620649.0
2026-09-29,sh,601138,工业富联,58.92,58.42,59.15,57.86,58.42,51010358,2983037204.0
2026-09-29,sh,601139,深圳燃气,6.24,6.25,6.27,6.17,6.18,12990900,80594697.0
2026-09-29,sh,601155,新城控股,12.66,12.79,13.27,12.65,13.01,37457872,487972924.0
2026-09-29,sh,601156,东航物流,18.45,18.58,18.58,17.96,18.06,7614472,138394818.0
2026-09-29,sh,601158,重庆水务,3.97,3.98,4.01,3.97,4.0,4941072,19744264.0
2026-09-29,sh,601162,天风证券,3.49,3.48,3.59,3.48,3.56,109631670,389297907.0
2026-09-29,sh,601163,三角轮胎,12.16,12.18,12.25,12.14,12.17,1447327,17664748.0
2026-09-29,sh,601166,兴业银行,17.77,17.83,17.9,17.74,17.79,53349169,951261695.0
2026-09-29,sh,601168,西部矿业,33.77,33.6,35.25,33.5,35.17,25821077,889642993.0
2026-09-29,sh,601169,北京银行,5.45,5.46,5.51,5.44,5.48,115819618,634479968.0
2026-09-29,sh,601177,杭齿前进,13.61,13.66,13.83,13.45,13.64,3856959,52696278.0
2026-09-29,sh,601179,中国西电,11.48,11.4,11.53,11.38,11.41,31423648,359338660.0
2026-09-29,sh,601186,中国铁建,5.93,5.92,5.97,5.92,5.95,19784707,117765084.0
2026-09-29,sh,601187,厦门银行,6.82,6.8,6.86,6.79,6.84,9962600,68023549.0
2026-09-29,sh,601188,龙江交通,2.84,2.82,2.88,2.82,2.87,11546773,33079137.0
2026-09-29,sh,601198,东兴证券,13.06,0.0,0.0,0.0,13.06,0,0.0
2026-09-29,sh,601199,江南水务,6.63,6.63,6.65,6.42,6.44,12344781,80022608.0
2026-09-29,sh,601200,上海环境,6.72,6.72,6.78,6.7,6.77,3762563,25431615.0
2026-09-29,sh,601208,XD东材科,50.7,48.99,52.0,47.0,50.53,64910736,3152143031.0
2026-09-29,sh,601211,国泰海通,16.81,16.86,16.97,16.62,16.65,53551636,896613223.0
2026-09-29,sh,601212,白银有色,5.49,5.36,5.63,5.35,5.61,125609374,697144518.0
2026-09-29,sh,601216,君正集团,4.46,4.44,4.47,4.41,4.44,28482300,126403024.0
2026-09-29,sh,601218,吉鑫科技,6.05,6.3,6.6,5.75,6.13,284779765,1760320302.0
2026-09-29,sh,601222,林洋能源,5.85,5.82,5.95,5.82,5.91,16331636,96408062.0
2026-09-29,sh,601225,陕西煤业,25.85,25.96,26.08,25.06,25.66,37519783,958165957.0
2026-09-29,sh,601226,华电科工,6.42,6.42,6.56,6.38,6.51,6226500,40505307.0
2026-09-29,sh,601228,广州港,3.02,3.01,3.06,3.01,3.06,20403700,62093374.0
2026-09-29,sh,601229,上海银行,9.51,9.55,9.6,9.48,9.55,33195878,316915150.0
2026-09-29,sh,601231,环旭电子,23.67,23.44,24.44,23.28,24.09,18421224,442418758.0
2026-09-29,sh,601233,桐昆股份,23.28,23.28,23.52,21.64,22.49,47098923,1047178115.0
2026-09-29,sh,601236,红塔证券,6.86,6.85,6.93,6.84,6.88,9488370,65249156.0
2026-09-29,sh,601238,广汽集团,5.09,5.6,5.6,5.6,5.6,8135031,45556174.0
2026-09-29,sh,601279,英利汽车,3.55,3.55,3.6,3.5,3.55,14318900,50960569.0
2026-09-29,sh,601288,农业银行,6.86,6.88,6.98,6.8,6.94,354621789,2451428156.0
2026-09-29,sh,601298,青岛港,9.86,9.8,10.09,9.8,10.09,12267451,122562449.0
2026-09-29,sh,601311,骆驼股份,7.24,7.27,7.35,7.26,7.33,6175480,45225110.0
2026-09-29,sh,601318,中国平安,52.4,52.47,52.74,52.22,52.5,43080077,2261214002.0
2026-09-29,sh,601319,中国人保,8.0,8.0,8.09,7.91,8.06,60937723,487775940.0
2026-09-29,sh,601326,秦港股份,3.48,3.48,3.53,3.47,3.51,17313276,60656530.0
2026-09-29,sh,601328,交通银行,7.59,7.58,7.68,7.54,7.62,206567516,1571625253.0
2026-09-29,sh,601330,绿色动力,8.17,8.18,8.29,8.12,8.26,9623072,79251042.0
2026-09-29,sh,601333,广深铁路,3.06,3.05,3.08,3.03,3.05,42550100,129967755.0
2026-09-29,sh,601336,新华保险,55.9,55.97,56.29,55.82,55.94,6421651,359683596.0
2026-09-29,sh,601339,百隆东方,7.28,7.22,7.33,7.14,7.2,7501343,53982667.0
2026-09-29,sh,601360,三六零,8.95,8.88,9.23,8.88,9.12,128729256,1170216911.0
2026-09-29,sh,601366,利群股份,3.58,3.59,3.64,3.58,3.63,7278000,26333595.0
2026-09-29,sh,601368,绿城水务,4.59,4.56,4.66,4.55,4.63,5375500,24892507.0
2026-09-29,sh,601369,陕鼓动力,8.62,8.61,8.63,8.4,8.42,7829400,66402802.0
2026-09-29,sh,601375,中原证券,3.89,3.89,3.95,3.88,3.94,19696200,77395550.0
2026-09-29,sh,601377,兴业证券,5.74,5.77,5.77,5.72,5.72,41055291,235517872.0
2026-09-29,sh,601388,怡球资源,3.11,3.13,3.18,3.09,3.17,19338976,60876269.0
2026-09-29,sh,601390,中国中铁,4.22,4.22,4.26,4.2,4.25,58596550,248563446.0
2026-09-29,sh,601398,工商银行,8.15,8.16,8.21,8.1,8.16,313319110,2558165331.0
2026-09-29,sh,601399,国机重装,3.05,3.06,3.15,3.05,3.13,76211475,237059890.0
2026-09-29,sh,601456,国联民生,8.57,8.52,8.58,8.51,8.53,9852029,84096512.0
2026-09-29,sh,601500,通用股份,3.81,3.8,3.86,3.79,3.85,8125620,31206251.0
2026-09-29,sh,601512,中新集团,8.35,8.35,8.53,8.35,8.45,3185100,26864659.0
2026-09-29,sh,601515,衢州东峰,3.14,3.14,3.2,3.12,3.19,12965642,41155278.0
2026-09-29,sh,601518,吉林高速,2.74,2.74,2.78,2.74,2.76,8564253,23666952.0
2026-09-29,sh,601519,大智慧,8.19,8.18,9.01,8.15,9.01,51093431,446681165.0
2026-09-29,sh,601528,瑞丰银行,4.99,4.99,5.07,4.96,5.04,14942210,75146012.0
2026-09-29,sh,601555,东吴证券,8.08,8.06,8.17,8.04,8.14,21738761,176066311.0
2026-09-29,sh,601566,九牧王,9.13,9.02,9.2,8.98,9.1,20596293,187390657.0
2026-09-29,sh,601567,三星电气,14.63,14.11,14.34,13.61,13.86,43998936,609636465.0
2026-09-29,sh,601568,北元化工,3.52,3.53,3.54,3.47,3.51,18634780,65318257.0
2026-09-29,sh,601577,长沙银行,9.6,9.6,9.73,9.54,9.7,17975535,173420601.0
2026-09-29,sh,601579,会稽山,41.84,41.43,41.43,37.66,37.66,7005600,270360448.0
2026-09-29,sh,601588,北辰实业,1.75,1.75,1.83,1.75,1.81,49682450,89509240.0
2026-09-29,sh,601595,上海电影,22.74,22.57,23.8,22.43,23.26,8360526,194286878.0
2026-09-29,sh,601598,中国外运,6.6,6.57,6.71,6.55,6.69,12018199,79972780.0
2026-09-29,sh,601599,浙文影业,3.21,3.2,3.29,3.18,3.27,18353700,59757249.0
2026-09-29,sh,601600,中国铝业,8.68,8.73,8.98,8.68,8.94,138658623,1223294708.0
2026-09-29,sh,601601,中国太保,30.5,30.66,30.83,30.28,30.4,24784153,756073918.0
2026-09-29,sh,601606,长城军工,31.0,30.97,31.41,30.8,31.09,11391846,353770616.0
2026-09-29,sh,601607,上海医药,15.89,15.88,16.05,15.86,16.0,8352692,133598298.0
2026-09-29,sh,601608,中信重工,4.54,4.57,4.59,4.53,4.56,17954540,81976842.0
2026-09-29,sh,601609,金田股份,11.19,11.1,11.46,10.97,11.32,38431293,430383314.0
2026-09-29,sh,601611,中国核建,10.0,10.03,10.08,9.94,10.01,8930118,89517186.0
2026-09-29,sh,601615,明阳智能,9.51,9.46,9.83,9.42,9.78,50154665,485962095.0
2026-09-29,sh,601616,广电电气,3.75,3.73,3.81,3.73,3.78,9187400,34777199.0
2026-09-29,sh,601618,中国中冶,2.46,2.46,2.52,2.46,2.5,71188677,177789799.0
2026-09-29,sh,601619,嘉泽新能,3.81,3.8,3.92,3.78,3.86,36074804,139659726.0
2026-09-29,sh,601628,中国人寿,36.77,36.62,37.0,36.55,36.62,16521078,606517054.0
2026-09-29,sh,601633,长城汽车,13.79,13.79,13.89,13.66,13.66,11719037,161206794.0
2026-09-29,sh,601636,旗滨集团,5.34,5.29,5.33,5.2,5.29,43818125,230307272.0
2026-09-29,sh,601658,邮储银行,5.32,5.33,5.44,5.31,5.41,201935743,1087519910.0
2026-09-29,sh,601665,齐鲁银行,6.96,6.94,7.0,6.87,6.94,31377700,217437710.0
2026-09-29,sh,601666,平煤股份,8.79,8.77,8.84,8.49,8.73,22567377,195255524.0
2026-09-29,sh,601668,中国建筑,4.22,4.22,4.29,4.21,4.27,222748743,950008933.0
2026-09-29,sh,601669,中国电建,4.52,4.52,4.55,4.51,4.52,40170910,182009878.0
2026-09-29,sh,601677,明泰铝业,16.03,16.03,16.26,15.7,16.16,21819645,347596854.0
2026-09-29,sh,601678,滨化股份,5.7,5.65,5.7,5.61,5.64,31926730,180232817.0
2026-09-29,sh,601686,友发集团,4.93,4.92,4.99,4.91,4.97,3460109,17174770.0
2026-09-29,sh,601688,华泰证券,17.84,17.86,17.95,17.7,17.72,38830375,690282741.0
2026-09-29,sh,601689,拓普集团,46.5,45.6,47.35,44.6,47.35,29181609,1342819629.0
2026-09-29,sh,601696,中银证券,10.93,10.92,11.02,10.91,10.96,12756560,140057814.0
2026-09-29,sh,601698,中国卫通,23.03,23.0,23.15,22.64,22.7,11923754,271866564.0
2026-09-29,sh,601699,潞安环能,15.19,15.18,15.26,14.56,14.79,23104757,340586707.0
2026-09-29,sh,601700,风范股份,6.11,6.1,6.16,6.03,6.04,29713062,180553613.0
2026-09-29,sh,601702,华峰铝业,14.8,14.81,14.87,14.63,14.84,2767000,40786416.0
2026-09-29,sh,601717,中创智领,13.09,13.08,13.12,12.96,12.99,14451274,188239035.0
2026-09-29,sh,601718,ST际华,1.91,1.91,1.94,1.9,1.91,10012585,19205353.0
2026-09-29,sh,601727,上海电气,6.44,6.44,6.47,6.4,6.41,31776550,204314650.0
2026-09-29,sh,601728,中国电信,6.25,6.25,6.3,6.23,6.27,73557445,461546168.0
2026-09-29,sh,601766,中国中车,6.12,6.09,6.18,6.07,6.12,100072467,612304417.0
2026-09-29,sh,601777,千里科技,8.43,8.44,8.54,7.86,7.91,48750107,393514413.0
2026-09-29,sh,601778,晶科科技,3.34,3.32,3.4,3.31,3.38,52657122,177742079.0
2026-09-29,sh,601788,光大证券,13.58,13.59,13.68,13.55,13.55,8266316,112442714.0
2026-09-29,sh,601789,宁波建工,4.13,4.13,4.19,4.11,4.18,17936918,74771200.0
2026-09-29,sh,601798,蓝科高新,7.52,7.46,7.73,7.46,7.68,4919500,37564157.0
2026-09-29,sh,601799,星宇股份,69.22,69.67,70.21,68.99,69.75,2496184,174030820.0
2026-09-29,sh,601800,中国交建,5.76,5.76,5.85,5.74,5.83,20342152,118268543.0
2026-09-29,sh,601801,皖新传媒,5.22,5.19,5.57,5.18,5.54,40255987,217566869.0
2026-09-29,sh,601808,中海油服,12.17,12.09,12.2,12.03,12.06,7202917,87076267.0
2026-09-29,sh,601811,新华文轩,18.52,18.7,20.37,18.7,20.37,50556924,992359269.0
2026-09-29,sh,601816,京沪高铁,4.78,4.78,4.81,4.69,4.7,168211263,797376812.0
2026-09-29,sh,601818,光大银行,2.99,2.99,3.02,2.98,3.01,130538784,392302108.0
2026-09-29,sh,601825,沪农商行,8.61,8.64,8.66,8.49,8.58,16174857,138646665.0
2026-09-29,sh,601827,三峰环境,7.78,7.78,7.85,7.77,7.82,2153799,16848504.0
2026-09-29,sh,601828,美凯龙,2.12,2.12,2.2,2.11,2.19,57689689,125232347.0
2026-09-29,sh,601838,成都银行,19.04,19.1,19.16,18.88,18.88,17244070,327572285.0
2026-09-29,sh,601857,中国石油,11.19,11.18,11.26,11.0,11.12,112330189,1249374182.0
2026-09-29,sh,601858,中国科传,21.65,21.6,22.39,21.52,22.11,17478555,384854044.0
2026-09-29,sh,601860,紫金银行,2.51,2.51,2.56,2.5,2.54,52800936,134188288.0
2026-09-29,sh,601865,福莱特,9.1,9.11,9.18,9.06,9.1,6625100,60421062.0
2026-09-29,sh,601866,中远海发,2.42,2.41,2.44,2.4,2.41,45850225,110802413.0
2026-09-29,sh,601868,中国能建,2.36,2.36,2.39,2.36,2.37,113008737,268536790.0
2026-09-29,sh,601869,长飞光纤,394.22,392.7,411.58,389.0,407.95,9525182,3821835526.0
2026-09-29,sh,601872,招商轮船,20.65,20.52,20.63,19.78,19.89,108212914,2172650665.0
2026-09-29,sh,601877,正泰电器,24.45,24.4,24.63,24.3,24.43,7900014,193270898.0
2026-09-29,sh,601878,浙商证券,8.91,8.9,8.98,8.9,8.92,10208825,91264160.0
2026-09-29,sh,601880,辽港股份,1.44,1.44,1.46,1.44,1.45,75688746,109947143.0
2026-09-29,sh,601881,中国银河,11.58,11.57,11.65,11.51,11.51,17484489,202233042.0
2026-09-29,sh,601882,海天精工,22.81,22.72,22.88,22.33,22.75,4339873,98140850.0
2026-09-29,sh,601886,江河集团,13.16,13.16,13.3,12.68,12.8,8935542,115426019.0
2026-09-29,sh,601888,中国中免,50.79,50.8,51.32,50.8,50.93,8809009,449487226.0
2026-09-29,sh,601890,亚星锚链,9.2,9.18,9.26,9.07,9.23,22645039,208044057.0
2026-09-29,sh,601898,中煤能源,14.18,14.09,14.18,13.54,13.9,39964706,551305728.0
2026-09-29,sh,601899,紫金矿业,29.42,29.01,29.62,29.01,29.46,111429685,3264709021.0
2026-09-29,sh,601900,南方传媒,12.23,12.23,12.88,12.19,12.58,14269310,179930524.0
2026-09-29,sh,601901,方正证券,6.62,6.62,6.67,6.61,6.63,21220883,141070990.0
2026-09-29,sh,601908,京运通,2.88,2.89,2.94,2.86,2.91,22575800,65764290.0
2026-09-29,sh,601916,浙商银行,2.82,2.82,2.89,2.82,2.87,165419042,473290909.0
2026-09-29,sh,601918,新集能源,11.45,11.33,11.52,11.11,11.36,34937260,393769197.0
2026-09-29,sh,601919,中远海控,16.46,16.43,16.45,16.04,16.33,74281882,1205411159.0
2026-09-29,sh,601921,浙版传媒,7.5,7.53,7.6,7.48,7.55,9113100,68733410.0
2026-09-29,sh,601928,凤凰传媒,8.16,8.16,8.28,8.15,8.27,9511315,78393276.0
2026-09-29,sh,601929,吉视传媒,2.27,2.26,2.4,2.24,2.37,140802793,330984742.0
2026-09-29,sh,601933,永辉超市,2.96,2.96,2.98,2.95,2.96,51995975,154001201.0
2026-09-29,sh,601939,建设银行,11.0,10.98,11.09,10.88,11.03,97800535,1076924850.0
2026-09-29,sh,601949,中国出版,5.46,5.45,6.01,5.42,6.01,87532322,508795221.0
2026-09-29,sh,601952,苏垦农发,8.8,8.75,8.87,8.69,8.72,12231697,107107081.0
2026-09-29,sh,601956,东贝集团,5.08,5.06,5.12,5.02,5.07,8356600,42471109.0
2026-09-29,sh,601958,金钼股份,19.13,19.13,19.41,19.1,19.3,13432223,259280178.0
2026-09-29,sh,601963,重庆银行,11.02,11.02,11.1,10.92,10.97,6587481,72394046.0
2026-09-29,sh,601965,中国汽研,12.98,12.9,13.11,12.87,13.03,4550900,59183975.0
2026-09-29,sh,601966,玲珑轮胎,10.33,10.36,10.45,10.33,10.36,4249300,44073840.0
2026-09-29,sh,601968,宝钢包装,4.49,4.46,4.5,4.43,4.47,6802100,30398313.0
2026-09-29,sh,601969,海南矿业,8.81,8.83,8.93,8.79,8.89,7117946,63096075.0
2026-09-29,sh,601975,招商南油,4.52,4.5,4.53,4.39,4.43,122526909,544728298.0
2026-09-29,sh,601985,中国核电,9.0,9.0,9.05,8.97,9.02,77838674,701604431.0
2026-09-29,sh,601988,中国银行,6.63,6.62,6.69,6.57,6.65,231777977,1540060527.0
2026-09-29,sh,601990,南京证券,6.5,6.48,6.58,6.48,6.54,12126802,79433403.0
2026-09-29,sh,601991,大唐发电,5.32,5.29,5.35,5.24,5.25,117264827,618452316.0
2026-09-29,sh,601992,金隅集团,1.38,1.38,1.42,1.38,1.41,60116324,84717740.0
2026-09-29,sh,601995,中金公司,30.5,30.42,30.64,30.35,30.61,14539294,443086130.0
2026-09-29,sh,601996,丰林集团,2.88,2.88,2.93,2.85,2.9,12224900,35397947.0
2026-09-29,sh,601997,贵阳银行,5.47,5.47,5.58,5.46,5.56,51555957,285318087.0
2026-09-29,sh,601998,中信银行,9.07,9.07,9.15,8.96,9.02,51411397,465688794.0
2026-09-29,sh,601999,出版传媒,6.46,6.45,7.09,6.43,6.96,35196637,241415852.0
2026-09-29,sh,603000,人民网,16.31,16.3,16.71,16.27,16.65,13024335,215740633.0
2026-09-29,sh,603001,奥康国际,11.32,11.42,12.16,11.12,11.97,18478411,219312242.0
2026-09-29,sh,603002,宏昌电子,17.57,17.53,17.77,17.23,17.56,39635500,695728544.0
2026-09-29,sh,603004,鼎龙科技,18.89,18.72,20.03,18.38,19.14,4278348,82742107.0
2026-09-29,sh,603005,晶方科技,27.9,27.8,28.51,27.61,27.86,21377013,597582154.0
2026-09-29,sh,603006,联明股份,10.72,10.65,10.96,10.62,10.94,2275200,24724022.0
2026-09-29,sh,603007,顺景科技,4.45,4.45,4.54,4.43,4.48,11777900,53027844.0
2026-09-29,sh,603008,ST喜临门,10.53,10.43,10.53,9.97,9.98,10162701,103356285.0
2026-09-29,sh,603009,北特科技,45.97,46.69,46.94,44.83,45.57,6026767,275589922.0
2026-09-29,sh,603010,万盛股份,12.1,12.04,12.24,11.96,12.07,4612652,55862495.0
2026-09-29,sh,603011,合锻智能,23.94,23.83,25.08,23.6,24.59,26224230,639272348.0
2026-09-29,sh,603012,XD创力集,8.41,8.42,8.67,8.36,8.47,9926800,84384651.0
2026-09-29,sh,603013,亚普股份,13.96,13.89,14.27,13.89,14.2,2393200,33862249.0
2026-09-29,sh,603014,威高血净,31.05,30.95,31.15,30.71,30.88,739921,22863367.0
2026-09-29,sh,603015,弘讯科技,10.28,10.3,10.53,10.2,10.43,3732504,38769961.0
2026-09-29,sh,603016,新宏泰,32.39,32.4,32.64,31.76,31.88,2817500,90316676.0
2026-09-29,sh,603017,中衡设计,9.88,9.82,10.6,9.82,10.2,10844354,110793978.0
2026-09-29,sh,603018,华设集团,5.16,5.15,5.22,5.13,5.2,5228064,27155034.0
2026-09-29,sh,603019,中科曙光,80.02,80.02,80.74,79.88,80.4,10335208,830812726.0
2026-09-29,sh,603020,爱普股份,12.35,12.24,12.58,12.11,12.11,9258400,113473396.0
2026-09-29,sh,603021,*ST华鹏,4.93,4.96,5.06,4.93,4.95,3410500,17000621.0
2026-09-29,sh,603022,新通联,8.95,8.85,9.23,8.85,9.17,3487700,31765632.0
2026-09-29,sh,603023,威帝股份,3.99,3.99,4.12,3.96,4.08,8964100,36373180.0
2026-09-29,sh,603025,大豪科技,12.83,12.81,13.03,12.81,12.95,3466337,44934644.0
2026-09-29,sh,603026,石大胜华,55.34,55.34,56.45,55.34,55.87,3901701,218152603.0
2026-09-29,sh,603027,千禾味业,7.17,7.16,7.22,7.11,7.12,6632299,47375350.0
2026-09-29,sh,603028,赛福天,7.18,7.12,7.31,7.05,7.26,3458290,25040745.0
2026-09-29,sh,603029,天鹅股份,16.61,16.33,16.87,16.33,16.76,2517100,42015500.0
2026-09-29,sh,603030,全筑股份,2.02,2.02,2.1,2.01,2.09,28166200,58425052.0
2026-09-29,sh,603031,安孚科技,36.77,36.77,37.45,36.21,36.57,6096050,224762188.0
2026-09-29,sh,603032,德新科技,17.41,17.41,17.93,17.4,17.65,5071975,89849780.0
2026-09-29,sh,603033,三维股份,7.53,7.59,7.71,7.5,7.64,5040007,38481580.0
2026-09-29,sh,603035,常熟汽饰,10.47,10.46,10.52,10.39,10.4,1975900,20630179.0
2026-09-29,sh,603036,如通股份,13.56,13.49,13.84,13.46,13.7,3723498,50944258.0
2026-09-29,sh,603037,凯众股份,10.02,10.01,10.75,9.91,10.44,7883180,82213840.0
2026-09-29,sh,603038,华立股份,15.54,15.53,16.0,15.36,15.68,5242100,82513288.0
2026-09-29,sh,603039,泛微网络,34.45,34.21,35.2,34.21,34.53,8557068,296895678.0
2026-09-29,sh,603040,新坐标,44.83,45.32,45.32,43.8,44.33,1184575,52433890.0
2026-09-29,sh,603041,美思德,11.56,11.46,11.74,11.42,11.66,2173231,25271724.0
2026-09-29,sh,603042,华脉科技,16.86,15.59,17.28,15.27,16.55,53146640,885769590.0
2026-09-29,sh,603043,广州酒家,13.04,13.11,13.12,12.87,12.95,1874702,24288401.0
2026-09-29,sh,603045,福达合金,45.65,45.54,47.8,45.18,47.16,5208904,242778372.0
2026-09-29,sh,603048,浙江黎明,24.75,24.75,25.08,24.37,24.59,1561200,38567448.0
2026-09-29,sh,603049,中策橡胶,44.2,43.91,44.25,43.66,43.83,1486706,65249377.0
2026-09-29,sh,603050,科林电气,16.51,16.4,16.64,16.4,16.45,2054273,33913107.0
2026-09-29,sh,603051,鹿山新材,24.09,24.08,24.85,23.76,24.71,4394420,107505908.0
2026-09-29,sh,603052,可川科技,52.61,50.44,53.34,50.44,52.96,4420466,231060177.0
2026-09-29,sh,603053,成都燃气,8.61,8.68,8.72,8.61,8.7,1108300,9622580.0
2026-09-29,sh,603055,台华新材,9.14,9.29,9.29,9.01,9.04,7626502,69386409.0
2026-09-29,sh,603057,紫燕食品,17.19,17.2,17.94,17.12,17.74,4703202,83078509.0
2026-09-29,sh,603058,永吉股份,8.57,8.5,8.74,8.45,8.67,4299700,37212269.0
2026-09-29,sh,603059,倍加洁,25.9,25.8,26.11,25.6,25.89,1322500,34162842.0
2026-09-29,sh,603060,国检集团,5.66,5.72,5.72,5.52,5.53,11655748,64918909.0
2026-09-29,sh,603061,金海通,316.2,317.0,328.0,312.11,318.5,2284678,731192705.0
2026-09-29,sh,603062,麦加芯彩,36.75,36.81,37.19,36.33,36.6,321413,11820653.0
2026-09-29,sh,603063,禾望电气,27.17,27.39,28.5,27.0,28.16,12247753,340315264.0
2026-09-29,sh,603065,宿迁联盛,15.12,14.99,15.14,14.57,14.83,24355315,362462216.0
2026-09-29,sh,603066,音飞储存,9.18,9.18,9.36,9.15,9.32,3445600,32005232.0
2026-09-29,sh,603067,振华股份,39.69,39.1,40.39,38.33,39.45,32438020,1279432869.0
2026-09-29,sh,603068,博通集成,46.05,46.07,46.8,44.4,45.0,14988700,677652552.0
2026-09-29,sh,603069,海汽集团,12.88,12.89,13.64,12.81,13.44,4082053,54273465.0
2026-09-29,sh,603070,万控智造,11.27,11.13,11.42,11.13,11.33,1253500,14215725.0
2026-09-29,sh,603071,物产环能,12.4,12.39,12.48,12.32,12.34,1693500,20976641.0
2026-09-29,sh,603072,天和磁材,29.73,29.68,30.09,29.68,29.75,813255,24288602.0
2026-09-29,sh,603073,彩蝶实业,19.72,19.0,20.3,18.3,19.72,10431996,200044637.0
2026-09-29,sh,603075,热威股份,20.03,20.02,20.35,19.5,19.95,2556487,50836605.0
2026-09-29,sh,603076,乐惠国际,20.16,20.16,20.5,19.96,20.41,1395200,28329961.0
2026-09-29,sh,603077,和邦生物,2.16,2.15,2.19,2.15,2.18,66521631,144845607.0
2026-09-29,sh,603078,江化微,30.14,29.92,30.25,29.45,29.59,9888485,294140387.0
2026-09-29,sh,603079,圣达生物,13.0,12.95,13.24,12.77,13.17,3281600,42897580.0
2026-09-29,sh,603080,新疆火炬,19.62,19.61,19.86,19.5,19.56,602700,11854577.0
2026-09-29,sh,603081,大丰实业,9.38,9.32,9.52,9.31,9.43,1870600,17695475.0
2026-09-29,sh,603082,北自科技,42.73,42.44,43.86,41.95,42.0,5528869,236559654.0
2026-09-29,sh,603083,剑桥科技,197.37,197.15,204.89,194.2,201.1,15003796,2977390940.0
2026-09-29,sh,603085,天成自控,9.69,9.69,9.83,9.58,9.75,4066207,39695416.0
2026-09-29,sh,603086,先达股份,5.78,5.8,5.88,5.74,5.84,6450200,37665786.0
2026-09-29,sh,603087,甘李药业,73.96,73.97,75.6,73.1,74.85,9154542,682777821.0
2026-09-29,sh,603088,宁波精达,9.74,9.79,10.06,9.71,9.96,6248421,61899337.0
2026-09-29,sh,603089,正裕工业,9.49,9.49,9.62,9.42,9.53,2555692,24429725.0
2026-09-29,sh,603090,宏盛股份,36.32,36.15,36.93,35.7,36.68,3557700,128978497.0
2026-09-29,sh,603091,众鑫股份,45.12,45.87,46.24,45.2,45.2,582220,26531301.0
2026-09-29,sh,603092,德力佳,48.34,47.45,50.35,45.88,49.02,5741181,276547566.0
2026-09-29,sh,603093,南华期货,13.4,13.2,13.7,13.2,13.31,17262302,231140059.0
2026-09-29,sh,603095,越剑智能,14.27,14.23,14.42,13.98,14.11,3168544,44979598.0
2026-09-29,sh,603096,新经典,16.05,16.04,16.44,15.8,16.36,2074800,33760918.0
2026-09-29,sh,603097,江苏华辰,17.78,17.78,18.6,17.5,18.29,2010140,36619388.0
2026-09-29,sh,603098,森特股份,10.53,10.55,10.78,10.5,10.74,2218702,23700910.0
2026-09-29,sh,603099,长白山,40.6,40.63,41.5,39.5,39.78,9194003,371176146.0
2026-09-29,sh,603100,川仪股份,18.45,18.4,18.55,18.21,18.29,1873250,34347275.0
2026-09-29,sh,603101,汇嘉时代,7.3,7.21,7.39,7.21,7.37,4285700,31523695.0
2026-09-29,sh,603102,百合股份,36.93,37.06,37.11,36.0,36.87,1098900,40437777.0
2026-09-29,sh,603103,横店影视,15.82,15.68,16.16,15.68,16.13,3700403,59220512.0
2026-09-29,sh,603105,芯能科技,8.94,8.76,8.89,8.54,8.83,26947438,235638199.0
2026-09-29,sh,603106,恒银科技,7.18,7.21,7.32,7.13,7.27,6933239,50383682.0
2026-09-29,sh,603107,上海汽配,12.31,12.27,12.28,12.12,12.12,2069280,25237927.0
2026-09-29,sh,603108,润达医疗,9.8,9.8,10.22,9.68,10.08,17677360,177852380.0
2026-09-29,sh,603109,神驰机电,17.49,17.45,17.68,17.41,17.48,1349600,23713085.0
2026-09-29,sh,603110,东方材料,23.93,23.73,25.65,23.53,25.18,9758500,242782311.0
2026-09-29,sh,603111,康尼机电,6.11,6.09,6.19,6.07,6.15,3307906,20328116.0
2026-09-29,sh,603112,华翔股份,16.61,16.5,16.88,16.4,16.67,4682286,78193462.0
2026-09-29,sh,603113,金能科技,4.82,4.82,4.9,4.79,4.87,8698991,42262894.0
2026-09-29,sh,603115,海星股份,71.46,70.44,72.36,69.66,71.23,5394407,381829449.0
2026-09-29,sh,603116,红蜻蜓,7.26,7.41,7.82,7.15,7.82,23238900,176143767.0
2026-09-29,sh,603117,万林物流,3.98,3.96,4.07,3.94,4.02,8855300,35598691.0
2026-09-29,sh,603118,共进股份,16.49,16.28,16.54,16.15,16.3,39859250,651531243.0
2026-09-29,sh,603119,浙江荣泰,53.98,53.98,54.36,51.02,52.26,10068624,528089802.0
2026-09-29,sh,603120,肯特催化,58.0,57.05,58.21,56.05,57.75,2963054,169767872.0
2026-09-29,sh,603121,华培动力,12.6,12.56,12.72,12.28,12.58,5421256,68112931.0
2026-09-29,sh,603122,合富中国,14.61,14.65,14.78,13.98,14.02,60937100,869383080.0
2026-09-29,sh,603123,翠微股份,9.21,9.21,9.3,9.17,9.22,12752107,117874948.0
2026-09-29,sh,603124,江南新材,118.64,114.54,122.8,114.54,120.2,5090967,607528291.0
2026-09-29,sh,603125,常青科技,21.1,20.32,21.03,19.62,20.77,7738819,158628828.0
2026-09-29,sh,603126,中材节能,6.22,6.2,6.37,6.17,6.3,6404600,40378169.0
2026-09-29,sh,603127,昭衍新药,45.44,45.05,47.3,44.52,44.82,31748075,1449004229.0
2026-09-29,sh,603128,华贸物流,5.31,5.31,5.38,5.25,5.34,10012800,53473471.0
2026-09-29,sh,603129,春风动力,279.1,280.77,284.8,277.0,284.0,1450267,407645026.0
2026-09-29,sh,603130,云中马,38.33,39.1,39.45,38.21,38.66,1425700,55535035.0
2026-09-29,sh,603131,上海沪工,13.7,13.66,13.81,13.52,13.69,3087334,42297870.0
2026-09-29,sh,603132,金徽股份,17.26,17.58,18.5,17.16,18.42,9009225,162253153.0
2026-09-29,sh,603135,中重科技,8.56,8.52,8.65,8.38,8.59,5079180,43591207.0
2026-09-29,sh,603136,天目湖,9.11,9.05,9.15,9.03,9.09,5667281,51487386.0
2026-09-29,sh,603137,恒尚节能,18.39,18.18,18.49,17.97,17.98,5919510,107587131.0
2026-09-29,sh,603138,海量数据,15.4,14.92,15.3,14.68,15.1,18062270,270597180.0
2026-09-29,sh,603139,康惠股份,35.02,35.02,35.45,34.71,34.94,1513200,52989000.0
2026-09-29,sh,603150,万朗磁塑,65.25,64.48,69.41,64.07,68.49,3295413,223594187.0
2026-09-29,sh,603151,邦基科技,18.66,18.29,18.76,18.12,18.14,3172803,58255464.0
2026-09-29,sh,603153,上海建科,13.29,13.28,13.53,13.21,13.48,1285000,17302885.0
2026-09-29,sh,603155,新亚强,14.26,14.23,15.32,14.01,14.78,12324624,180656037.0
2026-09-29,sh,603156,养元饮品,42.9,42.56,44.43,42.56,43.95,8717441,379727606.0
2026-09-29,sh,603158,腾龙股份,10.15,10.14,10.38,10.04,10.29,7091803,72935589.0
2026-09-29,sh,603159,上海亚虹,22.1,22.14,23.05,21.95,22.92,3758260,84961945.0
2026-09-29,sh,603160,汇顶科技,53.72,53.35,54.35,53.28,54.06,2719152,146218314.0
2026-09-29,sh,603161,科华控股,14.74,14.64,14.84,14.45,14.5,1989658,29054578.0
2026-09-29,sh,603162,海通发展,13.02,12.98,13.1,12.66,12.72,30563430,391797937.0
2026-09-29,sh,603163,圣晖集成,75.62,75.5,76.28,74.85,75.86,1638223,124053843.0
2026-09-29,sh,603165,荣晟环保,13.33,13.35,13.4,13.13,13.21,4223847,55787059.0
2026-09-29,sh,603166,福达股份,10.75,10.87,10.91,10.66,10.69,4367325,46973180.0
2026-09-29,sh,603167,渤海轮渡,7.97,7.98,8.0,7.94,7.98,1513624,12067418.0
2026-09-29,sh,603168,莎普爱思,5.91,5.91,6.1,5.83,6.04,6254710,37574040.0
2026-09-29,sh,603169,兰石重装,5.85,5.8,5.94,5.78,5.87,7226200,42494130.0
2026-09-29,sh,603170,宝立食品,13.09,13.17,13.8,12.99,13.53,11599700,156342226.0
2026-09-29,sh,603171,税友股份,39.31,39.19,40.28,38.9,39.88,3239049,128751937.0
2026-09-29,sh,603172,万丰股份,19.46,19.49,20.06,19.25,19.81,1958166,38716084.0
2026-09-29,sh,603173,福斯达,28.7,28.69,29.2,28.67,28.78,326900,9415339.0
2026-09-29,sh,603175,超颖电子,104.38,106.06,113.0,100.43,109.7,2777234,304663058.0
2026-09-29,sh,603176,汇通集团,5.17,5.16,5.31,5.13,5.28,4585405,24125547.0
2026-09-29,sh,603177,德创环保,10.96,10.94,11.1,10.85,10.99,2789100,30594448.0
2026-09-29,sh,603178,圣龙股份,16.24,16.02,16.68,15.9,16.42,11299214,185175976.0
2026-09-29,sh,603179,新泉股份,40.7,40.4,41.5,39.65,40.22,13236280,536064686.0
2026-09-29,sh,603180,金牌家居,15.58,15.64,15.91,15.59,15.83,958740,15156630.0
2026-09-29,sh,603181,皇马科技,12.12,12.1,12.28,12.05,12.19,4037000,49137931.0
2026-09-29,sh,603182,嘉华股份,13.57,13.46,13.69,13.36,13.64,1376591,18627465.0
2026-09-29,sh,603183,建研院,5.13,5.15,5.28,5.06,5.19,25490283,131686717.0
2026-09-29,sh,603185,弘元绿能,13.65,13.8,13.88,13.65,13.77,4789349,66126522.0
2026-09-29,sh,603186,华正新材,204.6,203.0,215.2,201.1,212.0,14537626,3044786818.0
2026-09-29,sh,603187,海容冷链,10.53,10.52,10.64,10.49,10.63,1386912,14709776.0
2026-09-29,sh,603188,亚邦股份,4.46,4.48,4.91,4.4,4.91,24771203,118209349.0
2026-09-29,sh,603189,*ST网达,9.46,9.31,9.55,9.31,9.4,858500,8125409.0
2026-09-29,sh,603190,亚通精工,16.19,16.15,16.4,16.02,16.38,1496320,24345594.0
2026-09-29,sh,603191,望变电气,12.99,12.99,13.2,12.91,13.12,3326908,43607010.0
2026-09-29,sh,603192,汇得科技,20.18,20.2,20.3,19.8,19.85,2468077,49332928.0
2026-09-29,sh,603193,润本股份,20.2,20.11,20.28,19.8,20.0,1656779,33137570.0
2026-09-29,sh,603194,中力股份,32.95,33.07,33.1,32.61,32.77,537700,17634373.0
2026-09-29,sh,603195,公牛集团,37.52,37.53,38.15,37.5,38.08,2159894,81884701.0
2026-09-29,sh,603196,璞源材料,17.82,18.04,18.3,17.8,17.84,1352202,24383381.0
2026-09-29,sh,603197,保隆科技,29.06,29.0,29.27,28.78,28.94,1635400,47350172.0
2026-09-29,sh,603198,迎驾贡酒,37.1,36.94,37.57,36.9,37.45,1927598,71948087.0
2026-09-29,sh,603199,九华旅游,31.84,31.94,32.19,31.81,32.02,841100,26941967.0
2026-09-29,sh,603200,上海洗霸,36.97,39.14,40.67,38.97,40.67,3735420,150384757.0
2026-09-29,sh,603201,常润股份,15.22,15.22,15.41,15.13,15.23,1428500,21837052.0
2026-09-29,sh,603202,天有为,50.5,50.6,51.3,50.49,51.04,765678,39016767.0
2026-09-29,sh,603203,快克智能,43.11,42.86,43.65,42.64,42.9,5088010,219120263.0
2026-09-29,sh,603205,健尔康,21.25,21.29,21.62,21.09,21.55,739997,15921168.0
2026-09-29,sh,603206,嘉环科技,13.46,13.38,13.87,13.38,13.8,2957001,40678759.0
2026-09-29,sh,603207,小方制药,24.35,24.35,24.68,24.1,24.14,2110097,51319106.0
2026-09-29,sh,603208,江山欧派,11.25,11.29,11.5,11.16,11.43,1547803,17621867.0
2026-09-29,sh,603209,兴通股份,14.79,14.66,14.81,14.47,14.49,4309840,62871181.0
2026-09-29,sh,603210,泰鸿万立,13.36,13.38,13.55,13.3,13.38,1847218,24788164.0
2026-09-29,sh,603211,晋拓股份,18.96,18.88,19.2,18.5,19.0,3124170,59390110.0
2026-09-29,sh,603212,赛伍技术,11.66,11.66,11.82,11.47,11.66,9066577,105534949.0
2026-09-29,sh,603213,镇洋发展,13.58,13.54,13.8,13.54,13.75,1865861,25573942.0
2026-09-29,sh,603214,爱婴室,13.6,13.62,13.92,13.49,13.85,3204500,44039664.0
2026-09-29,sh,603215,比依股份,15.64,15.52,15.55,15.02,15.27,3230636,49278320.0
2026-09-29,sh,603216,梦天家居,21.88,21.81,22.24,21.58,21.7,5213500,113977106.0
2026-09-29,sh,603217,元利科技,26.93,26.82,27.0,26.4,26.46,2441798,65052899.0
2026-09-29,sh,603218,日月股份,9.38,9.37,9.59,9.31,9.5,12938298,122535344.0
2026-09-29,sh,603219,富佳股份,12.91,12.84,13.05,12.7,12.83,3236740,41522253.0
2026-09-29,sh,603220,中贝通信,16.99,16.89,17.25,16.82,17.07,10448747,178248121.0
2026-09-29,sh,603221,爱丽家居,27.72,26.66,27.55,24.95,25.43,18305336,476359871.0
2026-09-29,sh,603222,济民健康,8.01,8.03,8.49,7.8,7.92,24748200,199987023.0
2026-09-29,sh,603223,恒通股份,9.45,9.47,9.52,9.37,9.46,4783826,45206924.0
2026-09-29,sh,603225,新凤鸣,17.11,17.19,17.21,16.01,16.65,19805796,325702275.0
2026-09-29,sh,603226,菲林格尔,28.88,29.19,30.73,29.19,29.47,6044097,180770887.0
2026-09-29,sh,603227,雪峰科技,7.36,7.34,7.4,7.3,7.35,2913047,21417458.0
2026-09-29,sh,603228,景旺电子,95.0,92.79,101.32,92.61,100.53,28967452,2840350162.0
2026-09-29,sh,603229,奥翔药业,8.17,8.13,8.22,8.02,8.14,6068465,49330421.0
2026-09-29,sh,603230,内蒙新华,16.62,14.96,16.28,14.96,15.31,66452379,1013010132.0
2026-09-29,sh,603231,索宝蛋白,17.12,17.12,17.33,16.91,17.3,2186665,37594411.0
2026-09-29,sh,603232,格尔软件,15.96,15.94,17.0,15.8,16.69,22463760,373568697.0
2026-09-29,sh,603233,大参林,17.77,17.8,17.92,17.6,17.83,4638565,82408382.0
2026-09-29,sh,603235,天新药业,25.2,25.35,25.35,25.06,25.14,348400,8781673.0
2026-09-29,sh,603236,移远通信,71.45,70.11,71.25,69.64,70.3,8369080,589034918.0
2026-09-29,sh,603237,五芳斋,15.27,15.29,15.4,15.04,15.15,1326800,20140822.0
2026-09-29,sh,603238,诺邦股份,12.68,12.61,12.9,12.5,12.71,2620708,33396732.0
2026-09-29,sh,603239,浙江仙通,13.75,13.71,13.91,13.6,13.71,1935400,26676602.0
2026-09-29,sh,603248,锡华科技,23.2,22.1,22.57,20.9,21.31,21757759,470992979.0
2026-09-29,sh,603255,鼎际得,31.24,31.86,32.22,30.6,30.82,1260304,39094846.0
2026-09-29,sh,603256,宏和科技,140.55,140.7,142.27,137.55,139.05,12312789,1716719525.0
2026-09-29,sh,603257,中国瑞林,66.0,65.5,66.91,64.07,64.4,1589061,103309551.0
2026-09-29,sh,603258,电魂网络,13.72,13.68,14.38,13.58,14.19,6409301,90345689.0
2026-09-29,sh,603259,药明康德,161.8,161.81,166.68,159.47,160.66,30317949,4927714396.0
2026-09-29,sh,603260,合盛硅业,30.91,30.65,31.2,30.65,31.01,4279966,132603891.0
2026-09-29,sh,603261,立航科技,49.5,49.02,50.17,46.74,49.48,2583200,125395713.0
2026-09-29,sh,603262,技源集团,17.41,17.41,17.61,17.05,17.13,2592100,44876235.0
2026-09-29,sh,603266,天龙股份,18.38,18.36,19.46,18.22,19.29,8093900,153452517.0
2026-09-29,sh,603267,鸿远电子,46.99,46.91,47.62,46.59,47.21,3634888,171484953.0
2026-09-29,sh,603268,松发股份,211.95,212.0,214.8,206.0,214.02,5834263,1222662724.0
2026-09-29,sh,603269,海鸥股份,23.71,24.01,24.24,23.0,23.44,14498172,342065297.0
2026-09-29,sh,603270,金帝股份,32.84,32.32,33.04,31.69,31.87,6254404,201684528.0
2026-09-29,sh,603271,永杰新材,38.18,38.23,38.46,38.02,38.25,656507,25102452.0
2026-09-29,sh,603272,*ST联翔,16.15,15.93,16.11,15.5,15.73,2367600,37348049.0
2026-09-29,sh,603273,天元智能,14.58,14.61,14.84,14.51,14.7,1497500,22082303.0
2026-09-29,sh,603275,众辰科技,36.85,37.0,37.37,36.6,37.0,527200,19542561.0
2026-09-29,sh,603276,恒兴新材,17.38,17.5,17.85,17.29,17.58,2210250,39004797.0
2026-09-29,sh,603277,银都股份,11.24,11.18,11.26,11.11,11.2,1244461,13936793.0
2026-09-29,sh,603278,大业股份,10.78,10.72,11.78,10.3,10.56,77710042,864367178.0
2026-09-29,sh,603279,景津装备,10.79,10.82,10.87,10.69,10.71,5932800,63894955.0
2026-09-29,sh,603280,南方路机,27.41,27.43,27.57,27.15,27.2,1805000,49420825.0
2026-09-29,sh,603281,江瀚新材,18.09,18.09,18.33,18.02,18.12,1364288,24813711.0
2026-09-29,sh,603282,亚光股份,17.13,17.29,17.44,16.87,17.32,1141700,19703202.0
2026-09-29,sh,603283,赛腾股份,42.91,42.8,43.59,42.55,42.94,8206355,353536471.0
2026-09-29,sh,603284,林平发展,40.73,40.6,40.9,40.33,40.54,651969,26464576.0
2026-09-29,sh,603285,键邦股份,35.76,35.84,37.04,35.15,36.72,2950761,107366353.0
2026-09-29,sh,603286,日盈电子,43.9,43.28,46.39,43.2,44.77,3780900,169897104.0
2026-09-29,sh,603288,海天味业,32.93,32.92,33.0,32.41,32.91,11946677,390440132.0
2026-09-29,sh,603289,泰瑞机器,11.17,11.36,11.56,11.12,11.36,11765700,133890564.0
2026-09-29,sh,603290,斯达半导,82.81,82.56,84.63,82.5,83.4,2256694,188604753.0
2026-09-29,sh,603291,联合水务,8.61,8.69,8.77,8.6,8.68,3002300,26072756.0
2026-09-29,sh,603293,埃泰克,35.52,35.51,36.04,35.51,35.61,724900,25890345.0
2026-09-29,sh,603296,华勤技术,74.84,74.9,75.99,74.8,75.35,9291018,699250786.0
2026-09-29,sh,603297,永新光学,108.25,107.19,108.73,106.22,107.39,574580,61768597.0
2026-09-29,sh,603298,杭叉集团,21.76,21.87,22.04,21.4,21.91,4455660,97014229.0
2026-09-29,sh,603299,苏盐井神,8.6,8.6,8.65,8.59,8.62,1663299,14334783.0
2026-09-29,sh,603300,海南华铁,4.49,4.49,4.57,4.48,4.53,19804300,89977291.0
2026-09-29,sh,603301,振德医疗,74.81,74.07,76.29,73.03,75.8,1649802,124345762.0
2026-09-29,sh,603303,得邦照明,27.96,27.63,28.38,27.4,28.09,2803004,78561056.0
2026-09-29,sh,603305,旭升集团,11.1,11.02,11.23,10.92,11.11,12336952,136656426.0
2026-09-29,sh,603306,华懋科技,73.95,73.48,74.17,71.02,71.87,7645613,554913636.0
2026-09-29,sh,603307,扬州金泉,26.13,26.01,26.25,25.45,25.62,818215,21107865.0
2026-09-29,sh,603308,应流股份,36.56,36.0,36.8,35.98,36.79,17760739,646555850.0
2026-09-29,sh,603309,维力医疗,11.12,11.09,11.2,11.03,11.1,2062900,22935246.0
2026-09-29,sh,603310,巍华新材,14.41,14.65,14.7,14.36,14.51,1052300,15341983.0
2026-09-29,sh,603311,金海高科,25.71,25.41,26.46,25.41,25.79,4910901,127101051.0
2026-09-29,sh,603312,西典新能,32.96,32.99,33.1,32.39,32.9,1052296,34455506.0
2026-09-29,sh,603313,梦百合,6.25,6.24,6.33,6.2,6.21,9661704,60522150.0
2026-09-29,sh,603315,福鞍股份,10.66,10.69,10.82,10.56,10.65,4324200,46284836.0
2026-09-29,sh,603316,诚邦股份,15.9,15.77,16.7,15.71,15.84,18294373,292703155.0
2026-09-29,sh,603317,天味食品,12.59,12.62,12.63,12.4,12.42,4950400,61652106.0
2026-09-29,sh,603318,水发燃气,8.62,8.6,8.69,8.56,8.65,17478778,150871615.0
2026-09-29,sh,603319,美湖股份,28.79,28.51,29.09,28.18,28.4,11076472,315628574.0
2026-09-29,sh,603320,迪贝电气,17.8,18.11,18.15,17.68,18.02,1815923,32681323.0
2026-09-29,sh,603321,梅轮电梯,7.27,7.21,7.26,7.09,7.14,6918700,49501725.0
2026-09-29,sh,603322,超讯科技,26.45,26.31,29.1,25.96,29.1,7368651,204083982.0
2026-09-29,sh,603323,苏农银行,4.43,4.43,4.45,4.39,4.43,28909115,127824348.0
2026-09-29,sh,603324,盛剑科技,25.25,25.0,25.35,24.81,24.97,2022440,50730499.0
2026-09-29,sh,603325,博隆技术,52.15,52.15,53.01,51.9,52.81,170560,8970934.0
2026-09-29,sh,603326,我乐家居,7.59,7.59,7.68,7.5,7.63,2455200,18706453.0
2026-09-29,sh,603327,福蓉科技,8.03,8.02,8.08,7.96,8.0,9489541,76195386.0
2026-09-29,sh,603328,依顿电子,13.13,12.95,14.44,12.95,14.44,28696940,405172092.0
2026-09-29,sh,603329,上海雅仕,10.24,10.25,10.38,10.03,10.34,2580700,26398642.0
2026-09-29,sh,603330,天洋新材,9.41,9.32,9.64,9.26,9.34,19883787,187472463.0
2026-09-29,sh,603331,百达精工,12.3,12.42,12.52,12.22,12.39,2419000,30020484.0
2026-09-29,sh,603332,苏州龙杰,11.95,11.87,12.08,11.82,11.99,2091900,25073113.0
2026-09-29,sh,603333,福华尚纬,8.88,8.95,8.95,8.79,8.85,7343742,64988370.0
2026-09-29,sh,603334,丰倍生物,31.89,31.89,32.21,31.42,31.5,712500,22595391.0
2026-09-29,sh,603335,迪生力,6.04,5.95,6.22,5.94,6.19,7503159,46086898.0
2026-09-29,sh,603336,宏辉果蔬,9.98,10.01,10.04,9.74,9.9,13132032,129854556.0
2026-09-29,sh,603337,杰克科技,35.8,35.55,35.78,35.3,35.46,1864169,66079173.0
2026-09-29,sh,603338,浙江鼎力,52.14,52.03,52.58,51.0,52.56,3693006,191640488.0
2026-09-29,sh,603339,四方科技,12.17,12.1,12.33,12.06,12.17,4254310,52072142.0
2026-09-29,sh,603341,龙旗科技,35.72,35.7,36.07,35.16,35.42,6970750,248007554.0
2026-09-29,sh,603344,星德胜,22.16,22.17,22.59,22.08,22.35,1252427,28035258.0
2026-09-29,sh,603345,安井食品,77.24,77.85,79.27,77.0,79.05,5088963,399059361.0
2026-09-29,sh,603348,文灿股份,14.55,14.46,14.62,14.38,14.48,1966127,28526771.0
2026-09-29,sh,603350,安乃达,28.42,28.51,28.96,28.2,28.66,529300,15195344.0
2026-09-29,sh,603351,威尔药业,27.0,26.88,27.86,26.51,27.21,1352800,36923125.0
2026-09-29,sh,603352,至信股份,25.1,25.33,25.4,24.73,24.84,704132,17636881.0
2026-09-29,sh,603353,和顺石油,41.63,40.72,41.58,40.17,40.55,5327600,216830834.0
2026-09-29,sh,603355,莱克电气,30.27,30.16,30.57,29.85,30.42,2357447,71305532.0
2026-09-29,sh,603356,华菱精工,16.56,16.63,16.8,16.15,16.6,2161300,35872521.0
2026-09-29,sh,603357,设计总院,5.92,5.91,6.0,5.91,5.97,2458953,14691247.0
2026-09-29,sh,603358,华达科技,43.04,42.74,43.61,42.28,43.04,3890845,167413086.0
2026-09-29,sh,603359,*ST东珠,2.1,2.08,2.13,2.07,2.07,4900970,10282605.0
2026-09-29,sh,603360,百傲化学,12.03,12.0,12.34,11.93,12.19,5543554,67356090.0
2026-09-29,sh,603363,傲农生物,2.79,2.77,2.8,2.76,2.78,16623200,46235154.0
2026-09-29,sh,603365,水星家纺,15.99,16.0,16.16,15.8,15.91,1539100,24615491.0
2026-09-29,sh,603366,日出东方,7.29,7.26,7.41,7.2,7.26,13117000,95936372.0
2026-09-29,sh,603367,辰欣药业,14.24,14.22,14.52,14.15,14.22,5193600,74276940.0
2026-09-29,sh,603368,柳药集团,15.12,15.15,15.2,15.03,15.03,2657200,40158338.0
2026-09-29,sh,603369,今世缘,26.64,26.7,27.13,26.5,27.13,7897937,212549939.0
2026-09-29,sh,603370,华新精科,27.35,27.35,27.82,27.06,27.35,1413896,38876102.0
2026-09-29,sh,603373,安邦护卫,52.7,51.0,54.6,50.25,53.8,7615105,399378357.0
2026-09-29,sh,603375,盛景微,48.59,48.58,48.58,46.1,46.47,3974800,186856008.0
2026-09-29,sh,603376,大明电子,26.44,26.33,26.54,26.21,26.29,995200,26215933.0
2026-09-29,sh,603377,ST东时,3.06,3.08,3.13,3.05,3.09,2562504,7910643.0
2026-09-29,sh,603378,*ST亚士,4.62,4.64,4.79,4.63,4.69,10073900,47372576.0
2026-09-29,sh,603379,三美股份,49.7,50.0,50.23,48.16,49.04,6322480,308764622.0
2026-09-29,sh,603380,易德龙,32.25,32.05,33.22,31.8,32.87,2314000,75617464.0
2026-09-29,sh,603381,永臻股份,14.62,14.69,14.87,14.49,14.79,1917100,28337972.0
2026-09-29,sh,603382,海阳科技,19.05,18.72,19.14,18.72,18.84,1817027,34361920.0
2026-09-29,sh,603383,顶点软件,26.61,26.61,27.04,26.53,26.83,1140380,30650488.0
2026-09-29,sh,603385,惠达卫浴,5.63,5.59,5.84,5.59,5.79,3891580,22379529.0
2026-09-29,sh,603386,骏亚科技,17.38,17.5,18.65,17.26,18.45,16188067,294587204.0
2026-09-29,sh,603387,基蛋生物,9.91,9.91,9.97,9.74,9.81,7433074,73100464.0
2026-09-29,sh,603389,亚振家居,42.63,42.3,44.46,42.27,43.58,1640360,71672477.0
2026-09-29,sh,603390,通达电气,10.72,10.75,11.54,10.6,11.32,22937276,256731786.0
2026-09-29,sh,603391,力聚热能,68.94,68.01,70.21,66.8,69.0,3564859,244575980.0
2026-09-29,sh,603392,万泰生物,26.69,26.44,27.05,26.36,26.48,3734904,99309457.0
2026-09-29,sh,603393,新天然气,24.89,24.76,24.86,24.3,24.52,3884500,95112405.0
2026-09-29,sh,603395,红四方,25.1,25.0,25.19,24.61,24.62,4723354,116956707.0
2026-09-29,sh,603396,金辰股份,39.2,38.51,39.25,35.28,35.28,14793497,531242447.0
2026-09-29,sh,603398,*ST沐邦,8.24,8.21,8.58,8.21,8.32,3474440,28980440.0
2026-09-29,sh,603399,永杉锂业,12.68,12.68,13.36,12.68,13.16,29195119,382526492.0
2026-09-29,sh,603400,华之杰,54.67,0.0,0.0,0.0,54.67,0,0.0
2026-09-29,sh,603402,陕西旅游,59.5,59.5,59.97,59.31,59.78,1194890,71266975.0
2026-09-29,sh,603406,天富龙,27.69,27.6,28.0,27.54,27.61,916510,25445487.0
2026-09-29,sh,603407,长裕集团,59.86,60.18,60.54,56.83,57.89,3156756,185387929.0
2026-09-29,sh,603408,建霖家居,11.6,11.57,11.77,11.41,11.6,1410400,16404046.0
2026-09-29,sh,603409,汇通控股,17.57,17.57,17.87,17.45,17.62,1629299,28847014.0
2026-09-29,sh,603416,信捷电气,45.5,45.18,46.29,45.18,46.18,924793,42521972.0
2026-09-29,sh,603418,友升股份,48.75,47.89,49.44,47.62,48.17,5082026,245498945.0
2026-09-29,sh,603421,鼎信通讯,6.18,6.18,6.5,6.15,6.38,22053210,139949474.0
2026-09-29,sh,603429,*ST集友,8.88,8.88,8.96,8.73,8.88,1796700,15851958.0
2026-09-29,sh,603435,嘉德利,44.42,44.69,46.01,44.18,45.29,2042681,92838378.0
2026-09-29,sh,603439,三力制药,13.44,13.3,13.69,13.2,13.46,10598300,142840425.0
2026-09-29,sh,603444,吉比特,336.03,335.5,340.97,335.03,335.96,781496,264005585.0
2026-09-29,sh,603448,天博智能,62.17,60.5,62.26,59.71,59.86,3360858,203748411.0
2026-09-29,sh,603456,九洲药业,16.42,16.32,16.73,16.15,16.26,17917324,293607575.0
2026-09-29,sh,603458,勘设股份,10.52,10.41,11.19,10.41,10.9,14135673,153787771.0
2026-09-29,sh,603459,红板科技,84.07,83.4,84.46,82.76,83.62,4390956,367114768.0
2026-09-29,sh,603466,风语筑,11.52,11.4,11.92,11.4,11.78,32196665,378475078.0
2026-09-29,sh,603468,津富士达,22.15,22.15,23.51,22.13,22.69,4851735,110634387.0
2026-09-29,sh,603477,巨星农牧,13.94,14.08,14.43,13.86,14.3,12544705,178374699.0
2026-09-29,sh,603486,科沃斯,50.4,49.84,50.3,49.01,49.22,3556217,176127199.0
2026-09-29,sh,603488,展鹏科技,7.68,7.65,7.85,7.56,7.79,4715701,36615398.0
2026-09-29,sh,603489,八方股份,29.35,29.31,29.4,28.71,28.99,2296521,66597746.0
2026-09-29,sh,603496,恒为科技,21.98,21.9,22.16,21.88,21.97,3445600,75862825.0
2026-09-29,sh,603499,翔港科技,12.78,12.77,12.89,12.63,12.72,1903580,24312394.0
2026-09-29,sh,603500,祥和实业,9.99,10.0,10.66,9.93,10.44,27424993,284005126.0
2026-09-29,sh,603501,豪威集团,80.75,80.5,81.39,79.85,80.36,7162591,576456821.0
2026-09-29,sh,603505,金石资源,14.36,14.42,14.44,14.07,14.08,7957600,113098359.0
2026-09-29,sh,603506,南都物业,12.21,12.23,12.43,12.11,12.29,3343760,41141006.0
2026-09-29,sh,603507,振江股份,27.12,27.12,28.45,26.76,27.6,17045268,475335199.0
2026-09-29,sh,603508,思维列控,20.48,20.45,20.53,20.37,20.47,1165700,23839873.0
2026-09-29,sh,603511,爱慕股份,12.83,12.57,13.06,12.57,13.0,1749590,22615448.0
2026-09-29,sh,603515,欧普照明,14.44,14.56,14.7,14.44,14.62,1191065,17373009.0
2026-09-29,sh,603516,淳中科技,78.6,78.6,80.36,77.55,77.59,3182495,249260544.0
2026-09-29,sh,603517,ST绝味,11.02,11.04,11.34,11.02,11.3,3455601,38791172.0
2026-09-29,sh,603518,锦泓集团,7.85,7.82,7.88,7.77,7.84,5357500,41934330.0
2026-09-29,sh,603519,立霸股份,16.9,17.0,17.07,16.46,16.56,7001160,116563375.0
2026-09-29,sh,603520,司太立,8.42,8.43,8.59,8.37,8.39,5624500,47571418.0
2026-09-29,sh,603527,众源新材,9.45,9.49,9.87,9.4,9.84,8580356,83546800.0
2026-09-29,sh,603528,多伦科技,6.43,6.4,6.54,6.4,6.48,6404316,41603818.0
2026-09-29,sh,603529,爱玛科技,21.12,21.12,21.85,20.96,21.8,7514377,162464834.0
2026-09-29,sh,603530,神马电力,42.6,42.37,42.65,40.38,40.9,3292861,135405350.0
2026-09-29,sh,603533,掌阅科技,21.5,21.76,23.65,21.55,23.65,25711618,590349316.0
2026-09-29,sh,603535,嘉诚国际,6.11,6.14,6.2,6.08,6.14,2667480,16412662.0
2026-09-29,sh,603536,惠发食品,10.08,10.06,10.12,9.9,10.02,4060428,40714304.0
2026-09-29,sh,603538,美诺华,26.13,26.12,27.86,25.68,25.99,37240804,989566187.0
2026-09-29,sh,603551,奥普科技,9.25,9.31,9.4,9.25,9.35,1402200,13100031.0
2026-09-29,sh,603556,海兴电力,22.44,22.44,22.59,22.23,22.28,1718432,38340314.0
2026-09-29,sh,603557,*ST起步,2.99,2.95,3.08,2.94,3.03,8672500,26122613.0
2026-09-29,sh,603558,健盛集团,12.99,13.05,13.14,12.76,13.1,4320500,55822515.0
2026-09-29,sh,603559,中通国脉,8.88,8.83,8.96,8.78,8.81,5821401,51646587.0
2026-09-29,sh,603565,中谷物流,11.48,11.5,11.52,11.29,11.4,9890000,112643600.0
2026-09-29,sh,603566,普莱柯,10.14,10.15,10.24,10.1,10.22,1263500,12878832.0
2026-09-29,sh,603567,珍宝岛,5.16,5.15,5.28,5.1,5.2,14123590,73571043.0
2026-09-29,sh,603568,伟明环保,13.36,13.34,13.43,13.17,13.22,3844406,50915288.0
2026-09-29,sh,603569,长久物流,5.76,5.77,5.89,5.73,5.85,3156420,18436455.0
2026-09-29,sh,603577,汇金通,9.7,9.74,9.88,9.62,9.68,2452300,23808855.0
2026-09-29,sh,603578,三星新材,13.8,13.74,14.64,13.66,14.38,5706794,81491556.0
2026-09-29,sh,603579,荣泰健康,18.0,18.0,18.04,17.66,17.85,2266400,40499071.0
2026-09-29,sh,603580,艾艾精工,79.25,76.53,78.78,71.33,75.5,8424200,627982984.0
2026-09-29,sh,603583,捷昌驱动,28.07,27.93,28.07,27.43,27.92,3583337,99543341.0
2026-09-29,sh,603585,苏利股份,10.37,10.32,10.57,10.26,10.56,3137016,32754316.0
2026-09-29,sh,603586,金麒麟,13.95,13.89,14.1,13.8,14.0,2163400,30309445.0
2026-09-29,sh,603587,地素时尚,12.35,12.33,12.4,12.1,12.22,3210422,39176006.0
2026-09-29,sh,603588,高能环境,16.47,16.53,16.6,16.15,16.25,34284965,560157540.0
2026-09-29,sh,603589,口子窖,17.42,17.42,17.46,17.3,17.3,3674887,63847561.0
2026-09-29,sh,603590,康辰药业,29.16,28.87,29.77,28.72,29.19,1555202,45655903.0
2026-09-29,sh,603595,ST东尼,30.6,29.97,31.88,29.9,31.5,1999101,61744012.0
2026-09-29,sh,603596,伯特利,28.0,27.75,28.18,27.59,27.82,10457244,291156642.0
2026-09-29,sh,603598,引力传媒,17.39,17.2,19.13,17.17,19.13,29891427,548084562.0
2026-09-29,sh,603599,广信股份,10.21,10.25,10.27,10.07,10.12,6485968,65696657.0
2026-09-29,sh,603600,永艺股份,10.25,10.24,10.38,10.17,10.26,2840600,29227961.0
2026-09-29,sh,603601,再升科技,10.16,10.03,10.45,9.68,9.76,102371532,1010628084.0
2026-09-29,sh,603602,纵横通信,11.55,11.52,12.71,11.49,12.71,10809312,133441436.0
2026-09-29,sh,603605,珀莱雅,54.68,54.68,55.1,53.87,53.98,4997565,271372337.0
2026-09-29,sh,603606,东方电缆,35.41,35.23,35.67,34.46,35.33,14620460,512528293.0
2026-09-29,sh,603607,京华激光,22.87,22.85,23.36,22.75,23.13,2894740,67023889.0
2026-09-29,sh,603608,天创时尚,19.27,19.05,19.75,18.95,19.54,8896700,172872378.0
2026-09-29,sh,603609,禾丰股份,6.22,6.24,6.3,6.2,6.26,2484250,15579441.0
2026-09-29,sh,603610,麒盛科技,13.08,13.08,13.21,12.95,13.18,4772092,62440726.0
2026-09-29,sh,603611,诺力股份,15.41,15.45,15.52,15.33,15.41,1331540,20525461.0
2026-09-29,sh,603612,索通发展,15.61,15.73,15.84,15.53,15.78,4449300,70095330.0
2026-09-29,sh,603613,国联股份,19.15,19.18,19.49,18.84,18.87,11108930,212262073.0
2026-09-29,sh,603615,茶花股份,18.47,18.3,18.74,18.3,18.46,2626500,48685589.0
2026-09-29,sh,603616,韩建河山,5.57,5.52,5.73,5.52,5.68,8576201,48648986.0
2026-09-29,sh,603617,君禾股份,6.77,6.82,6.88,6.64,6.85,5886900,40013190.0
2026-09-29,sh,603618,杭电股份,33.29,33.0,33.98,32.76,33.69,34776523,1167891173.0
2026-09-29,sh,603619,中曼石油,21.11,20.88,21.19,20.72,20.76,11498746,240193537.0
2026-09-29,sh,603626,科森科技,22.5,22.06,24.4,21.86,23.91,66524342,1576476895.0
2026-09-29,sh,603628,清源股份,10.46,10.37,10.48,10.26,10.32,5604489,58009756.0
2026-09-29,sh,603629,利通电子,98.77,97.13,99.38,97.11,98.16,11050327,1086689020.0
2026-09-29,sh,603630,拉芳家化,14.15,14.1,15.57,13.98,15.57,14830899,222882585.0
2026-09-29,sh,603633,徕木股份,6.16,6.16,6.47,6.0,6.35,9704595,61246192.0
2026-09-29,sh,603636,南威软件,7.15,7.0,7.87,6.86,7.87,70211480,532650770.0
2026-09-29,sh,603637,镇海股份,13.54,13.45,14.04,13.4,13.69,4906000,67086449.0
2026-09-29,sh,603638,艾迪精密,19.2,19.33,19.85,19.0,19.65,13682271,266193330.0
2026-09-29,sh,603639,海利尔,10.38,10.4,10.42,10.27,10.36,594200,6166769.0
2026-09-29,sh,603648,畅联股份,9.6,9.56,9.68,9.52,9.56,1715000,16454227.0
2026-09-29,sh,603650,彤程新材,65.5,64.37,65.19,61.8,63.21,18205416,1147323123.0
2026-09-29,sh,603655,朗博科技,31.71,31.55,31.88,30.91,31.03,1042475,32608032.0
2026-09-29,sh,603656,泰禾智能,17.35,17.42,17.52,17.23,17.41,1112201,19399792.0
2026-09-29,sh,603657,春光科技,36.22,36.8,38.1,35.63,37.88,4756800,175179295.0
2026-09-29,sh,603658,安图生物,34.13,34.47,34.48,33.46,33.61,2733230,92456078.0
2026-09-29,sh,603659,璞泰来,20.8,20.82,21.53,20.82,21.27,18845089,401349624.0
2026-09-29,sh,603660,苏州科达,9.27,9.6,9.6,9.05,9.3,10406675,97106895.0
2026-09-29,sh,603661,恒林股份,33.37,33.18,33.84,32.71,33.4,2332780,77755642.0
2026-09-29,sh,603662,柯力传感,48.19,47.81,48.45,47.26,48.15,2376330,113859662.0
2026-09-29,sh,603663,三祥新材,43.38,43.36,45.33,42.61,44.26,17504029,776341659.0
2026-09-29,sh,603665,康隆达,22.83,22.76,24.48,22.7,24.32,6869480,164918304.0
2026-09-29,sh,603666,亿嘉和,26.24,26.25,27.25,26.01,26.72,2410501,64504595.0
2026-09-29,sh,603667,五洲新春,49.42,48.94,51.48,48.08,49.84,15090376,756784111.0
2026-09-29,sh,603668,天马科技,12.02,11.94,12.17,11.89,12.03,4285207,51518068.0
2026-09-29,sh,603669,灵康药业,5.9,5.88,6.04,5.8,6.01,21643556,129008770.0
2026-09-29,sh,603676,卫信康,8.88,8.85,9.03,8.77,8.97,1289200,11537538.0
2026-09-29,sh,603677,奇精机械,14.55,14.52,14.6,14.29,14.42,1372400,19774724.0
2026-09-29,sh,603678,火炬电子,43.45,42.9,44.09,42.75,43.76,13219345,575937458.0
2026-09-29,sh,603679,华体科技,22.55,22.56,23.39,22.1,22.98,8491493,194487054.0
2026-09-29,sh,603680,今创集团,9.9,9.88,10.08,9.82,10.01,3099564,31045731.0
2026-09-29,sh,603681,永冠新材,18.67,18.57,19.03,18.4,18.74,4662843,87640271.0
2026-09-29,sh,603682,锦和商管,9.31,9.33,9.41,9.22,9.36,8471500,78980751.0
2026-09-29,sh,603683,晶华新材,15.27,15.25,15.49,15.05,15.32,9051000,138761623.0
2026-09-29,sh,603685,晨丰科技,25.3,25.06,25.52,25.03,25.08,1145278,28863070.0
2026-09-29,sh,603686,福龙马,14.35,14.1,14.35,13.98,14.05,23538532,332414844.0
2026-09-29,sh,603687,大胜达,14.13,14.15,14.5,13.92,14.29,10248148,145360998.0
2026-09-29,sh,603688,石英股份,44.35,44.08,44.78,43.65,44.44,8639565,382597439.0
2026-09-29,sh,603689,皖天然气,7.57,7.55,7.67,7.54,7.67,2962060,22612038.0
2026-09-29,sh,603690,至纯科技,23.05,22.98,23.4,22.66,22.95,10244988,234983154.0
2026-09-29,sh,603693,江苏新能,12.05,11.78,12.85,11.74,12.71,27760438,346339357.0
2026-09-29,sh,603696,安记食品,13.44,13.23,13.48,13.01,13.12,9848061,130318435.0
2026-09-29,sh,603697,有友食品,9.48,9.39,9.55,9.26,9.49,5764560,54480264.0
2026-09-29,sh,603698,航天工程,20.31,20.28,20.48,20.02,20.04,5852546,117882328.0
2026-09-29,sh,603699,纽威股份,42.8,42.72,44.05,42.23,43.6,3681100,159137908.0
2026-09-29,sh,603700,宁水集团,11.51,11.48,11.68,11.36,11.56,4700820,54427198.0
2026-09-29,sh,603701,德宏股份,18.14,18.12,18.38,18.02,18.18,1604990,29207826.0
2026-09-29,sh,603703,盛洋科技,9.75,9.66,9.97,9.65,9.88,7986380,78893685.0
2026-09-29,sh,603706,东方环宇,17.04,17.05,17.17,16.95,16.95,742700,12676670.0
2026-09-29,sh,603707,健友股份,7.91,7.95,7.98,7.81,7.89,8027674,63361909.0
2026-09-29,sh,603708,家家悦,8.88,8.85,8.95,8.8,8.9,2400599,21353268.0
2026-09-29,sh,603709,中源家居,12.85,12.8,12.98,12.6,12.86,4299910,55225468.0
2026-09-29,sh,603711,香飘飘,11.72,11.7,11.73,11.45,11.65,3009557,34943847.0
2026-09-29,sh,603712,七一二,11.21,11.18,11.35,11.1,11.28,6215100,69882424.0
2026-09-29,sh,603713,密尔克卫,66.9,66.31,67.61,65.4,66.65,1545117,102535438.0
2026-09-29,sh,603716,塞力医疗,16.76,16.67,17.05,16.43,16.58,8880696,148030412.0
2026-09-29,sh,603717,天域生物,5.86,5.86,6.11,5.78,6.04,7852200,46872233.0
2026-09-29,sh,603718,*ST海利,3.06,3.05,3.12,3.05,3.09,3349300,10370949.0
2026-09-29,sh,603719,良品铺子,9.07,9.09,9.14,8.97,9.08,2325200,21152371.0
2026-09-29,sh,603721,中广天择,18.31,18.25,18.57,18.03,18.45,5569700,102423050.0
2026-09-29,sh,603722,阿科力,28.49,28.5,28.89,28.35,28.49,870300,24913988.0
2026-09-29,sh,603725,天安新材,11.33,11.33,12.17,11.11,12.03,14566240,171641764.0
2026-09-29,sh,603726,朗迪集团,23.55,23.55,23.87,23.35,23.61,2157300,50922779.0
2026-09-29,sh,603727,博迈科,19.18,19.12,19.3,18.8,18.95,3241644,61544737.0
2026-09-29,sh,603728,鸣志电器,52.25,51.45,52.82,51.31,52.47,6174557,321925642.0
2026-09-29,sh,603729,ST龙韵,12.26,12.22,12.55,12.22,12.45,926400,11502000.0
2026-09-29,sh,603730,岱美股份,9.33,9.32,9.66,9.22,9.63,15564508,146924552.0
2026-09-29,sh,603733,仙鹤股份,18.3,18.28,18.4,17.57,17.6,9818444,175220359.0
2026-09-29,sh,603737,三棵树,20.73,20.35,21.96,20.35,21.82,13105685,282457769.0
2026-09-29,sh,603738,泰晶科技,34.02,32.98,34.26,32.97,33.83,19781610,663422102.0
2026-09-29,sh,603739,蔚蓝生物,12.75,12.7,12.87,12.54,12.76,2690500,34201679.0
2026-09-29,sh,603755,日辰股份,26.0,25.99,25.99,25.25,25.51,2413600,61790170.0
2026-09-29,sh,603757,大元泵业,66.03,65.1,70.13,64.7,69.31,8813622,604052223.0
2026-09-29,sh,603758,秦安股份,10.74,10.72,10.97,10.65,10.79,5372300,58036552.0
2026-09-29,sh,603759,海天股份,7.9,7.9,8.04,7.81,7.97,3939371,31250263.0
2026-09-29,sh,603766,隆鑫通用,14.52,14.54,14.58,14.05,14.21,11343850,161078523.0
2026-09-29,sh,603767,中马传动,15.01,14.73,15.71,14.65,15.35,27976400,421482094.0
2026-09-29,sh,603768,常青股份,11.6,11.57,12.0,11.46,11.81,3830600,45205004.0
2026-09-29,sh,603773,沃格光电,99.99,96.35,97.06,90.17,90.6,33986521,3132975545.0
2026-09-29,sh,603776,永安行,20.71,20.76,21.15,20.55,21.07,2474600,51657722.0
2026-09-29,sh,603777,来伊份,13.59,13.46,13.95,13.4,13.83,4407870,60690008.0
2026-09-29,sh,603778,国晟科技,8.1,8.1,8.39,8.02,8.03,34437702,281665465.0
2026-09-29,sh,603779,威龙股份,8.12,8.19,8.19,7.98,8.04,6730500,54372666.0
2026-09-29,sh,603786,科博达,36.8,36.8,37.55,36.51,37.17,1310800,48685076.0
2026-09-29,sh,603787,新日股份,10.4,10.5,10.57,10.33,10.55,2221600,23362985.0
2026-09-29,sh,603788,宁波高发,13.64,13.64,13.85,13.53,13.66,1335560,18354183.0
2026-09-29,sh,603789,ST星农,5.9,5.85,5.92,5.85,5.9,1408690,8303625.0
2026-09-29,sh,603790,雅运股份,24.87,24.83,25.15,24.51,24.75,1608456,39774840.0
2026-09-29,sh,603797,联泰环保,5.2,5.21,5.52,5.2,5.36,36909817,198223431.0
2026-09-29,sh,603798,康普顿,14.31,14.1,14.29,13.56,13.69,8222240,114495265.0
2026-09-29,sh,603799,华友钴业,34.14,34.45,34.49,34.02,34.03,26610515,910805305.0
2026-09-29,sh,603800,洪田股份,54.0,54.4,54.67,53.34,53.93,2743766,148353515.0
2026-09-29,sh,603801,志邦家居,6.11,6.14,6.24,6.09,6.22,5803900,36023066.0
2026-09-29,sh,603803,瑞斯康达,11.11,10.61,11.61,10.5,11.39,39320191,440920654.0
2026-09-29,sh,603806,福斯特,13.7,13.63,13.85,13.62,13.76,12906603,177035239.0
2026-09-29,sh,603808,歌力思,8.87,8.81,8.94,8.8,8.81,2237500,19829355.0
2026-09-29,sh,603809,豪能股份,8.5,8.5,8.58,8.43,8.49,5913900,50318638.0
2026-09-29,sh,603810,丰山集团,11.96,11.96,12.47,11.91,12.25,1589148,19362924.0
2026-09-29,sh,603811,诚意药业,6.89,6.86,7.04,6.83,6.95,3914689,27260036.0
2026-09-29,sh,603813,原尚股份,25.89,25.78,26.4,25.6,25.91,516100,13457827.0
2026-09-29,sh,603815,交建股份,5.04,5.01,5.13,5.01,5.09,4779641,24326073.0
2026-09-29,sh,603816,顾家家居,22.25,22.24,23.05,22.01,22.97,7898291,179251728.0
2026-09-29,sh,603817,海峡环保,5.77,5.71,5.82,5.68,5.73,17107800,98615264.0
2026-09-29,sh,603818,曲美家居,3.95,4.03,4.06,3.93,4.0,23772800,94938487.0
2026-09-29,sh,603819,神力股份,16.77,17.07,17.13,16.45,16.54,7155400,119231691.0
2026-09-29,sh,603822,ST嘉澳,62.93,62.51,63.46,62.0,62.7,275500,17262292.0
2026-09-29,sh,603823,百合花,47.43,46.0,46.01,42.69,42.69,24466630,1052101609.0
2026-09-29,sh,603825,ST华扬,7.54,7.45,7.64,7.45,7.58,1691000,12726921.0
2026-09-29,sh,603826,坤彩科技,15.41,15.47,15.98,15.25,15.53,12340954,192874737.0
2026-09-29,sh,603828,*ST利达,6.14,6.14,6.16,6.0,6.0,1769500,10752996.0
2026-09-29,sh,603829,洛凯股份,15.3,15.2,15.89,15.13,15.68,3510800,54869709.0
2026-09-29,sh,603833,欧派家居,29.72,29.6,30.53,29.48,30.26,3783049,113755091.0
2026-09-29,sh,603836,海程邦达,9.48,9.46,9.7,9.42,9.66,2912160,27947885.0
2026-09-29,sh,603838,*ST四通,12.79,12.83,12.93,12.25,12.45,1596600,19971806.0
2026-09-29,sh,603839,安正时尚,6.83,6.8,6.93,6.75,6.88,4363900,29911824.0
2026-09-29,sh,603843,*ST正平,6.04,5.98,6.31,5.95,6.18,10213120,63090196.0
2026-09-29,sh,603848,好太太,13.22,13.13,13.32,13.04,13.22,1795238,23722619.0
2026-09-29,sh,603855,华荣股份,17.06,17.07,17.1,16.89,16.93,1127500,19101029.0
2026-09-29,sh,603856,东宏股份,11.62,11.65,11.78,11.55,11.71,1559300,18234172.0
2026-09-29,sh,603858,步长制药,14.47,14.46,14.57,14.4,14.46,2435988,35320422.0
2026-09-29,sh,603859,能科科技,38.38,38.38,38.92,38.0,38.16,3204284,123137478.0
2026-09-29,sh,603860,中公高科,26.28,26.35,26.8,26.1,26.5,1073700,28508407.0
2026-09-29,sh,603861,白云电器,10.71,10.66,10.85,10.63,10.75,3865862,41546079.0
2026-09-29,sh,603863,松炀资源,11.79,11.91,12.59,11.69,12.11,6276400,76831678.0
2026-09-29,sh,603866,桃李面包,4.19,4.2,4.25,4.16,4.19,14285360,60054630.0
2026-09-29,sh,603867,新化股份,33.29,32.98,34.9,32.85,34.51,7377320,250716141.0
2026-09-29,sh,603868,飞科电器,30.93,30.86,31.2,30.42,30.69,1277400,39189831.0
2026-09-29,sh,603869,ST智知,8.37,8.37,8.65,8.37,8.62,685310,5865243.0
2026-09-29,sh,603871,嘉友国际,11.96,11.95,12.06,11.7,11.82,5490170,64852258.0
2026-09-29,sh,603876,鼎胜新材,16.91,16.91,17.34,16.79,17.21,18132120,309883202.0
2026-09-29,sh,603877,太平鸟,11.73,11.74,11.82,11.7,11.75,1227900,14453545.0
2026-09-29,sh,603878,武进不锈,4.83,4.84,4.96,4.81,4.92,9405600,46164654.0
2026-09-29,sh,603879,永悦科技,4.89,4.89,5.01,4.81,4.97,7904409,39042975.0
2026-09-29,sh,603880,南卫股份,8.72,8.74,8.8,8.61,8.63,5807119,50539654.0
2026-09-29,sh,603881,数据港,23.13,23.12,23.25,22.98,23.04,10820866,249997416.0
2026-09-29,sh,603882,金域医学,29.01,29.06,29.49,28.06,28.25,11685334,334293751.0
2026-09-29,sh,603883,老百姓,13.01,12.95,13.01,12.82,12.89,7433863,95871091.0
2026-09-29,sh,603885,吉祥航空,9.77,9.72,9.79,9.7,9.76,7837401,76315730.0
2026-09-29,sh,603886,元祖股份,12.47,12.55,13.25,12.4,13.2,7399802,95931241.0
2026-09-29,sh,603887,城地香江,8.35,8.33,8.54,8.29,8.49,9547239,80793430.0
2026-09-29,sh,603888,新华网,16.97,16.98,17.44,16.9,17.27,14918885,256844511.0
2026-09-29,sh,603889,新澳股份,5.95,5.93,5.98,5.89,5.97,5931323,35230074.0
2026-09-29,sh,603890,春秋电子,14.92,15.01,15.17,14.87,14.91,12328335,184901747.0
2026-09-29,sh,603893,瑞芯微,211.28,211.0,213.8,207.53,212.94,9570711,2015626288.0
2026-09-29,sh,603895,天永智能,25.91,26.11,27.3,25.53,26.56,1480300,39641886.0
2026-09-29,sh,603896,寿仙谷,14.79,14.72,14.86,14.64,14.69,992161,14617872.0
2026-09-29,sh,603897,长城科技,28.38,28.33,29.63,28.26,29.01,5771985,168350478.0
2026-09-29,sh,603898,好莱客,11.45,11.5,11.72,11.34,11.54,2842900,32896299.0
2026-09-29,sh,603899,晨光股份,21.79,21.86,21.99,21.5,21.87,2671600,58084816.0
2026-09-29,sh,603900,莱绅通灵,6.21,6.16,6.34,6.13,6.29,7709978,48347460.0
2026-09-29,sh,603901,永创智能,9.33,9.29,9.42,9.23,9.32,3983167,37273545.0
2026-09-29,sh,603903,中持股份,13.91,13.72,14.03,13.48,13.83,10062530,138924241.0
2026-09-29,sh,603906,龙蟠科技,16.85,16.85,17.98,16.85,17.31,15742061,274001700.0
2026-09-29,sh,603908,牧高笛,19.61,19.52,19.92,19.36,19.77,1335180,26327538.0
2026-09-29,sh,603909,建发合诚,10.33,10.01,10.6,10.01,10.17,9702937,99300253.0
2026-09-29,sh,603912,佳力图,9.04,9.16,9.16,8.86,9.01,14284800,129010328.0
2026-09-29,sh,603915,国茂股份,12.93,12.85,13.25,12.85,13.15,4349621,57149014.0
2026-09-29,sh,603916,苏博特,10.36,10.27,10.52,10.22,10.43,3961049,41348846.0
2026-09-29,sh,603917,合力科技,14.03,14.08,14.23,13.91,14.04,2185100,30688380.0
2026-09-29,sh,603918,金桥信息,10.26,10.25,10.64,10.21,10.59,8579013,90276956.0
2026-09-29,sh,603919,金徽酒,15.77,15.76,15.96,15.62,15.82,2269115,35920004.0
2026-09-29,sh,603920,世运电路,43.05,43.05,46.66,43.0,46.13,40253431,1825706779.0
2026-09-29,sh,603922,ST金鸿顺,11.8,11.83,12.19,11.64,12.15,1053900,12560538.0
2026-09-29,sh,603926,铁流股份,17.01,17.01,17.2,16.79,16.84,1912400,32485155.0
2026-09-29,sh,603927,中科软,13.43,13.43,13.68,13.4,13.61,4308725,58536265.0
2026-09-29,sh,603928,兴业股份,11.93,11.98,12.13,11.86,11.88,5097009,60995403.0
2026-09-29,sh,603929,亚翔集成,143.65,143.2,144.4,141.18,142.76,2025038,288975069.0
2026-09-29,sh,603931,格林达,33.94,33.96,34.08,33.22,33.4,2911851,97553016.0
2026-09-29,sh,603933,睿能科技,18.88,18.75,19.06,18.57,18.82,2076500,39202115.0
2026-09-29,sh,603936,博敏电子,19.51,19.29,20.82,19.08,20.53,49699207,1004034404.0
2026-09-29,sh,603937,丽岛新材,13.29,13.4,13.46,12.58,12.87,15094900,194258628.0
2026-09-29,sh,603938,三孚股份,44.06,44.07,44.33,42.92,43.56,10478253,456769312.0
2026-09-29,sh,603939,益丰药房,22.47,22.46,23.04,22.16,23.01,9430778,213798115.0
2026-09-29,sh,603948,建业股份,18.99,18.91,19.54,18.81,19.42,1290900,24925787.0
2026-09-29,sh,603949,雪龙集团,18.59,20.45,20.45,20.45,20.45,3520902,72002446.0
2026-09-29,sh,603950,长源东谷,52.5,52.05,52.7,51.2,52.2,3370069,175413014.0
2026-09-29,sh,603955,大千生态,24.61,24.44,25.19,24.2,25.03,2479300,61730726.0
2026-09-29,sh,603956,威派格,6.78,6.92,6.93,6.7,6.85,10125865,69304910.0
2026-09-29,sh,603958,哈森股份,18.0,18.0,18.88,17.74,18.59,9583645,177327344.0
2026-09-29,sh,603959,ST百利,4.22,4.2,4.29,4.19,4.2,3360400,14206944.0
2026-09-29,sh,603960,克来机电,17.24,17.07,17.71,17.0,17.24,6348000,110508109.0
2026-09-29,sh,603966,法兰泰克,7.34,7.3,7.41,7.28,7.3,3594660,26375806.0
2026-09-29,sh,603967,中创物流,11.57,11.53,11.97,11.53,11.92,3573260,42293331.0
2026-09-29,sh,603968,醋化股份,11.63,11.63,11.76,10.9,11.15,19204163,216341378.0
2026-09-29,sh,603969,银龙股份,7.18,7.19,7.26,7.14,7.19,4060021,29210881.0
2026-09-29,sh,603970,中农立华,11.86,11.31,12.02,11.02,11.74,19232471,222335461.0
2026-09-29,sh,603976,正川股份,29.6,29.59,30.28,29.18,29.9,2653750,79335496.0
2026-09-29,sh,603977,国泰集团,10.8,10.75,10.9,10.65,10.67,3993996,42945043.0
2026-09-29,sh,603978,深圳新星,26.77,26.38,27.49,26.1,27.3,15062245,405500456.0
2026-09-29,sh,603979,金诚信,71.11,71.8,72.63,70.24,72.35,3249404,232289051.0
2026-09-29,sh,603980,吉华集团,8.04,7.96,8.84,7.96,8.84,50638400,430466261.0
2026-09-29,sh,603982,泉峰汽车,6.33,6.33,6.5,6.27,6.48,5009011,32289050.0
2026-09-29,sh,603983,丸美生物,30.1,30.05,30.88,29.6,30.4,2793500,84685238.0
2026-09-29,sh,603985,恒润股份,15.98,15.86,17.09,15.82,16.79,13628142,226561982.0
2026-09-29,sh,603986,兆易创新,358.51,358.56,369.0,358.0,367.57,20908175,7587701015.0
2026-09-29,sh,603987,康德莱,7.47,7.4,7.57,7.4,7.47,2859700,21422130.0
2026-09-29,sh,603988,中电电机,16.94,16.99,17.22,16.85,17.02,2509294,42898863.0
2026-09-29,sh,603989,艾华集团,28.04,27.53,28.35,27.21,28.0,14029206,392996079.0
2026-09-29,sh,603990,麦迪科技,18.99,18.91,19.22,18.7,18.94,7292014,138152732.0
2026-09-29,sh,603991,领先股份,172.0,174.58,175.95,168.02,169.2,2829432,482655889.0
2026-09-29,sh,603992,松霖科技,19.37,19.37,19.41,19.1,19.27,1783080,34371659.0
2026-09-29,sh,603993,洛阳钼业,16.83,16.71,16.88,16.57,16.75,98759700,1648844302.0
2026-09-29,sh,603995,甬金股份,25.05,25.09,25.37,24.81,25.27,2319185,58266418.0
2026-09-29,sh,603997,继峰股份,13.65,13.53,13.84,13.43,13.65,13041300,178082424.0
2026-09-29,sh,603998,方盛制药,10.36,10.3,10.49,10.19,10.26,7034500,72470529.0
2026-09-29,sh,603999,读者传媒,6.35,6.31,6.67,6.26,6.65,17551492,114866899.0
2026-09-29,sh,605001,威奥股份,5.78,5.78,5.89,5.69,5.86,3606400,21046242.0
2026-09-29,sh,605003,众望布艺,24.86,24.28,25.15,24.28,24.47,908300,22341144.0
2026-09-29,sh,605005,合兴股份,16.0,15.97,16.14,15.9,15.93,674400,10791185.0
2026-09-29,sh,605006,山东玻纤,14.46,14.18,14.76,14.18,14.64,21340872,310410149.0
2026-09-29,sh,605007,五洲特纸,14.52,14.37,14.65,14.1,14.2,3572184,51058149.0
2026-09-29,sh,605008,长鸿高科,13.75,13.79,14.45,13.6,13.98,7082281,99507354.0
2026-09-29,sh,605009,豪悦护理,25.05,25.39,25.44,24.88,25.09,1132120,28443004.0
2026-09-29,sh,605011,杭州热电,17.36,17.21,17.89,17.12,17.46,7344400,129002073.0
2026-09-29,sh,605016,XD百龙创,20.96,21.0,21.1,20.57,20.73,1488000,30798678.0
2026-09-29,sh,605018,长华集团,12.08,11.97,12.0,11.61,11.83,12644091,149123496.0
2026-09-29,sh,605020,永和股份,30.15,30.05,30.59,29.71,30.4,4862000,146554726.0
2026-09-29,sh,605028,XD世茂能,23.8,23.32,24.21,23.32,23.89,956700,22837756.0
2026-09-29,sh,605033,美邦股份,19.45,19.45,19.74,19.28,19.49,1675000,32703652.0
2026-09-29,sh,605050,福然德,9.97,9.95,10.09,9.94,9.99,1094100,10954274.0
2026-09-29,sh,605055,迎丰股份,8.69,8.65,8.84,8.58,8.76,3074200,26900493.0
2026-09-29,sh,605056,咸亨国际,13.49,13.3,13.81,13.25,13.73,5625651,76649033.0
2026-09-29,sh,605058,澳弘电子,54.18,51.01,59.6,51.01,59.6,22006546,1236139111.0
2026-09-29,sh,605060,联德股份,37.92,38.6,38.6,37.17,37.85,2074027,78218191.0
2026-09-29,sh,605066,天正电气,6.59,6.59,6.77,6.57,6.7,3352145,22481499.0
2026-09-29,sh,605068,明新旭腾,20.35,20.25,20.74,20.01,20.12,3191500,64788707.0
2026-09-29,sh,605069,正和生态,11.63,11.94,12.79,11.8,12.46,20802140,259726261.0
2026-09-29,sh,605077,华康股份,11.46,11.36,11.47,11.27,11.31,5787601,65653385.0
2026-09-29,sh,605080,浙江自然,23.68,23.66,23.87,22.91,23.0,1788700,41623364.0
2026-09-29,sh,605086,龙高股份,22.92,22.95,23.53,22.84,23.31,917160,21344340.0
2026-09-29,sh,605088,冠盛股份,24.44,24.1,24.7,23.5,23.75,9940523,237297661.0
2026-09-29,sh,605089,味知香,22.0,21.88,22.35,21.72,21.94,2512359,55377318.0
2026-09-29,sh,605090,九丰能源,30.95,30.69,30.98,30.3,30.33,5495640,167549256.0
2026-09-29,sh,605098,行动教育,53.05,52.78,53.1,52.43,52.47,606400,31949978.0
2026-09-29,sh,605099,共创草坪,27.97,27.71,28.17,27.69,27.77,646000,17980177.0
2026-09-29,sh,605100,华丰股份,33.55,33.4,34.96,33.22,34.55,4197502,144237795.0
2026-09-29,sh,605108,同庆楼,12.05,12.14,12.27,12.05,12.21,1826200,22262542.0
2026-09-29,sh,605111,新洁能,56.79,56.07,57.8,55.29,56.12,8795346,496181594.0
2026-09-29,sh,605116,奥锐特,19.55,19.54,19.74,19.23,19.28,1403100,27207899.0
2026-09-29,sh,605117,德业股份,77.77,77.84,78.74,76.84,77.85,10006236,778716196.0
2026-09-29,sh,605118,力鼎光电,31.75,31.76,32.19,31.48,31.62,1799316,57169951.0
2026-09-29,sh,605122,四方新材,12.26,12.24,12.44,12.18,12.24,2768251,34029101.0
2026-09-29,sh,605123,派克新材,78.2,78.51,78.77,76.91,77.46,846167,65558223.0
2026-09-29,sh,605128,上海沿浦,22.85,22.86,23.88,22.75,23.62,4119481,97172165.0
2026-09-29,sh,605133,嵘泰股份,24.26,24.1,24.79,24.05,24.35,4307080,105575137.0
2026-09-29,sh,605136,丽人丽妆,8.74,8.77,9.3,8.49,8.98,30884625,275336334.0
2026-09-29,sh,605138,盛泰集团,6.1,6.17,6.22,6.04,6.18,3699400,22761924.0
2026-09-29,sh,605151,西上海,18.7,18.63,18.92,18.51,18.78,1028000,19314269.0
2026-09-29,sh,605155,西大门,14.46,14.5,14.5,14.3,14.42,1694624,24370572.0
2026-09-29,sh,605158,华达新材,7.81,7.81,7.87,7.7,7.75,4703950,36548531.0
2026-09-29,sh,605162,新中港,12.06,11.68,12.44,11.38,11.77,29962874,357757407.0
2026-09-29,sh,605166,聚合顺,8.45,8.52,8.54,8.42,8.45,2416600,20474994.0
2026-09-29,sh,605167,利柏特,15.7,15.7,15.81,15.22,15.38,4631854,71597442.0
2026-09-29,sh,605168,三人行,50.24,50.95,51.42,49.72,49.87,3660268,184650216.0
2026-09-29,sh,605169,洪通燃气,13.24,13.1,13.2,12.98,13.1,3306073,43256444.0
2026-09-29,sh,605177,东亚药业,25.87,25.6,25.83,24.8,24.82,5780600,145852046.0
2026-09-29,sh,605178,时空科技,64.5,64.5,64.79,63.03,63.54,2662100,169309052.0
2026-09-29,sh,605179,一鸣食品,23.42,23.38,24.11,23.0,23.47,13526491,319398778.0
2026-09-29,sh,605180,华生科技,14.12,14.04,14.76,13.98,14.18,4750410,68066602.0
2026-09-29,sh,605183,确成股份,16.24,16.49,16.56,16.18,16.45,1228500,20187998.0
2026-09-29,sh,605186,健麾信息,24.83,25.45,25.55,24.8,25.07,1470200,37046195.0
2026-09-29,sh,605188,国光连锁,12.55,12.55,12.59,12.32,12.41,5341860,66559371.0
2026-09-29,sh,605189,富春染织,13.85,13.87,13.94,13.7,13.72,4683221,64632563.0
2026-09-29,sh,605196,华通线缆,33.92,34.16,34.16,32.57,33.17,9792814,324058972.0
2026-09-29,sh,605198,安德利,59.71,58.64,65.68,56.64,65.68,6277998,387107256.0
2026-09-29,sh,605199,ST葫芦娃,5.7,5.7,5.75,5.65,5.72,515100,2945480.0
2026-09-29,sh,605208,永茂泰,14.28,14.39,14.75,14.08,14.61,4988577,72071807.0
2026-09-29,sh,605218,伟时电子,13.94,13.89,14.19,13.73,14.13,4952609,69671897.0
2026-09-29,sh,605222,起帆电缆,21.52,21.76,21.97,21.52,21.79,3185000,69381429.0
2026-09-29,sh,605228,神通科技,11.12,11.04,11.31,11.04,11.21,3980200,44676213.0
2026-09-29,sh,605255,天普股份,55.1,54.65,56.2,54.65,56.2,442300,24672543.0
2026-09-29,sh,605258,协和电子,40.01,38.85,44.01,38.85,44.01,9368100,391096696.0
2026-09-29,sh,605259,绿田机械,17.25,17.25,17.38,17.17,17.3,418328,7230219.0
2026-09-29,sh,605266,健之佳,15.8,15.8,16.02,15.71,15.96,1245413,19817690.0
2026-09-29,sh,605268,王力安防,10.17,10.19,10.32,10.01,10.22,6434493,65580333.0
2026-09-29,sh,605277,新亚电子,16.67,16.64,17.11,16.52,17.04,6173850,104814062.0
2026-09-29,sh,605286,同力天启,24.23,24.03,24.7,24.02,24.38,1522399,37254250.0
2026-09-29,sh,605287,德才股份,32.88,33.53,34.89,32.62,33.99,3192200,107964862.0
2026-09-29,sh,605288,凯迪股份,67.79,67.79,68.36,65.03,65.3,1742228,115755628.0
2026-09-29,sh,605289,罗曼股份,95.0,96.9,96.9,94.03,94.91,1736045,165456959.0
2026-09-29,sh,605296,神农集团,31.47,30.81,31.99,30.66,31.6,3297200,103630970.0
2026-09-29,sh,605298,必得科技,42.15,41.94,42.33,41.58,41.92,350700,14713077.0
2026-09-29,sh,605299,舒华体育,12.3,12.25,12.39,12.19,12.3,5941000,73093150.0
2026-09-29,sh,605300,佳禾食品,10.18,10.14,10.39,10.08,10.26,3462799,35454820.0
2026-09-29,sh,605303,园林股份,23.68,26.05,26.05,26.05,26.05,253700,6608885.0
2026-09-29,sh,605305,中际联合,29.88,29.74,30.66,29.62,30.24,2370389,71602185.0
2026-09-29,sh,605318,法狮龙,71.35,71.62,74.28,71.0,71.46,778900,56522916.0
2026-09-29,sh,605319,无锡振华,22.05,22.24,22.66,21.86,22.3,3759580,83839287.0
2026-09-29,sh,605333,沪光股份,16.4,16.4,16.53,16.25,16.3,1378000,22546913.0
2026-09-29,sh,605336,*ST帅电,11.22,11.22,11.56,11.11,11.48,1262700,14253854.0
2026-09-29,sh,605337,李子园,9.04,9.04,9.12,8.99,9.1,1867942,16936740.0
2026-09-29,sh,605338,巴比食品,17.64,17.65,17.72,17.36,17.59,2260516,39606524.0
2026-09-29,sh,605339,南侨食品,13.28,13.21,13.4,13.16,13.2,1224064,16283086.0
2026-09-29,sh,605358,立昂微,45.67,45.43,47.09,45.0,46.13,34259772,1584194595.0
2026-09-29,sh,605365,立达信,14.67,14.66,14.74,14.44,14.51,4640326,67476429.0
2026-09-29,sh,605366,宏柏新材,10.14,9.56,10.1,9.26,9.75,83713814,809976473.0
2026-09-29,sh,605368,蓝天燃气,6.64,6.64,6.69,6.6,6.63,2091160,13904305.0
2026-09-29,sh,605369,拱东医疗,18.06,18.09,18.28,17.61,18.05,2295824,41250917.0
2026-09-29,sh,605376,博迁新材,119.97,119.0,120.8,117.8,118.55,9402056,1117833859.0
2026-09-29,sh,605377,华旺科技,7.85,7.84,8.0,7.83,7.92,3838728,30431505.0
2026-09-29,sh,605378,野马电池,15.35,15.5,16.89,15.24,16.58,17858160,289779041.0
2026-09-29,sh,605388,均瑶健康,6.11,6.09,6.72,6.02,6.72,20131280,129226921.0
2026-09-29,sh,605389,长龄液压,61.31,61.08,62.01,60.5,61.44,508040,31209431.0
2026-09-29,sh,605398,新炬网络,22.19,22.09,23.34,22.07,23.16,7679629,176489494.0
2026-09-29,sh,605399,晨光新材,11.8,11.7,11.95,11.4,11.73,6218232,72388714.0
2026-09-29,sh,605488,福莱新材,29.68,29.45,30.82,29.23,29.98,7321033,220414888.0
2026-09-29,sh,605499,东鹏饮料,111.12,110.6,110.87,109.82,110.19,1594513,175841497.0
2026-09-29,sh,605500,森林包装,7.37,7.45,7.48,7.28,7.42,2881300,21356098.0
2026-09-29,sh,605507,国邦医药,18.32,18.25,18.48,17.8,17.87,6951100,125453474.0
2026-09-29,sh,605555,德昌股份,12.75,12.4,12.83,12.4,12.76,7283942,92211350.0
2026-09-29,sh,605566,福莱蒽特,32.01,32.33,32.55,31.53,32.02,3595100,115507177.0
2026-09-29,sh,605567,春雪食品,9.46,9.47,9.72,9.4,9.64,4360203,41846678.0
2026-09-29,sh,605577,龙版传媒,14.87,13.91,15.47,13.4,14.8,39483544,573581708.0
2026-09-29,sh,605580,恒盛能源,21.33,21.08,21.29,20.6,21.03,8395727,176608082.0
2026-09-29,sh,605588,冠石科技,44.92,44.76,46.1,44.22,45.6,883900,40056839.0
2026-09-29,sh,605589,圣泉集团,36.07,34.91,36.36,34.86,36.08,21944183,783735518.0
2026-09-29,sh,605598,上海港湾,23.61,23.36,23.86,23.36,23.7,1597600,37861672.0
2026-09-29,sh,605599,菜百股份,13.31,13.31,13.34,13.16,13.24,3419166,45243885.0
2026-09-29,sh,688001,华兴源创,61.82,62.09,64.66,60.61,62.45,12855064,803372994.0
2026-09-29,sh,688002,睿创微纳,175.66,176.87,177.79,173.26,176.56,6426412,1127910311.0
2026-09-29,sh,688003,天准科技,74.69,74.65,75.75,74.0,74.46,2380486,177879436.0
2026-09-29,sh,688004,博汇科技,30.66,30.64,31.8,29.52,31.04,7975400,246914660.0
2026-09-29,sh,688005,容百科技,22.44,22.71,23.42,22.71,23.07,10567444,244414936.0
2026-09-29,sh,688006,杭可科技,19.88,19.88,20.57,19.88,20.29,8814548,179025883.0
2026-09-29,sh,688007,光峰科技,10.62,10.52,10.74,10.51,10.66,4064098,43268058.0
2026-09-29,sh,688008,澜起科技,208.6,205.0,215.5,204.7,212.6,28682211,5996162940.0
2026-09-29,sh,688009,中国通号,4.66,4.64,4.67,4.63,4.64,15283181,71037172.0
2026-09-29,sh,688010,福光股份,27.46,27.48,28.7,27.0,27.77,4324489,121070228.0
2026-09-29,sh,688011,新光光电,60.5,60.52,62.0,59.6,61.07,1776208,107835782.0
2026-09-29,sh,688012,中微公司,324.5,329.88,330.55,322.01,324.78,9188074,2989325463.0
2026-09-29,sh,688013,天臣医疗,24.85,24.98,25.12,24.22,24.8,1496897,37077885.0
2026-09-29,sh,688015,交控科技,16.68,16.72,16.9,16.59,16.8,885384,14897697.0
2026-09-29,sh,688016,心脉医疗,84.33,84.06,85.17,83.3,83.84,906855,76188533.0
2026-09-29,sh,688017,绿的谐波,274.62,274.0,278.32,269.03,275.6,3222225,885020966.0
2026-09-29,sh,688018,乐鑫科技,115.7,115.52,116.99,113.27,115.79,4152807,477436765.0
2026-09-29,sh,688019,安集科技,214.9,215.9,215.9,210.17,214.22,4013711,854414091.0
2026-09-29,sh,688020,方邦股份,136.28,134.0,140.81,133.51,137.29,2319193,317760478.0
2026-09-29,sh,688021,奥福科技,19.92,19.8,20.35,19.66,20.27,1345541,27012965.0
2026-09-29,sh,688022,ST瀚川,8.77,8.86,9.1,8.74,9.1,2673036,24022062.0
2026-09-29,sh,688023,安恒信息,48.01,47.1,49.51,46.6,47.47,7224914,346267841.0
2026-09-29,sh,688025,杰普特,397.02,390.81,419.68,390.81,414.0,2987727,1222618972.0
2026-09-29,sh,688026,洁特生物,25.24,24.57,25.75,24.33,24.54,7214360,178987407.0
2026-09-29,sh,688027,国盾量子,341.75,340.05,343.43,338.0,339.01,1130316,384239605.0
2026-09-29,sh,688028,沃尔德,119.5,119.03,119.98,114.9,116.25,7839487,917742644.0
2026-09-29,sh,688029,南微医学,82.09,82.1,86.33,81.66,84.05,2162427,183313242.0
2026-09-29,sh,688030,山石网科,18.98,18.92,19.75,18.8,19.38,4449592,86247773.0
2026-09-29,sh,688031,星环科技,89.45,88.91,92.59,88.31,90.39,5622319,507529697.0
2026-09-29,sh,688032,禾迈股份,66.42,66.0,67.46,65.9,67.24,457461,30669572.0
2026-09-29,sh,688033,*ST天宜,7.15,7.15,7.36,7.1,7.29,3145632,22843507.0
2026-09-29,sh,688035,XD德邦科,75.9,75.62,77.96,74.0,74.67,5684375,432196623.0
2026-09-29,sh,688036,传音控股,53.72,53.96,54.28,53.48,53.49,5518461,297363673.0
2026-09-29,sh,688037,芯源微,340.18,339.99,346.28,331.02,340.63,2779130,939249658.0
2026-09-29,sh,688038,中科通达,19.15,19.05,19.47,18.71,19.1,1431447,27397105.0
2026-09-29,sh,688039,当虹科技,32.0,32.16,37.47,32.16,34.78,6760427,236266624.0
2026-09-29,sh,688041,海光信息,240.5,239.02,241.49,232.0,235.88,17648468,4154813728.0
2026-09-29,sh,688045,必易微,56.95,57.26,57.97,56.3,57.4,2022979,115896423.0
2026-09-29,sh,688046,药康生物,35.06,34.73,37.17,34.73,34.98,9101558,323043566.0
2026-09-29,sh,688047,龙芯中科,99.91,99.13,101.23,98.59,100.2,2552498,254933131.0
2026-09-29,sh,688048,长光华芯,289.79,290.0,299.8,285.2,296.9,7813342,2292059241.0
2026-09-29,sh,688049,炬芯科技,45.45,45.41,47.38,44.98,47.0,8072190,374481864.0
2026-09-29,sh,688050,爱博医疗,38.31,38.31,38.54,37.91,38.0,1648748,62792503.0
2026-09-29,sh,688051,佳华科技,24.42,24.18,25.99,24.18,25.54,2213000,56369765.0
2026-09-29,sh,688052,纳芯微,246.15,249.59,249.69,236.41,240.36,1700300,410696463.0
2026-09-29,sh,688053,ST思科瑞,37.94,37.98,39.79,37.98,39.39,564926,22163227.0
2026-09-29,sh,688055,龙腾光电,3.6,3.6,3.68,3.56,3.65,6009076,21850039.0
2026-09-29,sh,688056,莱伯泰科,51.89,51.26,52.4,47.83,48.31,4141189,205114728.0
2026-09-29,sh,688057,金达莱,18.53,18.41,18.97,18.41,18.8,2271274,42439280.0
2026-09-29,sh,688058,宝兰德,25.51,25.45,26.56,24.6,26.22,1132682,29412135.0
2026-09-29,sh,688059,华锐精密,83.3,83.25,85.41,82.81,84.7,2484092,209207652.0
2026-09-29,sh,688060,云涌科技,36.63,37.24,37.61,36.43,37.1,478262,17647192.0
2026-09-29,sh,688061,灿瑞科技,44.5,44.36,45.0,43.7,44.07,1500089,66413681.0
2026-09-29,sh,688062,迈威生物,26.0,26.14,26.96,25.6,26.01,5128473,134850271.0
2026-09-29,sh,688063,派能科技,39.22,39.21,40.62,39.14,40.16,4453720,178896935.0
2026-09-29,sh,688065,凯赛生物,38.15,38.17,38.45,37.87,38.2,2310595,88204504.0
2026-09-29,sh,688066,*ST航图,8.29,8.37,8.69,8.29,8.5,7798439,66410064.0
2026-09-29,sh,688067,爱威科技,24.04,23.95,24.79,23.92,24.53,1024407,24961976.0
2026-09-29,sh,688068,热景生物,89.65,88.39,93.1,88.19,90.0,2085287,189691688.0
2026-09-29,sh,688069,德林海,34.93,34.99,35.68,34.37,35.55,1696571,59147957.0
2026-09-29,sh,688070,纵横股份,35.27,35.97,36.11,35.0,35.3,1426788,50747887.0
2026-09-29,sh,688071,华依科技,35.26,35.97,36.78,34.78,36.4,2529511,91429171.0
2026-09-29,sh,688072,拓荆科技,653.8,664.59,677.77,645.05,656.68,3538500,2321331112.0
2026-09-29,sh,688073,毕得医药,73.91,71.97,77.99,71.97,74.28,4505802,337889998.0
2026-09-29,sh,688075,安旭生物,29.91,29.91,30.39,29.52,30.1,449801,13532562.0
2026-09-29,sh,688076,ST诺泰,28.92,29.0,29.48,28.89,29.35,1883157,55115604.0
2026-09-29,sh,688077,大地熊,26.56,26.58,27.39,26.23,26.9,2798030,75763954.0
2026-09-29,sh,688078,龙软科技,30.34,30.51,31.2,30.0,30.6,1469776,45132584.0
2026-09-29,sh,688079,美迪凯,17.03,16.76,17.46,16.24,16.82,19511804,327954483.0
2026-09-29,sh,688080,映翰通,36.77,36.7,37.48,36.38,37.24,746083,27777338.0
2026-09-29,sh,688081,兴图新科,25.31,24.85,25.7,24.85,25.4,1196481,30320043.0
2026-09-29,sh,688082,盛美上海,286.01,288.99,309.6,288.0,303.44,7133199,2133827362.0
2026-09-29,sh,688083,中望软件,50.9,50.83,51.25,50.41,50.5,1221949,62063267.0
2026-09-29,sh,688084,晶品特装,41.3,41.45,42.32,40.96,42.1,726816,30380974.0
2026-09-29,sh,688085,三友医疗,13.15,13.2,13.41,13.0,13.32,2436436,32367803.0
2026-09-29,sh,688087,英科再生,32.3,32.3,32.64,31.83,31.95,780808,24981878.0
2026-09-29,sh,688088,XD虹软科,28.72,28.81,29.28,28.52,29.12,2329058,67613366.0
2026-09-29,sh,688089,ST嘉必优,8.35,8.29,8.53,8.29,8.47,975637,8256425.0
2026-09-29,sh,688090,瑞松科技,78.38,78.56,79.33,77.11,78.3,4696362,368156930.0
2026-09-29,sh,688091,上海谊众,39.29,39.27,39.82,38.82,38.83,1776060,69575966.0
2026-09-29,sh,688092,爱科科技,22.22,22.22,22.59,22.02,22.45,834511,18689028.0
2026-09-29,sh,688093,世华科技,21.98,21.99,22.36,21.84,22.24,1099659,24371814.0
2026-09-29,sh,688095,福昕软件,55.49,55.88,57.3,55.22,56.39,1568023,88320318.0
2026-09-29,sh,688096,京源环保,7.2,7.24,7.44,7.1,7.34,6885013,50338768.0
2026-09-29,sh,688097,博众精工,41.82,41.6,42.44,41.31,41.96,3500753,147133435.0
2026-09-29,sh,688098,申联生物,8.34,8.33,8.57,8.23,8.43,3512437,29535451.0
2026-09-29,sh,688099,晶晨股份,88.27,87.88,91.2,87.27,90.32,7698291,684970222.0
2026-09-29,sh,688100,威胜信息,24.36,24.31,24.52,23.8,24.38,2466277,59490138.0
2026-09-29,sh,688101,三达膜,14.09,14.2,14.37,14.05,14.29,1492440,21278041.0
2026-09-29,sh,688102,斯瑞新材,29.42,29.1,29.81,29.05,29.14,5960825,174493608.0
2026-09-29,sh,688103,国力电子,79.05,78.3,81.0,77.71,79.67,1582122,125190598.0
2026-09-29,sh,688105,诺唯赞,25.8,25.46,26.71,25.01,25.49,11904251,306361534.0
2026-09-29,sh,688106,金宏气体,25.41,25.39,25.52,24.97,25.25,7933291,199856232.0
2026-09-29,sh,688107,安路科技,29.33,29.39,29.44,28.75,29.03,4090166,118977301.0
2026-09-29,sh,688108,赛诺医疗,14.78,14.72,15.12,14.6,14.65,5234084,77462519.0
2026-09-29,sh,688109,品茗科技,68.43,69.5,71.78,67.12,71.27,808333,56432650.0
2026-09-29,sh,688110,东芯股份,116.75,116.1,119.0,115.26,117.73,10973548,1286036487.0
2026-09-29,sh,688111,金山办公,222.0,221.66,224.0,215.15,216.9,4142727,911690619.0
2026-09-29,sh,688112,鼎阳科技,102.66,102.71,110.65,101.42,104.25,11544126,1224700396.0
2026-09-29,sh,688113,联测科技,37.74,37.55,37.75,37.17,37.4,520835,19507750.0
2026-09-29,sh,688114,华大智造,72.84,73.0,74.63,70.23,71.59,10019351,720203264.0
2026-09-29,sh,688115,思林杰,61.64,61.69,64.28,61.08,63.6,2177623,137543929.0
2026-09-29,sh,688116,天奈科技,32.26,32.5,34.26,32.39,33.73,7690027,257891238.0
2026-09-29,sh,688117,圣诺生物,17.92,17.9,18.18,17.7,17.8,6315324,113152454.0
2026-09-29,sh,688118,普元信息,19.76,19.86,20.52,19.71,20.27,1648780,33271910.0
2026-09-29,sh,688119,中钢洛耐,3.77,3.77,3.85,3.73,3.82,7938480,30167785.0
2026-09-29,sh,688120,华海清科,234.24,235.0,235.79,227.6,233.0,8102709,1869832865.0
2026-09-29,sh,688121,*ST卓然,1.14,1.12,1.15,1.08,1.09,9354333,10374566.0
2026-09-29,sh,688122,西部超导,49.44,49.4,52.4,49.34,52.12,12971145,667763198.0
2026-09-29,sh,688123,聚辰股份,153.86,154.22,168.32,151.95,166.23,11697511,1885234475.0
2026-09-29,sh,688125,安达智能,113.4,112.84,117.76,111.01,115.01,927149,106083908.0
2026-09-29,sh,688126,沪硅产业,23.83,23.55,24.0,23.38,23.66,36847785,871867987.0
2026-09-29,sh,688127,蓝特光学,61.06,60.9,62.74,60.67,62.24,5172540,319590899.0
2026-09-29,sh,688128,中国电研,21.66,21.5,21.86,21.5,21.81,897200,19510673.0
2026-09-29,sh,688129,东来技术,22.65,23.09,23.09,22.4,22.59,969597,21951146.0
2026-09-29,sh,688130,晶华微,26.29,26.02,26.94,26.02,26.48,1470556,38946245.0
2026-09-29,sh,688131,皓元医药,100.48,99.95,104.27,96.8,97.6,5956028,593468682.0
2026-09-29,sh,688132,邦彦技术,16.17,16.33,16.76,16.06,16.5,1686643,27743605.0
2026-09-29,sh,688133,泰坦科技,21.63,21.6,22.74,21.6,21.76,4909896,108572981.0
2026-09-29,sh,688135,利扬芯片,37.67,37.7,38.43,37.0,37.53,9446890,356615869.0
2026-09-29,sh,688136,科兴制药,22.93,22.63,24.68,22.51,23.57,10213602,243457268.0
2026-09-29,sh,688137,近岸蛋白,128.08,123.38,148.88,115.27,141.35,10777761,1465912960.0
2026-09-29,sh,688138,XD清溢光,37.36,37.86,39.0,37.15,37.52,5548330,210760207.0
2026-09-29,sh,688139,海尔生物,34.8,34.61,36.08,34.17,35.19,4613480,163069024.0
2026-09-29,sh,688141,杰华特,100.71,99.71,103.72,99.4,102.98,10598198,1077121362.0
2026-09-29,sh,688143,长盈通,165.05,162.68,182.37,160.09,180.23,11412986,2001174598.0
2026-09-29,sh,688146,中船特气,201.07,200.0,201.07,190.36,193.25,11826515,2292577269.0
2026-09-29,sh,688147,微导纳米,105.96,104.84,109.49,104.36,107.0,4950260,526773102.0
2026-09-29,sh,688148,芳源股份,5.69,5.74,5.95,5.69,5.89,12699545,74512051.0
2026-09-29,sh,688150,莱特光电,39.69,38.1,40.01,38.05,39.46,4704522,185098975.0
2026-09-29,sh,688151,华强科技,16.6,16.6,16.75,16.49,16.64,1500575,24962554.0
2026-09-29,sh,688152,麒麟信安,39.45,39.11,42.5,38.49,41.44,11158131,449290790.0
2026-09-29,sh,688153,唯捷创芯,25.94,25.94,26.17,25.65,25.89,2654997,68660388.0
2026-09-29,sh,688155,先惠技术,50.97,51.19,54.83,51.19,54.35,4340584,231362489.0
2026-09-29,sh,688156,路德科技,22.24,22.24,23.17,21.68,23.05,3237357,72884004.0
2026-09-29,sh,688157,松井股份,18.39,18.39,18.9,18.21,18.87,2082364,38992592.0
2026-09-29,sh,688158,优刻得,28.34,28.21,28.9,28.2,28.55,7982163,227769023.0
2026-09-29,sh,688159,有方科技,34.78,34.76,36.95,34.54,36.55,3984147,143260205.0
2026-09-29,sh,688160,步科股份,94.0,93.06,96.0,92.53,95.0,778783,73897254.0
2026-09-29,sh,688161,威高骨科,21.59,21.63,21.95,21.5,21.76,612760,13346814.0
2026-09-29,sh,688162,巨一科技,25.51,25.02,25.93,24.69,25.8,1443720,36899563.0
2026-09-29,sh,688163,赛伦生物,40.66,36.0,39.5,36.0,38.0,3426552,129192374.0
2026-09-29,sh,688165,埃夫特,14.54,14.52,15.08,14.32,15.0,4348069,64137667.0
2026-09-29,sh,688166,博瑞医药,34.11,34.04,35.07,33.81,34.36,6628735,228305824.0
2026-09-29,sh,688167,炬光科技,275.84,274.0,289.21,271.09,284.26,5739818,1625589154.0
2026-09-29,sh,688168,安博通,43.39,42.9,44.43,42.28,43.99,4976580,215316768.0
2026-09-29,sh,688169,石头科技,116.39,115.0,115.98,113.98,114.76,2983267,342801779.0
2026-09-29,sh,688170,德龙激光,66.12,65.0,65.99,63.7,64.55,3543563,228807160.0
2026-09-29,sh,688171,纬德信息,25.95,25.25,25.8,23.79,23.91,4799296,118273894.0
2026-09-29,sh,688172,燕东微,43.74,44.18,44.72,43.0,44.05,8390852,368635165.0
2026-09-29,sh,688173,希荻微,12.96,12.88,13.39,12.88,13.27,7046599,92489810.0
2026-09-29,sh,688175,高凌信息,25.08,24.0,28.62,24.0,28.07,10900805,293699572.0
2026-09-29,sh,688176,亚虹医药,13.71,13.6,14.26,13.46,13.75,11752028,162908471.0
2026-09-29,sh,688177,百奥泰,20.65,20.45,20.87,20.0,20.21,4488138,91222271.0
2026-09-29,sh,688178,万德斯,29.57,29.6,29.86,29.3,29.55,707956,20927444.0
2026-09-29,sh,688179,阿拉丁,22.95,23.16,23.56,22.27,22.57,15706673,358276876.0
2026-09-29,sh,688180,君实生物,34.84,34.75,36.36,34.6,34.94,14405559,511327526.0
2026-09-29,sh,688181,八亿时空,44.66,44.66,44.76,43.22,43.6,5352846,234847517.0
2026-09-29,sh,688182,灿勤科技,26.4,26.17,27.06,26.0,26.91,4183054,111456243.0
2026-09-29,sh,688183,生益电子,105.96,105.29,111.63,105.0,110.5,13814476,1508748577.0
2026-09-29,sh,688184,ST帕瓦,10.6,10.58,10.83,10.47,10.79,493947,5300981.0
2026-09-29,sh,688185,康希诺,86.5,85.01,88.8,83.51,85.53,9459004,810341323.0
2026-09-29,sh,688186,广大特材,14.22,14.38,14.39,14.09,14.17,2159502,30703626.0
2026-09-29,sh,688187,时代电气,43.75,43.6,44.57,43.58,44.27,2211892,97884209.0
2026-09-29,sh,688188,柏楚电子,93.1,93.53,95.39,93.1,95.0,1205751,113906256.0
2026-09-29,sh,688189,ST南新,6.32,6.28,6.42,6.28,6.41,2240137,14260374.0
2026-09-29,sh,688190,云路股份,67.03,66.51,68.17,66.51,67.14,692690,46558455.0
2026-09-29,sh,688191,智洋创新,19.97,20.02,20.2,19.7,20.0,4716995,94270959.0
2026-09-29,sh,688192,迪哲医药,55.48,55.6,57.5,54.7,55.82,4118001,230617947.0
2026-09-29,sh,688193,仁度生物,48.82,48.58,50.61,48.58,49.96,596074,29797855.0
2026-09-29,sh,688195,腾景科技,174.39,172.21,182.78,172.21,181.24,5377408,964845220.0
2026-09-29,sh,688196,卓越新能,30.97,30.94,31.52,30.62,30.63,1314712,40906142.0
2026-09-29,sh,688197,首药控股,36.8,37.03,39.34,35.86,37.66,2214623,83960283.0
2026-09-29,sh,688198,佰仁医疗,70.05,70.1,70.49,68.13,68.4,481452,33274811.0
2026-09-29,sh,688199,久日新材,25.25,25.04,25.58,24.82,25.33,2929870,74288485.0
2026-09-29,sh,688200,华峰测控,388.88,387.47,401.36,384.52,398.99,4005269,1571251917.0
2026-09-29,sh,688201,ST信安,7.7,7.76,7.8,7.68,7.7,1770843,13698134.0
2026-09-29,sh,688202,美迪西,105.3,104.98,110.26,103.15,103.96,5492396,581956706.0
2026-09-29,sh,688203,海正生材,20.01,20.0,20.84,19.48,20.4,21886745,443874477.0
2026-09-29,sh,688205,德科立,191.25,190.0,209.5,189.2,207.19,10842207,2187485238.0
2026-09-29,sh,688206,概伦电子,35.39,35.39,35.8,34.71,35.18,3460175,121354110.0
2026-09-29,sh,688207,格灵深瞳,19.04,19.04,20.2,19.04,19.66,9251437,182588955.0
2026-09-29,sh,688208,道通科技,24.69,24.76,25.52,24.68,25.38,5021274,126261804.0
2026-09-29,sh,688209,英集芯,32.89,33.1,33.3,32.04,32.44,10824113,351594911.0
2026-09-29,sh,688210,统联精密,27.39,27.94,27.99,26.91,27.45,2070077,56856119.0
2026-09-29,sh,688211,中科微至,32.44,32.6,32.79,32.2,32.42,471840,15311010.0
2026-09-29,sh,688212,澳华内镜,28.06,28.46,28.84,27.8,27.83,1985864,56094653.0
2026-09-29,sh,688213,思特威,92.15,91.53,94.87,91.49,94.01,3859756,360673175.0
2026-09-29,sh,688215,瑞晟智能,44.22,43.55,45.1,43.5,43.96,783481,34595993.0
2026-09-29,sh,688216,气派科技,38.51,38.4,41.8,38.03,40.75,8858679,360256417.0
2026-09-29,sh,688217,睿昂基因,25.28,25.5,25.89,25.08,25.68,1416721,36158038.0
2026-09-29,sh,688218,江苏北人,38.36,38.01,38.58,37.01,38.05,1804334,68729989.0
2026-09-29,sh,688219,会通股份,10.14,10.12,10.23,10.07,10.17,2750591,28017423.0
2026-09-29,sh,688220,翱捷科技,92.23,91.71,94.3,91.0,93.54,5245159,486499087.0
2026-09-29,sh,688221,前沿生物,16.31,16.3,17.1,16.14,16.42,9091211,151366275.0
2026-09-29,sh,688222,成都先导,43.68,43.0,45.18,42.15,43.68,19647524,860571891.0
2026-09-29,sh,688223,晶科能源,3.68,3.68,3.77,3.67,3.74,54878316,204952196.0
2026-09-29,sh,688225,亚信安全,15.64,15.55,16.47,15.23,16.28,20040118,318858165.0
2026-09-29,sh,688226,威腾电气,28.11,27.83,30.64,27.83,29.77,8071130,239189002.0
2026-09-29,sh,688227,品高股份,71.41,68.3,73.85,68.3,73.03,2398961,172746906.0
2026-09-29,sh,688228,开普云,83.5,83.0,91.6,83.0,91.2,2785207,245188586.0
2026-09-29,sh,688229,博睿数据,58.24,59.5,60.71,58.0,60.36,432480,25878754.0
2026-09-29,sh,688230,芯导科技,58.08,58.07,59.45,57.93,59.1,932976,54863849.0
2026-09-29,sh,688231,隆达股份,33.0,32.83,33.13,31.88,32.3,3177647,102489368.0
2026-09-29,sh,688232,新点软件,17.49,17.38,17.76,17.38,17.66,1757729,30963151.0
2026-09-29,sh,688233,神工股份,93.24,93.43,93.8,91.06,92.95,4132423,382173151.0
2026-09-29,sh,688234,天岳先进,105.28,104.8,111.3,103.99,109.0,9472450,1025013262.0
2026-09-29,sh,688235,百济神州,257.9,258.0,265.8,256.45,259.46,2703700,704918407.0
2026-09-29,sh,688236,春立医疗,14.12,14.25,14.38,13.9,14.11,1247677,17684566.0
2026-09-29,sh,688237,超卓航科,57.95,57.33,58.88,57.19,58.4,1004139,58383562.0
2026-09-29,sh,688238,和元生物,8.56,8.48,9.0,8.31,8.54,40230106,348195766.0
2026-09-29,sh,688239,航宇科技,54.96,55.08,55.26,52.52,53.0,5017052,267160645.0
2026-09-29,sh,688244,永信至诚,19.8,19.18,23.2,18.8,21.24,23863602,500552723.0
2026-09-29,sh,688246,嘉和美康,16.97,17.03,17.66,16.89,17.5,2057262,35804272.0
2026-09-29,sh,688247,宣泰医药,9.95,9.87,10.25,9.62,9.87,5930007,58872539.0
2026-09-29,sh,688248,南网科技,46.37,46.37,50.6,46.28,49.4,5128817,249899245.0
2026-09-29,sh,688249,晶合集成,33.21,33.5,34.73,33.0,34.08,11563012,394019273.0
2026-09-29,sh,688251,井松智能,18.51,18.56,18.99,17.72,18.84,2613211,48829747.0
2026-09-29,sh,688252,天德钰,20.79,20.9,20.98,20.53,20.87,2986101,62069133.0
2026-09-29,sh,688253,英诺特,54.87,54.32,55.42,54.19,54.35,687744,37549287.0
2026-09-29,sh,688255,凯尔达,26.04,26.19,26.65,25.8,26.47,2020248,53004480.0
2026-09-29,sh,688256,寒武纪,1020.0,1023.81,1053.2,1013.0,1046.0,7075424,7339177495.0
2026-09-29,sh,688257,新锐股份,54.52,54.92,56.95,53.71,55.52,10914813,603239209.0
2026-09-29,sh,688258,卓易信息,82.2,82.21,85.68,81.0,84.97,2623263,219932070.0
2026-09-29,sh,688259,创耀科技,32.91,33.34,33.34,32.41,32.71,1230376,40296513.0
2026-09-29,sh,688260,昀冢科技,100.19,99.8,101.84,98.0,100.8,4199254,421613615.0
2026-09-29,sh,688261,东微半导,74.0,73.11,75.8,73.08,74.95,3253864,243516346.0
2026-09-29,sh,688262,国芯科技,28.01,28.07,28.56,27.66,28.16,6008226,169182721.0
2026-09-29,sh,688265,南模生物,54.61,53.02,56.8,53.02,54.21,3410516,186997300.0
2026-09-29,sh,688266,泽璟制药,107.16,106.79,110.25,106.1,106.66,3201321,345478301.0
2026-09-29,sh,688267,中触媒,21.85,21.78,22.07,21.6,21.81,1542603,33690478.0
2026-09-29,sh,688268,华特气体,124.14,124.08,124.66,122.05,123.35,2024448,249567602.0
2026-09-29,sh,688269,凯立新材,26.1,26.2,26.86,25.95,26.54,1133136,29903545.0
2026-09-29,sh,688270,ST臻镭,55.05,54.9,55.56,54.11,54.15,2788731,152660623.0
2026-09-29,sh,688271,联影医疗,105.88,105.3,106.1,104.56,105.1,3527500,371879651.0
2026-09-29,sh,688272,富吉瑞,28.86,28.57,29.6,28.47,28.79,1292250,37278118.0
2026-09-29,sh,688273,麦澜德,29.48,29.18,30.0,28.88,29.42,731837,21582189.0
2026-09-29,sh,688275,万润新能,64.42,64.79,69.2,64.26,68.3,4364873,293887289.0
2026-09-29,sh,688276,百克生物,17.76,17.72,17.88,17.37,17.5,2858973,50117015.0
2026-09-29,sh,688277,天智航,15.23,15.19,15.6,15.06,15.48,3949756,60500687.0
2026-09-29,sh,688278,特宝生物,51.6,51.55,52.2,50.9,51.2,1795079,92337709.0
2026-09-29,sh,688279,峰岹科技,206.53,209.83,209.83,199.78,204.33,1227270,250201225.0
2026-09-29,sh,688280,精进电动,4.87,4.83,5.05,4.83,5.0,10839741,54030244.0
2026-09-29,sh,688281,华秦科技,49.15,48.67,49.7,47.67,49.25,2781908,135132877.0
2026-09-29,sh,688282,理工导航,51.03,51.0,51.52,50.4,50.74,447841,22766948.0
2026-09-29,sh,688283,坤恒顺维,30.07,29.88,30.83,29.4,29.49,2898568,86256726.0
2026-09-29,sh,688285,高铁电气,7.59,7.67,7.73,7.51,7.67,1479455,11354597.0
2026-09-29,sh,688286,敏芯股份,50.24,50.01,53.4,49.03,52.94,6078785,311347008.0
2026-09-29,sh,688288,鸿泉技术,19.62,19.66,19.94,19.46,19.77,1183280,23416803.0
2026-09-29,sh,688289,圣湘生物,16.6,16.57,16.63,16.19,16.27,4394702,71753507.0
2026-09-29,sh,688290,景业智能,56.07,58.79,58.79,55.63,56.8,750167,42302769.0
2026-09-29,sh,688291,金橙子,40.8,41.0,41.41,40.39,40.56,1452750,59266606.0
2026-09-29,sh,688292,浩瀚深度,21.89,21.68,22.78,21.34,22.7,7545689,168901557.0
2026-09-29,sh,688293,奥浦迈,74.84,74.92,77.61,73.7,74.56,5724576,430753432.0
2026-09-29,sh,688295,中复神鹰,35.23,35.19,35.65,35.05,35.22,2405969,85011308.0
2026-09-29,sh,688296,和达科技,24.56,25.2,26.45,24.54,25.21,7897381,202080567.0
2026-09-29,sh,688297,中无人机,42.08,42.2,42.2,40.88,41.45,5541274,228863781.0
2026-09-29,sh,688298,东方生物,18.96,18.97,19.3,18.83,18.92,1131599,21527157.0
2026-09-29,sh,688299,长阳科技,12.95,12.85,13.33,12.8,13.29,4527772,59593319.0
2026-09-29,sh,688300,联瑞新材,145.69,145.34,151.23,143.01,148.68,6299148,927524259.0
2026-09-29,sh,688301,奕瑞科技,84.97,84.8,85.91,83.18,83.72,4787629,401961306.0
2026-09-29,sh,688302,海创药业,31.87,31.54,32.97,31.51,32.29,1088968,35256604.0
2026-09-29,sh,688303,大全能源,15.5,15.57,15.74,15.5,15.7,5224897,81703380.0
2026-09-29,sh,688305,科德数控,54.73,54.7,55.28,54.41,54.9,799415,43908061.0
2026-09-29,sh,688306,均普智能,9.86,9.86,10.07,9.71,9.92,10692258,106189867.0
2026-09-29,sh,688307,中润光学,43.63,43.27,45.3,42.86,44.84,2485238,110483067.0
2026-09-29,sh,688308,欧科亿,80.0,79.5,81.11,78.3,80.4,3100593,248973325.0
2026-09-29,sh,688309,恒誉科技,74.66,76.15,76.15,73.0,73.71,1288053,95258242.0
2026-09-29,sh,688310,迈得医疗,15.45,15.42,15.78,15.18,15.6,1356799,21131684.0
2026-09-29,sh,688311,盟升电子,23.55,23.8,24.33,23.4,24.17,2810170,67550241.0
2026-09-29,sh,688312,燕麦科技,49.17,48.88,51.38,48.12,49.93,7769856,391502618.0
2026-09-29,sh,688313,仕佳光子,145.5,145.5,154.79,144.0,153.7,15744483,2366217030.0
2026-09-29,sh,688314,康拓医疗,30.37,30.61,30.86,30.09,30.58,756490,23083266.0
2026-09-29,sh,688315,诺禾致源,20.06,19.84,20.05,18.61,18.9,27245141,521315337.0
2026-09-29,sh,688316,青云科技,44.7,45.31,46.41,44.56,45.8,1274645,58259101.0
2026-09-29,sh,688317,之江生物,18.24,18.24,18.64,17.85,18.1,2589448,47217990.0
2026-09-29,sh,688318,财富趋势,75.73,75.72,77.38,75.49,76.9,3535751,270984882.0
2026-09-29,sh,688319,欧林生物,30.8,30.78,31.55,30.21,31.0,5761448,178254243.0
2026-09-29,sh,688320,禾川科技,35.25,35.25,36.68,34.9,36.25,3886974,139634546.0
2026-09-29,sh,688321,微芯生物,25.21,25.22,25.73,24.83,24.92,6160112,155162912.0
2026-09-29,sh,688322,奥比中光,85.75,85.36,86.09,83.85,85.1,3860742,328677763.0
2026-09-29,sh,688323,瑞华泰,24.18,24.0,24.51,23.51,24.14,5596112,135182342.0
2026-09-29,sh,688325,赛微微电,110.96,110.41,112.09,105.38,109.0,1335732,146178666.0
2026-09-29,sh,688326,经纬恒润,56.3,56.41,56.97,55.9,56.46,557786,31579523.0
2026-09-29,sh,688327,云从科技,9.68,9.68,9.82,9.62,9.71,10730036,104524648.0
2026-09-29,sh,688328,深科达,74.37,74.0,76.0,73.62,74.99,3477206,259379231.0
2026-09-29,sh,688329,艾隆科技,23.37,23.13,24.15,23.0,23.86,1365597,32378635.0
2026-09-29,sh,688330,宏力达,36.83,36.45,37.19,36.4,36.85,794046,29237151.0
2026-09-29,sh,688331,荣昌生物,115.34,115.63,120.49,115.63,116.67,5857790,689655339.0
2026-09-29,sh,688332,中科蓝讯,87.87,87.86,88.77,86.68,87.83,2770361,243242198.0
2026-09-29,sh,688333,铂力特,100.0,100.01,101.39,98.03,101.0,6895373,688865652.0
2026-09-29,sh,688334,西高院,17.73,17.85,18.06,17.74,17.94,1319993,23675760.0
2026-09-29,sh,688335,复洁科技,17.03,17.03,17.75,16.58,17.38,2970753,51801702.0
2026-09-29,sh,688336,三生国健,39.2,39.63,40.79,39.23,40.68,8341476,334999687.0
2026-09-29,sh,688337,普源精电,51.62,50.0,52.2,49.11,49.74,11747555,590032712.0
2026-09-29,sh,688338,赛科希德,31.98,32.25,32.45,31.51,31.67,956524,30564265.0
2026-09-29,sh,688339,亿华通,18.49,18.5,20.88,18.36,19.92,13543688,270388481.0
2026-09-29,sh,688343,云天励飞,61.93,61.32,63.2,61.07,62.53,6508116,406189136.0
2026-09-29,sh,688345,博力威,44.97,44.95,47.49,44.72,47.08,1365454,63413907.0
2026-09-29,sh,688347,华虹宏力,213.76,213.76,222.55,212.4,219.1,10569190,2295570241.0
2026-09-29,sh,688348,昱能科技,29.8,29.6,30.34,29.6,30.17,724597,21833662.0
2026-09-29,sh,688349,三一重能,12.85,12.84,13.23,12.79,13.13,8843524,115638799.0
2026-09-29,sh,688350,富淼科技,28.58,29.01,29.43,28.26,29.22,1729830,49868899.0
2026-09-29,sh,688351,微电生理,17.05,17.07,17.38,16.86,16.97,1559015,26541674.0
2026-09-29,sh,688352,颀中科技,17.67,17.67,18.5,17.37,18.23,22149785,403330323.0
2026-09-29,sh,688353,华盛锂电,78.96,79.78,80.18,78.2,78.95,2644663,210172204.0
2026-09-29,sh,688355,明志科技,16.73,16.73,17.1,16.52,16.98,747271,12629870.0
2026-09-29,sh,688356,键凯科技,99.45,95.22,101.57,93.2,95.79,5752194,557904886.0
2026-09-29,sh,688357,建龙微纳,26.68,26.69,27.14,26.45,26.88,670151,17959167.0
2026-09-29,sh,688358,祥生医疗,28.8,28.62,29.27,28.41,28.9,570548,16474368.0
2026-09-29,sh,688359,三孚新科,102.76,102.76,110.49,102.0,106.0,4065971,437213314.0
2026-09-29,sh,688360,德马科技,16.19,16.25,16.34,15.81,16.03,4660934,75177795.0
2026-09-29,sh,688361,中科飞测,361.24,368.46,374.48,352.14,354.72,5608783,2020829076.0
2026-09-29,sh,688362,甬矽电子,56.8,56.79,57.69,55.93,56.8,10163873,577355774.0
2026-09-29,sh,688363,华熙生物,34.3,34.3,34.92,34.07,34.1,2645752,90993232.0
2026-09-29,sh,688365,光云科技,15.22,15.07,16.24,15.07,15.85,17085974,270202748.0
2026-09-29,sh,688366,昊海生科,29.82,29.6,30.35,29.53,30.1,410629,12342729.0
2026-09-29,sh,688367,工大高科,29.52,29.78,30.27,29.35,29.65,996583,29745258.0
2026-09-29,sh,688368,晶丰明源,129.59,126.08,131.88,126.08,127.02,3225288,414172316.0
2026-09-29,sh,688369,致远互联,19.36,19.24,20.08,19.11,19.72,2638112,51876587.0
2026-09-29,sh,688370,丛麟科技,28.59,28.58,28.98,27.66,28.67,1217998,34511505.0
2026-09-29,sh,688371,菲沃泰,22.82,22.5,23.13,22.5,22.66,5417185,123341199.0
2026-09-29,sh,688372,伟测科技,105.0,104.7,105.57,101.62,103.45,5590696,578487171.0
2026-09-29,sh,688373,盟科药业,5.66,5.64,5.91,5.61,5.73,11728686,67354235.0
2026-09-29,sh,688375,国博电子,65.77,65.31,66.52,64.55,65.2,2722918,177289344.0
2026-09-29,sh,688376,美埃科技,57.43,57.43,58.45,56.2,57.2,1504107,86075186.0
2026-09-29,sh,688377,迪威尔,16.91,16.78,17.22,16.61,16.81,1707473,28841391.0
2026-09-29,sh,688378,奥来德,47.47,47.0,47.6,45.6,46.07,8146238,379453692.0
2026-09-29,sh,688379,华光新材,54.66,54.0,56.72,53.12,55.82,3866112,213422089.0
2026-09-29,sh,688380,中微半导,40.29,40.5,40.98,39.85,40.64,4711946,190751568.0
2026-09-29,sh,688381,帝奥微,41.65,41.23,43.1,40.88,42.26,8769838,369776454.0
2026-09-29,sh,688382,益方生物,17.65,17.4,18.87,17.3,18.2,15647223,286551176.0
2026-09-29,sh,688383,新益昌,128.78,128.74,132.65,127.0,129.0,1902218,245479172.0
2026-09-29,sh,688385,复旦微电,56.95,56.7,57.79,56.28,57.52,7723193,440427630.0
2026-09-29,sh,688386,泛亚微透,45.88,46.8,47.8,45.5,47.26,1921868,90221827.0
2026-09-29,sh,688387,信科移动,11.53,11.46,11.6,11.39,11.49,18043797,207667825.0
2026-09-29,sh,688388,嘉元科技,27.26,27.1,28.36,27.1,28.1,24462080,682389332.0
2026-09-29,sh,688389,普门科技,11.16,11.2,11.38,11.12,11.26,2441491,27541694.0
2026-09-29,sh,688390,固德威,54.67,54.67,55.45,54.42,54.8,4042748,221902131.0
2026-09-29,sh,688391,钜泉科技,26.42,26.35,26.62,26.03,26.45,722812,19137952.0
2026-09-29,sh,688392,骄成超声,159.4,158.0,163.29,158.0,161.6,1555781,249254359.0
2026-09-29,sh,688393,安必平,22.16,21.78,22.62,21.58,22.24,1960889,43469875.0
2026-09-29,sh,688395,正弦电气,25.73,25.73,26.58,25.46,26.33,1426111,37253097.0
2026-09-29,sh,688396,华润微,56.31,56.47,57.9,55.69,56.89,9482250,539792808.0
2026-09-29,sh,688398,赛特新材,22.68,22.75,23.09,22.48,22.81,1309260,29718567.0
2026-09-29,sh,688399,硕世生物,26.98,26.98,27.37,26.5,26.78,1321320,35530424.0
2026-09-29,sh,688400,凌云光,41.4,41.94,42.8,41.06,42.51,7354189,311222922.0
2026-09-29,sh,688401,路维光电,64.96,64.5,66.5,64.5,65.68,2686332,175755168.0
2026-09-29,sh,688403,汇成股份,22.4,22.5,22.91,22.03,22.25,33004476,739089705.0
2026-09-29,sh,688408,中信博,22.34,22.19,22.7,22.19,22.53,1744740,39279436.0
2026-09-29,sh,688409,富创精密,176.8,175.27,181.07,174.62,178.78,4166902,739585231.0
2026-09-29,sh,688410,山外山,9.54,9.45,9.59,9.23,9.31,8660043,81091097.0
2026-09-29,sh,688411,海博思创,155.1,154.35,156.51,153.33,154.9,1585829,246053588.0
2026-09-29,sh,688416,恒烁股份,73.24,72.12,76.46,72.12,75.63,4080967,303683093.0
2026-09-29,sh,688418,震有科技,30.19,30.0,30.31,29.65,29.86,2161317,64698311.0
2026-09-29,sh,688419,耐科装备,48.9,48.6,50.13,48.25,49.47,1760545,87144962.0
2026-09-29,sh,688420,美腾科技,22.85,22.75,23.01,22.4,22.78,791163,18024776.0
2026-09-29,sh,688425,铁建重工,3.91,3.91,3.94,3.9,3.93,7031928,27574353.0
2026-09-29,sh,688426,康为世纪,21.25,20.62,21.95,20.62,21.23,3384128,71949691.0
2026-09-29,sh,688428,诺诚健华,28.63,28.48,30.22,28.4,28.88,12428030,362673352.0
2026-09-29,sh,688429,时创能源,9.8,10.0,10.16,9.73,9.95,1089047,10905419.0
2026-09-29,sh,688432,有研硅,53.15,51.91,52.6,48.15,49.16,56091073,2784706612.0
2026-09-29,sh,688433,华曙高科,81.34,81.08,82.14,79.37,80.98,3611518,292622251.0
2026-09-29,sh,688435,英方软件,29.72,29.33,30.97,29.33,30.46,1926124,58475621.0
2026-09-29,sh,688439,振华风光,36.86,36.61,37.23,36.6,37.04,1082747,40104896.0
2026-09-29,sh,688443,智翔金泰,24.24,24.25,24.87,23.92,24.14,2648872,64507506.0
2026-09-29,sh,688448,磁谷科技,62.49,61.37,66.4,61.0,65.19,2464501,160457690.0
2026-09-29,sh,688449,联芸科技,57.25,57.78,58.2,57.04,57.69,4213045,242862397.0
2026-09-29,sh,688450,光格科技,31.94,31.83,32.47,31.32,32.16,1036155,33123734.0
2026-09-29,sh,688455,科捷智能,17.69,17.69,17.96,17.3,17.58,1450536,25626925.0
2026-09-29,sh,688456,有研粉材,70.19,70.06,70.61,69.02,69.96,3320614,232169111.0
2026-09-29,sh,688458,美芯晟,37.7,37.73,38.3,37.09,37.81,1098445,41635793.0
2026-09-29,sh,688459,哈铁科技,8.21,8.13,8.29,8.13,8.28,864338,7144528.0
2026-09-29,sh,688466,金科环境,13.97,14.03,14.45,13.91,14.26,1372127,19488984.0
2026-09-29,sh,688468,科美诊断,6.54,6.5,6.66,6.48,6.58,2407513,15857034.0
2026-09-29,sh,688469,芯联集成,8.6,9.33,9.75,8.92,9.0,259112098,2402018436.0
2026-09-29,sh,688472,阿特斯,8.18,8.18,8.39,8.14,8.33,21706177,180122989.0
2026-09-29,sh,688475,萤石网络,27.21,27.06,27.45,26.78,26.99,3803402,102895340.0
2026-09-29,sh,688478,晶升股份,48.68,49.2,49.95,47.68,48.68,5515478,269938674.0
2026-09-29,sh,688479,友车科技,34.76,34.24,35.67,34.01,34.71,1481063,51664163.0
2026-09-29,sh,688480,赛恩斯,64.8,65.67,66.01,63.98,65.45,520581,34018850.0
2026-09-29,sh,688484,南芯科技,32.71,32.71,33.12,32.45,32.77,3172766,103876485.0
2026-09-29,sh,688485,九州一轨,105.4,106.0,107.25,104.0,105.08,5030534,529858468.0
2026-09-29,sh,688486,龙迅股份,47.1,46.75,47.27,45.81,47.04,3942872,183740356.0
2026-09-29,sh,688488,艾迪药业,15.69,15.56,16.77,15.56,16.12,7710149,125469899.0
2026-09-29,sh,688489,三未信安,27.27,26.94,28.13,26.7,27.78,2631595,72387834.0
2026-09-29,sh,688496,*ST清越,0.58,0.0,0.0,0.0,0.58,0,0.0
2026-09-29,sh,688498,源杰科技,1591.43,1593.67,1645.99,1578.0,1638.5,3098854,5005963868.0
2026-09-29,sh,688499,利元亨,37.0,38.48,43.0,38.46,41.54,15554674,633375177.0
2026-09-29,sh,688500,慧辰股份,30.2,30.2,31.26,29.99,30.85,1316299,40452574.0
2026-09-29,sh,688501,青达环保,15.21,15.33,15.55,15.06,15.3,2447593,37418332.0
2026-09-29,sh,688502,茂莱光学,408.3,403.55,422.8,400.01,414.57,912420,374703268.0
2026-09-29,sh,688503,聚和材料,71.49,71.33,73.73,70.01,72.3,8715931,624011763.0
2026-09-29,sh,688505,复旦张江,8.28,8.28,8.41,8.12,8.23,6702277,55320405.0
2026-09-29,sh,688506,百利天恒,239.53,235.0,244.33,234.08,236.0,1286692,305650756.0
2026-09-29,sh,688507,索辰科技,132.5,134.02,138.27,133.61,134.63,2351751,319713628.0
2026-09-29,sh,688508,芯朋微,78.5,77.8,79.59,76.92,78.65,4456862,348441116.0
2026-09-29,sh,688509,正元地信,4.15,4.13,4.26,4.12,4.25,4785123,20194709.0
2026-09-29,sh,688510,航亚科技,23.75,23.56,23.89,23.0,23.2,5689548,132296361.0
2026-09-29,sh,688511,天微电子,22.25,22.18,22.79,22.05,22.22,1043392,23401849.0
2026-09-29,sh,688512,慧智微,16.59,16.79,16.79,16.12,16.47,25254688,415281117.0
2026-09-29,sh,688513,苑东生物,49.5,50.31,51.5,49.06,50.36,1763689,88826761.0
2026-09-29,sh,688515,裕太微,143.73,143.1,144.76,140.72,143.4,1726861,246393519.0
2026-09-29,sh,688516,奥特维,42.41,42.79,42.98,41.86,42.47,4001562,169848112.0
2026-09-29,sh,688517,金冠电气,16.9,16.9,18.33,16.55,18.27,8923297,159386849.0
2026-09-29,sh,688518,联赢激光,20.25,20.3,20.66,20.07,20.3,9209516,187646981.0
2026-09-29,sh,688519,南亚新材,275.4,275.54,279.97,270.78,276.14,3639225,1003937414.0
2026-09-29,sh,688520,神州细胞,35.19,35.0,36.38,34.92,35.22,2213471,78567758.0
2026-09-29,sh,688521,芯原股份,193.0,190.0,197.05,186.0,193.64,14083297,2693337040.0
2026-09-29,sh,688522,纳睿雷达,17.9,18.04,18.08,17.8,17.86,1813782,32440771.0
2026-09-29,sh,688523,航天环宇,38.07,37.99,38.49,37.3,37.59,2241482,84518686.0
2026-09-29,sh,688525,佰维存储,198.25,197.0,200.88,196.12,198.6,10835384,2148769742.0
2026-09-29,sh,688526,科前生物,12.13,12.08,12.2,12.03,12.15,381644,4639622.0
2026-09-29,sh,688528,秦川物联,10.28,10.28,10.51,10.11,10.42,1797145,18644980.0
2026-09-29,sh,688529,豪森智能,15.1,15.41,15.41,14.91,15.05,1508749,22801435.0
2026-09-29,sh,688530,欧莱新材,57.45,57.13,57.85,56.3,56.97,3936109,224978480.0
2026-09-29,sh,688531,日联科技,126.6,127.0,132.0,126.81,129.8,2915863,376916782.0
2026-09-29,sh,688533,上声电子,19.89,19.87,20.15,19.8,19.94,593441,11877651.0
2026-09-29,sh,688535,华海诚科,101.31,101.0,103.28,99.85,101.45,4148702,420997320.0
2026-09-29,sh,688536,思瑞浦,342.42,339.0,350.0,332.29,337.5,2421908,821591170.0
2026-09-29,sh,688538,和辉光电,2.04,2.04,2.07,2.04,2.05,48241809,99116056.0
2026-09-29,sh,688539,高华科技,23.92,23.98,24.16,23.71,23.91,1183936,28347595.0
2026-09-29,sh,688543,国科军工,41.98,41.98,42.31,41.2,41.7,3679241,153299312.0
2026-09-29,sh,688545,兴福电子,72.0,72.0,72.51,70.9,71.65,4746631,340042035.0
2026-09-29,sh,688548,广钢气体,31.64,31.37,32.3,31.04,31.93,16973165,538297742.0
2026-09-29,sh,688549,中巨芯,21.99,21.83,22.0,21.48,21.72,25655615,557499225.0
2026-09-29,sh,688550,瑞联新材,36.28,36.4,36.84,36.01,36.3,1575473,57298177.0
2026-09-29,sh,688551,科威尔,38.28,38.02,39.55,37.34,38.55,3135026,121465818.0
2026-09-29,sh,688552,航天南湖,29.07,29.48,29.48,28.65,29.06,1481754,42889207.0
2026-09-29,sh,688553,汇宇制药,12.09,12.19,12.55,11.95,12.17,9017115,110581003.0
2026-09-29,sh,688556,高测股份,7.57,7.53,7.65,7.5,7.55,8891125,67384821.0
2026-09-29,sh,688557,兰剑智能,20.71,20.71,21.17,20.66,20.97,837686,17559976.0
2026-09-29,sh,688558,国盛智科,33.65,33.36,33.85,33.07,33.6,1039912,34732730.0
2026-09-29,sh,688559,海目星,55.19,51.0,51.94,49.0,49.75,17514196,885153308.0
2026-09-29,sh,688560,明冠新材,12.62,12.68,13.0,12.53,12.81,2486274,31992024.0
2026-09-29,sh,688561,奇安信,29.77,30.49,31.88,29.49,29.86,21896249,666040525.0
2026-09-29,sh,688562,航天软件,14.17,14.12,14.58,14.1,14.47,3049169,43919039.0
2026-09-29,sh,688563,航材股份,52.22,52.2,52.65,50.0,50.12,3369517,170865230.0
2026-09-29,sh,688565,力源科技,11.4,11.45,11.74,11.21,11.71,2080958,24151731.0
2026-09-29,sh,688566,吉贝尔,27.48,27.02,28.05,27.02,27.8,3009721,83498663.0
2026-09-29,sh,688567,孚能科技,8.79,8.96,9.16,8.89,9.09,13402104,121508427.0
2026-09-29,sh,688568,中科星图,28.8,28.84,29.29,28.73,29.17,5275799,153352101.0
2026-09-29,sh,688569,铁科轨道,18.64,18.54,18.73,18.38,18.46,761902,14098550.0
2026-09-29,sh,688570,天玛智控,14.61,14.5,14.66,14.5,14.58,357783,5212723.0
2026-09-29,sh,688571,杭华股份,8.07,8.09,8.32,8.03,8.27,4067751,33396729.0
2026-09-29,sh,688573,信宇人,15.22,15.27,17.47,15.27,16.96,8888331,146988188.0
2026-09-29,sh,688575,亚辉龙,10.29,10.29,10.48,10.16,10.3,7705156,79603345.0
2026-09-29,sh,688576,西山科技,39.86,39.5,40.49,39.5,39.9,328211,13115327.0
2026-09-29,sh,688577,浙海德曼,40.15,40.23,40.23,38.73,39.18,988754,38858247.0
2026-09-29,sh,688578,艾力斯,105.99,104.96,109.93,104.12,106.25,7910213,850133836.0
2026-09-29,sh,688579,地纬智能,7.84,7.86,8.02,7.82,7.94,3287375,26109106.0
2026-09-29,sh,688580,伟思医疗,42.6,42.24,43.24,42.0,42.41,815207,34731427.0
2026-09-29,sh,688581,安杰思,57.7,57.41,58.5,56.33,56.5,800856,45693593.0
2026-09-29,sh,688582,芯动联科,36.71,36.51,36.94,36.33,36.72,2233474,81841346.0
2026-09-29,sh,688583,思看科技,79.49,79.49,81.0,78.8,80.1,896945,71915831.0
2026-09-29,sh,688584,上海合晶,27.58,27.16,27.98,26.98,27.51,8044976,220674428.0
2026-09-29,sh,688585,上纬新材,133.2,132.5,134.88,131.0,131.01,1284152,169720575.0
2026-09-29,sh,688586,江航装备,10.99,11.03,11.03,10.76,10.91,4157253,45158099.0
2026-09-29,sh,688588,凌志软件,8.86,8.92,9.14,8.8,9.05,2599415,23437399.0
2026-09-29,sh,688589,力合微,20.29,20.29,20.73,20.11,20.62,2330535,47862739.0
2026-09-29,sh,688590,新致软件,12.0,12.0,12.33,11.91,12.15,4123502,50140717.0
2026-09-29,sh,688591,泰凌微,30.95,30.98,31.46,30.53,31.11,3453904,107158925.0
2026-09-29,sh,688592,司南导航,22.53,23.0,23.13,22.06,22.58,1048146,23948013.0
2026-09-29,sh,688593,新相微,29.06,29.28,30.38,28.72,29.93,8475631,249718015.0
2026-09-29,sh,688595,芯海科技,30.33,30.98,31.01,30.03,30.69,1993818,60880582.0
2026-09-29,sh,688596,正帆科技,60.43,60.28,61.3,58.77,59.94,10045722,602127522.0
2026-09-29,sh,688597,煜邦电力,6.18,6.2,6.42,6.13,6.31,4723453,29737034.0
2026-09-29,sh,688598,金博股份,33.0,33.0,33.99,32.53,33.44,7231655,242321185.0
2026-09-29,sh,688599,天合光能,10.68,10.67,10.87,10.65,10.8,20034372,216092410.0
2026-09-29,sh,688600,皖仪科技,34.75,35.07,35.95,34.32,34.95,4152617,146022074.0
2026-09-29,sh,688601,力芯微,57.41,57.0,60.4,56.59,59.4,3037065,177950608.0
2026-09-29,sh,688602,康鹏科技,6.75,6.82,6.99,6.76,6.89,4333397,29879318.0
2026-09-29,sh,688603,天承科技,112.45,110.35,113.66,110.2,112.6,3001391,337530148.0
2026-09-29,sh,688605,先锋精科,83.09,81.66,84.97,81.66,83.53,2598717,216267654.0
2026-09-29,sh,688606,奥泰生物,47.04,47.23,47.67,46.51,46.62,231526,10881674.0
2026-09-29,sh,688607,康众科技,35.41,35.91,37.29,35.32,36.03,1615647,58819660.0
2026-09-29,sh,688608,恒玄科技,110.54,110.0,110.95,107.03,108.75,3650553,397316708.0
2026-09-29,sh,688609,九联科技,8.81,8.81,9.04,8.69,8.93,14540610,129758402.0
2026-09-29,sh,688610,埃科光电,151.8,148.66,155.0,148.66,152.62,771254,116856451.0
2026-09-29,sh,688611,杭州柯林,64.54,65.0,65.64,62.69,63.3,765919,48649397.0
2026-09-29,sh,688612,威迈斯,32.55,32.51,33.48,31.88,33.18,3871144,126466026.0
2026-09-29,sh,688613,奥精医疗,19.62,19.63,20.75,19.42,20.5,7705497,156100300.0
2026-09-29,sh,688615,合合信息,83.41,82.7,85.78,82.7,84.62,3409339,288181590.0
2026-09-29,sh,688616,西力科技,11.0,11.09,11.28,10.88,11.17,1778937,19853243.0
2026-09-29,sh,688617,惠泰医疗,241.88,242.77,247.25,238.05,240.03,1466041,353712695.0
2026-09-29,sh,688618,三旺通信,28.16,28.17,28.98,27.68,28.69,1541191,44190039.0
2026-09-29,sh,688619,罗普特,13.76,13.75,14.18,13.6,14.06,2376188,33303734.0
2026-09-29,sh,688620,安凯微,16.82,16.8,17.0,16.3,16.78,12994812,217319457.0
2026-09-29,sh,688621,阳光诺和,71.41,71.65,72.9,69.65,70.95,1492982,106138398.0
2026-09-29,sh,688622,*ST禾信,145.18,142.0,144.99,123.0,136.0,910999,125428731.0
2026-09-29,sh,688623,双元科技,63.42,63.12,64.28,62.0,63.23,788232,49630553.0
2026-09-29,sh,688625,呈和科技,69.86,69.0,70.0,67.1,68.11,7558384,515722580.0
2026-09-29,sh,688626,翔宇医疗,42.32,42.99,43.43,41.6,42.05,1613959,68474073.0
2026-09-29,sh,688627,精智达,432.0,438.9,449.0,433.0,441.07,2786461,1227343053.0
2026-09-29,sh,688628,优利德,91.99,89.31,94.8,87.3,88.07,9519888,852008600.0
2026-09-29,sh,688629,华丰科技,106.22,106.44,106.79,103.36,104.5,9910153,1036895657.0
2026-09-29,sh,688630,芯碁微装,397.29,395.62,400.0,388.89,397.17,2242940,884496417.0
2026-09-29,sh,688631,莱斯信息,35.37,35.44,36.06,35.3,35.72,910462,32553658.0
2026-09-29,sh,688633,星球石墨,21.67,21.9,21.99,21.63,21.85,1338392,29284541.0
2026-09-29,sh,688635,长进光子,246.89,246.02,264.63,246.0,258.7,1556838,399621494.0
2026-09-29,sh,688636,智明达,19.43,19.43,19.98,19.05,19.8,4352270,85985703.0
2026-09-29,sh,688638,誉辰智能,34.61,34.35,35.39,34.27,35.33,502635,17588707.0
2026-09-29,sh,688639,华恒生物,17.69,17.6,18.18,17.48,17.76,4538673,80857597.0
2026-09-29,sh,688646,逸飞激光,73.5,73.44,74.2,71.1,72.77,2268959,164786273.0
2026-09-29,sh,688648,中邮科技,27.92,28.05,28.79,27.69,28.59,1197737,34064841.0
2026-09-29,sh,688651,盛邦安全,25.3,25.3,26.5,25.0,25.56,3293958,84737469.0
2026-09-29,sh,688652,京仪装备,134.32,134.32,138.38,132.89,134.68,2301095,310192972.0
2026-09-29,sh,688653,康希通信,14.75,14.81,14.99,14.52,14.68,10650943,157272214.0
2026-09-29,sh,688655,迅捷兴,63.08,61.9,75.7,61.68,75.7,13593750,953119828.0
2026-09-29,sh,688656,浩欧博,137.66,136.88,138.73,131.02,132.03,975662,130409168.0
2026-09-29,sh,688657,浩辰软件,33.32,33.7,34.06,33.19,33.78,883271,29773242.0
2026-09-29,sh,688658,悦康药业,13.03,12.9,13.33,12.8,12.97,8443765,110105499.0
2026-09-29,sh,688659,元琛科技,9.15,9.13,9.46,9.01,9.33,2998909,27794863.0
2026-09-29,sh,688660,电气风电,8.6,8.58,8.85,8.55,8.76,16152051,140976806.0
2026-09-29,sh,688661,和林微纳,94.28,94.28,97.88,92.31,97.1,2899638,277965304.0
2026-09-29,sh,688662,富信科技,114.5,114.38,118.98,112.54,114.09,12092801,1394412245.0
2026-09-29,sh,688663,新风光,54.72,54.18,56.88,54.18,56.33,1849693,103114637.0
2026-09-29,sh,688665,四方光电,43.17,43.0,43.59,42.31,42.6,906462,38643711.0
2026-09-29,sh,688667,菱电电控,98.76,98.99,103.98,98.66,102.79,733881,74786262.0
2026-09-29,sh,688668,鼎通科技,213.04,212.0,213.89,206.68,210.49,3928013,825111977.0
2026-09-29,sh,688669,聚石化学,62.03,62.65,63.42,61.5,62.65,1328690,83095407.0
2026-09-29,sh,688670,金迪克,18.14,18.3,18.89,17.76,18.26,2289974,41927919.0
2026-09-29,sh,688671,碧兴物联,25.36,25.57,25.89,24.88,25.8,963577,24681465.0
2026-09-29,sh,688676,金盘科技,60.11,59.99,62.28,59.61,61.55,5565442,340973533.0
2026-09-29,sh,688677,海泰新光,74.7,74.6,77.4,73.56,76.4,3298055,249658652.0
2026-09-29,sh,688678,福立旺,31.26,31.0,32.88,30.4,32.0,31373885,1003784909.0
2026-09-29,sh,688679,通源环境,37.94,37.95,39.99,37.69,38.89,2421690,94609195.0
2026-09-29,sh,688680,海优新材,38.77,38.59,39.42,38.36,38.57,1655082,64164093.0
2026-09-29,sh,688681,科汇股份,15.39,15.42,15.7,15.27,15.67,1531295,23852047.0
2026-09-29,sh,688682,霍莱沃,34.65,34.65,34.88,33.2,33.2,5585893,188752398.0
2026-09-29,sh,688683,莱尔科技,30.55,30.0,30.72,29.83,30.3,777575,23555188.0
2026-09-29,sh,688685,迈信林,33.08,33.74,39.7,33.2,39.7,8871597,332588937.0
2026-09-29,sh,688686,奥普特,130.01,131.6,132.2,127.89,131.14,933792,121533350.0
2026-09-29,sh,688687,凯因科技,18.6,18.41,18.95,18.39,18.41,3724140,69210278.0
2026-09-29,sh,688689,银河微电,39.32,39.3,40.66,39.0,39.77,4616356,184301261.0
2026-09-29,sh,688690,纳微科技,46.16,45.69,46.99,44.9,45.28,9978858,455147126.0
2026-09-29,sh,688691,灿芯股份,60.47,59.68,61.94,59.4,61.43,3053208,186181971.0
2026-09-29,sh,688692,达梦数据,192.88,192.89,194.84,187.8,187.92,978163,184898811.0
2026-09-29,sh,688693,锴威特,71.34,71.34,72.95,69.89,72.27,861446,62030954.0
2026-09-29,sh,688695,中创股份,19.92,19.94,20.55,19.72,20.4,939492,19074772.0
2026-09-29,sh,688696,极米科技,81.06,81.46,81.98,80.51,81.0,430518,35042013.0
2026-09-29,sh,688697,纽威数控,14.79,14.88,15.07,14.32,14.59,4778834,70064880.0
2026-09-29,sh,688698,伟创电气,42.26,42.0,42.81,41.6,42.17,1785431,75332691.0
2026-09-29,sh,688699,明微电子,64.6,64.04,67.9,63.12,66.81,4127497,274335665.0
2026-09-29,sh,688700,东威科技,61.92,61.79,62.43,60.83,61.32,6137456,377511379.0
2026-09-29,sh,688701,卓锦股份,8.63,8.57,8.93,8.57,8.81,2372259,20785407.0
2026-09-29,sh,688702,盛科通信,307.73,308.52,312.99,298.88,304.26,4656186,1418004433.0
2026-09-29,sh,688707,振华新材,9.85,9.8,10.34,9.8,10.29,7809003,79637177.0
2026-09-29,sh,688708,佳驰科技,38.17,38.15,38.57,37.88,38.39,897952,34304843.0
2026-09-29,sh,688709,成都华微,25.38,24.95,25.95,24.95,25.85,3855172,98838920.0
2026-09-29,sh,688710,益诺思,95.05,94.48,103.91,94.17,96.8,3402423,336053694.0
2026-09-29,sh,688711,宏微科技,26.51,26.4,27.29,26.25,26.78,6581240,176470918.0
2026-09-29,sh,688712,北芯生命,30.58,30.56,31.1,30.32,30.52,914470,28069016.0
2026-09-29,sh,688716,中研股份,25.75,25.6,26.33,25.25,25.9,924054,24007745.0
2026-09-29,sh,688717,艾罗能源,40.47,40.47,41.25,40.23,41.0,5212842,213068372.0
2026-09-29,sh,688718,唯赛勃,14.82,14.9,14.95,14.61,14.85,1095647,16186538.0
2026-09-29,sh,688719,爱科赛博,56.82,56.62,60.55,55.03,58.8,4439099,260600302.0
2026-09-29,sh,688720,艾森股份,63.55,63.54,66.9,62.78,65.64,3798924,245795246.0
2026-09-29,sh,688721,龙图光罩,39.49,39.66,40.39,38.8,39.67,1910041,75791797.0
2026-09-29,sh,688722,同益中,14.3,14.3,14.49,14.23,14.47,1619595,23304880.0
2026-09-29,sh,688726,拉普拉斯,46.08,46.49,46.49,45.21,45.31,4003561,183294438.0
2026-09-29,sh,688727,恒坤新材,45.6,45.59,46.5,45.06,45.36,1857723,84813390.0
2026-09-29,sh,688728,格科微,13.81,13.83,14.2,13.77,14.05,13491360,188992458.0
2026-09-29,sh,688729,屹唐股份,22.48,22.49,23.17,22.3,22.59,27561740,625337463.0
2026-09-29,sh,688733,壹石通,27.16,27.18,28.49,27.02,28.13,4716464,131672950.0
2026-09-29,sh,688737,中自科技,16.98,17.03,17.26,16.82,17.08,1447310,24735606.0
2026-09-29,sh,688739,成大生物,20.64,20.5,20.82,20.5,20.55,891148,18388439.0
2026-09-29,sh,688750,金天钛业,13.65,13.63,13.95,13.61,13.85,1330286,18373622.0
2026-09-29,sh,688755,汉邦科技,29.76,29.68,30.66,28.78,29.21,3366573,99135490.0
2026-09-29,sh,688757,胜科纳米,28.78,28.78,29.49,28.51,28.68,7038158,203181983.0
2026-09-29,sh,688758,赛分科技,31.23,31.23,32.13,29.59,30.03,11750463,358405707.0
2026-09-29,sh,688759,必贝特,21.69,21.76,22.73,21.4,21.57,3358665,73748547.0
2026-09-29,sh,688765,禾元生物,40.3,39.47,41.08,39.45,39.47,3075403,122909355.0
2026-09-29,sh,688766,普冉股份,379.57,376.74,381.6,369.35,377.9,5991295,2254444326.0
2026-09-29,sh,688767,博拓生物,41.3,41.0,41.47,39.93,40.46,1844710,75040968.0
2026-09-29,sh,688768,容知日新,47.26,46.06,53.36,46.06,52.3,2791042,141706576.0
2026-09-29,sh,688772,珠海冠宇,13.86,13.9,14.29,13.86,14.17,22231860,314175011.0
2026-09-29,sh,688775,影石创新,89.72,89.33,91.74,89.08,90.67,3152160,285905209.0
2026-09-29,sh,688776,国光电气,49.6,49.91,50.1,48.6,48.82,2278713,111737827.0
2026-09-29,sh,688777,中控技术,77.11,77.02,79.56,76.6,78.48,8485637,664908259.0
2026-09-29,sh,688778,厦钨新能,40.35,40.65,42.54,40.45,42.17,7791201,326201691.0
2026-09-29,sh,688779,五矿新能,7.17,7.24,7.39,7.15,7.32,17447600,127578141.0
2026-09-29,sh,688781,视涯科技,42.09,41.35,42.79,40.83,41.26,3664574,152833972.0
2026-09-29,sh,688783,西安奕材,27.81,27.56,28.54,27.51,27.78,16723782,466181888.0
2026-09-29,sh,688785,恒运昌,350.0,338.64,371.0,338.64,360.86,655700,237455608.0
2026-09-29,sh,688786,悦安新材,26.71,26.71,27.22,26.44,26.69,2730957,73227604.0
2026-09-29,sh,688787,海天瑞声,87.05,86.55,89.29,86.32,88.4,1034922,91176434.0
2026-09-29,sh,688788,科思科技,27.06,26.91,27.6,26.86,27.26,1524381,41601483.0
2026-09-29,sh,688789,宏华数科,49.36,49.11,51.04,49.01,50.93,2783391,139927123.0
2026-09-29,sh,688790,昂瑞微,101.89,101.55,105.49,98.61,99.55,1618805,163486496.0
2026-09-29,sh,688793,倍轻松,17.95,18.1,19.4,17.8,18.8,3156111,59277302.0
2026-09-29,sh,688795,摩尔线程,408.88,406.0,415.01,402.0,409.48,3196793,1303685173.0
2026-09-29,sh,688796,百奥赛图,127.21,127.3,132.5,121.15,121.7,2393090,301270118.0
2026-09-29,sh,688797,臻宝科技,256.58,253.0,260.38,253.0,256.02,1463280,375707536.0
2026-09-29,sh,688798,艾为电子,53.98,53.88,54.85,53.52,54.67,1765612,96009952.0
2026-09-29,sh,688799,华纳药厂,55.0,55.28,57.72,53.85,56.59,2395785,135325083.0
2026-09-29,sh,688800,瑞可达,56.25,56.46,58.25,55.68,57.51,9169799,524825501.0
2026-09-29,sh,688801,燧原科技,448.0,439.48,455.0,430.75,441.2,1996702,882040425.0
2026-09-29,sh,688802,沐曦股份,519.99,523.0,525.0,512.78,518.46,2008810,1040904635.0
2026-09-29,sh,688805,健信超导,38.59,38.55,38.94,38.28,38.5,518453,20003908.0
2026-09-29,sh,688806,泰诺麦博,26.86,26.26,26.8,25.34,25.56,7188246,185688641.0
2026-09-29,sh,688807,优迅股份,298.19,298.19,311.0,291.8,310.06,1070476,324359120.0
2026-09-29,sh,688808,XR联讯仪,1469.59,1461.0,1528.0,1438.02,1496.0,1091986,1629451079.0
2026-09-29,sh,688809,强一股份,462.8,463.9,498.0,459.0,493.74,1338573,648519448.0
2026-09-29,sh,688811,有研复材,19.47,19.43,19.57,19.2,19.22,2674477,51806530.0
2026-09-29,sh,688813,泰金新能,135.15,135.75,140.88,134.0,137.95,3465491,480264264.0
2026-09-29,sh,688816,易思维,46.0,45.83,46.54,45.8,46.15,183241,8473341.0
2026-09-29,sh,688818,电科蓝天,40.78,40.75,41.01,39.84,40.08,3558246,143295343.0
2026-09-29,sh,688819,天能股份,20.26,20.26,20.73,20.26,20.7,1758956,36286423.0
2026-09-29,sh,688820,盛合晶微,121.07,120.97,122.99,120.18,121.01,4644121,564652069.0
2026-09-29,sh,688825,长鑫科技,53.8,53.71,55.78,53.68,55.55,149458088,8202052877.0
2026-09-29,sh,688826,频准激光,756.1,750.0,763.0,734.0,737.75,513626,381500183.0
2026-09-29,sh,688828,国仪公司,87.38,86.18,87.38,83.38,84.1,2082985,177233071.0
2026-09-29,sh,688835,高凯技术,359.5,354.42,369.98,348.98,358.0,1628595,584352552.0
2026-09-29,sh,688836,宇树科技,459.65,460.0,461.5,450.7,451.02,1468957,667157723.0
2026-09-29,sh,688837,信诺维,45.07,44.01,46.23,43.18,43.61,10063574,447917045.0
2026-09-29,sh,688981,中芯国际,116.56,116.57,117.8,116.26,117.51,18380576,2153394540.0
2026-09-29,sh,689009,九号公司,36.7,36.87,36.99,36.02,36.04,6028150,219030372.0
2026-09-29,sz,000001,平安银行,11.3,11.3,11.41,11.28,11.35,69097909,784632823.03
2026-09-29,sz,000002,万 科Ａ,3.71,3.78,4.08,3.71,4.08,802110494,3176619107.53
2026-09-29,sz,000006,深振业Ａ,7.32,7.48,7.64,7.31,7.62,52375952,393829823.74
2026-09-29,sz,000007,全新好,10.91,10.99,11.28,10.79,11.08,6997700,77071037.0
2026-09-29,sz,000008,神州高铁,2.35,2.35,2.41,2.34,2.39,25454083,60848296.2
2026-09-29,sz,000009,中国宝安,6.76,6.72,6.91,6.72,6.86,13109261,89900569.15
2026-09-29,sz,000010,*ST美丽,1.47,1.46,1.49,1.46,1.47,7883100,11624340.0
2026-09-29,sz,000011,深物业A,10.12,11.13,11.13,10.67,11.13,42142391,467722496.16
2026-09-29,sz,000012,南 玻Ａ,3.67,3.65,3.68,3.64,3.67,11740651,43047193.32
2026-09-29,sz,000014,沙河股份,11.2,11.5,11.76,11.24,11.55,26360847,303429871.39
2026-09-29,sz,000017,深中华A,7.36,7.32,7.65,7.29,7.5,38957388,293069925.0
2026-09-29,sz,000019,深粮控股,6.66,6.61,6.75,6.56,6.7,15782082,104940883.84
2026-09-29,sz,000020,深华发Ａ,14.64,15.0,16.1,14.61,14.65,41024668,629226992.89
2026-09-29,sz,000021,深科技,33.68,33.61,34.16,33.51,33.79,33873404,1145219558.82
2026-09-29,sz,000025,特 力Ａ,14.96,14.89,15.45,14.86,15.38,9231125,141121374.77
2026-09-29,sz,000026,飞亚达,18.76,18.58,18.88,18.57,18.7,3995221,74731337.44
2026-09-29,sz,000027,深圳能源,6.18,6.17,6.27,6.17,6.24,16198244,101087220.78
2026-09-29,sz,000028,国药一致,19.46,19.44,19.5,19.32,19.37,1669633,32385073.88
2026-09-29,sz,000029,深深房Ａ,21.57,21.47,22.3,21.28,22.12,8381387,183928532.62
2026-09-29,sz,000030,富奥股份,3.86,3.85,3.91,3.85,3.89,6553400,25502338.05
2026-09-29,sz,000031,大悦城,2.27,2.3,2.45,2.28,2.43,96241617,230506784.43
2026-09-29,sz,000032,深桑达Ａ,13.41,13.3,13.58,13.25,13.38,19016508,255780975.0
2026-09-29,sz,000034,神州数码,22.7,22.7,23.97,22.61,23.68,30896820,727921648.37
2026-09-29,sz,000035,中国天楹,4.7,4.69,4.73,4.65,4.66,19960402,93455785.4
2026-09-29,sz,000036,华联控股,3.83,3.89,4.21,3.89,4.21,48975114,202084725.24
2026-09-29,sz,000037,深南电A,8.96,8.97,9.29,8.91,9.0,15452200,141042291.0
2026-09-29,sz,000039,中集集团,8.57,8.51,8.65,8.48,8.55,15358409,131522298.97
2026-09-29,sz,000042,中洲控股,8.16,8.12,8.42,8.12,8.3,7190102,59784372.56
2026-09-29,sz,000045,深纺织Ａ,11.25,11.21,11.37,11.14,11.21,6400700,72117286.0
2026-09-29,sz,000048,京基智农,17.96,17.97,18.3,17.74,17.92,8542308,154018359.36
2026-09-29,sz,000049,德赛电池,21.65,21.65,22.19,21.65,21.99,4345132,95766495.58
2026-09-29,sz,000050,深天马Ａ,6.26,6.22,6.33,6.21,6.29,14612366,91883923.18
2026-09-29,sz,000055,方大集团,3.85,3.83,3.93,3.8,3.88,14638078,56873693.92
2026-09-29,sz,000056,*ST皇庭,2.73,2.68,2.77,2.68,2.7,17337100,47331798.0
2026-09-29,sz,000058,深 赛 格,7.12,7.23,7.44,7.18,7.29,18169006,132666321.68
2026-09-29,sz,000059,华锦股份,5.62,5.6,5.62,5.43,5.47,27950201,153454014.95
2026-09-29,sz,000060,中金岭南,5.74,5.73,5.85,5.71,5.83,40069538,232156833.97
2026-09-29,sz,000061,农 产 品,5.87,5.83,5.9,5.81,5.84,10511022,61521166.98
2026-09-29,sz,000062,深圳华强,21.84,21.8,22.06,21.78,21.96,8233669,180756595.3
2026-09-29,sz,000063,中兴通讯,30.79,30.6,30.84,30.55,30.72,32000643,982913359.23
2026-09-29,sz,000065,北方国际,9.58,9.57,9.7,9.55,9.61,10077292,97228646.04
2026-09-29,sz,000066,中国长城,14.16,14.06,14.65,14.06,14.42,94760307,1357020026.45
2026-09-29,sz,000068,华控赛格,3.22,3.2,3.54,3.2,3.54,34896322,121898772.88
2026-09-29,sz,000069,华侨城Ａ,1.86,1.9,1.99,1.88,1.97,150840790,293411076.2
2026-09-29,sz,000070,特发信息,16.15,15.7,16.38,15.4,16.19,47732316,767735422.73
2026-09-29,sz,000078,ST海王,1.5,1.5,1.51,1.48,1.49,26955702,40414764.0
2026-09-29,sz,000088,盐 田 港,4.57,4.55,4.66,4.54,4.63,25447724,117585989.18
2026-09-29,sz,000089,深圳机场,6.56,6.54,6.62,6.52,6.59,12642342,83230978.86
2026-09-29,sz,000090,天健集团,3.56,3.6,3.67,3.56,3.64,45146357,163481223.73
2026-09-29,sz,000096,广聚能源,7.91,7.88,7.98,7.88,7.94,2826001,22431770.93
2026-09-29,sz,000099,中信海直,12.74,12.74,12.79,12.52,12.56,5367100,67639708.0
2026-09-29,sz,000100,TCL科技,4.8,4.75,4.8,4.73,4.77,229229018,1093347386.86
2026-09-29,sz,000151,中成股份,10.14,10.0,10.13,9.72,10.06,7762876,77864850.24
2026-09-29,sz,000153,丰原药业,6.1,6.1,6.19,6.04,6.08,7396140,45279433.4
2026-09-29,sz,000155,川能动力,10.89,10.85,10.98,10.74,10.77,19563400,211650226.0
2026-09-29,sz,000156,华数传媒,6.88,6.88,7.09,6.88,7.06,9922100,69619923.0
2026-09-29,sz,000157,中联重科,5.9,5.89,5.91,5.83,5.86,50158345,294339111.2
2026-09-29,sz,000158,常山北明,12.2,12.2,12.31,12.18,12.19,12046927,147349640.73
2026-09-29,sz,000159,国际实业,5.49,5.46,5.54,5.44,5.5,8735700,47988625.0
2026-09-29,sz,000166,申万宏源,4.34,4.33,4.39,4.32,4.36,48997212,213779408.75
2026-09-29,sz,000301,东方盛虹,13.23,13.12,13.15,12.49,12.8,25942155,330224228.74
2026-09-29,sz,000333,美的集团,82.0,81.66,82.44,81.2,81.66,22706686,1857466826.4
2026-09-29,sz,000338,潍柴动力,24.62,24.5,25.15,24.38,25.0,54789770,1359688586.43
2026-09-29,sz,000400,许继电气,20.59,20.48,21.07,20.4,21.03,18538345,387660383.61
2026-09-29,sz,000401,金隅冀东,3.51,3.52,3.6,3.51,3.59,11528570,41267226.3
2026-09-29,sz,000402,金 融 街,2.61,2.62,2.76,2.61,2.71,115921716,312590990.81
2026-09-29,sz,000403,派林生物,9.8,9.75,9.87,9.7,9.74,4048144,39524376.32
2026-09-29,sz,000404,长虹华意,6.75,6.73,6.79,6.71,6.74,3879440,26205321.2
2026-09-29,sz,000407,胜利股份,4.17,4.14,4.22,4.14,4.2,11135067,46752280.4
2026-09-29,sz,000408,藏格矿业,69.9,70.22,70.32,69.05,69.8,6041023,420126222.7
2026-09-29,sz,000409,云鼎科技,8.73,8.66,8.84,8.64,8.79,3263313,28734891.93
2026-09-29,sz,000410,沈阳机床,5.12,5.09,5.16,5.09,5.14,12249576,62954386.64
2026-09-29,sz,000411,英特集团,10.1,10.03,10.09,9.93,9.98,5043120,50388200.4
2026-09-29,sz,000415,渤海租赁,4.06,4.05,4.1,4.03,4.07,34209275,138867301.5
2026-09-29,sz,000417,合百集团,5.7,5.69,5.77,5.65,5.66,16763303,95454289.01
2026-09-29,sz,000419,通程控股,5.01,4.97,5.08,4.97,5.06,4225800,21320960.0
2026-09-29,sz,000420,吉林化纤,3.47,3.45,3.49,3.45,3.47,19702637,68404219.97
2026-09-29,sz,000421,南京公用,5.63,5.64,5.72,5.61,5.7,5046800,28744367.0
2026-09-29,sz,000422,湖北宜化,11.54,11.48,11.58,11.46,11.48,7133512,82060210.64
2026-09-29,sz,000423,东阿阿胶,45.28,45.21,45.41,44.99,45.24,3463739,156474343.48
2026-09-29,sz,000425,徐工机械,7.06,7.04,7.08,6.97,7.05,100855056,707345137.47
2026-09-29,sz,000426,兴业银锡,31.17,30.77,31.81,30.69,31.57,31220724,974646619.82
2026-09-29,sz,000428,华天酒店,3.87,3.84,3.93,3.83,3.83,22483588,86994633.8
2026-09-29,sz,000429,粤高速Ａ,12.38,12.34,12.42,12.23,12.28,4655920,57257134.2
2026-09-29,sz,000430,张家界,6.72,6.75,6.78,6.63,6.64,6849662,45877197.78
2026-09-29,sz,000488,ST晨鸣,2.12,2.13,2.15,2.08,2.08,7758550,16334516.5
2026-09-29,sz,000498,山东路桥,5.76,5.73,5.74,5.55,5.61,45088955,254007186.62
2026-09-29,sz,000501,武商集团,6.97,6.97,7.1,6.94,7.06,4027818,28380930.1
2026-09-29,sz,000503,国新健康,7.44,7.31,7.95,7.17,7.72,88024237,666362758.51
2026-09-29,sz,000504,南华生物,12.36,11.28,12.52,11.12,11.29,93158996,1080729294.15
2026-09-29,sz,000505,京粮控股,6.13,6.1,6.16,6.03,6.07,15286790,93140488.4
2026-09-29,sz,000506,招金黄金,16.38,16.06,16.73,16.06,16.58,32167700,526487567.0
2026-09-29,sz,000507,珠海港,4.9,4.9,4.95,4.9,4.93,3536163,17445761.7
2026-09-29,sz,000509,华塑控股,3.49,3.45,3.56,3.45,3.51,25118750,88118850.0
2026-09-29,sz,000510,新金路,17.11,17.0,17.41,16.8,17.27,21297500,365222206.13
2026-09-29,sz,000513,丽珠集团,30.34,31.0,32.99,30.35,32.23,63390618,2031357702.57
2026-09-29,sz,000514,渝 开 发,4.34,4.36,4.56,4.33,4.55,17494500,78556256.0
2026-09-29,sz,000516,国际医学,4.26,4.24,4.31,4.24,4.27,12582200,53881495.0
2026-09-29,sz,000517,荣安地产,2.01,2.02,2.09,2.01,2.07,42079777,86889652.39
2026-09-29,sz,000518,四环生物,3.72,3.69,3.69,3.59,3.59,22889200,82584089.0
2026-09-29,sz,000519,中兵红箭,14.46,14.41,14.48,14.26,14.4,19478975,280111222.84
2026-09-29,sz,000520,凤凰航运,4.05,4.05,4.1,4.01,4.03,14094101,57064996.03
2026-09-29,sz,000521,长虹美菱,4.28,4.27,4.32,4.26,4.29,4904102,21125304.56
2026-09-29,sz,000523,红棉股份,3.18,3.16,3.2,3.14,3.17,83211655,263671287.57
2026-09-29,sz,000524,岭南控股,8.76,8.77,8.83,8.72,8.75,4055829,35579959.32
2026-09-29,sz,000525,红太阳,4.39,4.36,4.43,4.36,4.39,10112498,44512353.21
2026-09-29,sz,000526,学大教育,35.38,35.15,35.4,34.66,34.81,1562887,54545983.25
2026-09-29,sz,000528,柳 工,7.43,7.42,7.46,7.35,7.36,22223274,163846144.24
2026-09-29,sz,000529,广弘控股,5.01,4.97,5.05,4.94,5.03,3396131,16986945.61
2026-09-29,sz,000530,冰山冷热,5.17,5.15,5.25,5.14,5.21,12034595,62811941.38
2026-09-29,sz,000531,穗恒运Ａ,5.47,5.47,5.52,5.46,5.49,2632059,14476054.91
2026-09-29,sz,000532,华金资本,12.45,12.49,12.75,12.47,12.49,20311500,255758568.38
2026-09-29,sz,000533,顺钠股份,10.04,10.12,10.17,9.97,10.02,15018056,151460815.98
2026-09-29,sz,000534,万泽股份,21.8,21.66,22.14,21.43,21.96,8799649,191617488.92
2026-09-29,sz,000536,华映科技,3.39,3.4,3.43,3.33,3.38,51586620,174733901.8
2026-09-29,sz,000537,绿发电力,7.28,7.26,7.38,7.25,7.29,8789900,64445776.0
2026-09-29,sz,000538,云南白药,50.33,50.29,50.39,49.9,50.24,4654678,233448326.03
2026-09-29,sz,000539,粤电力Ａ,4.93,4.94,5.07,4.92,5.04,41459364,208713883.92
2026-09-29,sz,000541,佛山照明,4.85,4.83,4.88,4.83,4.86,3379130,16430413.8
2026-09-29,sz,000543,皖能电力,7.17,7.19,7.22,7.04,7.06,23862180,169772925.65
2026-09-29,sz,000544,中原环保,7.15,7.13,7.23,7.13,7.21,1699450,12246896.5
2026-09-29,sz,000545,金浦钛业,2.16,2.16,2.23,2.14,2.22,34406891,75963196.02
2026-09-29,sz,000546,金圆股份,4.26,4.26,4.37,4.25,4.32,9854100,42681430.0
2026-09-29,sz,000547,航天发展,14.06,14.0,14.42,13.86,13.87,50818279,710760408.63
2026-09-29,sz,000548,湖南投资,4.58,4.58,4.68,4.56,4.64,4363500,20199442.0
2026-09-29,sz,000550,江铃汽车,16.12,16.03,16.39,15.96,16.28,5449415,88351164.9
2026-09-29,sz,000551,创元科技,11.63,11.6,11.82,11.6,11.69,6198760,72729141.8
2026-09-29,sz,000552,甘肃能化,2.44,2.45,2.48,2.44,2.46,44570126,109673161.96
2026-09-29,sz,000553,安道麦A,5.38,5.4,5.44,5.37,5.39,3342946,18071784.72
2026-09-29,sz,000554,泰山石油,6.24,6.18,6.25,6.17,6.19,6718000,41691067.0
2026-09-29,sz,000555,神州信息,9.77,9.72,10.11,9.69,10.05,21892544,219101005.28
2026-09-29,sz,000557,西部创业,3.57,3.57,3.63,3.56,3.61,6449638,23258939.84
2026-09-29,sz,000558,天府文旅,3.52,3.52,3.59,3.52,3.56,17115000,61036597.0
2026-09-29,sz,000559,万向钱潮,10.91,10.81,11.07,10.69,10.76,41098536,444666961.15
2026-09-29,sz,000560,我爱我家,3.71,3.79,3.95,3.56,3.76,805681978,3044448538.32
2026-09-29,sz,000561,烽火电子,7.54,7.55,7.65,7.49,7.59,6204100,47110273.0
2026-09-29,sz,000563,陕国投Ａ,2.88,2.87,2.9,2.87,2.89,25726328,74185592.44
2026-09-29,sz,000564,供销大集,1.44,1.44,1.47,1.43,1.45,136454140,198374455.21
2026-09-29,sz,000565,渝三峡Ａ,6.35,6.36,6.45,6.33,6.4,7296506,46684725.43
2026-09-29,sz,000566,海南海药,4.64,4.59,4.71,4.54,4.61,48091105,222411817.08
2026-09-29,sz,000567,海德股份,5.82,5.78,5.92,5.78,5.88,11885073,69694693.29
2026-09-29,sz,000568,泸州老窖,69.96,69.98,70.38,69.35,69.38,6876506,479876632.64
2026-09-29,sz,000570,苏常柴Ａ,5.22,5.23,5.31,5.17,5.27,6206300,32768061.0
2026-09-29,sz,000571,新大洲A,6.34,6.4,6.62,6.28,6.57,18604212,120655914.67
2026-09-29,sz,000572,海马汽车,3.96,3.89,4.06,3.85,4.0,116471798,465171346.73
2026-09-29,sz,000573,粤宏远Ａ,3.8,3.81,3.94,3.8,3.93,16825569,65427088.01
2026-09-29,sz,000576,甘化科工,8.17,8.23,8.28,8.1,8.24,6292601,51814777.23
2026-09-29,sz,000581,威孚高科,17.94,17.9,18.03,17.87,17.92,3136400,56302372.0
2026-09-29,sz,000582,北部湾港,9.15,9.01,9.09,8.96,8.97,24487800,220654171.58
2026-09-29,sz,000586,汇源通信,12.72,12.64,12.95,12.49,12.77,5969500,76367041.0
2026-09-29,sz,000589,贵州轮胎,4.16,4.15,4.19,4.15,4.18,10655900,44509288.8
2026-09-29,sz,000590,古汉医药,8.92,8.83,9.2,8.83,9.14,3877165,35265590.84
2026-09-29,sz,000591,太阳能,4.14,4.12,4.17,4.12,4.15,18835498,78236112.7
2026-09-29,sz,000592,平潭发展,9.09,8.75,9.19,8.7,8.74,392101204,3493757512.12
2026-09-29,sz,000593,德龙汇能,21.42,21.29,21.39,19.82,20.0,16628464,338707565.72
2026-09-29,sz,000595,新能股份,5.44,5.39,5.5,5.38,5.45,16524330,90279938.94
2026-09-29,sz,000596,古井贡酒,87.9,87.47,90.0,87.0,89.03,1979942,176768818.32
2026-09-29,sz,000597,东北制药,4.73,4.74,4.78,4.68,4.69,8688700,40957630.0
2026-09-29,sz,000598,兴蓉环境,6.99,6.96,7.04,6.96,7.01,9960204,69812095.04
2026-09-29,sz,000599,青岛双星,4.41,4.4,4.47,4.39,4.43,7908990,35166331.4
2026-09-29,sz,000600,建投能源,7.05,7.02,7.09,6.97,6.97,9809800,68815950.0
2026-09-29,sz,000601,韶能股份,5.96,5.99,6.14,5.96,6.02,21440169,129605635.15
2026-09-29,sz,000603,盛达资源,30.06,29.51,31.26,29.15,31.08,22076678,674342717.07
2026-09-29,sz,000605,渤海股份,5.96,5.96,6.12,5.9,6.06,3806460,23013007.8
2026-09-29,sz,000607,华媒控股,3.75,3.75,4.13,3.71,4.13,96700819,384255198.81
2026-09-29,sz,000608,阳光股份,7.0,6.93,7.25,6.9,7.18,21249227,151810712.32
2026-09-29,sz,000609,*ST中迪,9.24,9.25,9.42,9.2,9.34,2960195,27590308.5
2026-09-29,sz,000610,*ST西旅,7.2,7.41,7.57,7.29,7.46,7596200,56742512.0
2026-09-29,sz,000612,焦作万方,10.19,10.23,10.67,10.15,10.63,40067826,417567271.95
2026-09-29,sz,000615,*ST美谷,3.16,3.15,3.27,3.15,3.25,6702552,21639326.88
2026-09-29,sz,000617,中油资本,6.54,6.53,6.59,6.52,6.56,33909008,222721177.99
2026-09-29,sz,000619,海螺新材,5.22,5.23,5.28,5.17,5.25,4135600,21708032.0
2026-09-29,sz,000620,盈新发展,3.04,3.04,3.13,3.04,3.11,210557468,651462466.23
2026-09-29,sz,000623,吉林敖东,17.2,17.18,17.27,17.13,17.2,5810846,99968235.28
2026-09-29,sz,000625,长安汽车,7.05,7.05,7.14,7.02,7.06,45459322,321070508.23
2026-09-29,sz,000626,远大控股,8.7,8.69,8.75,8.51,8.58,8758800,75496720.0
2026-09-29,sz,000628,高新发展,54.75,54.61,56.17,54.3,54.66,5391684,296804750.6
2026-09-29,sz,000629,钒钛股份,2.77,2.78,2.8,2.75,2.78,47845239,133328116.32
2026-09-29,sz,000630,铜陵有色,5.69,5.7,5.8,5.69,5.79,113126607,648549958.08
2026-09-29,sz,000631,顺发恒能,2.96,2.97,3.05,2.96,3.04,12195708,36944302.0
2026-09-29,sz,000632,ST三木,3.62,3.61,3.76,3.6,3.7,10288100,38130487.0
2026-09-29,sz,000633,合金投资,5.26,5.23,5.39,5.19,5.34,6060500,32209912.0
2026-09-29,sz,000635,英 力 特,7.35,7.36,7.68,7.33,7.6,13033525,98787358.37
2026-09-29,sz,000636,风华高科,50.42,49.98,51.6,49.72,51.21,62190429,3153936692.43
2026-09-29,sz,000637,茂化实华,4.2,4.17,4.28,4.17,4.24,7592000,32136571.0
2026-09-29,sz,000639,ST西王,1.49,1.5,1.53,1.49,1.5,18720236,28311109.72
2026-09-29,sz,000650,仁和药业,5.14,5.12,5.19,5.12,5.14,8529400,43951190.0
2026-09-29,sz,000651,格力电器,38.4,38.38,38.53,38.03,38.1,21475968,820380769.51
2026-09-29,sz,000652,泰达股份,3.27,3.27,3.35,3.27,3.34,11861000,39476493.0
2026-09-29,sz,000655,金岭矿业,7.05,7.07,7.25,7.04,7.21,7529613,53975889.27
2026-09-29,sz,000656,金科股份,1.21,1.22,1.27,1.22,1.26,218937668,273076628.01
2026-09-29,sz,000657,中钨高新,53.25,53.57,54.48,52.6,53.69,33260475,1779719160.02
2026-09-29,sz,000659,珠海中富,2.74,2.73,2.8,2.71,2.73,23478700,64905328.0
2026-09-29,sz,000661,长春高新,70.5,70.2,72.11,70.08,70.55,3601600,255430403.0
2026-09-29,sz,000663,永安林业,6.08,6.0,6.28,5.98,6.1,11674900,71795663.0
2026-09-29,sz,000665,湖北广电,3.94,3.94,4.22,3.94,4.18,45203061,186984394.99
2026-09-29,sz,000668,荣丰控股,17.18,17.4,17.49,17.0,17.0,3817300,65623760.0
2026-09-29,sz,000669,ST金鸿,4.1,4.06,4.11,4.0,4.01,3958100,15975993.0
2026-09-29,sz,000670,盈方微,7.67,7.53,7.75,7.53,7.6,35291215,269996998.4
2026-09-29,sz,000672,上峰材料,14.71,14.6,14.8,14.44,14.65,13912186,203218350.49
2026-09-29,sz,000676,智度股份,6.37,6.32,6.74,6.3,6.65,88979824,587266915.98
2026-09-29,sz,000677,ST海龙,1.74,1.74,1.79,1.74,1.76,14265075,25194161.0
2026-09-29,sz,000678,襄阳轴承,10.65,11.72,11.72,11.72,11.72,9450205,110756402.6
2026-09-29,sz,000679,大连友谊,6.33,6.33,6.44,6.26,6.32,4935900,31422424.0
2026-09-29,sz,000680,山推股份,8.92,8.88,8.94,8.8,8.82,10589172,93492440.05
2026-09-29,sz,000681,视觉中国,15.6,15.5,16.09,15.5,15.86,14880660,235900089.27
2026-09-29,sz,000682,东方电子,10.27,10.22,10.33,10.22,10.24,4864501,49936917.26
2026-09-29,sz,000683,博源化工,5.49,5.48,5.6,5.48,5.58,31029140,171773994.85
2026-09-29,sz,000685,中山公用,10.63,10.62,10.68,10.6,10.62,4788750,50909946.5
2026-09-29,sz,000686,东北证券,7.5,7.48,7.54,7.48,7.51,7643418,57465554.1
2026-09-29,sz,000688,国城矿业,23.91,23.99,24.27,23.82,24.15,8824049,212188733.1
2026-09-29,sz,000690,宝新能源,5.2,5.16,5.24,5.11,5.15,36755687,189745992.1
2026-09-29,sz,000691,亚太实业,8.97,8.97,9.06,8.82,8.98,5034000,45035827.0
2026-09-29,sz,000692,惠天热电,4.12,4.14,4.2,4.12,4.17,9641564,40197789.02
2026-09-29,sz,000695,滨海能源,12.6,12.7,13.03,12.7,12.83,4188300,53889926.0
2026-09-29,sz,000697,炼石航空,8.98,9.07,9.27,8.99,9.14,7641783,70042924.1
2026-09-29,sz,000698,ST沈化,3.59,3.59,3.66,3.59,3.66,2244675,8172108.75
2026-09-29,sz,000700,模塑科技,12.1,12.0,12.47,11.7,12.25,57246679,699509018.24
2026-09-29,sz,000701,厦门信达,5.17,5.12,5.22,5.09,5.13,17118983,88095973.79
2026-09-29,sz,000702,正虹科技,5.78,5.73,5.88,5.68,5.85,7421001,43119367.85
2026-09-29,sz,000703,恒逸石化,17.26,17.2,17.3,15.53,15.69,131818432,2095993106.63
2026-09-29,sz,000705,浙江震元,7.05,7.05,7.18,6.99,7.13,3824528,27255780.74
2026-09-29,sz,000707,双环科技,4.51,4.52,4.63,4.49,4.59,6294300,28756238.0
2026-09-29,sz,000708,中信特钢,12.79,12.78,12.9,12.64,12.8,9879370,125886663.7
2026-09-29,sz,000709,河钢股份,1.99,1.98,2.02,1.98,2.0,63867325,128059028.48
2026-09-29,sz,000710,贝瑞基因,10.28,10.11,10.3,9.86,9.88,41297900,413725600.31
2026-09-29,sz,000711,京蓝科技,4.7,4.63,4.77,4.6,4.68,51976700,243664629.0
2026-09-29,sz,000712,锦龙股份,9.75,9.74,9.93,9.71,9.82,28276069,278280863.19
2026-09-29,sz,000713,国投丰乐,6.11,6.04,6.14,6.03,6.06,15436756,93784128.17
2026-09-29,sz,000715,中兴商业,5.27,5.29,5.35,5.21,5.3,4822710,25594847.2
2026-09-29,sz,000716,黑芝麻,4.96,4.91,4.98,4.89,4.94,12950600,63921328.0
2026-09-29,sz,000717,中南股份,2.13,2.13,2.18,2.12,2.17,20707700,44806155.0
2026-09-29,sz,000718,苏宁环球,2.04,2.05,2.15,2.04,2.11,49435609,103826571.98
2026-09-29,sz,000719,中原传媒,11.86,11.85,12.06,11.81,11.88,4983001,59402943.83
2026-09-29,sz,000720,新能泰山,3.53,3.52,3.62,3.49,3.59,21432400,76650603.0
2026-09-29,sz,000721,西安饮食,6.06,6.06,6.14,6.04,6.06,7096100,43201220.0
2026-09-29,sz,000722,湖南发展,13.0,12.89,13.13,12.85,12.88,10175880,132076133.56
2026-09-29,sz,000723,美锦能源,3.44,3.45,3.53,3.44,3.47,36419639,127016690.16
2026-09-29,sz,000725,京东方Ａ,5.8,5.72,5.8,5.62,5.71,879357496,5032126577.2
2026-09-29,sz,000726,鲁 泰Ａ,5.96,5.95,6.0,5.91,5.97,3981083,23759121.51
2026-09-29,sz,000727,冠捷科技,2.15,2.14,2.2,2.13,2.18,60512617,131605805.89
2026-09-29,sz,000728,国元证券,7.18,7.17,7.26,7.16,7.2,18813218,135525712.81
2026-09-29,sz,000729,燕京啤酒,10.85,10.78,10.87,10.7,10.81,12331160,132989707.94
2026-09-29,sz,000731,四川美丰,8.07,8.08,8.14,7.87,8.03,9578305,76705362.96
2026-09-29,sz,000733,振华科技,39.13,38.92,39.31,38.89,39.04,5148997,201128471.73
2026-09-29,sz,000735,罗 牛 山,5.67,5.63,5.85,5.63,5.76,53568648,308443109.59
2026-09-29,sz,000736,中交发展,4.6,4.63,4.82,4.63,4.8,25438600,120873842.0
2026-09-29,sz,000737,北方铜业,13.05,13.08,13.48,13.05,13.43,44880150,596049459.79
2026-09-29,sz,000738,航发控制,18.82,18.75,18.89,18.34,18.67,8139685,150903820.23
2026-09-29,sz,000739,普洛药业,26.81,26.51,27.29,25.36,26.56,17767079,465737780.74
2026-09-29,sz,000750,国海证券,3.55,3.55,3.61,3.54,3.59,29095243,104308367.7
2026-09-29,sz,000751,锌业股份,4.35,4.32,4.42,4.32,4.38,14416182,63224095.96
2026-09-29,sz,000752,*ST西发,9.01,8.8,8.88,8.62,8.68,3339400,29218666.0
2026-09-29,sz,000753,漳州发展,5.52,5.47,5.58,5.41,5.44,83683288,458914482.94
2026-09-29,sz,000755,山西高速,4.68,4.65,4.73,4.65,4.68,3059936,14390044.56
2026-09-29,sz,000756,新华制药,14.33,13.87,14.58,13.86,13.98,45423550,640355517.23
2026-09-29,sz,000757,浩物股份,4.26,4.27,4.31,4.24,4.3,7179301,30765807.28
2026-09-29,sz,000758,中色股份,5.63,5.62,5.73,5.61,5.71,15596454,88626467.96
2026-09-29,sz,000759,中百集团,6.18,6.18,6.23,6.08,6.1,43575505,267449194.78
2026-09-29,sz,000761,本钢板材,2.2,2.21,2.28,2.19,2.27,24401600,54902872.0
2026-09-29,sz,000762,西藏矿业,20.15,20.36,20.6,20.1,20.49,6174615,126109989.44
2026-09-29,sz,000766,通化金马,15.18,15.08,15.3,15.0,15.17,6101234,92492205.08
2026-09-29,sz,000767,晋控电力,3.26,3.24,3.3,3.22,3.27,36352930,119050936.88
2026-09-29,sz,000768,中航西飞,22.92,22.93,22.94,22.04,22.5,28623050,640476876.33
2026-09-29,sz,000776,广发证券,19.81,19.71,19.9,19.7,19.74,26461679,523340900.27
2026-09-29,sz,000777,中核科技,16.04,16.04,16.2,16.02,16.1,2040734,32955550.28
2026-09-29,sz,000778,新兴铸管,3.5,3.49,3.54,3.48,3.53,27053184,95203798.75
2026-09-29,sz,000779,甘咨询,8.36,8.34,8.48,8.27,8.45,15381700,129498232.0
2026-09-29,sz,000782,恒申新材,8.06,8.06,8.2,8.02,8.12,5916700,48019065.0
2026-09-29,sz,000783,长江证券,7.92,7.9,8.01,7.89,7.94,40442620,322127672.52
2026-09-29,sz,000785,居然智家,2.22,2.21,2.29,2.2,2.29,73711123,166878172.32
2026-09-29,sz,000786,北新建材,15.85,15.91,16.37,15.88,16.24,17998138,290976783.29
2026-09-29,sz,000788,北大医药,5.4,5.39,5.5,5.32,5.44,12003290,65265480.8
2026-09-29,sz,000789,万年青,4.09,4.09,4.18,4.07,4.17,4919896,20412698.4
2026-09-29,sz,000790,华神科技,4.42,4.34,4.53,4.23,4.44,108892238,481421555.25
2026-09-29,sz,000791,甘肃能源,7.09,7.04,7.13,6.98,7.0,11485570,80940375.92
2026-09-29,sz,000792,盐湖股份,23.13,23.14,23.53,23.04,23.5,39623031,924364371.45
2026-09-29,sz,000793,ST华闻,2.01,1.99,2.01,1.99,2.0,9697000,19354769.0
2026-09-29,sz,000795,英洛华,8.24,8.15,8.25,8.14,8.18,6980990,57206340.76
2026-09-29,sz,000796,凯撒旅业,3.5,3.5,3.55,3.48,3.49,26178101,92271006.47
2026-09-29,sz,000797,中国武夷,2.61,2.6,2.72,2.59,2.7,77310223,206696176.28
2026-09-29,sz,000798,中水渔业,9.75,9.72,9.81,9.58,9.6,11823900,114243001.0
2026-09-29,sz,000799,酒鬼酒,36.02,36.07,36.25,35.89,36.01,2519386,90852132.2
2026-09-29,sz,000800,一汽解放,5.84,5.85,5.9,5.83,5.84,8872956,51935178.84
2026-09-29,sz,000801,四川九洲,11.54,11.58,11.69,11.49,11.52,6430809,74342437.87
2026-09-29,sz,000802,北京文化,3.79,3.78,3.93,3.78,3.91,59414200,230459820.8
2026-09-29,sz,000803,山高环能,6.88,6.88,6.95,6.83,6.86,4973674,34216159.44
2026-09-29,sz,000807,云铝股份,25.37,25.35,26.62,25.05,26.47,68442633,1773351704.33
2026-09-29,sz,000809,和展能源,3.41,3.4,3.6,3.4,3.47,26867449,93339712.03
2026-09-29,sz,000810,创维数字,9.02,9.0,9.16,8.96,9.1,9014143,82119134.02
2026-09-29,sz,000811,冰轮环境,37.9,37.4,38.35,36.9,37.88,23372125,882860418.35
2026-09-29,sz,000812,陕西金叶,3.68,3.66,3.79,3.66,3.74,22131329,83187550.3
2026-09-29,sz,000813,德展健康,3.2,3.22,3.26,3.19,3.2,20836100,67047111.5
2026-09-29,sz,000815,美利云,14.58,14.58,14.68,14.44,14.46,15815717,229890798.18
2026-09-29,sz,000816,智慧农业,2.78,2.77,2.81,2.75,2.79,18100981,50531950.28
2026-09-29,sz,000818,航锦科技,11.31,11.3,11.41,11.25,11.31,7358896,83492584.0
2026-09-29,sz,000819,岳阳兴长,11.83,11.84,12.35,11.8,12.19,4190190,50922040.68
2026-09-29,sz,000820,神雾节能,3.51,3.51,3.6,3.46,3.56,8076501,28693277.56
2026-09-29,sz,000821,ST京机,7.25,7.24,7.32,7.23,7.29,3554400,25874290.0
2026-09-29,sz,000822,山东海化,4.19,4.2,4.26,4.18,4.23,6085098,25798968.52
2026-09-29,sz,000823,超声电子,22.18,22.32,24.4,22.32,24.4,116393844,2748775888.76
2026-09-29,sz,000825,太钢不锈,3.3,3.31,3.37,3.29,3.35,29531940,98895707.39
2026-09-29,sz,000826,*ST启环,1.76,1.74,1.77,1.73,1.73,11253280,19736716.0
2026-09-29,sz,000828,东莞控股,9.78,9.84,9.98,9.79,9.91,4403942,43621736.19
2026-09-29,sz,000829,天音控股,8.66,8.63,9.2,8.6,9.15,36692915,333031509.39
2026-09-29,sz,000830,鲁西化工,11.32,11.34,11.35,11.21,11.22,16183839,182180832.98
2026-09-29,sz,000831,中国稀土,52.29,52.88,53.78,51.4,53.23,16810266,883643044.04
2026-09-29,sz,000833,粤桂股份,18.45,18.39,18.6,18.36,18.41,8711325,160886961.49
2026-09-29,sz,000837,秦川机床,9.47,9.52,9.59,9.35,9.51,6288700,59693267.67
2026-09-29,sz,000838,*ST发展,2.16,2.13,2.25,2.12,2.23,22767300,50231009.0
2026-09-29,sz,000839,国安股份,2.83,2.8,2.93,2.79,2.89,97703931,281111311.28
2026-09-29,sz,000848,承德露露,8.02,8.0,8.05,7.92,7.94,7447199,59260276.03
2026-09-29,sz,000850,华茂股份,5.14,4.63,4.63,4.63,4.63,13801400,63900482.0
2026-09-29,sz,000852,石化机械,5.21,5.2,5.31,5.18,5.28,8663449,45747646.43
2026-09-29,sz,000856,冀东装备,8.82,8.82,8.95,8.77,8.9,4262000,37829238.0
2026-09-29,sz,000858,五 粮 液,68.91,68.87,69.13,68.74,68.77,10931022,752655106.44
2026-09-29,sz,000859,国风新材,8.68,8.66,8.76,8.6,8.62,17497704,151946018.82
2026-09-29,sz,000860,顺鑫农业,10.11,10.09,10.18,10.06,10.09,5583996,56448491.93
2026-09-29,sz,000862,银星能源,5.24,5.23,5.4,5.21,5.32,13512900,72103786.0
2026-09-29,sz,000863,三湘印象,4.39,4.29,4.57,4.29,4.52,20579920,92118110.54
2026-09-29,sz,000868,安凯客车,4.18,4.11,4.39,4.04,4.18,86611673,361799353.53
2026-09-29,sz,000869,张 裕Ａ,17.05,17.14,17.2,16.63,16.76,2394717,40255245.51
2026-09-29,sz,000875,电投绿能,4.56,4.56,4.63,4.53,4.6,16600721,76288134.34
2026-09-29,sz,000876,新 希 望,6.82,6.82,6.91,6.79,6.89,23670490,162179239.46
2026-09-29,sz,000877,天山股份,3.6,3.58,3.74,3.57,3.69,23805616,87553874.3
2026-09-29,sz,000878,云南铜业,15.61,15.57,15.99,15.53,15.95,25881083,407878123.4
2026-09-29,sz,000880,潍柴重机,23.72,23.73,23.95,23.31,23.59,7581795,178635098.6
2026-09-29,sz,000881,中广核技,6.32,6.31,6.4,6.28,6.37,3328958,21201939.4
2026-09-29,sz,000882,华联股份,1.5,1.49,1.55,1.49,1.53,59442400,91159350.0
2026-09-29,sz,000883,湖北能源,4.34,4.32,4.36,4.32,4.33,15648900,67869465.0
2026-09-29,sz,000885,城发环境,11.54,11.53,11.64,11.5,11.61,1452100,16832878.0
2026-09-29,sz,000886,海南高速,4.56,4.55,4.72,4.54,4.69,13814901,64429517.7
2026-09-29,sz,000887,中鼎股份,18.55,18.55,18.68,18.28,18.45,15777962,291381776.6
2026-09-29,sz,000888,峨眉山Ａ,9.14,9.13,9.18,9.07,9.08,4553413,41551321.03
2026-09-29,sz,000889,中嘉博创,3.63,3.63,3.73,3.6,3.7,25130795,92597047.56
2026-09-29,sz,000890,法尔胜,7.02,7.03,7.17,6.95,7.08,15120100,107448769.0
2026-09-29,sz,000892,欢瑞世纪,4.33,4.3,4.68,4.23,4.58,157113703,709149137.67
2026-09-29,sz,000893,亚钾国际,36.29,36.49,36.49,35.16,35.95,11933013,425695816.49
2026-09-29,sz,000895,双汇发展,23.57,23.54,23.64,23.3,23.41,10934046,256198541.57
2026-09-29,sz,000897,津滨发展,1.88,1.89,1.97,1.88,1.95,54323691,105531458.65
2026-09-29,sz,000898,鞍钢股份,1.97,1.97,2.03,1.97,2.02,35687650,71790430.6
2026-09-29,sz,000899,赣能股份,8.99,8.95,9.06,8.94,8.99,5028100,45258532.0
2026-09-29,sz,000900,现代投资,3.52,3.52,3.58,3.51,3.56,9727592,34608344.94
2026-09-29,sz,000901,航天科技,13.87,13.86,14.02,13.71,13.81,6465800,89331520.37
2026-09-29,sz,000902,新洋丰,13.6,13.5,13.65,13.32,13.36,4582687,61459635.58
2026-09-29,sz,000903,ST云动,1.92,1.93,1.96,1.91,1.92,8869640,17149886.4
2026-09-29,sz,000905,厦门港务,9.42,9.24,9.46,9.15,9.17,29305539,270878730.04
2026-09-29,sz,000906,浙商中拓,6.19,6.19,6.22,6.13,6.17,5005968,30880433.2
2026-09-29,sz,000908,石药景峰,5.97,5.97,6.05,5.93,5.95,9088600,54332660.0
2026-09-29,sz,000909,*ST数源,5.19,5.16,5.29,5.15,5.19,2046000,10629744.0
2026-09-29,sz,000910,大亚圣象,6.84,6.29,6.67,6.17,6.44,81018414,521114546.79
2026-09-29,sz,000911,*ST广糖,4.98,4.93,5.0,4.89,4.91,4494600,22184849.0
2026-09-29,sz,000912,泸天化,3.84,3.86,3.91,3.83,3.88,22170339,85819110.54
2026-09-29,sz,000913,钱江摩托,10.53,10.52,10.64,10.47,10.5,3407800,35964622.0
2026-09-29,sz,000915,华特达因,23.57,23.57,23.68,23.35,23.58,1017420,23915259.32
2026-09-29,sz,000917,电广传媒,6.66,6.65,6.86,6.61,6.81,15691869,106416396.86
2026-09-29,sz,000919,金陵药业,6.46,6.43,6.54,6.36,6.43,7753200,50216783.0
2026-09-29,sz,000920,沃顿科技,12.24,12.15,12.34,12.12,12.16,9155900,111881119.0
2026-09-29,sz,000921,海信家电,26.5,26.31,26.65,26.04,26.5,3731112,98457132.01
2026-09-29,sz,000922,佳电股份,11.84,11.97,12.13,11.88,11.99,5649036,67942381.32
2026-09-29,sz,000923,河钢资源,15.04,15.1,15.54,15.03,15.45,10483700,161165510.0
2026-09-29,sz,000925,众合科技,7.76,7.78,8.07,7.76,7.9,16575062,131491229.56
2026-09-29,sz,000926,福星股份,2.11,2.11,2.18,2.1,2.16,38263358,82497575.19
2026-09-29,sz,000927,中国铁物,2.42,2.42,2.45,2.41,2.43,31664022,77056869.46
2026-09-29,sz,000928,中钢国际,5.25,5.22,5.3,5.22,5.29,8833898,46605121.02
2026-09-29,sz,000929,兰州黄河,9.21,9.2,9.55,9.14,9.45,4105301,38513153.43
2026-09-29,sz,000930,中粮科技,5.09,5.03,5.09,5.0,5.02,28109001,141467452.01
2026-09-29,sz,000931,中 关 村,4.52,4.51,4.61,4.48,4.52,12777444,58208620.15
2026-09-29,sz,000932,华菱钢铁,3.4,3.41,3.46,3.4,3.44,50072078,172178833.42
2026-09-29,sz,000933,神火股份,25.15,25.24,26.23,24.9,26.1,38701686,988490570.48
2026-09-29,sz,000935,四川双马,19.26,19.2,19.5,19.03,19.2,3693465,71226457.61
2026-09-29,sz,000936,华西股份,5.3,5.3,5.52,5.26,5.44,14674016,79739773.35
2026-09-29,sz,000937,冀中能源,4.38,4.38,4.39,4.32,4.36,21634921,94268679.18
2026-09-29,sz,000938,紫光股份,31.46,31.47,31.73,31.21,31.53,60874618,1916785051.92
2026-09-29,sz,000948,南天信息,13.09,13.09,13.33,13.01,13.22,3699796,48929029.26
2026-09-29,sz,000949,新乡化纤,6.58,6.57,6.6,6.28,6.41,39239780,250605988.0
2026-09-29,sz,000950,重药控股,5.21,5.19,5.24,5.17,5.2,11198738,58280452.5
2026-09-29,sz,000951,中国重汽,19.92,19.86,19.99,19.53,19.92,7207743,142610262.91
2026-09-29,sz,000952,广济药业,6.55,6.48,6.68,6.44,6.6,5721752,37706671.4
2026-09-29,sz,000953,中哲精化,5.99,5.99,6.08,5.92,6.0,4143500,24961732.0
2026-09-29,sz,000955,欣龙控股,4.01,3.99,4.17,3.97,4.09,9390105,38501895.4
2026-09-29,sz,000957,中通客车,9.72,9.69,10.05,9.63,9.86,13689268,135336664.68
2026-09-29,sz,000958,电投产融,4.97,4.97,4.99,4.91,4.92,10817916,53445593.35
2026-09-29,sz,000959,首钢股份,3.38,3.35,3.45,3.35,3.45,21074240,71963320.6
2026-09-29,sz,000960,锡业股份,30.34,30.12,30.75,29.92,30.6,17909423,543863981.01
2026-09-29,sz,000962,东方钽业,55.52,55.44,56.05,54.68,55.45,10343802,573610808.18
2026-09-29,sz,000963,华东医药,27.02,26.73,27.35,26.51,26.85,20006675,539036845.05
2026-09-29,sz,000965,天保基建,3.3,3.33,3.52,3.32,3.49,43502787,149898637.83
2026-09-29,sz,000966,长源电力,3.95,3.92,4.01,3.9,3.95,32443803,128883706.33
2026-09-29,sz,000967,盈峰环境,7.59,7.68,8.17,7.6,8.1,75959709,605096418.96
2026-09-29,sz,000968,蓝焰控股,6.88,6.85,6.89,6.8,6.83,8889700,60778275.0
2026-09-29,sz,000969,安泰科技,16.12,16.16,16.35,16.06,16.25,8865845,143999759.24
2026-09-29,sz,000970,中科三环,10.93,10.92,11.05,10.88,10.99,10110713,111021358.85
2026-09-29,sz,000972,中基健康,3.85,3.82,3.89,3.82,3.86,9632100,37169659.0
2026-09-29,sz,000973,佛塑科技,11.16,11.3,11.57,11.22,11.4,20323946,232247703.58
2026-09-29,sz,000975,山金国际,22.13,21.99,22.37,21.71,22.27,34834030,767324190.75
2026-09-29,sz,000977,浪潮信息,67.05,66.92,68.1,66.66,67.18,28167215,1896049502.14
2026-09-29,sz,000978,桂林旅游,7.12,7.1,7.45,7.07,7.27,83638002,611939697.58
2026-09-29,sz,000980,众泰汽车,2.24,2.21,2.35,2.16,2.22,605026640,1357725189.58
2026-09-29,sz,000981,山子高科,2.69,2.66,2.82,2.66,2.76,470049305,1290446815.32
2026-09-29,sz,000983,山西焦煤,6.48,6.45,6.5,6.28,6.37,55178508,350203803.68
2026-09-29,sz,000985,大庆华科,17.35,17.35,17.41,17.1,17.24,1979900,34177420.0
2026-09-29,sz,000987,越秀资本,7.13,7.11,7.18,7.11,7.14,12299775,87918657.9
2026-09-29,sz,000988,华工科技,92.61,92.45,94.86,91.95,94.25,30648926,2862526058.59
2026-09-29,sz,000989,九芝堂,8.56,8.52,8.66,8.48,8.55,8581107,73605469.55
2026-09-29,sz,000990,诚志股份,6.15,6.11,6.17,6.1,6.13,19226724,118002463.52
2026-09-29,sz,000993,闽东电力,17.39,16.65,17.55,15.91,16.28,81056720,1353719501.99
2026-09-29,sz,000995,皇台酒业,11.33,11.38,11.7,11.13,11.28,11009300,124927572.0
2026-09-29,sz,000997,新 大 陆,19.19,19.15,19.48,19.09,19.31,7055921,135804147.17
2026-09-29,sz,000998,隆平高科,8.43,8.4,8.47,8.36,8.38,13692500,115100974.4
2026-09-29,sz,000999,华润三九,23.49,23.47,23.65,23.41,23.44,4411709,103679742.61
2026-09-29,sz,001201,东瑞股份,16.13,16.29,16.49,15.56,15.72,14395140,228033752.36
2026-09-29,sz,001202,炬申股份,14.86,14.88,15.05,14.8,15.02,966800,14435313.4
2026-09-29,sz,001203,大中矿业,21.8,21.59,22.04,21.46,21.62,14211679,308401501.26
2026-09-29,sz,001205,盛航股份,14.4,14.37,14.54,14.32,14.41,1890340,27268171.4
2026-09-29,sz,001206,依依股份,17.05,17.06,17.12,16.88,16.93,1647932,27944800.92
2026-09-29,sz,001207,联科科技,18.7,18.45,19.37,18.38,19.08,5550560,105229953.58
2026-09-29,sz,001208,华菱线缆,13.23,13.16,13.37,13.04,13.06,5599800,73652649.24
2026-09-29,sz,001209,洪兴股份,18.79,18.68,18.91,18.32,18.67,2361100,44166052.0
2026-09-29,sz,001210,金房能源,26.75,26.78,27.8,26.74,27.22,3917781,107172045.21
2026-09-29,sz,001211,双枪科技,27.29,27.01,27.88,26.9,27.66,7042226,192919938.08
2026-09-29,sz,001212,中旗新材,37.0,36.92,37.47,36.31,36.78,3359443,123871896.48
2026-09-29,sz,001213,中铁特货,3.46,3.46,3.5,3.46,3.49,4080300,14228694.0
2026-09-29,sz,001215,千味央厨,32.62,32.64,33.15,32.1,32.3,1158549,37667969.8
2026-09-29,sz,001216,华瓷股份,28.04,26.0,29.18,25.24,29.09,41921360,1147473300.95
2026-09-29,sz,001217,华尔泰,11.08,11.01,11.39,11.0,11.21,4687603,52381372.54
2026-09-29,sz,001218,丽臣实业,23.49,23.4,23.75,23.37,23.59,1289000,30421314.0
2026-09-29,sz,001219,青岛食品,12.93,12.87,12.95,12.8,12.9,1300833,16737616.0
2026-09-29,sz,001220,世盟股份,31.62,31.43,31.78,31.28,31.4,411846,13005811.18
2026-09-29,sz,001221,悍高集团,32.92,32.96,33.28,32.18,32.43,1879960,61346642.0
2026-09-29,sz,001222,源飞宠物,15.7,15.71,15.79,15.1,15.27,3754940,57555751.4
2026-09-29,sz,001223,欧克科技,42.32,42.0,43.73,41.68,41.93,1163616,49391162.68
2026-09-29,sz,001225,和泰机电,33.45,34.64,35.14,33.12,33.35,1329940,44727242.52
2026-09-29,sz,001226,拓山重工,46.0,46.19,47.99,45.0,47.83,1445940,67928454.8
2026-09-29,sz,001227,兰州银行,2.06,2.05,2.1,2.05,2.09,52642236,109512275.46
2026-09-29,sz,001228,永泰运,36.63,36.5,37.99,35.54,37.67,3576905,132740064.35
2026-09-29,sz,001229,魅视科技,37.4,37.49,38.5,37.03,38.43,3023630,114197865.7
2026-09-29,sz,001230,劲旅环境,19.35,19.65,19.92,19.08,19.17,3182976,61856438.54
2026-09-29,sz,001231,农心科技,22.72,22.64,22.91,22.4,22.81,1175500,26703283.0
2026-09-29,sz,001232,嘉立创,191.2,192.0,195.0,186.7,188.4,2463783,468297402.71
2026-09-29,sz,001233,海安集团,43.51,43.3,44.44,43.05,43.62,1175951,51489215.84
2026-09-29,sz,001234,泰慕士,31.86,30.85,32.53,28.67,28.67,20060532,586646112.02
2026-09-29,sz,001236,弘业期货,7.66,7.65,7.91,7.63,7.85,9092202,71161259.02
2026-09-29,sz,001237,惠康科技,49.16,49.0,49.98,48.91,49.38,624139,30899860.72
2026-09-29,sz,001238,浙江正特,26.49,26.49,26.5,26.0,26.13,866057,22663390.31
2026-09-29,sz,001239,永达股份,12.22,12.16,12.43,12.1,12.29,2164608,26696771.16
2026-09-29,sz,001248,华润新能,11.51,11.5,11.61,11.48,11.5,19754002,227749228.82
2026-09-29,sz,001255,博菲电气,27.33,27.3,27.84,27.1,27.39,1423950,39213960.0
2026-09-29,sz,001256,炜冈科技,21.33,21.19,21.75,21.19,21.42,1344100,28920675.0
2026-09-29,sz,001257,盛龙股份,21.3,21.3,21.4,21.19,21.26,3963157,84475974.3
2026-09-29,sz,001258,立新能源,10.24,10.19,10.33,10.09,10.12,29821800,303594170.0
2026-09-29,sz,001259,利仁科技,43.79,43.83,45.35,43.7,44.9,1004000,44704929.0
2026-09-29,sz,001260,坤泰股份,19.19,19.26,19.76,18.98,19.01,3233800,62084872.96
2026-09-29,sz,001266,宏英智能,36.07,35.81,36.74,35.63,36.33,4146613,149904595.85
2026-09-29,sz,001267,汇绿生态,33.21,33.76,33.9,32.56,33.37,25355334,843688524.32
2026-09-29,sz,001268,联合精密,25.5,25.53,25.95,25.02,25.4,4057971,103207476.68
2026-09-29,sz,001269,欧晶科技,19.45,19.45,19.56,18.98,19.03,2742620,52849874.0
2026-09-29,sz,001270,铖昌科技,96.0,95.01,96.24,93.52,93.99,3624310,342333494.3
2026-09-29,sz,001277,速达股份,30.2,30.02,30.62,30.02,30.28,1050300,31946636.0
2026-09-29,sz,001278,一彬科技,16.71,16.64,17.27,16.58,17.15,3153400,53668766.0
2026-09-29,sz,001279,强邦新材,26.05,26.01,26.44,25.99,26.17,415300,10911367.0
2026-09-29,sz,001280,中国铀业,60.26,60.2,60.57,59.72,60.21,1871169,112609183.16
2026-09-29,sz,001282,三联锻造,16.71,16.64,16.81,16.33,16.35,3000357,49557951.4
2026-09-29,sz,001283,豪鹏科技,46.23,46.62,47.65,46.0,46.27,3265680,152762415.39
2026-09-29,sz,001285,瑞立科密,42.0,41.85,42.58,41.59,41.95,754048,31692568.36
2026-09-29,sz,001286,陕西能源,9.49,9.49,9.52,9.36,9.42,10790600,101678523.0
2026-09-29,sz,001287,中电港,23.06,22.96,23.52,22.74,23.37,9579690,222754585.9
2026-09-29,sz,001288,运机集团,33.6,33.6,34.06,32.1,32.16,5298940,172851082.2
2026-09-29,sz,001289,龙源电力,14.89,14.9,14.94,14.81,14.81,2104265,31245404.4
2026-09-29,sz,001296,长江材料,19.72,19.79,19.82,19.48,19.51,1427400,28000119.0
2026-09-29,sz,001298,好上好,16.25,16.2,16.49,16.1,16.36,4295595,70296770.0
2026-09-29,sz,001299,美能能源,10.03,9.9,10.16,9.9,9.99,3407614,34130431.8
2026-09-29,sz,001300,三柏硕,12.27,12.07,12.48,12.07,12.42,2209000,27374337.0
2026-09-29,sz,001301,尚太科技,46.79,46.96,47.44,45.95,46.09,4619035,214988027.75
2026-09-29,sz,001306,夏厦精密,57.06,57.01,57.02,55.81,56.5,747980,42170468.2
2026-09-29,sz,001308,康冠科技,18.01,17.91,18.2,17.91,17.96,1405080,25344744.93
2026-09-29,sz,001309,德明利,371.28,374.0,375.55,367.01,372.2,7145239,2653555050.73
2026-09-29,sz,001311,多利科技,16.79,16.66,17.08,16.66,16.87,3038818,51425344.16
2026-09-29,sz,001312,福恩股份,17.83,17.76,17.98,17.75,17.82,1700106,30325873.76
2026-09-29,sz,001313,粤海饲料,7.18,7.18,7.21,7.14,7.16,5825200,41769856.0
2026-09-29,sz,001314,亿道信息,50.96,51.08,52.13,50.45,50.69,2620998,133779314.74
2026-09-29,sz,001316,润贝航科,27.6,27.66,27.98,27.11,27.54,1942436,53134297.08
2026-09-29,sz,001317,三羊马,64.3,65.14,65.99,61.51,62.5,15079046,955057138.55
2026-09-29,sz,001318,阳光乳业,11.81,11.77,11.89,11.56,11.85,2786100,32777900.0
2026-09-29,sz,001319,铭科精技,20.99,20.89,21.83,20.85,21.55,1597077,34106309.69
2026-09-29,sz,001322,箭牌家居,6.35,6.36,6.57,6.32,6.51,7314467,47490139.8
2026-09-29,sz,001323,慕思股份,18.21,17.98,18.22,17.78,18.22,1307744,23482867.36
2026-09-29,sz,001324,长青科技,20.05,20.01,21.05,19.95,20.5,3165300,64886707.33
2026-09-29,sz,001325,元创股份,36.22,35.29,36.91,35.29,36.14,624915,22634434.4
2026-09-29,sz,001326,联域股份,103.56,102.1,105.19,100.97,103.79,2092000,215970945.0
2026-09-29,sz,001328,登康口腔,30.52,30.52,30.8,30.21,30.45,925993,28235247.63
2026-09-29,sz,001330,博纳影业,6.36,6.8,6.97,6.16,6.63,315032681,2088367324.03
2026-09-29,sz,001331,胜通能源,40.74,40.2,40.2,38.28,38.5,8508082,332829226.21
2026-09-29,sz,001332,锡装股份,26.46,26.44,27.47,26.19,27.19,2640888,71350878.66
2026-09-29,sz,001333,光华股份,19.94,20.0,20.09,19.8,19.97,1084000,21631228.0
2026-09-29,sz,001335,信凯科技,33.2,33.2,33.72,32.91,32.92,712174,23718858.28
2026-09-29,sz,001336,楚环科技,19.04,19.03,19.34,18.83,19.14,1870710,35794351.04
2026-09-29,sz,001337,四川黄金,43.7,43.33,44.75,42.87,44.55,6689295,293338373.55
2026-09-29,sz,001338,永顺泰,9.27,9.17,9.27,9.0,9.07,7455344,67721341.4
2026-09-29,sz,001339,智微智能,69.33,69.5,71.1,69.02,70.42,4321094,303251192.83
2026-09-29,sz,001356,富岭股份,9.36,9.42,9.42,9.26,9.27,3014600,28095916.0
2026-09-29,sz,001358,兴欣新材,24.68,24.59,24.87,24.37,24.54,1122169,27637188.88
2026-09-29,sz,001359,平安电工,81.0,82.31,85.5,81.0,82.51,2620255,218328340.89
2026-09-29,sz,001360,南矿集团,19.57,19.37,19.93,19.0,19.01,3950795,76000457.6
2026-09-29,sz,001365,天海电子,36.66,36.41,36.94,36.15,36.35,6215003,227021939.52
2026-09-29,sz,001366,播恩集团,13.1,13.0,13.23,12.92,13.15,3471300,45559186.0
2026-09-29,sz,001367,海森药业,21.46,21.69,22.33,21.29,22.21,2285143,50241873.16
2026-09-29,sz,001368,通达创智,41.8,39.72,39.72,37.62,37.62,1761500,66977308.0
2026-09-29,sz,001369,双欣材料,11.95,11.96,12.09,11.94,11.96,3076497,36893664.15
2026-09-29,sz,001373,翔腾新材,31.46,31.46,31.96,30.97,31.59,2314850,73241677.5
2026-09-29,sz,001376,百通能源,12.6,12.75,12.76,12.2,12.3,17569216,217083702.36
2026-09-29,sz,001378,德冠新材,22.35,22.35,22.67,22.11,22.15,3636210,81473216.5
2026-09-29,sz,001379,腾达科技,15.69,15.69,16.0,15.62,15.88,1510669,23990215.86
2026-09-29,sz,001380,华纬科技,18.69,18.55,18.92,18.38,18.84,2100879,39264974.23
2026-09-29,sz,001382,新亚电缆,16.35,16.38,16.56,16.26,16.45,910991,14965255.68
2026-09-29,sz,001386,马可波罗,15.78,15.71,16.19,15.71,15.99,2577586,41321247.36
2026-09-29,sz,001387,雪祺电气,12.36,12.3,12.65,12.16,12.54,4838531,60404693.59
2026-09-29,sz,001388,信通电子,19.79,19.72,20.14,19.61,19.68,2419124,47890133.96
2026-09-29,sz,001389,广合科技,177.59,178.0,194.9,175.58,191.84,14867087,2803885445.76
2026-09-29,sz,001390,古麒绒材,17.42,17.42,17.52,17.12,17.15,1823000,31460725.0
2026-09-29,sz,001391,国货航,3.81,3.8,3.83,3.8,3.8,11804202,45028278.45
2026-09-29,sz,001393,维通利,39.93,40.1,42.59,39.89,41.46,3482954,144469980.3
2026-09-29,sz,001395,亚联机械,30.23,29.97,30.55,29.9,29.97,837018,25244509.77
2026-09-29,sz,001396,誉帆科技,31.58,31.35,31.79,31.15,31.34,701598,22046863.65
2026-09-29,sz,001399,惠科股份,22.75,22.57,22.63,21.92,22.0,20368024,451318798.49
2026-09-29,sz,001400,江顺科技,82.86,82.77,86.66,81.22,85.33,5414689,458039943.53
2026-09-29,sz,001696,宗申动力,15.85,15.7,15.81,15.33,15.33,29487551,456433995.83
2026-09-29,sz,001872,招商港口,24.12,24.12,24.66,23.7,24.4,4104400,99841188.8
2026-09-29,sz,001896,豫能控股,10.54,10.52,10.61,10.28,10.29,32378100,336747159.74
2026-09-29,sz,001914,招商积余,9.06,9.08,9.38,9.07,9.36,18174960,168415590.08
2026-09-29,sz,001965,招商公路,9.85,9.82,10.05,9.79,10.0,12414947,123519557.85
2026-09-29,sz,001979,招商蛇口,7.19,7.32,7.71,7.27,7.59,174465439,1312858044.98
2026-09-29,sz,002001,新 和 成,25.54,25.55,25.58,25.07,25.33,23057917,581878658.75
2026-09-29,sz,002003,伟星股份,11.35,11.32,11.48,11.21,11.39,12666664,143821831.62
2026-09-29,sz,002004,华邦健康,4.3,4.28,4.32,4.23,4.26,15526149,66267043.62
2026-09-29,sz,002005,德豪润达,2.77,2.77,2.79,2.7,2.71,29855804,81675887.81
2026-09-29,sz,002006,精工科技,13.11,13.09,13.33,13.04,13.29,3468106,45899862.38
2026-09-29,sz,002007,华兰生物,13.19,13.11,13.24,12.97,13.02,7580478,99129202.88
2026-09-29,sz,002008,大族激光,82.0,81.0,82.47,80.8,81.76,30091409,2456502833.82
2026-09-29,sz,002009,天奇股份,15.36,15.53,15.55,15.2,15.37,7928508,122122756.64
2026-09-29,sz,002010,传化智联,4.47,4.46,4.59,4.46,4.57,14585404,66307495.24
2026-09-29,sz,002011,盾安环境,12.83,12.74,12.83,12.4,12.5,38780142,489336704.84
2026-09-29,sz,002012,凯恩股份,6.93,6.92,7.0,6.87,6.89,5617801,38999519.91
2026-09-29,sz,002014,永新股份,10.98,10.95,11.12,10.95,11.07,1836150,20296390.4
2026-09-29,sz,002015,协鑫能科,14.52,14.5,14.64,14.44,14.55,26976774,392477802.6
2026-09-29,sz,002016,世荣兆业,4.61,4.66,4.87,4.63,4.84,15599442,74641017.14
2026-09-29,sz,002017,东信和平,13.75,13.76,13.98,13.65,13.86,7807523,108357182.44
2026-09-29,sz,002019,亿帆医药,9.38,9.37,9.44,9.2,9.23,7736590,71932721.0
2026-09-29,sz,002020,京新药业,11.35,11.34,11.56,11.24,11.34,10584520,120497378.2
2026-09-29,sz,002021,中捷资源,2.56,2.58,2.65,2.52,2.63,26342205,68281226.4
2026-09-29,sz,002022,科华生物,6.04,6.01,6.09,5.95,5.97,17926614,107462729.15
2026-09-29,sz,002023,海特高新,9.38,9.36,9.51,9.34,9.44,8733763,82561269.57
2026-09-29,sz,002024,ST易购,1.14,1.15,1.16,1.14,1.15,18417200,21167183.0
2026-09-29,sz,002025,航天电器,68.56,68.0,69.11,67.71,68.1,4698298,320633819.97
2026-09-29,sz,002026,山东威达,10.89,10.7,11.22,10.7,11.09,8826399,97374776.52
2026-09-29,sz,002027,分众传媒,4.68,4.67,4.7,4.64,4.65,129431170,603735553.02
2026-09-29,sz,002028,思源电气,121.07,122.8,123.0,119.02,120.81,8661539,1044225516.73
2026-09-29,sz,002029,七 匹 狼,8.86,8.99,9.25,8.71,8.96,39379745,353291531.36
2026-09-29,sz,002030,达安基因,5.62,5.59,5.7,5.55,5.64,14515707,81708523.78
2026-09-29,sz,002031,巨轮智能,5.56,5.45,6.08,5.31,5.69,226005403,1266311105.55
2026-09-29,sz,002032,苏 泊 尔,39.66,39.41,39.93,39.41,39.51,1824560,72229933.8
2026-09-29,sz,002033,丽江股份,8.19,8.19,8.25,8.17,8.18,7304802,59901291.4
2026-09-29,sz,002034,旺能环境,13.84,13.84,14.06,13.76,13.97,4562257,63699288.41
2026-09-29,sz,002035,华帝股份,4.8,4.79,4.85,4.73,4.81,23443467,112391152.75
2026-09-29,sz,002036,联创电子,5.97,5.95,6.07,5.89,6.02,15840480,95035422.2
2026-09-29,sz,002037,保利联合,6.71,6.71,6.81,6.67,6.74,2993600,20243642.0
2026-09-29,sz,002038,双鹭药业,5.6,5.58,5.72,5.55,5.59,15051600,84723044.83
2026-09-29,sz,002039,黔源电力,19.48,19.41,19.6,19.06,19.09,7547933,145528359.21
2026-09-29,sz,002040,南 京 港,8.93,8.89,8.94,8.76,8.78,11228560,99210504.8
2026-09-29,sz,002041,登海种业,9.4,9.35,9.46,9.27,9.3,15835932,147782775.92
2026-09-29,sz,002042,华孚时尚,3.67,3.62,3.71,3.58,3.65,30066746,109924274.99
2026-09-29,sz,002043,兔 宝 宝,11.35,11.33,11.69,11.23,11.37,10664160,121832996.52
2026-09-29,sz,002044,美年健康,4.41,4.39,4.5,4.39,4.47,43401832,193585540.04
2026-09-29,sz,002045,国光电器,8.63,8.65,8.85,8.6,8.78,10279845,89754293.3
2026-09-29,sz,002046,国机精工,61.48,60.95,61.47,59.7,60.45,9291874,561713208.45
2026-09-29,sz,002047,宝鹰股份,3.11,3.09,3.16,3.08,3.12,13997800,43759771.0
2026-09-29,sz,002048,宁波华翔,17.86,17.71,18.09,17.51,17.79,10431863,185200300.5
2026-09-29,sz,002049,紫光国微,58.63,58.36,58.88,58.25,58.41,6562707,384018239.35
2026-09-29,sz,002050,三花智控,35.44,35.19,35.82,34.7,35.65,30851173,1092714968.01
2026-09-29,sz,002051,中工国际,8.51,8.46,8.6,8.45,8.59,14232832,121718630.6
2026-09-29,sz,002052,同洲电子,8.02,8.08,8.14,8.0,8.03,4419500,35617536.0
2026-09-29,sz,002053,云南能投,9.41,9.38,9.62,9.34,9.57,5685023,54166999.99
2026-09-29,sz,002054,德美化工,6.99,6.95,7.09,6.95,7.06,5401590,38084296.5
2026-09-29,sz,002055,ST得润,6.5,6.47,6.64,6.46,6.54,10326400,67709404.0
2026-09-29,sz,002056,横店东磁,19.37,19.37,19.85,19.37,19.55,13496443,265650897.26
2026-09-29,sz,002057,中钢天源,8.64,8.68,8.82,8.64,8.79,8074378,70769792.28
2026-09-29,sz,002058,紫竹高科,16.69,17.08,18.36,16.84,18.36,5116000,92043597.0
2026-09-29,sz,002059,云南旅游,4.21,4.23,4.3,4.22,4.23,29139000,124002482.0
2026-09-29,sz,002060,广东建工,3.0,2.99,3.04,2.99,3.02,13061600,39554273.0
2026-09-29,sz,002061,浙江交科,3.26,3.26,3.31,3.26,3.3,14135220,46559505.6
2026-09-29,sz,002062,宏润建设,8.8,8.8,9.13,8.74,8.96,17153746,153086560.55
2026-09-29,sz,002063,远光软件,5.2,5.2,5.27,5.18,5.24,11411709,59734419.26
2026-09-29,sz,002064,华峰化学,9.53,9.5,9.59,9.17,9.4,36546847,341509546.52
2026-09-29,sz,002065,东华软件,6.46,6.45,6.54,6.45,6.5,13270020,86294535.08
2026-09-29,sz,002066,瑞泰科技,19.65,19.65,19.8,19.47,19.6,1467700,28810534.0
2026-09-29,sz,002067,景兴纸业,3.95,3.94,4.0,3.93,3.95,17593024,69830264.04
2026-09-29,sz,002068,黑猫股份,9.12,9.04,9.48,9.01,9.1,30685369,282579488.47
2026-09-29,sz,002069,獐子岛,3.67,3.69,3.7,3.62,3.66,7181499,26366832.33
2026-09-29,sz,002072,凯瑞德,7.09,7.11,7.24,7.06,7.16,6976000,50086135.0
2026-09-29,sz,002073,软控股份,5.58,5.58,5.66,5.55,5.64,8823541,49729597.96
2026-09-29,sz,002074,国轩高科,26.07,27.5,28.68,27.2,28.68,46143977,1301852767.17
2026-09-29,sz,002075,沙钢股份,3.46,3.46,3.51,3.45,3.48,17500416,61080543.9
2026-09-29,sz,002076,星光股份,2.09,2.09,2.13,2.08,2.12,21905947,46300372.6
2026-09-29,sz,002077,大港股份,14.79,14.5,14.92,14.25,14.35,50023575,724370965.04
2026-09-29,sz,002078,太阳纸业,13.54,13.6,13.66,13.33,13.55,15897650,214268077.5
2026-09-29,sz,002079,苏州固锝,8.55,8.54,8.66,8.49,8.58,12486381,107384203.98
2026-09-29,sz,002080,中材科技,52.74,52.88,54.99,52.25,54.81,46472580,2501310458.15
2026-09-29,sz,002081,金 螳 螂,4.76,4.73,4.9,4.7,4.78,130735343,629208018.7
2026-09-29,sz,002082,ST万邦,13.2,13.2,13.45,12.51,12.81,26577930,343888920.7
2026-09-29,sz,002083,孚日股份,9.21,9.38,9.4,9.19,9.25,14716133,137143442.24
2026-09-29,sz,002084,海鸥住工,5.8,5.8,6.01,5.71,5.8,91339930,532376279.8
2026-09-29,sz,002085,万丰奥威,9.28,9.26,9.34,9.16,9.18,18004600,165819532.0
2026-09-29,sz,002086,东方海洋,2.02,2.01,2.04,1.98,2.0,37649400,76101338.0
2026-09-29,sz,002088,鲁阳节能,7.96,7.96,8.16,7.94,7.99,1455400,11728227.0
2026-09-29,sz,002090,金智科技,8.85,8.9,9.05,8.87,8.94,3585100,32176746.0
2026-09-29,sz,002091,江苏国泰,7.49,7.45,7.53,7.44,7.46,7193100,53733668.0
2026-09-29,sz,002092,中泰化学,4.3,4.3,4.34,4.28,4.31,23310900,100570318.0
2026-09-29,sz,002093,国脉科技,8.16,8.0,8.0,7.84,7.98,41228422,326678796.97
2026-09-29,sz,002094,青岛金王,5.06,5.0,5.13,4.98,5.05,21993030,111535497.03
2026-09-29,sz,002095,生 意 宝,15.82,15.8,16.02,15.58,15.68,9090353,143058569.15
2026-09-29,sz,002096,易普力,8.96,8.91,9.01,8.9,8.95,2252230,20154501.2
2026-09-29,sz,002097,山河智能,6.73,6.73,6.82,6.69,6.78,8460400,57393392.0
2026-09-29,sz,002098,浔兴股份,8.32,8.21,8.38,8.21,8.28,4747670,39373535.2
2026-09-29,sz,002099,海翔药业,6.0,6.03,6.19,5.9,6.0,34936942,211660247.97
2026-09-29,sz,002100,天康生物,7.86,7.81,7.91,7.74,7.87,19963101,156135854.47
2026-09-29,sz,002101,广东鸿图,8.44,8.38,8.57,8.38,8.5,2877049,24504786.38
2026-09-29,sz,002102,ST能特,2.56,2.53,2.57,2.53,2.55,6521303,16644595.65
2026-09-29,sz,002103,广博股份,6.59,6.65,6.84,6.53,6.74,5996700,40267513.0
2026-09-29,sz,002104,恒宝股份,10.21,10.15,10.26,10.13,10.16,18062500,184132325.0
2026-09-29,sz,002105,信隆健康,5.98,5.95,6.13,5.92,6.08,6025700,36511886.0
2026-09-29,sz,002106,莱宝高科,12.16,11.78,12.23,11.78,12.06,36315958,435959018.17
2026-09-29,sz,002107,沃华医药,7.11,7.09,7.18,7.0,7.1,11612500,82442980.0
2026-09-29,sz,002108,沧州明珠,4.24,4.25,4.31,4.23,4.25,11185350,47663332.5
2026-09-29,sz,002109,ST兴化,2.79,2.77,2.81,2.77,2.8,2350400,6571028.0
2026-09-29,sz,002110,三钢闽光,2.84,2.83,2.9,2.82,2.87,25568502,73327664.74
2026-09-29,sz,002111,威海广泰,9.32,9.22,9.29,9.15,9.2,6496100,59800007.0
2026-09-29,sz,002112,三变科技,13.89,13.92,14.07,13.8,13.87,5426780,75552574.0
2026-09-29,sz,002114,罗平锌电,7.12,7.13,7.26,7.06,7.21,6726243,48317436.17
2026-09-29,sz,002115,三维通信,9.54,9.46,9.55,9.38,9.42,24323281,229873146.67
2026-09-29,sz,002116,中国海诚,7.07,7.06,7.17,7.03,7.15,2232474,15916622.36
2026-09-29,sz,002117,东港股份,7.81,7.85,7.92,7.8,7.83,5853591,46009366.53
2026-09-29,sz,002119,康强电子,29.71,29.07,29.84,28.0,28.27,92416812,2658653398.77
2026-09-29,sz,002120,韵达股份,6.77,6.75,6.85,6.75,6.8,21300356,144985219.24
2026-09-29,sz,002121,科陆电子,4.13,4.09,4.18,4.08,4.12,14438000,59811160.16
2026-09-29,sz,002122,ST汇洲,2.7,2.7,2.78,2.69,2.77,10528700,28947813.0
2026-09-29,sz,002123,梦网科技,7.53,7.5,7.73,7.46,7.66,11008265,83934866.9
2026-09-29,sz,002124,天邦食品,2.0,2.0,2.02,1.99,2.0,51693340,103280520.6
2026-09-29,sz,002125,湘潭电化,11.65,11.7,12.01,11.69,11.91,9984500,118880633.0
2026-09-29,sz,002126,银轮股份,34.37,34.4,34.97,34.0,34.2,11640286,399777144.43
2026-09-29,sz,002127,南极电商,2.95,2.9,2.99,2.9,2.98,46487754,137132280.3
2026-09-29,sz,002128,电投能源,27.74,27.82,28.24,27.15,28.14,14107832,390309403.72
2026-09-29,sz,002129,TCL中环,9.12,9.25,9.45,9.11,9.11,81242578,752233222.24
2026-09-29,sz,002130,沃尔核材,15.68,15.66,15.76,15.61,15.66,12269300,192478467.0
2026-09-29,sz,002131,利欧股份,4.2,4.18,4.31,4.17,4.25,152807458,648860958.02
2026-09-29,sz,002132,恒星科技,3.99,3.98,4.03,3.96,3.97,19855477,79259236.0
2026-09-29,sz,002133,广宇集团,2.83,2.83,2.99,2.83,2.93,17403801,50753604.89
2026-09-29,sz,002134,天津普林,24.3,24.06,25.5,23.93,25.16,15425699,385830078.22
2026-09-29,sz,002135,东南网架,5.87,5.87,6.01,5.81,5.94,9351103,55194073.73
2026-09-29,sz,002136,安 纳 达,11.62,11.61,11.83,11.52,11.76,3680210,43211880.8
2026-09-29,sz,002137,实益达,7.74,7.71,8.35,7.67,7.9,40287543,322572461.42
2026-09-29,sz,002138,顺络电子,47.89,47.53,49.5,47.53,48.88,17930060,874070984.44
2026-09-29,sz,002139,拓邦股份,9.6,9.53,9.68,9.52,9.58,7917388,76136886.89
2026-09-29,sz,002140,东华科技,9.0,9.0,9.0,8.81,8.95,6782100,60528490.0
2026-09-29,sz,002141,贤丰控股,6.29,6.25,6.59,6.18,6.58,158070900,1020687593.02
2026-09-29,sz,002142,宁波银行,34.55,34.48,34.93,34.38,34.81,19241520,667957378.31
2026-09-29,sz,002144,宏达高科,10.82,10.85,11.15,10.74,11.09,3516000,38808019.0
2026-09-29,sz,002145,钛能化学,4.64,4.6,4.67,4.57,4.6,49959525,230139274.95
2026-09-29,sz,002146,荣盛发展,1.21,1.23,1.33,1.22,1.29,376228256,483023218.82
2026-09-29,sz,002148,北纬科技,6.15,6.12,6.3,6.11,6.26,7257200,45295290.0
2026-09-29,sz,002149,西部材料,31.55,31.56,31.87,31.2,31.55,10093691,317996087.95
2026-09-29,sz,002150,正泰电源,20.06,20.02,20.12,19.51,19.61,5202100,102806186.0
2026-09-29,sz,002151,北斗星通,28.45,28.39,28.69,28.02,28.15,10637825,300454293.0
2026-09-29,sz,002152,广电运通,8.88,8.88,8.95,8.87,8.94,7952800,70919624.0
2026-09-29,sz,002153,石基信息,7.29,7.26,7.44,7.26,7.4,10548286,77845546.95
2026-09-29,sz,002154,报 喜 鸟,3.81,3.8,3.85,3.78,3.82,17970632,68730580.24
2026-09-29,sz,002155,湖南黄金,22.67,22.6,23.22,22.5,23.08,29510965,675662197.74
2026-09-29,sz,002156,通富微电,58.9,58.91,61.8,58.91,60.36,65917896,3986686145.93
2026-09-29,sz,002157,正邦科技,2.91,2.9,2.94,2.9,2.92,67221140,196662129.75
2026-09-29,sz,002158,汉钟精机,24.66,24.55,25.15,24.28,24.84,10189511,250394381.94
2026-09-29,sz,002159,三特索道,13.25,13.23,13.43,13.23,13.29,1453300,19376503.0
2026-09-29,sz,002160,常铝股份,3.8,3.81,3.93,3.79,3.9,13624721,52780648.22
2026-09-29,sz,002161,远 望 谷,6.28,6.26,6.61,6.22,6.44,26927601,173681938.98
2026-09-29,sz,002162,悦心健康,4.13,4.12,4.22,4.07,4.18,17798101,74282961.2
2026-09-29,sz,002163,海南发展,7.32,7.27,7.56,7.27,7.49,22739544,169664361.4
2026-09-29,sz,002164,宁波东力,12.31,12.2,12.35,11.98,12.05,29001644,352059034.56
2026-09-29,sz,002165,红 宝 丽,6.76,6.77,6.82,6.67,6.77,23837744,161438335.99
2026-09-29,sz,002166,莱茵生物,6.71,6.68,6.75,6.63,6.66,6780500,45314438.0
2026-09-29,sz,002167,东方锆业,15.2,15.21,15.79,15.07,15.59,28012088,433042035.08
2026-09-29,sz,002168,ST惠程,3.55,3.54,3.6,3.52,3.57,2951600,10529854.0
2026-09-29,sz,002169,智光电气,12.26,12.16,12.31,12.0,12.13,17949818,218238180.7
2026-09-29,sz,002170,芭田股份,10.49,10.45,10.53,10.35,10.52,9829579,102568269.39
2026-09-29,sz,002171,楚江新材,9.67,9.65,9.8,9.6,9.64,24962864,241849861.66
2026-09-29,sz,002172,澳洋健康,5.07,5.01,5.58,4.98,5.49,222033396,1214702659.58
2026-09-29,sz,002173,创新医疗,17.16,17.17,17.42,17.01,17.08,12360332,212259138.64
2026-09-29,sz,002174,游族网络,13.24,13.09,13.97,12.98,13.4,43887445,595407189.01
2026-09-29,sz,002175,*ST东智,2.44,2.44,2.49,2.42,2.48,6500600,16052039.0
2026-09-29,sz,002176,江特电机,8.08,8.02,8.26,8.02,8.2,25198100,206226266.7
2026-09-29,sz,002177,御银股份,5.39,5.38,5.53,5.33,5.49,14220266,77739849.38
2026-09-29,sz,002178,延华智能,4.9,4.84,5.25,4.81,4.99,44803387,224849552.93
2026-09-29,sz,002179,中航光电,33.27,33.27,33.39,32.78,32.9,16221740,534377596.32
2026-09-29,sz,002180,奔图科技,16.07,16.11,16.39,16.0,16.26,7424500,120175991.0
2026-09-29,sz,002181,粤 传 媒,8.69,8.35,9.11,8.35,9.0,82755288,730940125.65
2026-09-29,sz,002182,宝武镁业,10.97,10.96,11.12,10.92,11.04,7228963,79768216.98
2026-09-29,sz,002183,怡 亚 通,4.08,4.06,4.16,4.06,4.15,30458772,125788370.04
2026-09-29,sz,002184,海得控制,9.81,9.86,10.0,9.76,9.94,3323310,33051238.41
2026-09-29,sz,002185,华天科技,16.99,16.92,17.32,16.84,17.02,145388492,2479965304.48
2026-09-29,sz,002186,全 聚 德,9.32,9.39,9.39,9.28,9.34,2667298,24939500.36
2026-09-29,sz,002187,广百股份,5.4,5.41,5.48,5.36,5.46,6161101,33558778.45
2026-09-29,sz,002188,中天服务,5.57,5.58,5.89,5.55,5.82,11242900,64812105.0
2026-09-29,sz,002189,中光学,18.92,18.92,19.16,18.7,19.05,1947919,36972120.29
2026-09-29,sz,002190,成飞集成,23.04,23.07,23.18,22.88,22.92,2442749,56199875.77
2026-09-29,sz,002191,劲嘉股份,3.49,3.47,3.54,3.47,3.5,7412786,26045038.28
2026-09-29,sz,002192,融捷股份,56.09,56.56,57.73,56.1,56.97,9215814,523620284.3
2026-09-29,sz,002193,ST如意,4.54,4.51,4.63,4.51,4.55,1975700,9060759.0
2026-09-29,sz,002194,武汉凡谷,10.0,10.01,10.08,9.9,9.98,15175036,151720401.47
2026-09-29,sz,002195,岩山科技,5.88,5.86,6.0,5.84,5.95,57010998,338807337.67
2026-09-29,sz,002196,方正电机,10.26,10.15,10.36,10.01,10.16,20858271,212335050.04
2026-09-29,sz,002197,证通电子,6.38,6.38,6.55,6.35,6.5,15324500,99441951.44
2026-09-29,sz,002198,ST嘉应,3.57,3.55,3.6,3.54,3.59,2143301,7655449.57
2026-09-29,sz,002199,东晶电子,11.46,11.46,11.55,11.3,11.51,3013500,34540825.0
2026-09-29,sz,002200,交投生态,6.68,6.66,6.85,6.58,6.82,4172400,28275154.58
2026-09-29,sz,002201,九鼎新材,9.33,9.28,9.53,9.27,9.3,25353210,237529943.7
2026-09-29,sz,002202,金风科技,17.23,17.07,17.3,17.02,17.09,47186451,809381856.45
2026-09-29,sz,002203,海亮股份,17.09,17.07,17.53,17.0,17.48,13405848,232667683.57
2026-09-29,sz,002204,大连重工,5.21,5.22,5.3,5.21,5.27,18307007,96354117.21
2026-09-29,sz,002205,国统股份,11.6,10.86,12.76,10.84,12.76,25596489,316349680.35
2026-09-29,sz,002206,海 利 得,4.84,4.87,4.89,4.83,4.85,4779593,23222851.12
2026-09-29,sz,002207,*ST准油,5.64,5.56,5.61,5.39,5.4,8655900,47246813.0
2026-09-29,sz,002208,合肥城建,9.69,9.76,10.17,9.75,10.06,27010121,270920430.29
2026-09-29,sz,002209,达 意 隆,13.23,13.23,13.59,13.02,13.39,2967600,39661544.0
2026-09-29,sz,002210,飞马国际,2.07,2.07,2.11,2.05,2.08,29964800,62615218.0
2026-09-29,sz,002211,ST宏达,3.69,3.7,3.75,3.68,3.74,1990300,7415502.0
2026-09-29,sz,002212,天融信,7.28,7.21,7.54,7.06,7.38,179769441,1321330002.79
2026-09-29,sz,002213,大为股份,27.75,27.75,28.96,27.47,27.83,8341490,233856843.94
2026-09-29,sz,002214,大立科技,17.55,17.72,17.94,17.43,17.78,4929442,87434012.94
2026-09-29,sz,002215,诺 普 信,9.33,9.39,9.43,9.2,9.26,12653805,117416279.05
2026-09-29,sz,002216,三全食品,11.48,11.47,11.55,11.3,11.33,3846410,43794660.12
2026-09-29,sz,002217,ST合力泰,1.51,1.51,1.53,1.5,1.52,62873500,95578000.0
2026-09-29,sz,002218,拓日新能,3.68,3.67,3.81,3.64,3.75,41728345,156731161.77
2026-09-29,sz,002219,新里程,2.07,2.06,2.11,2.05,2.08,55781488,116251906.38
2026-09-29,sz,002221,东华能源,5.59,5.59,5.64,5.57,5.58,7540294,42192999.52
2026-09-29,sz,002222,福晶科技,61.72,62.34,63.45,61.38,62.15,15595559,974112879.27
2026-09-29,sz,002223,鱼跃医疗,26.33,26.22,26.46,25.38,25.67,12424912,320507995.48
2026-09-29,sz,002224,三 力 士,3.69,3.67,3.73,3.65,3.71,6889500,25559349.0
2026-09-29,sz,002225,濮耐股份,3.37,3.39,3.44,3.34,3.41,14408092,49148063.18
2026-09-29,sz,002226,江南化工,4.86,4.83,4.9,4.81,4.85,14269360,69407098.8
2026-09-29,sz,002227,*ST特迅,6.43,6.46,6.53,6.37,6.41,926100,5967595.0
2026-09-29,sz,002228,合兴包装,3.23,3.2,3.26,3.19,3.23,19900720,64391228.8
2026-09-29,sz,002229,鸿博股份,10.26,10.16,10.34,10.15,10.21,12535546,128649406.1
2026-09-29,sz,002230,科大讯飞,37.25,37.1,37.46,37.03,37.2,11120494,414815426.92
2026-09-29,sz,002232,启明信息,16.28,16.35,17.31,16.1,17.15,41426846,701465002.37
2026-09-29,sz,002233,塔牌集团,6.67,6.67,6.72,6.65,6.68,8982272,59974156.11
2026-09-29,sz,002234,民和股份,7.81,7.95,7.97,7.76,7.93,4384600,34698293.0
2026-09-29,sz,002235,安妮股份,7.67,7.67,7.76,7.62,7.66,10283973,79203993.88
2026-09-29,sz,002236,大华股份,15.22,15.2,15.28,15.18,15.23,11212621,170835924.92
2026-09-29,sz,002237,恒邦股份,12.24,12.24,12.41,12.16,12.35,16412857,201126263.19
2026-09-29,sz,002238,天威视讯,7.59,6.83,7.77,6.83,7.52,89582761,646745166.7
2026-09-29,sz,002239,奥特佳,2.42,2.42,2.48,2.41,2.46,44782343,110010668.55
2026-09-29,sz,002240,盛新锂能,24.44,24.57,25.27,24.47,25.05,21286589,530014545.97
2026-09-29,sz,002241,歌尔股份,23.15,23.0,23.26,22.84,23.0,47735017,1098733728.51
2026-09-29,sz,002242,九阳股份,10.33,11.05,11.36,10.89,11.36,19118897,214461390.43
2026-09-29,sz,002243,力合科创,6.81,6.81,6.98,6.79,6.94,6709211,46467373.77
2026-09-29,sz,002244,滨江集团,8.6,8.73,9.46,8.63,9.46,83245778,768002083.7
2026-09-29,sz,002245,蔚蓝锂芯,16.24,16.24,16.7,16.15,16.2,48049394,785789177.81
2026-09-29,sz,002246,北化股份,24.93,24.7,25.13,23.84,25.07,24487276,605290243.39
2026-09-29,sz,002247,聚力文化,2.47,2.46,2.51,2.44,2.48,16247500,40450946.0
2026-09-29,sz,002248,华东数控,9.29,9.21,9.45,9.14,9.34,7370000,68872016.0
2026-09-29,sz,002249,大洋电机,6.41,6.42,6.46,6.33,6.4,19746881,126647009.58
2026-09-29,sz,002250,联化科技,14.14,14.23,14.3,13.77,13.92,13330698,186902094.19
2026-09-29,sz,002251,步步高,3.35,3.35,3.41,3.34,3.39,51240610,173746519.0
2026-09-29,sz,002252,上海莱士,5.08,5.06,5.2,5.05,5.17,63820120,327304989.0
2026-09-29,sz,002253,川大智胜,8.48,8.55,8.73,8.44,8.56,8496750,73126662.5
2026-09-29,sz,002254,泰和新材,11.63,11.54,11.65,11.45,11.57,10573364,122132353.21
2026-09-29,sz,002255,海陆重工,7.23,7.29,7.35,7.24,7.26,4097100,29877824.45
2026-09-29,sz,002256,兆新股份,3.12,3.11,3.16,3.09,3.13,19055027,59695296.51
2026-09-29,sz,002258,利尔化学,13.93,13.9,13.98,13.63,13.83,12248526,169095641.2
2026-09-29,sz,002259,升达林业,4.81,4.75,4.93,4.66,4.89,37523500,180447283.0
2026-09-29,sz,002261,拓维信息,24.1,24.11,24.28,24.03,24.08,14192353,342652619.47
2026-09-29,sz,002262,恩华药业,21.55,21.55,21.65,21.33,21.5,3613906,77620180.27
2026-09-29,sz,002263,大东南,3.09,3.09,3.24,3.08,3.21,61856261,197722987.42
2026-09-29,sz,002264,新 华 都,7.64,7.4,7.66,7.17,7.57,55935666,420351010.51
2026-09-29,sz,002265,建设工业,18.95,18.94,19.1,18.76,18.9,6203956,117367083.97
2026-09-29,sz,002266,浙富控股,4.53,4.53,4.56,4.51,4.54,48176610,218354064.4
2026-09-29,sz,002267,陕天然气,7.15,7.14,7.17,7.1,7.15,3607328,25721246.08
2026-09-29,sz,002268,电科网安,14.84,14.78,15.2,14.71,15.08,18963921,285077981.54
2026-09-29,sz,002269,美邦服饰,1.36,1.36,1.4,1.35,1.37,39992360,55220706.8
2026-09-29,sz,002270,华明装备,17.02,16.99,17.15,16.88,17.02,8293808,141230269.84
2026-09-29,sz,002271,东方雨虹,10.12,10.13,10.45,10.11,10.43,35102400,363448679.5
2026-09-29,sz,002272,川润股份,14.42,14.28,14.45,14.12,14.23,13664634,195405270.5
2026-09-29,sz,002273,水晶光电,23.85,23.85,24.04,23.33,23.51,28267287,668794834.31
2026-09-29,sz,002274,华昌化工,5.81,5.76,5.89,5.76,5.83,9722482,56778986.24
2026-09-29,sz,002275,桂林三金,12.07,12.13,12.15,12.01,12.07,780440,9434149.2
2026-09-29,sz,002276,万马股份,9.73,9.73,9.85,9.68,9.74,5636297,55085436.72
2026-09-29,sz,002277,友阿股份,5.07,4.99,5.0,4.81,4.85,30539154,149317372.39
2026-09-29,sz,002278,神开股份,7.89,7.88,8.57,7.86,8.32,30642345,255087397.2
2026-09-29,sz,002279,久其软件,6.47,6.45,6.75,6.41,6.67,27988049,185711115.93
2026-09-29,sz,002281,光迅科技,163.8,164.38,168.38,162.18,166.9,23767031,3944868530.96
2026-09-29,sz,002282,博深股份,6.06,6.03,6.15,6.02,6.09,3810250,23269889.5
2026-09-29,sz,002283,天润工业,7.69,7.68,7.72,7.4,7.45,25001723,187569103.07
2026-09-29,sz,002284,亚太股份,9.22,9.22,9.38,9.16,9.25,9807508,91090934.68
2026-09-29,sz,002285,世联行,3.26,3.33,3.42,3.05,3.21,312884599,1006101576.69
2026-09-29,sz,002286,保龄宝,8.31,8.27,8.32,8.18,8.24,13235000,109142481.0
2026-09-29,sz,002287,奇正藏药,19.29,19.16,19.39,19.09,19.12,1089700,20901514.3
2026-09-29,sz,002289,宇顺电子,33.88,34.26,34.79,33.29,33.58,1829900,61756353.0
2026-09-29,sz,002290,禾盛新材,69.6,69.01,70.57,67.0,69.9,6600495,452389269.28
2026-09-29,sz,002291,遥望科技,5.36,5.42,5.63,5.37,5.59,43143999,239133515.88
2026-09-29,sz,002292,奥飞娱乐,8.55,8.53,8.68,8.42,8.56,33725101,288899887.51
2026-09-29,sz,002293,罗莱生活,10.66,10.6,10.71,10.48,10.59,4471151,47441910.18
2026-09-29,sz,002294,信立泰,29.86,29.86,30.41,29.72,29.95,6137178,184548175.52
2026-09-29,sz,002295,精艺股份,9.65,9.69,9.96,9.54,9.86,7611000,75004662.0
2026-09-29,sz,002296,辉煌科技,9.75,9.67,9.71,9.54,9.58,13883656,133541620.31
2026-09-29,sz,002297,博云新材,20.38,19.8,20.34,19.7,20.15,49589401,995773878.14
2026-09-29,sz,002298,中电鑫龙,8.61,8.53,9.04,8.25,9.04,72047418,635677155.05
2026-09-29,sz,002299,圣农发展,15.8,15.7,15.8,15.43,15.51,8001500,124456493.0
2026-09-29,sz,002300,太阳电缆,7.83,7.69,7.95,7.59,7.77,33408822,259439628.53
2026-09-29,sz,002301,齐心集团,8.48,8.39,9.08,8.39,8.82,31232115,273806719.18
2026-09-29,sz,002302,西部建设,4.61,4.62,4.73,4.62,4.69,5118300,24000269.0
2026-09-29,sz,002303,美盈森,6.09,6.08,6.7,6.07,6.7,146428631,953673790.94
2026-09-29,sz,002304,洋河股份,37.01,37.01,37.19,36.9,36.9,3542305,131008163.74
2026-09-29,sz,002305,*ST南置,2.02,2.02,2.12,2.01,2.08,23177000,48009871.0
2026-09-29,sz,002306,ST云网,2.11,2.1,2.13,2.07,2.11,7323200,15391616.0
2026-09-29,sz,002307,北新路桥,2.88,2.89,2.97,2.87,2.95,18657022,54823673.37
2026-09-29,sz,002309,中利集团,2.76,2.77,2.83,2.76,2.8,58679400,164855938.0
2026-09-29,sz,002310,东方新能,2.28,2.29,2.37,2.24,2.25,81652900,186525657.0
2026-09-29,sz,002311,海大集团,41.38,41.36,41.7,40.91,41.2,6119625,252228475.94
2026-09-29,sz,002312,川发龙蟒,8.11,8.05,8.15,8.05,8.11,10219647,82885970.74
2026-09-29,sz,002313,日海智能,8.63,8.61,9.4,8.54,8.93,24273901,218020796.14
2026-09-29,sz,002314,南山控股,2.27,2.29,2.4,2.29,2.37,45716400,108133810.0
2026-09-29,sz,002315,焦点科技,24.14,24.22,25.16,24.1,24.94,9099944,225542544.68
2026-09-29,sz,002316,亚联发展,4.36,4.33,4.56,4.33,4.5,18675990,83618545.0
2026-09-29,sz,002317,众生药业,23.11,23.0,23.55,22.6,22.79,15358941,352864475.98
2026-09-29,sz,002318,久立特材,18.08,18.0,18.1,17.5,17.52,6622101,116973734.76
2026-09-29,sz,002319,乐通股份,9.98,9.79,10.23,9.79,10.17,8010920,80998776.0
2026-09-29,sz,002320,海峡股份,6.34,6.25,6.36,6.21,6.27,21541072,135608872.81
2026-09-29,sz,002321,华英农业,2.12,2.07,2.12,2.04,2.08,119484420,248105058.2
2026-09-29,sz,002322,理工能科,12.01,11.91,12.01,11.83,11.89,6321800,75251848.0
2026-09-29,sz,002323,*ST雅博,1.22,1.21,1.24,1.21,1.22,24602952,30112126.44
2026-09-29,sz,002324,普利特,8.67,8.65,8.9,8.6,8.85,15704325,138504499.25
2026-09-29,sz,002326,永太科技,15.99,15.89,16.36,15.89,16.16,12034577,195118348.75
2026-09-29,sz,002327,富安娜,6.06,6.05,6.11,6.03,6.1,1544100,9395304.0
2026-09-29,sz,002328,新朋股份,8.26,8.31,8.48,8.23,8.26,40163593,335377407.53
2026-09-29,sz,002329,皇氏集团,3.54,3.52,3.68,3.51,3.66,26355901,94934871.57
2026-09-29,sz,002330,得利斯,4.1,4.06,4.15,4.06,4.11,7025000,28836976.0
2026-09-29,sz,002331,皖通科技,6.74,6.72,7.13,6.7,7.04,13568464,94964998.48
2026-09-29,sz,002332,仙琚制药,8.65,8.67,8.69,8.55,8.58,8631106,74194387.36
2026-09-29,sz,002333,罗普斯金,5.58,5.51,5.58,5.44,5.52,16856900,92659909.0
2026-09-29,sz,002334,英威腾,6.36,6.33,6.47,6.31,6.42,6019200,38723380.0
2026-09-29,sz,002335,科华数据,30.4,30.4,31.29,30.12,30.75,23331808,713891930.9
2026-09-29,sz,002337,赛象科技,4.7,4.7,4.8,4.65,4.77,8084400,38521272.0
2026-09-29,sz,002338,奥普光电,43.67,43.72,44.05,43.02,43.17,3650196,158560677.28
2026-09-29,sz,002339,积成电子,7.03,6.99,7.12,6.94,7.06,14343457,101112502.52
2026-09-29,sz,002340,格林美,5.99,5.99,6.07,5.98,6.04,37515224,226950527.12
2026-09-29,sz,002342,巨力索具,8.68,8.83,8.9,8.38,8.45,186866434,1595864418.39
2026-09-29,sz,002343,慈文传媒,5.59,5.63,5.78,5.55,5.72,12447003,70999024.44
2026-09-29,sz,002344,海宁皮城,3.95,3.95,4.04,3.93,4.0,7986691,31987513.51
2026-09-29,sz,002345,潮宏基,8.3,8.23,8.33,8.06,8.11,15578382,126862211.11
2026-09-29,sz,002346,柘中股份,17.97,17.86,18.11,17.7,17.9,4374027,78440857.67
2026-09-29,sz,002347,泰尔股份,6.42,6.31,6.85,6.21,6.6,113612927,740348344.29
2026-09-29,sz,002348,高乐股份,10.49,10.41,10.73,10.3,10.68,7876100,83348888.0
2026-09-29,sz,002349,精华制药,8.68,8.51,8.78,8.35,8.37,62569545,533082765.78
2026-09-29,sz,002350,北京科锐,13.42,13.28,13.61,13.28,13.45,4122680,55665153.98
2026-09-29,sz,002351,漫步者,9.87,9.83,9.95,9.8,9.87,3575687,35363133.17
2026-09-29,sz,002352,顺丰控股,30.44,30.44,30.61,30.14,30.51,15818201,480911614.74
2026-09-29,sz,002353,杰瑞股份,110.4,110.0,110.99,108.57,109.78,10281643,1129393621.37
2026-09-29,sz,002354,天娱数科,7.15,7.15,7.31,7.11,7.24,98955065,716351194.02
2026-09-29,sz,002355,兴民智通,4.6,4.59,4.67,4.55,4.62,7130500,32987819.74
2026-09-29,sz,002356,鹏飞绿能,2.62,2.61,2.67,2.59,2.65,12277200,32587918.0
2026-09-29,sz,002357,富临运业,11.37,11.27,11.63,11.25,11.58,5651200,64934187.0
2026-09-29,sz,002358,森源电气,5.09,5.09,5.15,5.08,5.13,5355000,27462966.0
2026-09-29,sz,002360,ST同德,5.58,5.57,5.57,5.32,5.37,5846500,31632515.56
2026-09-29,sz,002361,神剑股份,10.14,10.0,10.35,9.75,9.79,67272527,663925101.75
2026-09-29,sz,002362,汉王科技,15.85,15.6,16.04,15.41,15.82,4845936,76667347.12
2026-09-29,sz,002363,隆基机械,6.88,6.81,7.05,6.81,6.98,5159116,35955724.32
2026-09-29,sz,002364,中恒电气,32.61,32.35,33.13,32.1,32.8,10254266,335956621.84
2026-09-29,sz,002365,永安药业,13.18,13.11,13.43,12.99,13.0,12832217,168474117.79
2026-09-29,sz,002366,融发核电,5.48,5.46,5.51,5.45,5.47,11038379,60584245.71
2026-09-29,sz,002367,康力电梯,5.75,5.81,6.24,5.71,6.17,39458615,238885197.52
2026-09-29,sz,002368,太极股份,12.59,12.51,12.78,12.49,12.72,5128840,64979616.42
2026-09-29,sz,002369,卓翼科技,5.51,5.51,5.64,5.47,5.6,7579884,42393046.43
2026-09-29,sz,002370,亚太药业,5.09,5.09,5.3,5.05,5.1,13306900,68672808.0
2026-09-29,sz,002371,北方华创,633.93,633.94,640.8,623.04,628.96,4212613,2652154985.16
2026-09-29,sz,002372,伟星新材,8.09,8.09,8.32,8.08,8.27,9901535,81351566.32
2026-09-29,sz,002373,千方科技,7.26,7.26,7.4,7.24,7.37,8585953,63008455.63
2026-09-29,sz,002374,中锐股份,3.27,3.26,3.36,3.25,3.3,17021500,56444534.0
2026-09-29,sz,002375,亚厦股份,3.77,3.79,3.93,3.76,3.86,20705700,79938865.0
2026-09-29,sz,002376,新北洋,6.67,6.65,6.7,6.56,6.59,13654429,90647323.72
2026-09-29,sz,002377,国创高新,2.89,2.9,2.94,2.88,2.93,31206912,91025073.8
2026-09-29,sz,002378,章源钨业,21.36,21.32,21.5,21.2,21.28,10218966,218200078.68
2026-09-29,sz,002379,宏桥控股,15.77,15.79,16.32,15.63,16.3,23930702,382565752.13
2026-09-29,sz,002380,科远智慧,26.62,26.68,27.09,26.31,26.85,1953100,52336870.0
2026-09-29,sz,002381,双箭股份,5.56,5.58,5.67,5.52,5.65,3272500,18394228.19
2026-09-29,sz,002382,蓝帆医疗,6.09,6.03,6.21,6.03,6.1,20016588,122587138.88
2026-09-29,sz,002383,合众思壮,8.1,7.98,8.28,7.87,8.08,24155023,194131158.22
2026-09-29,sz,002384,东山精密,168.28,169.01,172.31,168.28,171.21,36132857,6157783215.19
2026-09-29,sz,002385,大北农,3.06,3.06,3.09,3.05,3.07,26321600,80869704.0
2026-09-29,sz,002386,天原股份,5.75,5.84,5.88,5.78,5.79,9022149,52527930.79
2026-09-29,sz,002387,维信诺,6.7,6.84,6.94,6.6,6.63,10175151,68073830.17
2026-09-29,sz,002388,新亚制程,7.78,7.78,8.39,7.67,8.27,61697000,501564446.0
2026-09-29,sz,002389,航天彩虹,18.08,18.03,18.14,17.76,17.93,10418003,186480653.4
2026-09-29,sz,002390,信邦制药,2.91,2.91,2.98,2.9,2.92,21672470,63715673.4
2026-09-29,sz,002391,长青股份,5.07,5.04,5.13,5.03,5.11,5567450,28371272.5
2026-09-29,sz,002392,北京利尔,7.48,7.48,7.51,7.39,7.41,7150400,53206913.0
2026-09-29,sz,002393,力生制药,13.85,13.83,14.0,13.76,13.87,1480810,20567578.1
2026-09-29,sz,002394,联发股份,10.28,10.35,10.98,10.15,10.59,9788500,103392920.92
2026-09-29,sz,002395,双象股份,13.98,13.84,14.12,13.58,13.68,18720293,257890856.37
2026-09-29,sz,002396,星网锐捷,32.99,31.53,33.17,31.52,32.86,45048279,1472191974.8
2026-09-29,sz,002397,梦洁股份,3.57,3.55,3.66,3.54,3.62,12890000,46668183.0
2026-09-29,sz,002398,垒知集团,4.26,4.22,4.32,4.22,4.27,12274849,52524406.71
2026-09-29,sz,002399,海普瑞,9.66,9.65,9.77,9.56,9.61,2899500,27962038.0
2026-09-29,sz,002400,省广集团,6.26,6.28,6.52,6.25,6.48,61782872,396873883.35
2026-09-29,sz,002401,中远海科,11.99,11.92,12.13,11.91,12.08,1809220,21827686.6
2026-09-29,sz,002402,和而泰,17.81,17.7,17.98,17.7,17.81,11644900,208209246.0
2026-09-29,sz,002403,爱仕达,10.47,10.37,10.48,10.18,10.23,19857740,204603307.1
2026-09-29,sz,002404,嘉欣丝绸,5.8,5.78,5.86,5.77,5.84,4732050,27583892.0
2026-09-29,sz,002405,四维图新,5.89,5.87,5.95,5.85,5.91,17340050,102700914.5
2026-09-29,sz,002406,远东传动,6.41,6.41,6.48,6.38,6.42,5819000,37394886.0
2026-09-29,sz,002407,多氟多,29.75,29.7,30.09,29.62,29.78,32469228,969412970.33
2026-09-29,sz,002408,齐翔腾达,5.23,5.2,5.24,5.08,5.09,18868980,96788558.6
2026-09-29,sz,002409,雅克科技,124.7,124.4,125.62,123.04,124.55,8905029,1105999633.95
2026-09-29,sz,002410,广联达,8.31,8.3,8.52,8.28,8.46,14709480,124356862.6
2026-09-29,sz,002412,汉森制药,8.84,8.88,9.39,8.73,8.82,44415619,400226497.67
2026-09-29,sz,002413,雷科防务,9.18,8.94,9.09,8.7,8.78,198977917,1763600927.26
2026-09-29,sz,002414,高德红外,11.37,11.33,11.42,11.26,11.27,25423943,287628568.65
2026-09-29,sz,002415,海康威视,32.16,32.17,32.4,31.98,32.11,26372955,847142084.99
2026-09-29,sz,002416,爱施德,8.8,8.76,8.98,8.75,8.9,8127900,72502564.0
2026-09-29,sz,002418,康盛股份,4.28,4.28,4.4,4.21,4.36,59250000,258713668.0
2026-09-29,sz,002419,天虹股份,4.56,4.54,4.65,4.54,4.63,9361120,43161949.22
2026-09-29,sz,002420,毅昌科技,6.02,6.02,6.15,5.96,6.1,5804800,35342444.0
2026-09-29,sz,002421,达实智能,3.13,3.09,3.26,3.09,3.21,146423295,466483683.82
2026-09-29,sz,002422,科伦药业,38.6,38.77,40.47,38.42,39.22,16675789,658335044.14
2026-09-29,sz,002423,中粮资本,9.05,9.04,9.17,9.01,9.11,8512900,77688370.0
2026-09-29,sz,002424,ST百灵,4.71,4.68,4.77,4.62,4.63,9866900,46249604.0
2026-09-29,sz,002425,凯撒文化,3.03,3.02,3.15,2.99,3.12,29098300,90109992.0
2026-09-29,sz,002426,胜利精密,2.67,2.63,2.69,2.6,2.65,120074806,318349330.82
2026-09-29,sz,002427,尤夫股份,4.48,4.48,4.57,4.45,4.53,7944300,36035478.0
2026-09-29,sz,002428,云南锗业,87.77,86.81,87.99,85.4,87.16,25214516,2186571364.12
2026-09-29,sz,002429,兆驰股份,8.03,8.0,8.27,7.98,8.14,49539966,404813675.7
2026-09-29,sz,002430,杭氧股份,24.12,24.0,24.35,23.83,24.22,7665071,184466447.12
2026-09-29,sz,002431,ST棕榈,1.29,1.29,1.31,1.29,1.3,9144003,11908841.9
2026-09-29,sz,002432,九安医疗,59.18,58.79,60.8,58.48,60.34,9246553,553379656.64
2026-09-29,sz,002434,万里扬,6.18,6.22,6.23,6.12,6.16,10452352,64321810.8
2026-09-29,sz,002436,兴森科技,41.14,41.1,42.94,40.2,42.2,85622804,3586112929.78
2026-09-29,sz,002437,誉衡药业,3.45,3.44,3.58,3.38,3.47,190192890,663504929.87
2026-09-29,sz,002438,江苏神通,13.94,13.95,14.02,13.55,13.65,5302100,72743233.0
2026-09-29,sz,002439,启明星辰,14.35,14.29,15.1,14.29,14.94,54268773,803946786.27
2026-09-29,sz,002440,闰土股份,13.2,13.13,13.17,12.86,12.99,33055567,430194297.42
2026-09-29,sz,002441,众业达,8.14,8.14,8.26,8.09,8.25,4088032,33571500.48
2026-09-29,sz,002442,龙星科技,5.23,5.23,5.42,5.23,5.32,19356090,103317418.97
2026-09-29,sz,002443,金洲管道,12.42,12.3,13.13,12.21,12.85,33384500,429474855.0
2026-09-29,sz,002444,巨星科技,26.96,27.05,27.11,26.21,26.58,10273737,272280677.57
2026-09-29,sz,002445,中南文化,3.08,3.08,3.11,3.07,3.1,24913023,77118688.57
2026-09-29,sz,002446,盛路通信,7.75,7.81,7.85,7.7,7.74,15665161,121656737.34
2026-09-29,sz,002448,中原内配,10.74,10.73,10.86,10.6,10.77,7074000,76201280.0
2026-09-29,sz,002449,国星光电,6.47,6.44,6.57,6.44,6.53,5894623,38522873.42
2026-09-29,sz,002451,摩恩电气,7.46,7.45,7.6,7.37,7.52,7195400,54275880.0
2026-09-29,sz,002452,长高电气,11.22,11.13,11.44,11.13,11.35,7227130,81799456.5
2026-09-29,sz,002453,华软科技,4.6,4.64,4.96,4.58,4.72,60449287,288362867.19
2026-09-29,sz,002454,松芝股份,5.11,5.11,5.18,5.06,5.1,6441329,33015748.88
2026-09-29,sz,002455,百川股份,6.65,6.75,6.89,6.58,6.8,18511899,126010537.14
2026-09-29,sz,002456,欧菲光,6.51,6.5,6.54,6.46,6.48,36669443,238361359.56
2026-09-29,sz,002457,青龙管业,10.87,10.84,11.23,10.84,11.11,12389617,137657723.52
2026-09-29,sz,002458,益生股份,8.12,8.09,8.13,8.01,8.05,18211081,146703117.7
2026-09-29,sz,002459,晶澳科技,6.56,6.56,6.65,6.54,6.6,20567431,135955283.18
2026-09-29,sz,002460,赣锋锂业,41.9,42.49,43.75,42.06,43.38,35161969,1512095476.65
2026-09-29,sz,002461,珠江啤酒,8.29,8.27,8.37,8.21,8.31,4087822,33900455.5
2026-09-29,sz,002462,嘉事堂,12.24,12.3,12.31,12.15,12.18,1822500,22311680.0
2026-09-29,sz,002463,沪电股份,117.2,117.3,120.18,115.69,119.07,25770498,3054806184.2
2026-09-29,sz,002465,海格通信,10.0,9.98,10.08,9.91,10.0,38059586,380462880.14
2026-09-29,sz,002466,天齐锂业,39.41,39.69,40.8,39.6,40.55,27917167,1123965112.59
2026-09-29,sz,002467,二六三,4.99,4.88,5.1,4.82,5.06,94953089,470321323.89
2026-09-29,sz,002468,申通快递,14.61,14.52,14.8,14.49,14.69,9658721,141562794.97
2026-09-29,sz,002469,三维化学,5.99,6.04,6.07,5.98,6.02,3394200,20419971.0
2026-09-29,sz,002470,金正大,1.95,1.97,1.99,1.95,1.97,84874000,167763694.0
2026-09-29,sz,002471,中超控股,5.26,5.21,5.32,5.2,5.21,40497168,212567893.01
2026-09-29,sz,002472,双环传动,38.79,38.61,39.05,37.89,38.7,17704623,680094176.71
2026-09-29,sz,002474,榕基软件,6.39,6.35,6.88,6.3,6.73,46912134,311678367.36
2026-09-29,sz,002475,立讯精密,49.92,49.92,50.88,49.8,50.4,54037648,2718682090.87
2026-09-29,sz,002476,新叶股份,4.87,4.9,4.92,4.85,4.88,4774000,23322456.0
2026-09-29,sz,002478,常宝股份,6.41,6.36,6.43,6.29,6.3,12282481,77812352.28
2026-09-29,sz,002479,富春环保,5.8,5.71,5.81,5.68,5.71,9307400,53361983.0
2026-09-29,sz,002480,新筑股份,5.65,5.65,5.75,5.53,5.53,37568822,211250178.77
2026-09-29,sz,002481,双塔食品,4.25,4.25,4.27,4.18,4.22,9708175,41032620.5
2026-09-29,sz,002482,广田集团,1.33,1.33,1.39,1.33,1.37,83500586,114095728.82
2026-09-29,sz,002483,润邦股份,5.86,5.89,5.94,5.83,5.87,8386155,49355558.22
2026-09-29,sz,002484,江海股份,52.16,51.0,53.3,50.5,52.84,33255536,1732666720.96
2026-09-29,sz,002485,ST雪发,5.76,5.83,5.84,5.73,5.84,1382760,8017844.2
2026-09-29,sz,002486,嘉麟杰,2.68,2.67,2.73,2.65,2.69,22887100,61796899.0
2026-09-29,sz,002487,大金重工,41.38,40.6,45.45,39.61,42.93,95312115,4060077375.3
2026-09-29,sz,002488,金固股份,7.19,7.2,7.26,7.11,7.19,9139170,65840747.3
2026-09-29,sz,002489,浙江永强,2.92,2.89,2.94,2.89,2.9,20239900,59021220.0
2026-09-29,sz,002490,山东墨龙,6.96,6.89,7.0,6.88,6.94,10716991,74531765.28
2026-09-29,sz,002491,通鼎互联,21.42,20.01,20.9,20.01,20.62,123280488,2519677002.17
2026-09-29,sz,002492,恒基达鑫,6.36,6.36,6.67,6.29,6.52,11606900,75776849.0
2026-09-29,sz,002493,荣盛石化,13.69,13.69,13.76,13.06,13.25,55496879,735974714.24
2026-09-29,sz,002494,华斯股份,4.84,4.81,5.32,4.79,5.32,29339297,152720772.42
2026-09-29,sz,002495,佳隆股份,2.42,2.42,2.45,2.39,2.43,17931465,43548252.74
2026-09-29,sz,002496,辉丰股份,2.09,2.09,2.12,2.07,2.1,13149100,27643837.0
2026-09-29,sz,002497,雅化集团,15.44,15.46,15.8,15.41,15.72,19602432,306941423.98
2026-09-29,sz,002498,汉缆股份,6.1,6.05,6.12,6.04,6.06,24271200,147562102.0
2026-09-29,sz,002500,山西证券,5.09,5.07,5.18,5.06,5.15,16540591,84966331.34
2026-09-29,sz,002501,*ST利源,1.27,1.27,1.29,1.26,1.27,17414700,22244362.0
2026-09-29,sz,002506,协鑫集成,2.31,2.3,2.37,2.29,2.35,147710634,346544399.06
2026-09-29,sz,002507,涪陵榨菜,11.09,11.07,11.12,11.03,11.08,3513620,38863200.1
2026-09-29,sz,002508,老板电器,16.55,16.4,16.65,16.4,16.6,4481489,74047093.34
2026-09-29,sz,002510,天汽模,5.61,5.57,5.78,5.54,5.68,15705398,89485580.64
2026-09-29,sz,002511,中顺洁柔,6.86,6.84,6.92,6.84,6.91,5329508,36731429.2
2026-09-29,sz,002512,ST达华,3.7,3.7,3.79,3.7,3.72,11825000,44285041.0
2026-09-29,sz,002513,蓝丰生化,5.32,5.24,5.54,5.24,5.47,8186600,44378402.0
2026-09-29,sz,002514,*ST宝馨,2.54,2.5,2.5,2.29,2.41,40365211,96240622.19
2026-09-29,sz,002515,金字火腿,7.08,7.07,7.33,7.0,7.25,46489302,333742153.68
2026-09-29,sz,002516,旷达科技,5.59,5.57,5.62,5.52,5.54,10941102,60843333.76
2026-09-29,sz,002517,恺英网络,15.68,15.66,15.93,15.6,15.87,19821596,313501467.48
2026-09-29,sz,002518,科士达,33.9,33.84,34.58,33.56,34.33,8720182,298085605.74
2026-09-29,sz,002519,银河电子,5.67,5.64,5.84,5.58,5.66,35262688,199517842.49
2026-09-29,sz,002520,日发精机,6.41,6.36,6.45,6.27,6.35,24565448,156009189.4
2026-09-29,sz,002521,齐峰新材,6.13,6.09,6.22,6.09,6.2,3045945,18815490.1
2026-09-29,sz,002522,浙江众成,5.25,5.21,5.38,5.2,5.34,29869770,159440872.04
2026-09-29,sz,002523,天桥起重,3.4,3.4,3.47,3.38,3.44,21368688,73394048.75
2026-09-29,sz,002524,光正眼科,4.03,4.14,4.38,4.07,4.2,31850500,134122042.0
2026-09-29,sz,002526,山东矿机,2.56,2.56,2.62,2.55,2.59,14246234,37010010.4
2026-09-29,sz,002527,新时达,10.47,10.57,10.67,10.44,10.63,3779791,40026281.39
2026-09-29,sz,002528,*ST英飞,5.92,5.92,6.31,5.92,6.21,24870127,153032398.03
2026-09-29,sz,002529,海源复材,6.61,6.62,6.87,6.55,6.83,5548900,37630320.0
2026-09-29,sz,002530,金财互联,6.94,6.96,7.13,6.92,7.07,7351348,51986557.8
2026-09-29,sz,002531,天顺风能,7.78,7.59,8.35,7.4,7.64,179413907,1399472074.96
2026-09-29,sz,002532,天山铝业,11.75,11.69,12.33,11.59,12.21,60654825,724799828.75
2026-09-29,sz,002533,金杯电工,10.71,10.74,10.91,10.7,10.91,4617254,50026729.74
2026-09-29,sz,002534,西子洁能,16.7,16.98,17.22,16.55,17.03,7897595,133783748.2
2026-09-29,sz,002535,林州重机,2.42,2.42,2.52,2.39,2.5,17875730,44280833.4
2026-09-29,sz,002536,飞龙股份,46.5,46.06,47.0,45.79,46.52,18371679,854109713.06
2026-09-29,sz,002537,海联金汇,5.57,5.55,5.68,5.53,5.65,12987000,73189575.0
2026-09-29,sz,002538,ST司特,6.83,6.92,7.03,6.87,6.89,9241055,64075519.57
2026-09-29,sz,002539,云图控股,11.77,11.75,11.86,11.52,11.58,9738792,113060264.76
2026-09-29,sz,002540,亚太科技,4.91,4.89,5.0,4.89,4.97,5600415,27806685.63
2026-09-29,sz,002541,鸿路钢构,18.26,18.12,18.95,18.06,18.44,11608010,215062166.54
2026-09-29,sz,002542,*ST中岩,1.53,1.54,1.63,1.54,1.59,16242358,25872451.22
2026-09-29,sz,002543,万和电气,7.37,7.31,7.46,7.28,7.4,11908667,87673814.94
2026-09-29,sz,002544,普天科技,15.26,15.48,15.49,15.21,15.41,6593679,101358040.13
2026-09-29,sz,002545,东方铁塔,13.82,13.71,13.96,13.58,13.79,19177035,263556178.53
2026-09-29,sz,002546,新联电子,7.26,7.25,7.33,7.23,7.28,4987070,36378392.3
2026-09-29,sz,002547,*ST春兴,2.4,2.38,2.56,2.38,2.51,28908880,71794948.0
2026-09-29,sz,002548,金新农,3.86,3.92,3.97,3.79,3.92,21286030,83340799.02
2026-09-29,sz,002549,凯美特气,12.55,12.49,12.63,12.38,12.4,8836023,110194699.97
2026-09-29,sz,002550,千红制药,6.35,6.31,6.41,6.3,6.33,7193690,45598597.8
2026-09-29,sz,002551,尚荣医疗,3.36,3.36,3.4,3.28,3.37,11576200,38992899.0
2026-09-29,sz,002552,宝鼎科技,46.42,45.9,47.48,45.58,46.59,11792273,548013014.98
2026-09-29,sz,002553,南方精工,17.34,16.83,17.08,16.56,16.94,23666985,397616808.38
2026-09-29,sz,002554,惠博普,2.71,2.71,2.76,2.7,2.72,11217150,30670038.0
2026-09-29,sz,002555,三七互娱,17.05,17.0,17.14,17.0,17.06,9873650,168668816.0
2026-09-29,sz,002556,辉隆股份,5.06,5.03,5.09,5.02,5.03,7297100,36833677.0
2026-09-29,sz,002557,洽洽食品,18.44,18.44,18.51,18.06,18.12,5747100,104759451.97
2026-09-29,sz,002558,巨人网络,22.18,22.06,22.44,22.02,22.12,41541598,923597295.97
2026-09-29,sz,002559,亚威股份,8.68,8.7,8.76,8.63,8.72,9471200,82514513.0
2026-09-29,sz,002560,通达股份,6.5,6.45,6.56,6.42,6.51,27358011,178338309.23
2026-09-29,sz,002561,徐家汇,7.28,7.26,7.33,7.23,7.25,3897700,28371031.0
2026-09-29,sz,002562,兄弟科技,4.79,4.78,4.86,4.77,4.84,11330500,54737783.0
2026-09-29,sz,002563,森马服饰,5.41,5.38,5.45,5.34,5.39,11203800,60494032.0
2026-09-29,sz,002564,天沃科技,5.1,5.09,5.19,5.0,5.15,30109000,154917544.0
2026-09-29,sz,002565,顺灏股份,8.53,8.4,8.65,8.28,8.29,76546842,640894351.73
2026-09-29,sz,002566,益盛药业,7.01,7.01,7.14,6.92,7.08,5063700,35857073.0
2026-09-29,sz,002567,唐人神,3.63,3.61,3.68,3.59,3.66,19139604,69793952.49
2026-09-29,sz,002568,百润股份,19.41,19.21,19.4,18.85,18.91,14906584,283358205.22
2026-09-29,sz,002569,*ST步森,11.59,11.52,12.06,11.5,12.0,2376700,28146687.0
2026-09-29,sz,002570,贝因美,4.37,4.44,4.57,4.39,4.4,30468100,135401011.0
2026-09-29,sz,002571,德力股份,10.82,10.6,10.95,10.6,10.66,2737300,29524411.0
2026-09-29,sz,002572,索菲亚,7.42,7.38,7.69,7.38,7.63,10700532,81286037.84
2026-09-29,sz,002573,清新环境,3.08,3.09,3.12,3.07,3.1,7549743,23434861.95
2026-09-29,sz,002574,明牌珠宝,4.94,4.94,5.09,4.86,5.05,11558440,58062590.0
2026-09-29,sz,002575,群兴玩具,4.99,5.05,5.11,4.96,5.05,14865000,75282385.0
2026-09-29,sz,002576,通达动力,14.53,14.45,14.73,14.4,14.66,2288360,33525293.8
2026-09-29,sz,002577,雷柏科技,21.41,21.39,21.7,20.9,20.91,5422511,114798547.23
2026-09-29,sz,002578,闽发铝业,4.12,4.18,4.18,4.06,4.16,17910600,73986165.0
2026-09-29,sz,002579,中京电子,17.3,16.69,18.3,16.68,17.9,102635279,1823379429.8
2026-09-29,sz,002580,圣阳股份,18.21,18.48,19.21,18.46,18.7,44817616,844001361.98
2026-09-29,sz,002581,*ST未名,4.76,4.71,4.84,4.71,4.75,2681800,12849581.0
2026-09-29,sz,002582,好想你,9.31,9.3,9.36,9.26,9.28,4978300,46342599.0
2026-09-29,sz,002583,海能达,8.46,8.05,8.16,7.8,7.88,70116976,554433911.85
2026-09-29,sz,002584,西陇科学,8.57,8.51,8.85,8.43,8.68,66255715,577339807.25
2026-09-29,sz,002585,双星新材,10.46,10.37,10.75,10.17,10.67,78125046,826749556.83
2026-09-29,sz,002586,围海股份,3.65,3.64,3.74,3.6,3.63,5955100,21832878.0
2026-09-29,sz,002587,奥拓电子,5.19,5.16,5.32,5.14,5.29,11274100,59455869.37
2026-09-29,sz,002588,史丹利,7.36,7.32,7.38,7.31,7.36,6438296,47228280.72
2026-09-29,sz,002589,瑞康医药,3.25,3.21,3.32,3.16,3.24,90079196,292845812.62
2026-09-29,sz,002590,万安科技,9.47,9.51,9.67,9.43,9.57,4453429,42780712.0
2026-09-29,sz,002591,恒大高新,6.34,6.32,6.61,6.26,6.56,12519202,81411226.58
2026-09-29,sz,002592,ST八菱,6.19,6.22,6.29,6.19,6.25,1384200,8651862.0
2026-09-29,sz,002593,日上集团,4.59,4.57,4.65,4.56,4.6,9279800,42827443.0
2026-09-29,sz,002594,比亚迪,83.35,83.2,83.42,81.7,82.02,21605586,1776358464.22
2026-09-29,sz,002595,豪迈科技,38.24,38.24,39.38,38.0,38.37,4911180,190099870.75
2026-09-29,sz,002596,海南瑞泽,3.22,3.22,3.33,3.21,3.29,25614040,83932239.4
2026-09-29,sz,002597,金禾实业,20.91,20.87,21.3,20.7,21.24,4003485,84102397.4
2026-09-29,sz,002598,ST章鼓,6.79,6.77,6.89,6.77,6.82,955800,6540980.0
2026-09-29,sz,002599,盛通股份,5.51,5.46,5.6,5.46,5.57,6360306,35386239.94
2026-09-29,sz,002600,领益智造,12.01,11.9,12.06,11.86,11.98,48600690,583184855.0
2026-09-29,sz,002601,龙佰集团,14.75,14.74,14.83,14.53,14.62,10051614,147191173.42
2026-09-29,sz,002602,世纪华通,13.87,13.77,14.03,13.76,13.88,51347552,713038603.97
2026-09-29,sz,002603,以岭药业,15.15,15.14,15.26,15.0,15.02,10558404,159349574.48
2026-09-29,sz,002605,姚记科技,16.27,16.3,16.49,16.25,16.43,2177800,35726531.0
2026-09-29,sz,002606,大连电瓷,11.84,11.84,11.94,11.76,11.84,6658224,78903375.14
2026-09-29,sz,002607,中公教育,1.83,1.84,1.87,1.83,1.84,102805349,190398122.66
2026-09-29,sz,002608,江苏国信,7.25,7.25,7.31,7.19,7.22,7820200,56601014.0
2026-09-29,sz,002609,捷顺科技,7.9,7.86,8.01,7.85,7.96,5979648,47593551.9
2026-09-29,sz,002611,东方精工,14.71,14.56,14.61,14.32,14.43,18343721,265115508.17
2026-09-29,sz,002612,朗姿股份,16.99,16.68,17.44,16.68,17.13,9681302,165070717.78
2026-09-29,sz,002613,北玻股份,3.29,3.3,3.38,3.29,3.35,28600840,95923061.2
2026-09-29,sz,002614,奥佳华,8.5,8.29,8.45,7.77,8.13,138396904,1116697151.43
2026-09-29,sz,002615,哈尔斯,6.35,6.33,6.39,6.3,6.31,4644000,29407077.0
2026-09-29,sz,002616,长青集团,4.77,4.76,4.87,4.75,4.8,4913194,23644418.14
2026-09-29,sz,002617,露笑科技,6.75,6.65,6.8,6.64,6.78,72190852,485921034.16
2026-09-29,sz,002620,*ST瑞和,5.2,5.2,5.42,5.18,5.39,7067300,37684033.0
2026-09-29,sz,002622,皓宸医疗,2.55,2.58,2.62,2.5,2.54,65171800,166631493.0
2026-09-29,sz,002623,亚玛顿,18.78,18.56,19.07,18.35,18.4,9110310,169638702.49
2026-09-29,sz,002624,完美世界,9.37,9.35,9.63,9.32,9.57,38166155,362323520.12
2026-09-29,sz,002625,光启技术,22.47,22.09,23.1,21.71,22.9,42873427,959953417.74
2026-09-29,sz,002626,金达威,16.02,15.96,16.09,15.89,15.96,2364250,37747927.5
2026-09-29,sz,002627,三峡旅游,6.5,6.48,6.57,6.48,6.53,5582467,36479558.52
2026-09-29,sz,002628,成都路桥,4.86,4.86,4.93,4.82,4.86,11936480,58313701.4
2026-09-29,sz,002629,仁智股份,4.31,4.31,4.44,4.27,4.41,10641554,46729952.06
2026-09-29,sz,002630,*ST华西,1.49,1.48,1.51,1.46,1.46,18241220,26991558.2
2026-09-29,sz,002631,德尔未来,12.99,13.3,13.69,12.88,13.44,45470643,607007104.1
2026-09-29,sz,002632,道明光学,9.12,9.1,9.29,9.01,9.02,13270059,121063854.49
2026-09-29,sz,002633,申科股份,15.27,15.29,15.76,15.11,15.18,5102987,78107054.78
2026-09-29,sz,002634,*ST棒杰,4.04,4.04,4.04,3.9,3.91,5480600,21838499.0
2026-09-29,sz,002635,安洁科技,14.72,14.69,15.35,14.35,14.76,37332560,554389450.72
2026-09-29,sz,002636,金安国纪,79.3,77.81,83.88,76.01,83.03,45269274,3629214011.6
2026-09-29,sz,002637,赞宇科技,10.18,10.15,10.35,10.05,10.08,12058000,122807842.0
2026-09-29,sz,002638,勤上股份,4.87,4.85,5.03,4.79,4.95,51904050,255917244.5
2026-09-29,sz,002639,雪人集团,14.25,13.98,14.54,13.77,13.85,78400902,1107134760.82
2026-09-29,sz,002640,跨境通,3.96,4.05,4.22,3.89,3.94,472255236,1914147358.37
2026-09-29,sz,002641,公元股份,3.75,3.78,3.8,3.75,3.8,5077279,19225319.33
2026-09-29,sz,002642,荣联科技,6.88,6.81,7.04,6.78,6.99,11879046,82544031.48
2026-09-29,sz,002643,万润股份,12.56,12.47,12.85,12.43,12.67,10576880,134260449.4
2026-09-29,sz,002644,佛慈制药,8.26,8.21,8.35,8.17,8.18,3494488,28826784.28
2026-09-29,sz,002645,华宏科技,17.06,17.09,17.47,16.98,17.19,14575280,250572443.98
2026-09-29,sz,002646,天佑德酒,7.08,7.08,7.14,6.98,7.06,9890599,69598664.0
2026-09-29,sz,002647,仁东控股,11.51,11.45,11.52,11.26,11.34,12048800,137226739.95
2026-09-29,sz,002648,卫星化学,26.79,26.75,26.75,25.48,25.9,44257966,1143757643.18
2026-09-29,sz,002649,博彦科技,9.05,9.08,9.25,9.02,9.19,5700029,52316309.8
2026-09-29,sz,002650,ST加加,6.32,6.4,6.46,6.29,6.29,3317000,21128139.0
2026-09-29,sz,002651,利君股份,7.94,7.88,7.98,7.85,7.87,6794006,53603275.94
2026-09-29,sz,002652,扬子新材,4.46,4.46,4.57,4.41,4.51,13342389,60279578.28
2026-09-29,sz,002653,海思科,60.71,60.59,62.88,60.22,61.93,3552940,220506559.25
2026-09-29,sz,002654,万润科技,12.5,12.5,12.75,12.33,12.65,26006654,327076204.35
2026-09-29,sz,002655,共达电声,34.52,34.53,34.9,34.0,34.37,12693400,437044343.0
2026-09-29,sz,002656,摩登大道,2.76,2.76,2.84,2.74,2.82,13170200,36928390.0
2026-09-29,sz,002657,中科金财,14.49,14.4,15.04,14.38,14.85,6045912,89655024.28
2026-09-29,sz,002658,雪迪龙,7.27,7.23,7.36,7.2,7.25,4934632,35841969.18
2026-09-29,sz,002659,凯文教育,4.66,4.64,4.78,4.63,4.71,13405305,63325057.2
2026-09-29,sz,002660,茂硕电源,7.76,7.84,8.13,7.76,8.06,7384400,59195718.0
2026-09-29,sz,002661,克明食品,7.56,7.55,7.56,7.48,7.51,4185800,31459420.53
2026-09-29,sz,002662,峰璟股份,3.1,3.1,3.15,3.09,3.12,9505378,29726522.36
2026-09-29,sz,002663,普邦股份,1.71,1.7,1.77,1.69,1.76,35376756,61751069.7
2026-09-29,sz,002664,信质集团,14.35,14.53,14.58,14.25,14.32,3203295,46091641.22
2026-09-29,sz,002666,德联集团,4.17,4.16,4.25,4.14,4.22,8511200,35941554.0
2026-09-29,sz,002667,*ST威领,22.0,21.9,23.97,19.8,22.19,34743377,761034221.67
2026-09-29,sz,002668,TCL智家,8.76,8.72,8.76,8.66,8.67,7422350,64525951.5
2026-09-29,sz,002669,康达新材,14.76,13.55,14.63,13.55,14.03,40338799,563761961.06
2026-09-29,sz,002670,国盛证券,11.03,10.97,11.3,10.97,11.23,13998865,157168713.91
2026-09-29,sz,002671,龙泉股份,4.02,4.02,4.1,4.0,4.06,7212600,29290364.0
2026-09-29,sz,002672,东江环保,3.67,3.66,3.83,3.63,3.68,28502385,105655254.5
2026-09-29,sz,002673,西部证券,6.53,6.53,6.62,6.51,6.59,15834164,104181546.14
2026-09-29,sz,002674,兴业科技,19.5,19.31,19.8,19.19,19.32,6641591,129329790.88
2026-09-29,sz,002675,东诚药业,12.65,12.61,12.81,12.49,12.75,5615600,70931054.0
2026-09-29,sz,002676,顺威股份,5.24,5.22,5.31,5.17,5.19,8594800,45007013.0
2026-09-29,sz,002677,浙江美大,6.18,6.19,6.22,6.07,6.09,7011256,42963133.48
2026-09-29,sz,002678,珠江钢琴,4.34,4.35,4.45,4.34,4.41,6611599,29080865.66
2026-09-29,sz,002679,福建金森,11.86,11.25,11.54,11.1,11.29,27111829,308470510.76
2026-09-29,sz,002681,奋达科技,4.42,4.4,4.52,4.38,4.49,22063368,98710609.35
2026-09-29,sz,002682,龙洲股份,4.92,4.89,5.0,4.87,4.92,15779928,77791171.9
2026-09-29,sz,002683,广东宏大,27.06,27.6,27.6,26.7,27.0,3484595,93874622.25
2026-09-29,sz,002685,华东重机,5.24,5.29,5.32,5.21,5.26,16915720,88956102.52
2026-09-29,sz,002686,亿利达,6.23,6.18,6.29,6.18,6.2,6785400,42332030.0
2026-09-29,sz,002687,乔治白,5.7,5.58,5.75,5.58,5.64,11671523,65981175.86
2026-09-29,sz,002688,金河生物,5.15,5.15,5.19,5.12,5.14,4827900,24897250.0
2026-09-29,sz,002689,ST远智,2.86,2.86,2.91,2.85,2.91,3458310,10002353.3
2026-09-29,sz,002690,美亚光电,15.39,15.43,15.55,15.2,15.32,3940699,60436836.29
2026-09-29,sz,002691,*ST冀凯,4.0,3.97,4.06,3.97,3.97,893300,3583456.0
2026-09-29,sz,002692,远程股份,4.24,4.24,4.33,4.2,4.29,9018140,38680340.8
2026-09-29,sz,002693,双成药业,9.1,9.03,9.15,8.94,8.96,12094000,109323527.01
2026-09-29,sz,002694,*ST顾地,2.52,2.49,2.55,2.48,2.51,3089400,7763442.0
2026-09-29,sz,002695,煌上煌,10.54,10.6,10.62,10.45,10.57,8625602,90802393.04
2026-09-29,sz,002696,百洋股份,6.49,6.45,6.65,6.43,6.59,13162599,86422954.48
2026-09-29,sz,002697,红旗连锁,4.61,4.6,4.68,4.59,4.67,12067837,56178983.73
2026-09-29,sz,002698,博实股份,11.12,11.08,11.19,11.0,11.02,5529165,61113092.59
2026-09-29,sz,002700,万憬能源,6.31,6.31,6.42,6.28,6.38,3148899,20068072.7
2026-09-29,sz,002701,奥瑞金,4.24,4.25,4.27,4.19,4.22,17634058,74377200.6
2026-09-29,sz,002702,海欣食品,5.44,5.37,5.5,5.31,5.32,23597753,126580937.61
2026-09-29,sz,002703,浙江世宝,15.26,14.95,15.56,14.71,15.17,26573691,404632344.75
2026-09-29,sz,002705,新宝股份,11.98,11.93,11.93,11.46,11.56,14154269,164558367.52
2026-09-29,sz,002706,良信股份,8.4,8.38,8.49,8.38,8.43,9148982,77149272.16
2026-09-29,sz,002707,众信旅游,5.02,5.03,5.09,5.01,5.02,11987199,60616395.97
2026-09-29,sz,002708,光洋股份,17.01,16.97,17.66,16.61,17.04,37206801,634057603.74
2026-09-29,sz,002709,天赐材料,30.47,30.78,31.5,30.7,31.08,36069090,1122912586.7
2026-09-29,sz,002712,思美传媒,4.88,4.97,5.18,4.82,5.13,19072600,96505467.02
2026-09-29,sz,002713,东易日盛,10.04,10.04,10.15,9.8,9.89,13467448,133931576.73
2026-09-29,sz,002714,牧原股份,41.71,41.68,42.41,41.48,42.29,31296819,1315904849.5
2026-09-29,sz,002715,登云股份,13.02,13.02,13.43,12.89,13.3,2846900,37699491.0
2026-09-29,sz,002716,湖南白银,8.53,8.52,8.8,8.35,8.73,92950432,801907610.99
2026-09-29,sz,002717,*ST岭南,0.77,0.69,0.69,0.69,0.69,17957200,12390468.0
2026-09-29,sz,002718,友邦吊顶,80.19,79.95,81.18,77.58,81.18,1090779,86305673.27
2026-09-29,sz,002719,ST麦趣,6.03,6.05,6.14,6.01,6.08,2119070,12900168.8
2026-09-29,sz,002721,金一文化,2.56,2.56,2.6,2.55,2.58,31045200,80161801.0
2026-09-29,sz,002722,物产金轮,13.2,13.2,13.3,13.09,13.19,3049513,40286079.58
2026-09-29,sz,002723,小崧股份,7.36,7.32,7.56,7.29,7.42,8390899,62607752.02
2026-09-29,sz,002724,海洋王,7.0,6.9,7.58,6.85,7.15,43624770,315188678.96
2026-09-29,sz,002725,跃岭股份,10.71,10.65,11.14,10.56,11.02,3716000,40741013.0
2026-09-29,sz,002726,ST龙大,2.43,2.44,2.47,2.38,2.38,26970958,65083830.82
2026-09-29,sz,002727,一心堂,10.68,10.66,10.73,10.59,10.64,2864400,30519902.0
2026-09-29,sz,002728,特一药业,9.67,9.62,9.97,9.6,9.72,15743319,154088019.6
2026-09-29,sz,002729,好利科技,13.46,13.45,13.9,13.45,13.79,3651100,50212650.0
2026-09-29,sz,002730,电光科技,20.98,20.93,20.93,20.45,20.72,5645400,117036625.0
2026-09-29,sz,002732,燕塘乳业,14.07,14.08,14.29,14.07,14.2,1223000,17374673.0
2026-09-29,sz,002733,雄韬股份,16.91,17.0,17.57,16.99,17.35,10987664,190628990.94
2026-09-29,sz,002734,利民股份,18.54,18.93,19.2,18.3,18.64,23096766,428735845.36
2026-09-29,sz,002735,王子新材,10.73,10.73,10.87,10.64,10.65,13193800,141743792.6
2026-09-29,sz,002736,国信证券,9.68,9.72,9.76,9.69,9.72,10276050,99971880.0
2026-09-29,sz,002737,葵花药业,11.3,11.29,11.38,11.16,11.18,3587300,40300753.0
2026-09-29,sz,002738,中矿资源,40.63,40.67,44.16,40.67,43.31,30525024,1302524464.56
2026-09-29,sz,002739,儒意电影,8.19,8.25,8.35,8.2,8.29,34420087,285618143.25
2026-09-29,sz,002741,光华科技,25.74,25.5,26.9,25.25,26.5,36145701,947790845.92
2026-09-29,sz,002742,冀衡医药,4.1,4.11,4.19,4.07,4.1,13298550,54880378.05
2026-09-29,sz,002743,ST富煌,4.49,4.36,4.56,4.33,4.34,15823510,69831465.8
2026-09-29,sz,002745,木林森,11.29,11.25,12.04,11.11,11.87,55760992,652083306.38
2026-09-29,sz,002746,仙坛股份,6.33,6.25,6.28,6.1,6.21,12775226,79270608.54
2026-09-29,sz,002747,埃斯顿,28.45,28.41,28.69,27.93,28.16,18402009,519447639.48
2026-09-29,sz,002748,世龙实业,11.92,11.95,12.04,11.82,12.0,3127200,37393969.0
2026-09-29,sz,002749,国光股份,8.44,8.4,8.44,8.35,8.37,1271798,10665235.43
2026-09-29,sz,002752,昇兴股份,6.02,6.02,6.07,6.0,6.03,4985999,30125199.83
2026-09-29,sz,002753,永东股份,6.71,6.71,6.77,6.66,6.68,4576025,30724912.03
2026-09-29,sz,002755,奥赛康,12.5,12.5,12.67,12.24,12.32,7727700,95860360.0
2026-09-29,sz,002756,永兴材料,37.87,37.76,39.05,37.76,38.65,8470206,326293016.7
2026-09-29,sz,002757,南兴股份,18.77,18.6,19.12,18.29,18.87,21449300,403362410.44
2026-09-29,sz,002758,浙农股份,8.48,8.47,8.52,8.37,8.41,4307875,36330617.0
2026-09-29,sz,002759,ST天际,13.44,13.65,14.15,13.61,13.65,17580700,243151946.0
2026-09-29,sz,002760,凤形股份,17.5,17.37,17.95,17.28,17.8,2367000,41968928.29
2026-09-29,sz,002761,浙江建投,7.25,7.26,7.55,7.25,7.39,13019600,96456418.01
2026-09-29,sz,002762,金发拉比,9.75,9.75,9.85,9.27,9.27,11357900,107161175.0
2026-09-29,sz,002763,汇洁股份,7.33,7.33,7.4,7.29,7.37,2871781,21145665.97
2026-09-29,sz,002765,蓝黛科技,6.78,6.75,6.9,6.75,6.82,4321269,29542175.65
2026-09-29,sz,002766,索菱股份,3.99,3.97,4.07,3.96,4.03,15663799,63250333.04
2026-09-29,sz,002767,先锋电子,18.27,18.27,18.52,18.0,18.39,1799900,33005716.0
2026-09-29,sz,002768,国恩股份,70.21,69.07,72.1,68.68,71.02,9388268,664508097.01
2026-09-29,sz,002769,普路通,6.61,6.62,6.86,6.58,6.82,8474050,57517974.01
2026-09-29,sz,002771,真视通,13.3,13.29,14.18,13.22,14.02,8798478,121257479.22
2026-09-29,sz,002772,众兴菌业,10.26,10.26,10.48,10.19,10.39,9402400,97654182.73
2026-09-29,sz,002773,康弘药业,21.1,21.4,23.08,21.2,22.35,26085879,577398112.62
2026-09-29,sz,002774,快意电梯,16.64,16.52,17.0,16.36,16.76,6122700,102698382.0
2026-09-29,sz,002775,文科股份,3.32,3.3,3.45,3.28,3.42,12098280,40784552.0
2026-09-29,sz,002777,久远银海,12.47,12.37,12.76,12.37,12.7,4706800,59562720.0
2026-09-29,sz,002778,中晟高科,15.69,15.71,16.09,15.6,15.88,1837100,29277618.0
2026-09-29,sz,002779,中坚科技,76.46,76.15,77.8,75.79,76.35,2005443,153787516.28
2026-09-29,sz,002780,三夫户外,14.84,14.92,15.0,14.6,14.64,4783680,70542704.0
2026-09-29,sz,002782,可立克,14.14,14.42,14.48,14.11,14.35,6471300,92939295.0
2026-09-29,sz,002783,凯龙股份,8.02,7.99,8.11,7.97,8.05,5532257,44479460.78
2026-09-29,sz,002785,万里石,36.9,35.5,36.0,34.1,34.93,8891313,309034054.49
2026-09-29,sz,002786,银宝山新,7.59,7.56,7.69,7.52,7.59,4416699,33632011.36
2026-09-29,sz,002787,华源控股,25.11,25.1,26.04,24.85,25.4,10886700,277337039.0
2026-09-29,sz,002788,鹭燕医药,10.69,10.61,10.8,10.51,10.57,10114500,107756216.0
2026-09-29,sz,002789,*ST建艺,13.74,13.7,14.36,13.68,14.26,2421800,34219589.0
2026-09-29,sz,002790,瑞尔特,6.4,6.39,6.56,6.33,6.49,16227725,105179493.55
2026-09-29,sz,002791,坚朗五金,15.11,15.12,15.76,15.09,15.67,6267300,97471888.0
2026-09-29,sz,002792,通宇通讯,30.4,30.59,31.45,30.03,30.27,15948190,485874626.8
2026-09-29,sz,002793,罗欣药业,4.75,4.69,4.87,4.64,4.8,31815700,151758585.47
2026-09-29,sz,002795,永和智控,7.5,7.52,7.6,7.3,7.4,12375920,91537353.16
2026-09-29,sz,002796,世嘉科技,26.24,25.91,27.1,25.71,26.61,9650351,255456885.53
2026-09-29,sz,002797,第一创业,6.1,6.1,6.14,6.09,6.11,18906774,115779801.77
2026-09-29,sz,002798,帝欧水华,6.57,6.61,6.69,6.54,6.59,9640909,63895505.71
2026-09-29,sz,002799,环球印务,6.86,6.86,7.55,6.8,7.55,16805065,123454340.2
2026-09-29,sz,002800,天顺股份,14.59,14.49,14.97,14.31,14.89,2079540,30720826.0
2026-09-29,sz,002801,微光股份,26.42,26.78,26.85,26.23,26.69,673700,17948680.0
2026-09-29,sz,002802,洪汇新材,12.26,12.35,12.54,12.21,12.42,2128055,26435676.16
2026-09-29,sz,002803,吉宏股份,20.21,19.86,21.22,19.75,21.19,20973832,436074969.3
2026-09-29,sz,002805,丰元股份,15.43,15.39,16.02,15.35,15.7,11607244,182901060.11
2026-09-29,sz,002806,华锋股份,14.75,14.75,15.15,14.75,14.95,7034683,105438408.45
2026-09-29,sz,002807,江阴银行,4.15,4.15,4.18,4.12,4.16,35468234,147293444.22
2026-09-29,sz,002809,红墙股份,8.38,8.39,8.63,8.3,8.55,4432177,37796296.18
2026-09-29,sz,002810,山东赫达,20.38,20.36,20.54,20.02,20.07,2860822,57642562.66
2026-09-29,sz,002811,郑中设计,15.87,15.87,16.68,15.87,16.42,10513951,172114637.97
2026-09-29,sz,002812,恩捷股份,45.09,45.31,46.08,45.09,45.59,11869487,542619459.3
2026-09-29,sz,002813,路畅科技,23.98,23.98,26.38,23.82,26.38,9031864,231430417.5
2026-09-29,sz,002815,崇达技术,22.22,21.84,24.44,21.84,24.44,81596587,1935714619.6
2026-09-29,sz,002816,*ST和科,21.2,21.03,21.94,20.9,21.9,1021005,22137952.0
2026-09-29,sz,002817,黄山胶囊,6.75,6.75,6.89,6.66,6.84,4119625,28089673.5
2026-09-29,sz,002818,富森美,10.91,10.71,11.25,10.59,11.13,8848821,96646174.52
2026-09-29,sz,002819,东方中科,24.97,23.81,25.83,23.8,24.68,21764194,537354317.45
2026-09-29,sz,002820,桂发祥,9.69,9.68,9.9,9.58,9.82,5131421,50268982.64
2026-09-29,sz,002821,凯莱英,180.53,180.16,188.96,178.0,179.12,7552306,1378367217.1
2026-09-29,sz,002822,ST中装,2.91,2.9,3.06,2.88,3.0,12458833,37247924.45
2026-09-29,sz,002823,凯中精密,12.66,12.62,12.85,12.55,12.75,2384187,30451974.44
2026-09-29,sz,002824,和胜股份,25.2,25.3,25.67,24.88,25.23,9378398,236600539.72
2026-09-29,sz,002825,纳尔股份,9.25,9.24,9.37,9.18,9.25,2938197,27239029.2
2026-09-29,sz,002826,易明医药,17.54,17.5,17.85,17.26,17.66,3486000,61563851.0
2026-09-29,sz,002827,高争民爆,68.93,66.89,67.5,62.04,62.04,23272002,1480701592.31
2026-09-29,sz,002828,贝肯能源,10.73,10.73,10.89,10.58,10.83,5008460,54008643.8
2026-09-29,sz,002829,星网宇达,19.44,19.3,19.61,19.3,19.41,2701372,52533764.64
2026-09-29,sz,002830,名雕股份,14.71,14.64,15.05,14.64,15.02,2025860,30165210.0
2026-09-29,sz,002831,裕同科技,27.49,27.96,28.07,27.17,27.82,4263786,117784938.51
2026-09-29,sz,002832,比音勒芬,24.97,24.8,25.48,24.66,25.28,5464357,137387683.99
2026-09-29,sz,002833,弘亚数控,18.47,18.35,18.93,18.27,18.78,4979777,93031275.63
2026-09-29,sz,002835,同为股份,13.03,13.0,13.31,12.92,13.28,2266400,29919792.0
2026-09-29,sz,002836,新宏泽,11.57,11.85,12.33,11.44,12.23,17060589,204546739.05
2026-09-29,sz,002837,英维克,54.36,54.3,56.2,53.7,55.58,23349126,1283339171.62
2026-09-29,sz,002838,道恩股份,24.48,24.47,24.75,24.01,24.13,3489814,84551979.09
2026-09-29,sz,002839,张家港行,4.22,4.21,4.26,4.2,4.25,18099800,76740401.6
2026-09-29,sz,002840,华统股份,8.0,7.92,8.04,7.9,7.98,12013272,95852201.2
2026-09-29,sz,002841,视源股份,44.1,44.06,45.0,43.42,44.48,6153375,271556061.06
2026-09-29,sz,002842,翔鹭钨业,30.81,31.2,31.41,30.83,31.09,11228306,349548016.75
2026-09-29,sz,002843,泰嘉股份,14.84,14.84,15.09,14.64,14.89,5291791,78925231.99
2026-09-29,sz,002845,同兴达,13.74,13.64,13.95,13.57,13.86,4573260,63151376.0
2026-09-29,sz,002846,英联股份,10.8,10.98,11.88,10.98,11.88,22850136,264519315.68
2026-09-29,sz,002847,盐津铺子,43.41,43.2,43.57,42.76,42.85,1469190,63330587.22
2026-09-29,sz,002848,高斯贝尔,14.82,14.72,15.27,14.6,14.88,8298200,124572096.0
2026-09-29,sz,002849,威星智能,22.28,20.17,23.77,20.17,23.22,33533510,745769880.0
2026-09-29,sz,002850,科达利,163.0,162.18,163.85,155.33,158.17,6979559,1105609192.76
2026-09-29,sz,002851,麦格米特,115.4,114.54,120.0,114.32,118.5,26883224,3185513711.8
2026-09-29,sz,002852,道道全,8.9,8.8,8.8,8.46,8.6,22240286,191750782.46
2026-09-29,sz,002853,皮阿诺,20.57,20.45,21.25,20.42,20.88,1108100,23194198.0
2026-09-29,sz,002855,捷荣技术,12.68,12.69,12.8,12.51,12.58,8002400,101435159.11
2026-09-29,sz,002856,*ST美芝,18.02,18.03,19.1,17.7,18.38,6754720,125289785.4
2026-09-29,sz,002857,三晖电气,17.64,17.93,18.0,17.52,17.8,1551400,27527625.0
2026-09-29,sz,002858,力盛体育,11.55,11.54,11.8,11.4,11.66,3735900,43623241.0
2026-09-29,sz,002859,洁美科技,59.98,59.8,60.18,58.63,59.78,6935111,412371032.32
2026-09-29,sz,002861,瀛通通讯,14.06,13.99,14.42,13.89,14.25,3366200,47985401.0
2026-09-29,sz,002862,实丰文化,14.95,14.95,15.34,14.53,15.16,5709150,85743783.7
2026-09-29,sz,002863,今飞凯达,4.75,4.72,4.84,4.72,4.8,7635699,36567113.28
2026-09-29,sz,002864,盘龙药业,20.94,21.07,21.25,20.73,20.9,1404910,29458171.5
2026-09-29,sz,002865,钧达股份,36.14,36.3,36.57,35.68,36.01,5333154,192462241.62
2026-09-29,sz,002866,传艺科技,13.96,14.26,15.36,14.26,15.36,12492662,189043146.94
2026-09-29,sz,002867,周大生,10.04,10.03,10.12,10.01,10.05,5480095,55151459.9
2026-09-29,sz,002868,绿康生化,22.19,22.09,22.45,22.0,22.0,1343630,29951327.3
2026-09-29,sz,002869,金溢科技,16.7,16.71,17.2,16.57,17.03,3850809,65271319.06
2026-09-29,sz,002870,香山股份,46.26,46.23,47.18,45.65,46.62,2145300,99517089.0
2026-09-29,sz,002871,伟隆股份,17.6,17.6,17.68,17.38,17.44,1921100,33628602.0
2026-09-29,sz,002872,ST天圣,6.04,6.02,6.27,6.01,6.12,5482300,33621526.0
2026-09-29,sz,002873,新天药业,8.44,8.44,8.61,8.3,8.55,5191375,44336048.76
2026-09-29,sz,002875,安奈儿,12.72,12.84,13.09,12.59,12.87,3164143,40874387.69
2026-09-29,sz,002876,三利谱,31.54,32.0,32.0,31.07,31.33,2347735,73804140.42
2026-09-29,sz,002877,智能自控,7.41,7.38,7.56,7.37,7.53,4050000,30423065.0
2026-09-29,sz,002878,元隆雅图,12.42,12.38,12.98,12.31,12.86,5707300,72942439.0
2026-09-29,sz,002879,长缆科技,17.41,17.24,17.66,16.85,17.16,11831600,204138013.0
2026-09-29,sz,002880,卫光生物,21.97,21.91,22.28,21.6,21.73,2053900,44924150.0
2026-09-29,sz,002881,美格智能,42.6,42.45,42.83,41.65,41.95,5025744,211575043.59
2026-09-29,sz,002882,金龙羽,22.28,22.55,24.51,22.55,24.51,18463072,440898426.51
2026-09-29,sz,002883,*ST中设,9.16,9.16,9.21,9.1,9.18,777100,7114753.0
2026-09-29,sz,002884,凌霄泵业,15.25,15.24,15.3,15.2,15.26,856313,13072501.58
2026-09-29,sz,002885,京泉华,26.28,26.09,26.99,26.0,26.53,10225128,272589801.66
2026-09-29,sz,002886,沃特股份,24.18,24.19,25.08,24.0,24.74,15855742,390882966.06
2026-09-29,sz,002887,绿茵生态,9.47,9.46,9.47,8.82,8.84,10796870,97665780.1
2026-09-29,sz,002888,惠威科技,18.44,18.44,18.84,18.2,18.72,2124570,39598734.6
2026-09-29,sz,002889,东方嘉盛,11.96,11.72,12.17,11.72,12.08,1867052,22442235.55
2026-09-29,sz,002890,弘宇股份,15.19,15.28,15.34,15.01,15.17,1137000,17265788.0
2026-09-29,sz,002891,中宠股份,27.81,27.69,27.85,27.17,27.32,3518229,96439528.28
2026-09-29,sz,002892,科力尔,8.56,8.51,8.64,8.51,8.54,3017357,25863857.66
2026-09-29,sz,002893,京能热力,10.18,10.15,10.39,10.1,10.29,9338190,96297495.6
2026-09-29,sz,002895,川恒股份,30.03,30.02,30.16,29.6,29.98,2403397,71585521.39
2026-09-29,sz,002896,中大力德,63.31,61.9,62.78,60.16,60.86,8284318,505215345.99
2026-09-29,sz,002897,意华股份,59.14,58.45,59.5,57.86,58.46,6804419,398860628.79
2026-09-29,sz,002899,英派斯,20.61,20.62,20.77,20.25,20.48,2757600,56432589.0
2026-09-29,sz,002900,哈三联,13.06,12.81,13.4,12.45,12.98,28068700,366575876.0
2026-09-29,sz,002901,大博医疗,41.3,40.98,42.12,40.4,40.56,1488341,61325257.72
2026-09-29,sz,002902,铭普光磁,25.56,25.42,26.4,25.01,26.15,16491389,429406349.14
2026-09-29,sz,002903,宇环数控,29.31,29.19,29.29,28.42,28.62,4324793,124327367.98
2026-09-29,sz,002905,金逸影视,8.76,8.61,8.9,8.61,8.85,4266759,37521293.99
2026-09-29,sz,002906,华阳集团,26.67,26.73,26.99,26.48,26.71,3318200,88672493.53
2026-09-29,sz,002907,华森制药,14.49,14.39,14.86,14.2,14.42,8847800,128412793.0
2026-09-29,sz,002908,德生科技,6.98,6.96,7.21,6.93,7.13,4631733,32881665.38
2026-09-29,sz,002909,集泰股份,7.46,6.71,7.34,6.71,7.05,123181891,850836458.78
2026-09-29,sz,002910,庄园牧场,9.86,9.8,10.16,9.78,10.1,5966199,59794108.24
2026-09-29,sz,002911,佛燃能源,11.28,11.27,11.36,11.01,11.13,5055503,56418260.93
2026-09-29,sz,002912,中新赛克,26.47,27.55,29.12,25.97,29.12,27747589,789198019.36
2026-09-29,sz,002913,奥士康,82.8,82.8,91.08,82.72,91.08,8995506,806473200.57
2026-09-29,sz,002915,中欣氟材,16.2,16.2,16.45,16.1,16.27,3626347,59290832.38
2026-09-29,sz,002916,深南电路,370.98,371.07,378.57,365.01,375.6,5965946,2231935746.74
2026-09-29,sz,002917,金奥博,10.04,10.14,10.21,9.9,10.06,2356700,23818097.0
2026-09-29,sz,002918,蒙娜丽莎,10.57,10.4,10.62,10.31,10.52,11973800,125854369.1
2026-09-29,sz,002919,名臣健康,15.72,15.68,16.21,15.44,16.1,3466491,55404250.81
2026-09-29,sz,002920,德赛西威,80.0,80.01,80.58,78.3,79.25,5449834,431892197.6
2026-09-29,sz,002921,联诚精密,19.79,19.8,20.12,19.59,19.83,2857080,56894762.99
2026-09-29,sz,002922,伊戈尔,21.35,21.56,21.75,21.18,21.48,8240965,177511911.75
2026-09-29,sz,002923,润都股份,10.75,10.63,10.94,10.63,10.7,3804404,40973925.68
2026-09-29,sz,002925,盈趣科技,22.12,22.2,22.72,22.0,22.5,8117250,181782849.5
2026-09-29,sz,002926,华西证券,8.08,8.05,8.18,8.03,8.15,9906673,80413455.11
2026-09-29,sz,002927,泰永长征,19.11,19.11,19.88,19.11,19.29,8139300,158156724.0
2026-09-29,sz,002928,华夏航空,6.08,6.07,6.13,6.06,6.12,14838529,90466698.73
2026-09-29,sz,002929,润建股份,47.7,47.35,48.15,47.03,47.39,4157745,198047257.15
2026-09-29,sz,002930,宏川智慧,9.01,9.09,9.12,8.97,9.03,4101958,37177528.23
2026-09-29,sz,002931,锋龙股份,38.86,38.61,39.41,38.36,38.99,3334122,129342134.32
2026-09-29,sz,002932,*ST明德,15.1,15.17,15.26,15.1,15.15,336322,5105003.96
2026-09-29,sz,002933,新兴装备,27.15,27.34,27.94,27.01,27.94,1459751,40356892.11
2026-09-29,sz,002935,天奥电子,18.26,17.8,18.18,17.59,18.11,15953860,285051333.39
2026-09-29,sz,002936,郑州银行,1.7,1.7,1.72,1.69,1.71,58495109,100030790.39
2026-09-29,sz,002937,兴瑞科技,27.23,27.09,27.82,26.0,26.18,15175459,408476007.17
2026-09-29,sz,002938,鹏鼎控股,79.66,79.9,80.58,78.89,79.95,14622132,1167094305.1
2026-09-29,sz,002939,长城证券,7.67,7.68,7.72,7.65,7.69,8129049,62587852.33
2026-09-29,sz,002940,昂利康,22.46,22.47,22.83,22.23,22.23,3559963,79945057.65
2026-09-29,sz,002941,新疆交建,10.34,10.3,10.57,10.28,10.46,6290136,65657781.2
2026-09-29,sz,002942,新农股份,16.48,16.36,16.65,16.36,16.53,2500900,41400060.0
2026-09-29,sz,002943,宇晶股份,28.98,28.8,29.32,28.62,28.76,5316966,153500538.14
2026-09-29,sz,002945,华林证券,14.07,14.1,14.2,14.0,14.13,7271318,102589904.89
2026-09-29,sz,002946,新乳业,14.54,14.5,14.54,14.22,14.25,4006500,57403011.0
2026-09-29,sz,002947,恒铭达,58.25,57.76,58.73,56.82,57.95,4537455,262060135.4
2026-09-29,sz,002948,青岛银行,6.06,6.03,6.08,5.98,6.05,31418820,189676439.1
2026-09-29,sz,002949,华阳国际,13.2,12.97,13.83,12.97,13.74,8393670,113080659.8
2026-09-29,sz,002950,奥美医疗,8.49,8.52,8.61,8.4,8.42,5303899,45020143.51
2026-09-29,sz,002951,金时科技,15.81,15.85,16.04,15.62,15.78,5626300,89054630.0
2026-09-29,sz,002952,亚世光电,19.12,18.99,19.39,18.76,19.28,2461400,47354309.0
2026-09-29,sz,002953,日丰股份,9.94,9.9,10.08,9.9,9.94,4718261,47154347.06
2026-09-29,sz,002955,鸿合科技,36.29,36.01,36.9,35.6,36.03,3255415,117972161.4
2026-09-29,sz,002956,西麦食品,17.85,17.8,17.8,17.29,17.45,4580277,80049260.3
2026-09-29,sz,002957,科瑞技术,37.26,36.87,37.08,36.12,36.35,16030762,584752896.14
2026-09-29,sz,002958,青农商行,2.88,2.87,2.92,2.87,2.91,53620342,155759425.74
2026-09-29,sz,002959,小熊电器,33.78,33.0,37.16,32.53,35.55,6654427,231493531.28
2026-09-29,sz,002960,青鸟智控,8.44,8.45,8.57,8.41,8.45,4535387,38464298.83
2026-09-29,sz,002961,瑞达期货,13.11,13.08,13.85,13.0,13.53,13888279,187919602.21
2026-09-29,sz,002962,五方光电,14.76,14.23,15.15,14.22,14.7,53072478,784642302.89
2026-09-29,sz,002963,豪尔赛,22.1,22.06,23.17,21.8,22.63,6214000,140365336.0
2026-09-29,sz,002965,祥鑫科技,30.44,30.21,30.51,29.91,30.0,7679092,231630998.04
2026-09-29,sz,002966,苏州银行,9.29,9.29,9.34,9.18,9.23,27492879,254351047.11
2026-09-29,sz,002967,广电计量,18.01,17.92,18.04,17.58,17.65,5588920,99070995.74
2026-09-29,sz,002968,新大正,9.73,9.75,9.99,9.56,9.89,5286775,52313630.4
2026-09-29,sz,002969,嘉美包装,10.69,10.69,10.88,10.67,10.73,13136723,141708239.17
2026-09-29,sz,002970,锐明技术,39.9,39.75,41.09,39.75,40.65,2733800,110925338.0
2026-09-29,sz,002971,和远气体,39.43,38.9,42.54,38.0,40.82,20655785,829094594.63
2026-09-29,sz,002972,科安达,13.14,13.11,13.56,13.0,13.12,6241440,82781038.2
2026-09-29,sz,002973,侨银股份,12.2,12.2,12.41,12.05,12.19,4372800,53382734.0
2026-09-29,sz,002975,博杰股份,100.0,100.0,103.5,98.55,102.05,8026963,808939514.52
2026-09-29,sz,002976,瑞玛精密,22.71,22.5,23.24,22.41,22.8,5587231,127992877.87
2026-09-29,sz,002977,*ST天箭,18.79,18.86,19.09,18.7,18.73,1022500,19285091.0
2026-09-29,sz,002978,安宁股份,24.28,24.22,24.74,24.13,24.65,1461220,35794557.8
2026-09-29,sz,002979,雷赛智能,52.0,51.81,52.65,51.13,51.76,4101725,212176933.84
2026-09-29,sz,002980,华盛昌,100.28,101.5,107.8,99.33,106.62,9454820,981811846.2
2026-09-29,sz,002981,朝阳科技,23.2,23.21,23.93,22.91,23.62,3015800,71174397.2
2026-09-29,sz,002982,湘佳股份,12.72,12.63,12.77,12.48,12.68,3133272,39732345.28
2026-09-29,sz,002983,芯瑞达,21.73,21.61,22.08,21.48,21.92,1301208,28448932.89
2026-09-29,sz,002984,森麒麟,12.72,12.72,12.87,12.64,12.84,5066500,64687839.6
2026-09-29,sz,002985,北摩高科,26.91,26.85,27.1,25.95,26.1,5115605,134518299.9
2026-09-29,sz,002986,宇新股份,12.66,12.79,12.79,12.38,12.59,2095896,26399234.69
2026-09-29,sz,002987,京北方,10.5,10.49,10.61,10.43,10.59,5476338,57707771.04
2026-09-29,sz,002988,豪美新材,30.64,31.26,31.56,30.45,31.08,2980600,92625984.0
2026-09-29,sz,002989,中天精装,24.4,24.16,24.5,23.2,23.6,8291312,196829325.56
2026-09-29,sz,002990,盛视科技,51.01,51.16,54.87,50.08,54.1,13537867,714913887.04
2026-09-29,sz,002991,甘源食品,37.24,37.17,37.34,36.85,36.88,434122,16072340.74
2026-09-29,sz,002992,宝明科技,32.51,32.43,33.17,32.2,33.1,1224296,40203170.6
2026-09-29,sz,002993,奥海科技,32.49,32.3,33.05,32.0,32.84,2999775,98076382.54
2026-09-29,sz,002995,天地在线,16.53,16.22,17.57,16.22,17.33,7877300,135102758.0
2026-09-29,sz,002996,顺博合金,5.84,5.83,5.95,5.83,5.92,4067809,24048128.37
2026-09-29,sz,002997,瑞鹄模具,25.46,25.36,25.77,25.22,25.7,1286046,32913090.3
2026-09-29,sz,002998,优彩资源,8.0,8.04,8.1,7.91,7.99,7262700,58186418.0
2026-09-29,sz,002999,天禾股份,6.31,6.25,6.4,6.24,6.36,8578499,54435864.75
2026-09-29,sz,003000,劲仔食品,9.53,9.53,9.55,9.36,9.38,2574082,24281550.26
2026-09-29,sz,003001,中岩大地,19.83,19.97,21.81,19.84,20.42,24304708,507133080.92
2026-09-29,sz,003002,壶化股份,15.54,15.48,15.9,15.35,15.88,4758900,74290770.0
2026-09-29,sz,003003,天元股份,11.01,11.02,11.36,10.9,11.28,3709800,41596898.5
2026-09-29,sz,003004,声迅股份,57.0,57.0,61.6,56.82,61.25,2496300,149749192.0
2026-09-29,sz,003005,竞业达,14.82,14.78,15.23,14.65,15.15,11763120,177677243.6
2026-09-29,sz,003006,百亚股份,22.49,22.28,22.72,21.3,21.71,50742520,1122656027.0
2026-09-29,sz,003007,直真科技,39.68,39.51,40.86,39.35,40.55,1481300,59768989.0
2026-09-29,sz,003008,开普检测,19.65,19.6,20.02,19.6,19.9,887980,17639391.0
2026-09-29,sz,003009,中天火箭,45.23,45.0,45.49,44.71,44.73,1589223,71362618.05
2026-09-29,sz,003010,若羽臣,27.99,27.71,28.09,27.12,27.83,5140379,142022151.71
2026-09-29,sz,003011,海象新材,19.9,19.73,20.28,19.52,20.08,1754100,35027866.0
2026-09-29,sz,003012,东鹏控股,4.55,4.55,4.66,4.51,4.63,9338600,43209333.0
2026-09-29,sz,003013,地铁设计,15.5,15.51,16.39,15.51,16.0,6972957,111617743.7
2026-09-29,sz,003015,日久光电,12.13,12.04,12.37,11.97,12.28,4554600,55703996.0
2026-09-29,sz,003016,欣贺股份,7.53,7.48,7.6,7.46,7.46,2683699,20223350.52
2026-09-29,sz,003017,大洋生物,22.61,22.62,22.91,22.5,22.81,1240032,28228741.84
2026-09-29,sz,003018,金富科技,44.96,44.93,45.45,44.46,44.95,6117770,274946471.96
2026-09-29,sz,003019,宸展光电,26.1,26.14,26.98,25.9,26.66,2634306,70200311.78
2026-09-29,sz,003020,立方制药,16.94,16.9,17.28,16.75,16.95,2224540,37877531.63
2026-09-29,sz,003021,兆威机电,68.91,68.2,69.48,67.6,69.09,1852930,127179053.72
2026-09-29,sz,003022,联泓新科,18.3,18.38,18.49,18.2,18.28,5921328,108530309.31
2026-09-29,sz,003023,彩虹集团,25.7,26.3,26.33,25.1,25.19,1738900,44249570.0
2026-09-29,sz,003025,思进智能,11.98,11.97,12.38,11.9,12.24,3515430,42848553.98
2026-09-29,sz,003026,中晶科技,33.83,33.79,34.58,33.15,33.32,16762736,564137655.0
2026-09-29,sz,003027,同兴科技,16.35,16.36,16.98,16.24,16.83,2154700,36134125.0
2026-09-29,sz,003028,振邦智能,23.47,23.9,23.92,23.48,23.81,1028330,24405624.7
2026-09-29,sz,003029,吉大正元,17.71,17.71,18.25,17.55,17.98,5814989,104645177.53
2026-09-29,sz,003030,祖名股份,26.22,26.44,26.78,25.82,25.83,2419900,63419580.0
2026-09-29,sz,003031,中瓷电子,116.99,117.12,119.98,115.71,118.57,6540285,769103866.45
2026-09-29,sz,003032,传智教育,8.75,8.7,8.89,8.63,8.68,21502400,188300003.65
2026-09-29,sz,003033,征和工业,87.4,86.59,87.76,84.1,86.59,2190995,188969375.3
2026-09-29,sz,003035,南网能源,5.22,5.22,5.29,5.21,5.26,16840699,88559318.78
2026-09-29,sz,003036,泰坦股份,50.9,48.17,50.01,46.22,46.46,14281294,686248739.29
2026-09-29,sz,003037,三和管桩,5.75,5.76,5.89,5.75,5.86,2676675,15677126.76
2026-09-29,sz,003038,鑫铂股份,10.63,10.64,10.86,10.6,10.78,2093818,22535651.9
2026-09-29,sz,003039,顺控发展,12.5,12.42,12.63,12.42,12.49,3475724,43443044.44
2026-09-29,sz,003040,楚天龙,14.05,14.0,14.31,13.92,14.2,28383094,401917514.07
2026-09-29,sz,003041,真爱美家,38.68,38.52,39.76,38.24,39.18,1807647,70838475.0
2026-09-29,sz,003042,中农联合,14.17,14.0,14.45,13.71,14.27,5134100,73020595.0
2026-09-29,sz,003043,华亚智能,59.92,59.99,60.5,58.51,59.42,3423400,203206879.0
2026-09-29,sz,003816,中国广核,4.26,4.25,4.3,4.2,4.21,91254905,386543616.25
