date,market,code,name,prev_close,open,high,low,close,volume,amount
2026-09-30,sh,600000,浦发银行,9.18,9.22,9.49,9.16,9.48,147484820,1386209937.0
2026-09-30,sh,600004,白云机场,7.61,7.65,7.78,7.61,7.76,9501751,73311820.0
2026-09-30,sh,600006,东风股份,5.58,5.57,5.9,5.43,5.73,62217389,354416432.0
2026-09-30,sh,600007,中国国贸,20.35,20.15,20.51,19.76,20.5,2706800,54974106.0
2026-09-30,sh,600008,首创环保,2.71,2.71,2.74,2.7,2.73,50270581,136913438.0
2026-09-30,sh,600009,上海机场,22.38,22.39,22.61,22.3,22.58,5433017,122041851.0
2026-09-30,sh,600010,包钢股份,2.08,2.08,2.1,2.07,2.09,217642784,454171718.0
2026-09-30,sh,600011,华能国际,6.95,6.95,7.06,6.94,7.04,82071903,576778234.0
2026-09-30,sh,600012,皖通高速,15.47,15.44,15.68,15.43,15.58,2933581,45783155.0
2026-09-30,sh,600015,华夏银行,6.21,6.22,6.27,6.21,6.27,62225039,389075642.0
2026-09-30,sh,600016,民生银行,3.47,3.47,3.53,3.46,3.51,210716372,737605811.0
2026-09-30,sh,600017,日照港,2.81,2.81,2.85,2.79,2.83,26591616,75292495.0
2026-09-30,sh,600018,上港集团,5.43,5.42,5.5,5.42,5.45,40657452,222100420.0
2026-09-30,sh,600019,宝钢股份,5.85,5.86,5.95,5.86,5.93,97170698,575848528.0
2026-09-30,sh,600020,中原高速,3.83,3.83,3.89,3.82,3.87,12188654,47097887.0
2026-09-30,sh,600021,上海电力,12.78,12.81,13.44,12.75,13.25,33530473,441026369.0
2026-09-30,sh,600022,山东钢铁,1.3,1.29,1.32,1.28,1.31,83642186,108664598.0
2026-09-30,sh,600023,浙能电力,5.18,5.19,5.3,5.18,5.22,45786031,240345163.0
2026-09-30,sh,600025,华能水电,9.78,9.8,9.97,9.76,9.89,28035426,277578516.0
2026-09-30,sh,600026,中远海能,20.27,20.31,20.86,20.21,20.56,44668807,924775565.0
2026-09-30,sh,600027,华电国际,4.86,4.87,5.01,4.85,4.95,94550747,469055722.0
2026-09-30,sh,600028,XD中国石,5.18,5.21,5.3,5.18,5.28,209968301,1103164916.0
2026-09-30,sh,600029,南方航空,4.84,4.85,4.93,4.83,4.92,55053228,268654840.0
2026-09-30,sh,600030,中信证券,25.82,25.9,25.96,25.76,25.86,55148158,1425637148.0
2026-09-30,sh,600031,三一重工,17.06,17.06,17.58,16.98,17.49,61429971,1066148931.0
2026-09-30,sh,600032,浙江新能,8.17,8.09,8.2,7.67,7.7,125913068,987360105.0
2026-09-30,sh,600033,福建高速,3.62,3.62,3.71,3.6,3.67,28940828,106070763.0
2026-09-30,sh,600035,楚天高速,3.68,3.67,3.75,3.67,3.74,11858765,44130710.0
2026-09-30,sh,600036,招商银行,40.51,40.59,41.38,40.52,41.26,69987064,2878465122.0
2026-09-30,sh,600037,歌华有线,7.06,7.11,7.13,6.99,7.07,13266101,93767915.0
2026-09-30,sh,600038,中直股份,26.6,26.73,27.14,26.63,27.06,3739639,100926450.0
2026-09-30,sh,600039,四川路桥,8.69,8.78,8.8,8.64,8.73,14469886,126339623.0
2026-09-30,sh,600048,保利发展,5.84,5.63,5.88,5.32,5.77,523140238,2934776777.0
2026-09-30,sh,600050,中国联通,4.17,4.17,4.25,4.16,4.23,139136966,585713905.0
2026-09-30,sh,600051,宁波联合,6.39,6.39,6.45,6.3,6.38,4914088,31339416.0
2026-09-30,sh,600052,东望时代,3.8,3.8,3.87,3.74,3.82,12595299,48084215.0
2026-09-30,sh,600053,*ST九鼎,7.69,7.73,7.87,7.61,7.77,1658300,12912901.0
2026-09-30,sh,600054,黄山旅游,10.53,10.53,10.55,10.42,10.5,4242800,44397516.0
2026-09-30,sh,600055,万东医疗,10.42,10.5,10.65,10.4,10.6,3386349,35755896.0
2026-09-30,sh,600056,中国医药,8.78,8.78,8.9,8.77,8.88,8119940,71850632.0
2026-09-30,sh,600057,厦门象屿,6.0,6.0,6.2,5.98,6.11,13087847,79771397.0
2026-09-30,sh,600058,五矿发展,8.56,8.56,8.64,8.51,8.52,8025476,68657041.0
2026-09-30,sh,600059,古越龙山,11.15,11.37,12.27,11.37,12.27,89971081,1093331572.0
2026-09-30,sh,600060,海信视像,27.23,27.34,27.7,27.12,27.45,4841700,133077298.0
2026-09-30,sh,600061,国投资本,6.15,6.15,6.22,6.14,6.19,20342618,125768157.0
2026-09-30,sh,600062,华润双鹤,15.92,15.97,16.28,15.91,16.24,8632253,139793273.0
2026-09-30,sh,600063,皖维高新,5.35,5.37,5.39,5.33,5.34,17192374,92032673.0
2026-09-30,sh,600064,南京高科,7.75,7.75,8.18,7.69,8.04,44530051,354563538.0
2026-09-30,sh,600066,宇通客车,26.34,26.1,26.88,26.1,26.72,19051622,507549049.0
2026-09-30,sh,600067,冠城新材,2.62,2.63,2.66,2.55,2.66,33493745,87444137.0
2026-09-30,sh,600071,凤凰光学,16.24,16.25,16.45,16.07,16.28,1650716,26792182.0
2026-09-30,sh,600072,中船科技,8.82,8.85,9.7,8.82,9.7,44329809,424853142.0
2026-09-30,sh,600073,光明肉业,5.48,5.49,5.57,5.47,5.53,7142400,39402258.0
2026-09-30,sh,600075,新疆天业,4.52,4.54,4.63,4.52,4.59,11085339,50920424.0
2026-09-30,sh,600076,康欣新材,2.14,2.15,2.16,2.1,2.13,26946064,57262757.0
2026-09-30,sh,600078,澄星股份,9.78,9.8,9.88,9.73,9.79,4846531,47513019.0
2026-09-30,sh,600079,ST人福,18.83,18.92,19.19,18.9,19.17,12094020,231080866.0
2026-09-30,sh,600080,ST金花,4.64,4.63,4.65,4.6,4.61,2428301,11210338.0
2026-09-30,sh,600081,东风科技,10.81,10.77,11.89,10.75,11.89,16608224,195515214.0
2026-09-30,sh,600082,ST海泰,3.35,3.34,3.35,3.27,3.32,7502800,24789734.0
2026-09-30,sh,600084,*ST尼雅,4.38,4.35,4.46,4.35,4.45,1933764,8539689.0
2026-09-30,sh,600085,同仁堂,23.3,23.38,23.78,23.33,23.74,5497123,129721414.0
2026-09-30,sh,600088,中视传媒,13.34,13.55,13.73,13.16,13.36,14540834,194729618.0
2026-09-30,sh,600089,特变电工,17.15,17.18,17.43,17.17,17.32,36827745,637476335.0
2026-09-30,sh,600094,大名城,4.13,4.09,4.22,3.96,4.19,49120051,201266260.0
2026-09-30,sh,600095,湘财股份,8.86,8.93,8.98,8.66,8.73,39877395,349552444.0
2026-09-30,sh,600096,云天化,27.32,27.32,27.92,27.32,27.86,13553810,376182247.0
2026-09-30,sh,600097,开创国际,9.29,9.34,9.36,9.2,9.25,2096100,19376973.0
2026-09-30,sh,600098,广州发展,6.2,6.22,6.35,6.2,6.32,18122061,114005666.0
2026-09-30,sh,600099,林海股份,9.41,9.51,9.52,9.32,9.4,2528500,23820687.0
2026-09-30,sh,600100,同方股份,6.51,6.54,6.59,6.5,6.52,13540040,88443867.0
2026-09-30,sh,600101,明星电力,7.78,7.81,7.84,7.77,7.83,5895910,46097198.0
2026-09-30,sh,600103,青山纸业,3.41,3.46,3.53,3.38,3.4,130937430,450137911.0
2026-09-30,sh,600104,上汽集团,10.71,10.71,10.95,10.67,10.88,40668374,441290499.0
2026-09-30,sh,600105,永鼎股份,37.0,37.47,37.5,36.12,36.26,67644860,2477025220.0
2026-09-30,sh,600106,重庆路桥,4.45,4.45,4.54,4.4,4.51,10119838,45408612.0
2026-09-30,sh,600107,*ST尔雅,5.64,5.58,5.66,5.58,5.62,458412,2575612.0
2026-09-30,sh,600108,亚盛集团,3.87,3.9,4.04,3.89,3.97,141828392,561634426.0
2026-09-30,sh,600109,国金证券,8.08,8.11,8.16,8.08,8.13,11068174,89947753.0
2026-09-30,sh,600110,诺德股份,11.18,11.26,11.28,10.82,10.87,70942736,779152179.0
2026-09-30,sh,600111,北方稀土,35.41,35.5,35.59,35.05,35.3,21705357,764895163.0
2026-09-30,sh,600113,浙江东日,27.86,27.89,28.38,27.86,27.99,2167430,60889248.0
2026-09-30,sh,600114,东睦股份,25.37,25.43,26.87,25.31,25.43,11003803,285380273.0
2026-09-30,sh,600115,中国东航,3.32,3.35,3.41,3.32,3.4,158602391,533860209.0
2026-09-30,sh,600116,三峡水利,6.08,6.08,6.17,6.06,6.15,11036396,67836058.0
2026-09-30,sh,600117,西宁特钢,2.16,2.17,2.18,2.14,2.17,6814600,14724483.0
2026-09-30,sh,600118,中国卫星,55.27,55.65,55.9,54.77,55.03,11343337,626046784.0
2026-09-30,sh,600119,*ST长投,4.78,4.83,4.83,4.71,4.74,1167910,5563059.0
2026-09-30,sh,600120,浙江东方,4.63,4.63,4.69,4.61,4.65,17171857,79938898.0
2026-09-30,sh,600121,郑州煤电,5.33,5.33,5.64,5.3,5.34,193286378,1049655514.0
2026-09-30,sh,600123,兰花科创,6.81,6.82,6.93,6.77,6.86,11668800,80130925.0
2026-09-30,sh,600125,铁龙物流,5.22,5.23,5.29,5.22,5.27,7224065,37997630.0
2026-09-30,sh,600126,杭钢股份,5.99,6.08,6.08,5.93,5.94,20753293,123717072.0
2026-09-30,sh,600127,金健米业,13.36,12.8,13.63,12.68,13.14,225571404,2960624365.0
2026-09-30,sh,600128,苏豪弘业,8.64,8.67,8.71,8.58,8.66,2375400,20552782.0
2026-09-30,sh,600129,太极集团,13.19,13.21,13.58,13.19,13.54,9200861,123975410.0
2026-09-30,sh,600130,波导股份,4.59,4.61,4.62,4.49,4.56,11707800,53201770.0
2026-09-30,sh,600131,国网信通,13.99,14.05,15.39,14.0,15.39,26918113,401873347.0
2026-09-30,sh,600132,重庆啤酒,37.26,37.4,38.18,37.3,38.03,2399566,90652802.0
2026-09-30,sh,600133,东湖高新,7.79,7.76,7.94,7.74,7.87,7624137,59783273.0
2026-09-30,sh,600135,乐凯胶片,7.54,7.54,7.67,7.43,7.44,5395339,40490648.0
2026-09-30,sh,600136,ST明诚,1.47,1.46,1.5,1.46,1.49,5379800,7961500.0
2026-09-30,sh,600137,浪莎股份,18.26,18.4,18.5,17.92,18.03,1147900,20771755.0
2026-09-30,sh,600138,中青旅,6.94,6.94,7.04,6.93,7.0,5473300,38223728.0
2026-09-30,sh,600141,兴发集团,26.5,26.6,27.08,26.52,26.87,12964619,348491672.0
2026-09-30,sh,600143,金发科技,12.74,12.75,12.93,12.74,12.76,13254405,169712768.0
2026-09-30,sh,600148,长春一东,15.92,15.92,16.03,15.77,15.8,1113300,17677346.0
2026-09-30,sh,600149,廊坊发展,5.14,5.14,5.2,5.1,5.18,7709700,39778125.0
2026-09-30,sh,600150,中国船舶,38.95,39.13,39.93,39.01,39.1,83341909,3281209191.0
2026-09-30,sh,600151,航天机电,9.14,9.18,9.24,9.06,9.13,11421592,104653440.0
2026-09-30,sh,600152,维科技术,8.32,8.81,9.07,8.32,8.48,96526338,827742062.0
2026-09-30,sh,600153,建发股份,8.65,8.6,8.86,8.39,8.82,34742515,301753770.0
2026-09-30,sh,600155,华创云信,5.92,5.94,5.96,5.86,5.92,13487299,79842960.0
2026-09-30,sh,600156,华升股份,8.17,7.77,7.77,7.35,7.35,42364700,314199666.0
2026-09-30,sh,600157,永泰能源,1.45,1.45,1.46,1.44,1.45,214575021,311443926.0
2026-09-30,sh,600158,中体产业,6.98,6.99,7.02,6.89,6.93,15034087,104342994.0
2026-09-30,sh,600159,大龙地产,2.83,2.8,2.83,2.62,2.81,28160400,77504791.0
2026-09-30,sh,600160,巨化股份,33.1,33.27,33.48,32.72,33.13,14979110,495072539.0
2026-09-30,sh,600161,天坛生物,12.12,12.12,12.62,12.1,12.59,21523527,268422894.0
2026-09-30,sh,600162,香江控股,4.32,4.37,4.4,4.21,4.26,68831663,293819033.0
2026-09-30,sh,600163,中闽能源,5.55,5.55,5.64,5.5,5.6,55622761,309865678.0
2026-09-30,sh,600165,宁科生物,3.25,3.32,3.38,3.24,3.35,18734903,61979809.0
2026-09-30,sh,600166,福田汽车,2.76,2.76,2.82,2.74,2.8,83343689,232514754.0
2026-09-30,sh,600167,联美控股,5.52,5.55,5.66,5.5,5.65,6139600,34394521.0
2026-09-30,sh,600168,武汉控股,4.38,4.41,4.42,4.35,4.41,3613340,15840185.0
2026-09-30,sh,600169,ST太重,2.18,2.18,2.2,2.17,2.19,7769200,16996717.0
2026-09-30,sh,600170,上海建工,2.21,2.21,2.26,2.18,2.24,156666088,348257295.0
2026-09-30,sh,600171,上海贝岭,22.14,22.27,22.42,21.74,21.76,7830290,171707981.0
2026-09-30,sh,600172,黄河旋风,14.9,14.93,15.14,14.08,14.12,162591669,2355195193.0
2026-09-30,sh,600173,卧龙新能,5.93,5.93,6.01,5.73,5.96,7816601,46087444.0
2026-09-30,sh,600176,中国巨石,39.69,39.91,40.19,39.21,39.41,94954728,3761312051.0
2026-09-30,sh,600177,雅戈尔,8.33,8.3,8.44,8.29,8.38,17541708,147125112.0
2026-09-30,sh,600178,东安动力,9.92,10.01,10.15,9.81,9.89,11301093,112360483.0
2026-09-30,sh,600179,安通控股,4.35,4.36,4.39,4.32,4.35,17336894,75476639.0
2026-09-30,sh,600180,*ST瑞茂,1.5,1.51,1.52,1.46,1.49,15782273,23471926.0
2026-09-30,sh,600182,S佳通,12.52,12.42,12.52,12.21,12.4,1311400,16263548.0
2026-09-30,sh,600183,生益科技,132.98,133.9,134.33,129.13,129.96,35375754,4613023260.0
2026-09-30,sh,600184,光电股份,18.12,18.39,18.48,17.79,17.85,10269317,184793690.0
2026-09-30,sh,600185,珠免集团,4.77,4.78,4.84,4.63,4.8,28643270,135902437.0
2026-09-30,sh,600186,莲花控股,11.57,11.63,11.96,11.45,11.46,145893798,1702165614.0
2026-09-30,sh,600187,*ST国中,1.24,1.25,1.26,1.22,1.24,14870981,18362234.0
2026-09-30,sh,600188,兖矿能源,19.26,19.14,19.7,19.13,19.44,23900122,465684355.0
2026-09-30,sh,600189,泉阳泉,9.01,9.1,9.1,8.52,8.95,52495450,463018883.0
2026-09-30,sh,600191,华资实业,8.74,8.72,8.85,8.72,8.85,4134560,36333935.0
2026-09-30,sh,600192,长城电工,7.25,7.28,7.3,7.09,7.19,7731566,55431637.0
2026-09-30,sh,600195,中牧股份,6.64,6.69,6.75,6.64,6.73,4993200,33572851.0
2026-09-30,sh,600196,复星医药,23.39,23.47,24.1,23.26,24.02,36991839,884930098.0
2026-09-30,sh,600197,伊力特,9.18,9.19,9.4,9.18,9.32,3923706,36447847.0
2026-09-30,sh,600198,大唐电信,7.27,7.32,7.33,7.17,7.21,7594436,54858799.0
2026-09-30,sh,600199,金种子酒,6.89,7.02,7.14,6.84,7.0,16846285,117977897.0
2026-09-30,sh,600201,生物股份,11.43,11.43,11.73,11.4,11.61,8221260,95414807.0
2026-09-30,sh,600202,哈空调,5.24,5.26,5.34,5.13,5.18,5075700,26416400.0
2026-09-30,sh,600203,福日电子,9.89,9.9,9.97,9.77,9.78,8984700,88327785.0
2026-09-30,sh,600206,有研新材,49.7,49.05,49.34,46.42,46.62,60403604,2884092094.0
2026-09-30,sh,600207,安彩高科,5.48,5.38,5.46,5.15,5.26,52236900,276701605.0
2026-09-30,sh,600208,衢州发展,2.9,2.88,2.94,2.81,2.91,124402695,358936297.0
2026-09-30,sh,600210,紫江企业,6.26,6.26,6.38,6.25,6.36,18158786,115107919.0
2026-09-30,sh,600211,西藏药业,35.76,35.76,36.5,35.69,36.35,2430830,88236442.0
2026-09-30,sh,600212,绿能慧充,5.71,5.82,5.83,5.57,5.63,6264803,35469743.0
2026-09-30,sh,600215,派斯林,6.31,6.38,6.38,6.15,6.23,5709200,35609420.0
2026-09-30,sh,600216,浙江医药,12.18,12.22,12.46,12.16,12.43,10204470,126324798.0
2026-09-30,sh,600217,中再资环,3.26,3.27,3.28,3.23,3.27,6138337,19974801.0
2026-09-30,sh,600218,全柴动力,7.92,7.93,8.03,7.8,8.03,14286468,113564829.0
2026-09-30,sh,600219,南山铝业,4.62,4.67,4.73,4.66,4.71,99009077,465565844.0
2026-09-30,sh,600221,海航控股,1.21,1.21,1.23,1.21,1.22,199046213,242762481.0
2026-09-30,sh,600222,太龙药业,7.87,7.93,8.02,7.84,7.89,10170801,80493827.0
2026-09-30,sh,600223,福瑞达,5.66,5.67,5.76,5.64,5.74,8378569,47979065.0
2026-09-30,sh,600226,亨通股份,5.32,5.32,5.36,5.15,5.15,60268114,314157500.0
2026-09-30,sh,600227,赤天化,3.81,3.85,3.88,3.77,3.85,79275064,304374074.0
2026-09-30,sh,600228,返利科技,10.18,10.27,10.36,9.79,10.12,30694500,309875073.0
2026-09-30,sh,600229,城市传媒,5.85,5.86,5.93,5.69,5.75,9583265,55301569.0
2026-09-30,sh,600230,沧州大化,13.18,13.3,13.99,13.12,13.15,19993507,267160688.0
2026-09-30,sh,600231,凌钢股份,1.65,1.66,1.69,1.63,1.69,30583963,50680790.0
2026-09-30,sh,600232,金鹰股份,6.81,6.81,7.0,6.62,6.66,10155369,68200773.0
2026-09-30,sh,600233,圆通速递,18.0,17.88,18.13,17.69,17.79,12237269,218618171.0
2026-09-30,sh,600234,科新发展,19.63,19.71,20.36,19.11,19.19,1698411,33208061.0
2026-09-30,sh,600235,民丰特纸,5.96,5.97,6.0,5.88,5.97,4246000,25224008.0
2026-09-30,sh,600236,桂冠电力,9.18,9.23,9.34,9.2,9.27,6853769,63562071.0
2026-09-30,sh,600237,铜峰电子,9.03,9.21,9.22,8.52,8.55,37211519,324448430.0
2026-09-30,sh,600238,ST椰岛,4.01,4.02,4.03,3.93,4.01,3571600,14182171.0
2026-09-30,sh,600239,ST云城,1.43,1.42,1.45,1.39,1.44,23649200,33635175.0
2026-09-30,sh,600241,时代万恒,8.84,9.72,9.72,9.72,9.72,7681200,74661264.0
2026-09-30,sh,600243,*ST海华,3.64,3.59,3.64,3.58,3.64,3669600,13247427.0
2026-09-30,sh,600246,万通发展,13.13,13.15,13.33,12.47,12.58,76787520,983202536.0
2026-09-30,sh,600248,陕建股份,2.82,2.83,2.9,2.8,2.89,17975342,51323535.0
2026-09-30,sh,600249,两面针,5.36,5.38,5.42,5.32,5.35,4790100,25711528.0
2026-09-30,sh,600250,南京商旅,8.82,8.91,8.93,8.72,8.75,5470000,48075377.0
2026-09-30,sh,600251,冠农股份,9.77,9.79,10.04,9.74,9.99,13967656,138839973.0
2026-09-30,sh,600252,中恒集团,2.17,2.17,2.21,2.15,2.2,45777285,100316926.0
2026-09-30,sh,600255,鑫科材料,3.38,3.4,3.41,3.32,3.35,32542015,109040007.0
2026-09-30,sh,600256,广汇能源,6.68,6.65,6.78,6.62,6.67,77220364,517168719.0
2026-09-30,sh,600257,大湖股份,5.45,5.47,5.52,5.43,5.5,8112053,44423846.0
2026-09-30,sh,600258,首旅酒店,11.01,11.01,11.03,10.91,11.01,13377167,146763551.0
2026-09-30,sh,600259,中稀有色,74.2,74.4,75.15,73.41,73.74,3314980,245830625.0
2026-09-30,sh,600261,阳光照明,3.27,3.27,3.3,3.26,3.29,12663618,41575808.0
2026-09-30,sh,600262,北方股份,14.53,14.59,14.77,14.51,14.52,2119660,30914204.0
2026-09-30,sh,600265,*ST景谷,22.55,22.55,23.1,22.55,22.95,395600,8999327.0
2026-09-30,sh,600266,城建发展,4.48,4.42,4.46,4.16,4.42,89503010,383722819.0
2026-09-30,sh,600267,海正药业,11.43,11.4,11.86,11.38,11.75,26722363,313929322.0
2026-09-30,sh,600268,国电南自,9.99,10.06,10.19,10.03,10.09,7968000,80670572.0
2026-09-30,sh,600269,赣粤高速,3.76,3.77,3.82,3.74,3.81,11473080,43506135.0
2026-09-30,sh,600271,航天信息,6.65,6.66,6.67,6.58,6.64,5592514,37067030.0
2026-09-30,sh,600272,开开实业,14.99,15.0,15.48,14.86,15.01,14131515,213927231.0
2026-09-30,sh,600273,嘉化能源,6.13,6.15,6.23,6.14,6.2,7990682,49479744.0
2026-09-30,sh,600276,恒瑞医药,45.62,45.6,47.39,45.25,47.2,112164009,5234863148.0
2026-09-30,sh,600278,东方创业,6.53,6.55,6.57,6.45,6.52,4322404,28138911.0
2026-09-30,sh,600279,重庆港,4.27,4.29,4.33,4.26,4.32,4999750,21483626.0
2026-09-30,sh,600280,中央商场,3.0,3.02,3.03,2.96,3.01,23115900,69362424.0
2026-09-30,sh,600281,华阳新材,4.71,4.7,4.73,4.57,4.62,12901000,59961325.0
2026-09-30,sh,600282,南钢股份,4.43,4.43,4.58,4.42,4.54,43385500,195936032.0
2026-09-30,sh,600283,钱江水利,8.0,8.08,8.08,8.0,8.04,1538420,12349877.0
2026-09-30,sh,600284,浦东建设,5.1,5.1,5.17,5.05,5.14,9996327,51157798.0
2026-09-30,sh,600285,羚锐制药,18.69,18.68,18.99,18.67,18.98,4436335,83791501.0
2026-09-30,sh,600287,苏豪时尚,5.03,5.05,5.05,4.94,5.02,2749900,13764707.0
2026-09-30,sh,600288,大恒科技,10.51,10.62,10.65,10.35,10.36,8789400,91695900.0
2026-09-30,sh,600289,ST信通,4.26,4.26,4.44,4.21,4.4,1744400,7490163.0
2026-09-30,sh,600292,电投水电,11.13,11.15,11.44,11.15,11.42,7399700,84013018.0
2026-09-30,sh,600293,三峡新材,3.93,0.0,0.0,0.0,3.93,0,0.0
2026-09-30,sh,600295,鄂尔多斯,12.84,12.83,13.17,12.75,13.06,8698688,113196246.0
2026-09-30,sh,600298,安琪酵母,37.3,37.39,37.86,37.2,37.47,4851689,182181545.0
2026-09-30,sh,600299,安迪苏,8.07,8.08,8.23,8.06,8.21,21117190,172862672.0
2026-09-30,sh,600300,维维股份,3.05,3.05,3.11,3.04,3.1,21139133,65088258.0
2026-09-30,sh,600301,华锡有色,48.64,48.98,50.25,48.76,49.83,11431526,567245304.0
2026-09-30,sh,600302,ST标准,6.77,6.74,6.89,6.69,6.76,1884800,12737453.0
2026-09-30,sh,600303,曙光股份,3.06,3.07,3.18,3.06,3.11,26577800,82998164.0
2026-09-30,sh,600305,恒顺醋业,6.67,6.66,6.77,6.65,6.74,5232790,35186769.0
2026-09-30,sh,600307,酒钢宏兴,1.46,1.47,1.48,1.44,1.47,35211500,51406974.0
2026-09-30,sh,600308,华泰股份,3.25,3.26,3.27,3.24,3.27,5227992,17007291.0
2026-09-30,sh,600309,万华化学,67.66,67.72,69.29,67.72,68.9,19876670,1366019035.0
2026-09-30,sh,600310,广西能源,4.56,4.6,4.6,4.5,4.52,38799781,176187656.0
2026-09-30,sh,600312,平高电气,19.95,19.95,20.78,19.88,20.29,25366380,517699641.0
2026-09-30,sh,600313,农发种业,6.45,6.54,6.79,6.51,6.73,44514600,296660537.0
2026-09-30,sh,600315,上海家化,17.7,17.76,18.48,17.73,18.38,7945081,144786025.0
2026-09-30,sh,600316,洪都航空,32.84,33.11,33.97,33.06,33.41,6888029,231781940.0
2026-09-30,sh,600318,新力金融,6.85,6.87,6.92,6.77,6.8,10912831,74386996.0
2026-09-30,sh,600319,亚星化学,6.3,6.33,6.42,6.27,6.32,3341047,21196015.0
2026-09-30,sh,600320,振华重工,4.02,4.01,4.08,4.01,4.07,25937550,105292218.0
2026-09-30,sh,600322,津投城开,2.79,2.78,2.81,2.66,2.79,45160598,123237333.0
2026-09-30,sh,600323,瀚蓝环境,29.14,29.1,29.66,29.04,29.48,2951172,86883623.0
2026-09-30,sh,600325,华发股份,2.95,2.91,2.97,2.66,2.92,260882845,733173579.0
2026-09-30,sh,600326,西藏天路,6.63,6.7,6.82,6.61,6.73,13942524,93587584.0
2026-09-30,sh,600327,大东方,3.85,3.87,3.9,3.82,3.88,9787800,37847329.0
2026-09-30,sh,600328,中盐化工,5.59,5.6,5.7,5.58,5.68,11848197,66931579.0
2026-09-30,sh,600329,达仁堂,34.6,34.85,35.43,34.61,35.32,1995302,70172488.0
2026-09-30,sh,600330,天通股份,27.84,28.15,28.25,26.7,26.9,50848264,1382651124.0
2026-09-30,sh,600331,宏达股份,11.65,11.73,11.8,11.55,11.56,14643906,170559906.0
2026-09-30,sh,600332,白云山,19.4,19.4,19.74,19.37,19.72,5685453,111552331.0
2026-09-30,sh,600333,长春燃气,6.73,6.71,6.84,6.71,6.82,11517201,78297980.0
2026-09-30,sh,600335,国机汽车,5.21,5.2,5.28,5.18,5.26,10126331,53168088.0
2026-09-30,sh,600336,澳柯玛,6.33,6.39,6.4,6.22,6.22,3470016,21734894.0
2026-09-30,sh,600337,ST美克,3.7,3.7,3.86,3.59,3.82,39130632,145839716.0
2026-09-30,sh,600338,西藏珠峰,11.93,11.9,12.09,11.84,12.0,13936539,166929330.0
2026-09-30,sh,600339,中油工程,3.21,3.2,3.24,3.19,3.24,23606382,76027230.0
2026-09-30,sh,600340,*ST华幸,1.37,1.33,1.36,1.25,1.3,159926370,207901264.0
2026-09-30,sh,600343,航天动力,19.16,19.3,19.41,18.56,18.88,24470803,461488668.0
2026-09-30,sh,600345,长江通信,47.06,47.4,50.45,47.08,48.79,9299643,453232815.0
2026-09-30,sh,600346,恒力石化,15.91,16.09,16.32,15.88,16.07,23174206,374469609.0
2026-09-30,sh,600348,华阳股份,8.72,8.72,8.93,8.71,8.88,18424365,163259341.0
2026-09-30,sh,600350,山东高速,9.96,9.95,10.2,9.94,10.16,11579483,116996943.0
2026-09-30,sh,600351,亚宝药业,6.7,6.7,6.88,6.7,6.82,21178546,144568786.0
2026-09-30,sh,600352,浙江龙盛,12.1,12.17,12.71,12.13,12.59,53845845,674836480.0
2026-09-30,sh,600353,旭光电子,29.3,29.5,30.05,28.45,28.68,32965692,960873919.0
2026-09-30,sh,600354,敦煌种业,8.96,9.05,9.6,9.01,9.24,86815832,804035229.0
2026-09-30,sh,600356,恒丰纸业,10.42,10.84,11.46,10.68,11.46,15377365,173476365.0
2026-09-30,sh,600358,国旅联合,5.76,5.85,5.87,5.65,5.69,14382400,82360035.0
2026-09-30,sh,600359,新农开发,7.25,7.26,7.48,7.24,7.4,26769911,196635192.0
2026-09-30,sh,600360,华微电子,11.31,11.42,11.52,10.79,10.83,64978450,714901858.0
2026-09-30,sh,600361,创新新材,3.47,3.46,3.5,3.46,3.49,17728995,61776350.0
2026-09-30,sh,600362,江西铜业,41.74,41.74,41.88,41.31,41.8,18649590,777747688.0
2026-09-30,sh,600363,ST联光,13.55,12.2,12.2,12.2,12.2,1501600,18319520.0
2026-09-30,sh,600365,ST通葡,2.86,2.85,2.87,2.85,2.86,698000,1997778.0
2026-09-30,sh,600366,宁波韵升,10.76,10.76,10.84,10.68,10.71,11130102,119640015.0
2026-09-30,sh,600367,红星发展,34.59,34.59,34.99,33.01,33.08,21000427,710170566.0
2026-09-30,sh,600368,五洲交通,4.12,4.13,4.14,4.09,4.11,9586972,39403635.0
2026-09-30,sh,600369,西南证券,3.91,3.91,3.93,3.88,3.92,15856937,61999316.0
2026-09-30,sh,600370,*ST三房,1.45,1.44,1.45,1.36,1.37,38519966,53017210.0
2026-09-30,sh,600371,万向德农,12.84,12.6,13.94,12.57,13.51,66616940,883910020.0
2026-09-30,sh,600372,中航机载,11.15,11.15,11.33,11.15,11.25,14552711,163946830.0
2026-09-30,sh,600373,中文传媒,7.54,7.52,7.6,7.47,7.51,10917274,82188292.0
2026-09-30,sh,600375,汉马科技,3.66,3.68,3.76,3.63,3.73,21219698,78539661.0
2026-09-30,sh,600376,首开股份,3.39,3.32,3.38,3.1,3.3,142648851,460939289.0
2026-09-30,sh,600377,宁沪高速,12.93,12.99,13.18,12.9,13.0,10227100,133630988.0
2026-09-30,sh,600378,昊华科技,41.75,42.08,42.28,41.04,41.2,18559310,771011772.0
2026-09-30,sh,600379,宝光股份,14.18,14.29,14.32,13.89,13.94,6356700,89201973.0
2026-09-30,sh,600380,健康元,9.9,9.93,10.23,9.86,10.16,31626853,320779514.0
2026-09-30,sh,600381,*ST春天,4.13,4.14,4.21,4.12,4.2,4133500,17232833.0
2026-09-30,sh,600382,广东明珠,5.57,5.57,5.71,5.56,5.64,8058269,45300412.0
2026-09-30,sh,600383,金地集团,2.55,2.47,2.81,2.3,2.74,491858330,1258907881.0
2026-09-30,sh,600386,北巴传媒,3.55,3.57,3.58,3.53,3.54,6872500,24414309.0
2026-09-30,sh,600388,紫金龙净,16.69,16.69,16.92,16.69,16.8,4676930,78572015.0
2026-09-30,sh,600389,江山股份,17.48,17.49,18.06,17.49,17.89,6382612,113787383.0
2026-09-30,sh,600390,五矿资本,4.79,4.8,4.87,4.77,4.85,24669417,119168473.0
2026-09-30,sh,600391,航发科技,40.92,41.11,42.77,40.51,40.61,9748000,400739090.0
2026-09-30,sh,600392,盛和资源,20.27,20.28,20.48,20.08,20.17,17912109,362935136.0
2026-09-30,sh,600395,盘江股份,4.95,4.95,5.02,4.94,4.99,16296501,81237093.0
2026-09-30,sh,600396,华电辽能,12.35,12.47,12.59,12.32,12.39,43390100,539697389.0
2026-09-30,sh,600397,江钨装备,15.94,16.15,16.5,15.81,16.12,36974236,599459420.0
2026-09-30,sh,600398,海澜之家,5.62,5.62,5.68,5.6,5.65,19570642,110482887.0
2026-09-30,sh,600399,抚顺特钢,4.25,4.27,4.33,4.26,4.29,18353246,78774464.0
2026-09-30,sh,600400,红豆股份,3.31,3.33,3.38,3.26,3.29,33360373,110288913.0
2026-09-30,sh,600403,大有能源,7.05,7.03,7.23,6.93,7.02,78101692,551463195.0
2026-09-30,sh,600405,动力源,5.02,5.02,5.05,4.91,4.94,7564866,37442632.0
2026-09-30,sh,600406,国电南瑞,22.21,22.25,22.69,22.23,22.52,43555465,982842898.0
2026-09-30,sh,600408,安泰集团,3.04,3.03,3.14,3.03,3.13,42580646,131727898.0
2026-09-30,sh,600409,三友化工,6.05,6.06,6.2,6.04,6.16,15213300,93525449.0
2026-09-30,sh,600410,华胜天成,14.59,14.72,14.79,14.16,14.18,44946203,643326392.0
2026-09-30,sh,600415,小商品城,10.72,10.73,11.12,10.73,11.08,44263400,484470540.0
2026-09-30,sh,600416,湘电股份,8.15,8.17,8.37,8.12,8.32,10097946,83526367.0
2026-09-30,sh,600418,江淮汽车,26.04,26.03,28.64,24.96,27.47,274744852,7492598087.0
2026-09-30,sh,600419,天润乳业,8.77,8.82,9.06,8.77,8.94,5512050,49129641.0
2026-09-30,sh,600420,国药现代,8.21,8.23,8.41,8.2,8.39,7239922,60352624.0
2026-09-30,sh,600422,昆药集团,8.0,8.0,8.15,7.97,8.11,4325588,34984826.0
2026-09-30,sh,600423,*ST柳化,2.64,2.63,2.68,2.62,2.67,2146200,5683332.0
2026-09-30,sh,600425,青松建化,3.62,3.65,3.71,3.59,3.69,15862287,58008163.0
2026-09-30,sh,600426,华鲁恒升,19.05,19.11,19.48,19.04,19.43,23150578,446452809.0
2026-09-30,sh,600428,中远海特,10.42,10.45,10.77,10.45,10.71,25777034,274791527.0
2026-09-30,sh,600429,三元股份,4.75,4.75,4.86,4.69,4.85,17911730,85764053.0
2026-09-30,sh,600433,冠豪高新,3.24,3.24,3.29,3.22,3.26,15128400,49254052.0
2026-09-30,sh,600435,北方导航,10.87,10.9,11.2,10.88,11.16,16087598,177848013.0
2026-09-30,sh,600436,片仔癀,115.22,115.26,118.99,115.25,118.0,2278032,267363252.0
2026-09-30,sh,600438,通威股份,11.07,11.09,11.77,11.04,11.52,55769412,636312987.0
2026-09-30,sh,600439,ST瑞贝卡,1.84,1.84,1.85,1.82,1.84,7779688,14269047.0
2026-09-30,sh,600444,国机通用,14.53,14.67,14.67,14.37,14.51,1890000,27401382.0
2026-09-30,sh,600446,金证股份,10.39,10.56,10.87,10.35,10.41,11385956,119522526.0
2026-09-30,sh,600448,华纺股份,3.11,3.15,3.21,3.02,3.1,66203596,205176737.0
2026-09-30,sh,600449,宁夏建材,12.49,12.53,12.58,12.42,12.48,3876400,48467199.0
2026-09-30,sh,600452,涪陵电力,8.73,8.72,8.8,8.69,8.78,10971405,95948335.0
2026-09-30,sh,600455,博通股份,24.81,24.99,25.1,24.51,24.63,886900,21947509.0
2026-09-30,sh,600456,宝钛股份,24.58,24.59,24.76,24.55,24.63,1651800,40724688.0
2026-09-30,sh,600458,时代新材,10.86,10.95,11.04,10.83,10.99,12689299,139059665.0
2026-09-30,sh,600459,贵研铂业,18.02,18.05,18.13,17.91,18.02,5797786,104548093.0
2026-09-30,sh,600460,士兰微,31.84,32.29,32.3,30.69,30.75,42098771,1308544371.0
2026-09-30,sh,600461,洪城环境,8.73,8.76,8.85,8.7,8.81,7181875,63254346.0
2026-09-30,sh,600463,空港股份,8.41,8.41,8.47,8.18,8.37,5715300,47594620.0
2026-09-30,sh,600467,好当家,2.42,2.43,2.45,2.4,2.44,27279597,66255344.0
2026-09-30,sh,600468,百利电气,5.86,5.9,5.93,5.84,5.87,8451594,49654773.0
2026-09-30,sh,600469,风神股份,4.9,4.91,4.96,4.9,4.94,4084700,20161258.0
2026-09-30,sh,600470,六国化工,5.46,5.5,5.5,5.42,5.45,8631138,47078496.0
2026-09-30,sh,600475,华光环能,14.3,14.34,14.45,13.9,13.97,5501618,77501878.0
2026-09-30,sh,600476,*ST湘邮,9.9,9.97,9.97,9.76,9.92,716700,7057552.0
2026-09-30,sh,600477,杭萧钢构,2.41,2.42,2.45,2.39,2.43,19571647,47349375.0
2026-09-30,sh,600478,科力远,4.49,4.5,4.56,4.44,4.54,23697783,107188017.0
2026-09-30,sh,600479,千金药业,11.95,11.95,12.86,11.87,12.4,68336298,848563322.0
2026-09-30,sh,600480,凌云股份,7.67,7.66,7.83,7.62,7.74,8794290,68072316.0
2026-09-30,sh,600481,双良节能,3.91,3.96,4.05,3.93,4.03,40831086,163317788.0
2026-09-30,sh,600482,中国动力,33.8,33.89,34.98,33.41,33.51,10776435,365451898.0
2026-09-30,sh,600483,福能股份,10.83,10.83,11.06,10.76,11.02,9526217,104573039.0
2026-09-30,sh,600486,XD扬农化,50.21,50.26,51.46,50.19,51.18,1916480,97713895.0
2026-09-30,sh,600487,亨通光电,57.11,57.55,57.88,54.58,54.86,161679047,8953541701.0
2026-09-30,sh,600488,津药药业,6.9,6.85,7.25,6.6,6.69,219135889,1497523380.0
2026-09-30,sh,600489,中金黄金,21.59,21.59,22.02,21.4,21.9,48232244,1049974014.0
2026-09-30,sh,600490,鹏欣资源,6.7,6.7,6.81,6.67,6.8,19305434,130535607.0
2026-09-30,sh,600491,ST龙元,1.55,1.54,1.59,1.53,1.57,33617533,52382630.0
2026-09-30,sh,600493,凤竹纺织,6.57,6.58,6.65,6.48,6.51,5735620,37553056.0
2026-09-30,sh,600495,晋西车轴,4.07,4.09,4.1,4.06,4.08,5156740,21034315.0
2026-09-30,sh,600496,精工钢构,3.32,3.33,3.4,3.3,3.39,32024700,107971164.0
2026-09-30,sh,600497,驰宏锌锗,8.93,8.94,9.05,8.91,8.96,40783316,366184041.0
2026-09-30,sh,600498,烽火通信,36.28,36.6,36.8,35.6,35.7,44804086,1614674426.0
2026-09-30,sh,600499,科达制造,11.07,11.08,11.22,11.06,11.19,19442827,216657261.0
2026-09-30,sh,600500,中化国际,5.01,5.1,5.21,5.06,5.08,50348108,257948016.0
2026-09-30,sh,600501,航天晨光,14.49,14.57,14.74,14.4,14.45,3541707,51385273.0
2026-09-30,sh,600502,安徽建工,4.16,4.17,4.24,4.14,4.23,29326761,123159957.0
2026-09-30,sh,600503,华丽家族,2.47,2.45,2.6,2.27,2.53,238580468,580643073.0
2026-09-30,sh,600505,西昌电力,10.29,10.34,10.5,10.27,10.43,5451903,56710802.0
2026-09-30,sh,600506,统一股份,16.18,16.37,16.65,15.96,16.2,13232340,214367481.0
2026-09-30,sh,600507,方大特钢,3.98,3.99,4.11,3.96,4.08,19149309,77397491.0
2026-09-30,sh,600508,上海能源,10.45,10.37,10.61,10.37,10.58,10952279,115522601.0
2026-09-30,sh,600509,天富能源,7.18,7.19,7.21,7.12,7.15,8866100,63391908.0
2026-09-30,sh,600510,黑牡丹,6.54,6.62,6.62,6.18,6.4,11522364,72748600.0
2026-09-30,sh,600511,国药股份,25.8,25.83,26.18,25.77,26.1,4254600,110908289.0
2026-09-30,sh,600512,腾达建设,2.09,2.09,2.1,2.05,2.09,25304400,52503439.0
2026-09-30,sh,600513,联环药业,14.81,15.0,15.31,14.9,15.09,9953900,150485633.0
2026-09-30,sh,600515,海南机场,2.71,2.7,2.76,2.67,2.75,102270624,278304411.0
2026-09-30,sh,600516,方大炭素,5.27,5.28,5.35,5.27,5.29,33356221,176914691.0
2026-09-30,sh,600517,国网英大,4.85,4.87,4.96,4.85,4.94,16347600,80390600.0
2026-09-30,sh,600518,康美药业,1.33,1.33,1.35,1.32,1.34,84827508,113590811.0
2026-09-30,sh,600519,贵州茅台,1235.58,1239.53,1268.0,1236.05,1258.62,3833098,4797246636.0
2026-09-30,sh,600520,三佳科技,25.03,25.41,25.5,24.16,24.31,5001250,123380429.0
2026-09-30,sh,600521,华海药业,15.99,15.97,16.46,15.89,16.34,21244737,346489263.0
2026-09-30,sh,600522,中天科技,31.33,31.7,31.85,31.0,31.13,85013847,2661719331.0
2026-09-30,sh,600523,贵航股份,11.81,11.87,11.91,11.77,11.83,1892800,22408387.0
2026-09-30,sh,600525,长园集团,4.85,4.86,4.93,4.85,4.86,10289500,50255289.0
2026-09-30,sh,600526,菲达环保,4.59,4.59,4.64,4.57,4.63,4612800,21273949.0
2026-09-30,sh,600527,江南高纤,2.16,2.17,2.18,2.15,2.17,23704780,51341944.0
2026-09-30,sh,600528,中铁工业,6.75,6.76,6.86,6.73,6.85,6183317,42081711.0
2026-09-30,sh,600529,山东药玻,17.97,17.97,18.24,17.95,18.17,3271400,59348544.0
2026-09-30,sh,600530,ST交昂,3.79,3.78,3.79,3.74,3.76,2147200,8075127.0
2026-09-30,sh,600531,豫光金铅,11.12,11.15,11.19,11.05,11.11,14953389,166314280.0
2026-09-30,sh,600533,栖霞建设,2.29,2.29,2.31,2.16,2.29,26278800,58632058.0
2026-09-30,sh,600535,天士力,13.74,13.75,14.1,13.72,14.0,12576273,175643106.0
2026-09-30,sh,600536,中国软件,30.98,30.99,31.0,30.33,30.64,7107766,217897314.0
2026-09-30,sh,600537,*ST亿晶,2.11,2.11,2.12,2.09,2.11,14824890,31183278.0
2026-09-30,sh,600538,国发股份,4.71,4.73,4.83,4.73,4.79,6449202,30850689.0
2026-09-30,sh,600539,狮头股份,13.62,13.65,13.9,13.46,13.48,6285500,85386552.0
2026-09-30,sh,600540,新赛股份,5.67,5.61,5.68,5.45,5.52,74232836,411702820.0
2026-09-30,sh,600543,*ST莫高,4.07,4.04,4.09,4.01,4.07,1299900,5253679.0
2026-09-30,sh,600545,卓郎智能,3.97,3.99,4.01,3.84,3.84,60591528,235532976.0
2026-09-30,sh,600546,山煤国际,13.0,12.94,13.18,12.94,13.12,10947000,143411817.0
2026-09-30,sh,600547,山东黄金,26.49,26.7,27.47,26.5,27.3,87199909,2361825199.0
2026-09-30,sh,600548,深高速,8.06,8.08,8.14,8.04,8.12,2771705,22478320.0
2026-09-30,sh,600549,厦门钨业,43.75,43.95,44.59,43.52,44.11,20299878,897577447.0
2026-09-30,sh,600550,保变电气,10.08,10.2,10.33,10.13,10.22,14447822,147995407.0
2026-09-30,sh,600551,时代出版,7.87,7.92,8.15,7.88,7.98,22587124,180743665.0
2026-09-30,sh,600552,凯盛科技,17.2,17.3,18.16,16.96,17.0,61787170,1077074952.0
2026-09-30,sh,600556,天下秀,4.65,4.66,4.68,4.52,4.57,26488200,121470838.0
2026-09-30,sh,600557,康缘药业,12.1,12.1,12.37,12.05,12.3,5021800,61711125.0
2026-09-30,sh,600558,大西洋,4.75,4.77,4.81,4.76,4.76,9335812,44611962.0
2026-09-30,sh,600559,老白干酒,10.81,10.81,11.06,10.75,10.98,10247031,111962329.0
2026-09-30,sh,600560,金自天正,11.55,11.55,11.67,11.36,11.46,2630600,30226822.0
2026-09-30,sh,600561,江西长运,6.07,6.08,6.12,5.96,6.02,2944500,17747211.0
2026-09-30,sh,600562,国睿科技,26.35,26.57,27.19,26.28,26.81,4591731,123440507.0
2026-09-30,sh,600563,法拉电子,115.84,116.48,116.78,114.9,115.26,2092932,242140412.0
2026-09-30,sh,600566,济川药业,24.87,24.86,25.68,24.84,25.63,4839553,122621857.0
2026-09-30,sh,600567,山鹰国际,1.31,1.31,1.33,1.3,1.32,45436200,59807484.0
2026-09-30,sh,600568,ST中珠,2.4,2.39,2.41,2.36,2.37,5265600,12507444.0
2026-09-30,sh,600569,安阳钢铁,1.78,1.8,1.83,1.76,1.82,23782592,42694548.0
2026-09-30,sh,600570,恒生电子,19.32,19.38,19.44,19.24,19.4,9985677,193363591.0
2026-09-30,sh,600571,信雅达,10.28,10.28,10.4,10.16,10.21,3997143,40902316.0
2026-09-30,sh,600572,康恩贝,4.24,4.24,4.33,4.22,4.31,46100781,198401238.0
2026-09-30,sh,600573,惠泉啤酒,10.25,10.3,10.48,10.22,10.42,8941400,92704912.0
2026-09-30,sh,600575,淮河能源,3.13,3.13,3.17,3.12,3.16,26941261,84863350.0
2026-09-30,sh,600576,祥源文旅,5.32,5.38,5.4,5.28,5.3,4227200,22460385.0
2026-09-30,sh,600577,精达股份,8.25,8.28,8.91,8.28,8.71,97916650,843522956.0
2026-09-30,sh,600578,京能电力,5.15,5.15,5.24,5.13,5.21,33112144,172316771.0
2026-09-30,sh,600579,中化装备,7.02,7.06,7.07,6.98,7.03,2224200,15628015.0
2026-09-30,sh,600580,卧龙电驱,25.96,26.15,26.93,25.88,26.39,22167819,586359820.0
2026-09-30,sh,600581,*ST八钢,2.45,2.45,2.48,2.41,2.47,5540409,13563067.0
2026-09-30,sh,600582,天地科技,4.8,4.83,4.91,4.8,4.9,18264264,89244277.0
2026-09-30,sh,600583,海油工程,6.53,6.56,6.68,6.49,6.62,41109505,271813605.0
2026-09-30,sh,600584,长电科技,65.7,66.22,66.36,64.01,64.28,44722889,2902647206.0
2026-09-30,sh,600585,XD海螺水,16.85,16.88,17.6,16.8,17.51,39791168,689002577.0
2026-09-30,sh,600586,金晶科技,3.95,3.96,4.03,3.93,3.99,10623700,42335036.0
2026-09-30,sh,600587,新华医疗,12.82,12.88,13.12,12.77,13.02,14267790,185427445.0
2026-09-30,sh,600588,用友网络,9.25,9.34,9.34,9.15,9.22,20910915,192764207.0
2026-09-30,sh,600589,大位科技,7.53,7.53,7.59,7.35,7.35,26356600,195216355.0
2026-09-30,sh,600590,泰豪科技,8.12,8.16,8.22,8.01,8.03,10691642,86528294.0
2026-09-30,sh,600592,龙溪股份,14.73,14.78,16.2,14.5,16.2,18857439,297115594.0
2026-09-30,sh,600593,大连圣亚,48.05,48.82,49.66,46.8,48.12,12226300,587752960.0
2026-09-30,sh,600594,益佰制药,3.6,3.59,3.68,3.59,3.64,18112612,66052824.0
2026-09-30,sh,600595,中孚实业,5.97,5.93,5.97,5.88,5.95,38598905,228998357.0
2026-09-30,sh,600596,新安股份,10.46,10.5,10.69,10.38,10.59,27126604,285929367.0
2026-09-30,sh,600597,光明乳业,6.8,6.8,6.96,6.78,6.93,10790747,74258036.0
2026-09-30,sh,600598,北大荒,12.42,12.45,12.74,12.38,12.63,15980360,201095139.0
2026-09-30,sh,600600,青岛啤酒,49.52,49.54,50.18,49.53,50.02,2537811,126607856.0
2026-09-30,sh,600601,方正科技,13.72,13.73,13.8,13.07,13.2,146809465,1958066314.0
2026-09-30,sh,600602,云赛智联,16.21,16.3,16.33,16.02,16.05,9897626,159524491.0
2026-09-30,sh,600603,广汇物流,4.8,4.83,4.84,4.75,4.81,6354200,30516087.0
2026-09-30,sh,600604,市北高新,4.85,4.8,4.9,4.62,4.86,28319835,134843995.0
2026-09-30,sh,600605,汇通能源,29.6,29.79,29.99,29.28,29.4,4299994,127120605.0
2026-09-30,sh,600606,绿地控股,1.5,1.48,1.56,1.39,1.54,434201029,639832926.0
2026-09-30,sh,600609,金杯汽车,3.59,3.57,3.69,3.52,3.62,50602949,182792800.0
2026-09-30,sh,600610,中毅达,7.36,7.39,7.51,7.38,7.41,11574717,85985044.0
2026-09-30,sh,600611,大众交通,4.31,4.33,4.34,4.27,4.29,20701007,89012713.0
2026-09-30,sh,600612,老凤祥,30.79,30.79,31.37,30.79,31.37,776334,24137516.0
2026-09-30,sh,600613,神奇制药,8.11,8.07,8.6,8.02,8.19,59711436,496522262.0
2026-09-30,sh,600615,鑫源智造,9.54,9.6,9.62,9.38,9.53,1418820,13466962.0
2026-09-30,sh,600616,金枫酒业,5.02,5.05,5.43,5.03,5.27,50797326,267978838.0
2026-09-30,sh,600617,国新能源,3.27,3.31,3.41,3.27,3.4,36985133,124419901.0
2026-09-30,sh,600618,氯碱化工,9.52,9.53,9.68,9.52,9.66,2962740,28516340.0
2026-09-30,sh,600619,海立股份,13.18,13.2,13.27,12.93,12.93,12601619,164541977.0
2026-09-30,sh,600620,天宸股份,4.35,4.39,4.4,4.27,4.36,6039200,26189417.0
2026-09-30,sh,600621,华鑫股份,13.45,13.55,13.56,13.27,13.37,12396263,165849840.0
2026-09-30,sh,600622,光大嘉宝,2.52,2.5,2.58,2.32,2.56,65619404,161070524.0
2026-09-30,sh,600623,华谊集团,8.42,8.45,8.6,8.42,8.49,8787006,74920605.0
2026-09-30,sh,600624,ST复华,4.61,4.61,4.62,4.59,4.61,1542460,7103465.0
2026-09-30,sh,600626,申达股份,3.75,3.77,3.81,3.73,3.77,12288108,46330072.0
2026-09-30,sh,600628,新世界,6.29,6.29,6.4,6.26,6.36,6302000,39960219.0
2026-09-30,sh,600629,华建集团,16.35,16.65,16.68,16.07,16.37,18208208,298570222.0
2026-09-30,sh,600630,龙头股份,7.71,7.71,7.89,7.49,7.63,49150226,376223360.0
2026-09-30,sh,600633,浙数文化,10.11,10.14,10.16,9.98,10.0,8862000,89101187.0
2026-09-30,sh,600635,大众公用,4.4,4.4,4.46,4.38,4.45,17069773,75653691.0
2026-09-30,sh,600637,东方明珠,8.8,8.8,8.82,8.63,8.69,27435167,238868142.0
2026-09-30,sh,600638,新黄浦,5.23,5.23,5.37,4.99,5.3,27047361,140489202.0
2026-09-30,sh,600639,浦东金桥,9.75,9.63,9.93,9.41,9.88,11847453,115366035.0
2026-09-30,sh,600640,国脉文化,12.62,12.63,12.99,12.56,12.63,15539091,197551076.0
2026-09-30,sh,600641,先导基电,48.76,50.0,51.99,48.45,48.57,78796016,3932878022.0
2026-09-30,sh,600642,申能股份,8.76,8.7,8.93,8.66,8.78,24972870,220944103.0
2026-09-30,sh,600643,爱建集团,4.07,4.07,4.14,4.02,4.1,16334440,66849798.0
2026-09-30,sh,600644,乐山电力,8.86,8.88,9.12,8.84,8.88,18749437,168103283.0
2026-09-30,sh,600645,中源协和,18.74,18.95,19.78,18.84,19.41,11863799,229927404.0
2026-09-30,sh,600648,外高桥,9.47,9.39,9.68,9.31,9.66,5750279,54934121.0
2026-09-30,sh,600649,城投控股,4.13,4.09,4.13,3.83,4.06,58696481,235514162.0
2026-09-30,sh,600650,锦江在线,10.22,10.24,10.3,10.11,10.22,2337100,23825227.0
2026-09-30,sh,600651,飞乐音响,4.99,4.99,5.12,4.95,4.98,12668556,63257234.0
2026-09-30,sh,600653,申华控股,1.71,1.71,1.72,1.65,1.68,47196460,79164942.0
2026-09-30,sh,600654,中安科,3.05,3.05,3.06,2.98,3.02,35977800,108477310.0
2026-09-30,sh,600655,豫园股份,4.54,4.52,4.68,4.46,4.66,16282253,74787960.0
2026-09-30,sh,600657,信达地产,3.38,3.38,3.69,3.05,3.55,208593200,695869362.0
2026-09-30,sh,600658,电子城,4.24,4.23,4.26,4.01,4.21,30908007,128175635.0
2026-09-30,sh,600660,福耀玻璃,53.0,53.0,53.7,52.62,53.58,6305200,336812567.0
2026-09-30,sh,600661,昂立教育,9.3,9.62,9.76,9.01,9.17,13656597,126470812.0
2026-09-30,sh,600662,外服控股,4.19,4.21,4.27,4.18,4.26,9125617,38636097.0
2026-09-30,sh,600663,陆家嘴,9.19,9.29,10.11,9.08,10.11,36514525,350853700.0
2026-09-30,sh,600664,哈药股份,7.14,7.15,7.83,7.09,7.4,519161997,3909651397.0
2026-09-30,sh,600665,天地源,3.42,3.42,3.48,3.26,3.46,18849260,63364604.0
2026-09-30,sh,600666,奥瑞德,3.2,3.2,3.22,3.15,3.16,36820302,116636785.0
2026-09-30,sh,600667,太极实业,17.95,18.21,18.28,17.28,17.29,102909597,1804483794.0
2026-09-30,sh,600668,尖峰集团,7.39,7.39,7.48,7.36,7.46,3214000,23881424.0
2026-09-30,sh,600671,天目药业,21.62,21.61,21.9,21.55,21.79,1515000,32872066.0
2026-09-30,sh,600673,东阳光,30.44,31.05,31.16,30.13,30.37,12507389,381978518.0
2026-09-30,sh,600674,川投能源,16.5,16.51,16.88,16.44,16.62,28271747,472853850.0
2026-09-30,sh,600675,中华企业,2.49,2.42,2.55,2.25,2.52,135013893,323885759.0
2026-09-30,sh,600676,久事动娱,6.65,6.62,6.72,6.57,6.6,8387382,55570964.0
2026-09-30,sh,600678,ST金顶,5.75,5.87,5.92,5.72,5.78,7314908,42490381.0
2026-09-30,sh,600679,上海凤凰,10.52,10.52,10.59,10.48,10.55,3153400,33201752.0
2026-09-30,sh,600681,百川能源,3.48,3.48,3.54,3.47,3.52,19829102,69557110.0
2026-09-30,sh,600682,南京新百,5.74,5.8,5.88,5.73,5.84,15204875,88720639.0
2026-09-30,sh,600683,京投发展,9.25,9.38,9.38,8.68,8.95,21244100,189309377.0
2026-09-30,sh,600684,珠江股份,3.66,3.66,3.68,3.44,3.64,26861839,96101021.0
2026-09-30,sh,600685,中船防务,28.45,28.51,29.03,28.46,28.71,11416550,328524182.0
2026-09-30,sh,600686,金龙汽车,11.26,11.16,11.52,10.97,11.25,25868268,291141452.0
2026-09-30,sh,600688,上海石化,2.73,2.73,2.76,2.72,2.75,34106019,93384795.0
2026-09-30,sh,600689,上海三毛,12.02,12.04,12.15,11.82,11.92,2263400,27020015.0
2026-09-30,sh,600690,海尔智家,20.21,20.2,20.52,20.13,20.42,25219099,512752812.0
2026-09-30,sh,600691,潞化科技,2.72,2.75,2.75,2.7,2.72,27977632,76160890.0
2026-09-30,sh,600692,亚通股份,6.73,6.7,6.76,6.5,6.72,10109199,67113237.0
2026-09-30,sh,600693,东百集团,9.12,9.3,9.4,9.05,9.32,34416023,318088117.0
2026-09-30,sh,600694,大商股份,14.26,14.32,14.41,14.23,14.4,1794763,25749111.0
2026-09-30,sh,600697,欧亚集团,11.36,11.36,11.46,11.2,11.43,4889600,55466886.0
2026-09-30,sh,600698,湖南天雁,6.86,6.8,6.86,6.66,6.7,19941587,134293465.0
2026-09-30,sh,600699,均胜电子,22.75,22.5,24.05,22.11,23.46,93842909,2170044937.0
2026-09-30,sh,600702,舍得酒业,31.76,31.92,33.22,31.77,32.71,6442285,209701771.0
2026-09-30,sh,600703,三安光电,11.41,11.49,11.65,11.4,11.48,54897432,632086737.0
2026-09-30,sh,600704,物产中大,4.78,4.79,4.87,4.76,4.87,33588750,162445459.0
2026-09-30,sh,600706,曲江文旅,8.06,8.13,8.2,7.99,8.1,5690900,46012929.0
2026-09-30,sh,600707,彩虹股份,9.57,9.57,10.42,9.36,10.08,276443747,2779296262.0
2026-09-30,sh,600708,光明地产,3.12,3.14,3.17,2.96,3.12,50365651,154083799.0
2026-09-30,sh,600710,苏美达,11.1,11.1,11.34,11.07,11.28,7411700,83531750.0
2026-09-30,sh,600711,盛屯矿业,10.29,10.28,10.31,10.13,10.14,30798280,314472468.0
2026-09-30,sh,600712,南宁百货,5.4,5.42,5.43,5.34,5.39,12035123,64773104.0
2026-09-30,sh,600713,南京医药,4.94,4.95,5.02,4.93,5.0,6798939,33917492.0
2026-09-30,sh,600714,金瑞矿业,17.49,17.68,18.05,17.13,17.15,11751325,205679213.0
2026-09-30,sh,600715,文投控股,1.65,1.67,1.69,1.62,1.64,33013500,54353265.0
2026-09-30,sh,600716,凤凰股份,3.79,3.8,3.81,3.66,3.79,7219200,26961193.0
2026-09-30,sh,600717,天津港,4.23,4.23,4.32,4.22,4.3,29574125,126763269.0
2026-09-30,sh,600718,东软集团,7.9,7.95,7.96,7.81,7.91,5430700,42888280.0
2026-09-30,sh,600719,大连热电,8.18,8.29,9.0,8.15,8.72,66748947,585548793.0
2026-09-30,sh,600720,中交设计,5.12,5.14,5.21,5.08,5.19,7465526,38512514.0
2026-09-30,sh,600721,百花医药,12.95,12.9,13.65,12.4,13.11,140346900,1847155692.0
2026-09-30,sh,600722,金牛化工,14.57,14.59,15.1,14.45,14.72,64807804,958993217.0
2026-09-30,sh,600724,宁波富达,5.0,5.0,5.03,4.85,5.01,9132380,45048727.0
2026-09-30,sh,600725,云维股份,3.27,3.27,3.3,3.25,3.27,7551700,24677884.0
2026-09-30,sh,600726,华电能源,4.96,4.99,5.01,4.95,4.96,25407463,126372714.0
2026-09-30,sh,600727,鲁北化工,7.43,7.45,7.59,7.44,7.49,7373400,55328659.0
2026-09-30,sh,600728,佳都科技,4.47,4.48,4.49,4.41,4.45,12888100,57339259.0
2026-09-30,sh,600729,重百集团,18.08,18.12,18.47,18.07,18.44,2507500,45880984.0
2026-09-30,sh,600730,*ST高科,8.41,8.54,8.68,8.45,8.55,6321480,54065130.0
2026-09-30,sh,600731,湖南海利,5.83,5.82,5.97,5.82,5.95,5888040,34820183.0
2026-09-30,sh,600732,爱旭股份,10.88,10.89,11.75,10.89,11.57,50902800,581808698.0
2026-09-30,sh,600733,北汽蓝谷,4.93,4.93,5.25,4.76,5.07,269971981,1364024275.0
2026-09-30,sh,600734,*ST实达,1.85,1.87,1.87,1.83,1.86,23437300,43333649.0
2026-09-30,sh,600735,ST新华锦,6.51,6.52,6.65,6.52,6.65,4049100,26749458.0
2026-09-30,sh,600736,苏州高新,6.53,6.52,6.62,6.31,6.57,26854605,173706623.0
2026-09-30,sh,600737,中粮糖业,13.8,14.1,14.73,14.09,14.66,67038064,972325951.0
2026-09-30,sh,600738,丽尚国潮,4.23,4.22,4.25,4.18,4.23,7494700,31580100.0
2026-09-30,sh,600739,辽宁成大,10.08,10.11,10.24,10.08,10.21,9929403,101028303.0
2026-09-30,sh,600740,山西焦化,3.7,3.69,3.77,3.68,3.76,20382720,76265745.0
2026-09-30,sh,600741,华域汽车,15.18,15.18,15.48,15.13,15.38,15873530,243948571.0
2026-09-30,sh,600742,XD富维股,7.55,7.6,7.71,7.58,7.67,3943926,30207948.0
2026-09-30,sh,600743,华远控股,2.4,2.37,2.4,2.18,2.35,183100413,421791941.0
2026-09-30,sh,600744,华银电力,6.0,6.05,6.16,6.0,6.06,43575820,265256170.0
2026-09-30,sh,600745,*ST闻泰,16.51,16.55,16.61,16.39,16.43,12970302,213671685.0
2026-09-30,sh,600746,江苏索普,6.76,6.77,6.95,6.76,6.88,6648541,45719001.0
2026-09-30,sh,600748,上实发展,4.09,4.03,4.13,3.79,4.1,35219118,139509122.0
2026-09-30,sh,600749,西藏旅游,12.76,12.81,12.85,12.6,12.65,3504800,44383771.0
2026-09-30,sh,600750,华润江中,22.3,22.3,22.62,22.2,22.53,3397517,76182153.0
2026-09-30,sh,600751,海航科技,2.86,2.86,2.92,2.85,2.91,23146025,66879547.0
2026-09-30,sh,600753,ST海钦,13.73,13.73,13.88,12.48,13.01,7575550,98824211.0
2026-09-30,sh,600754,锦江酒店,17.85,17.89,18.09,17.73,18.05,5777942,103476593.0
2026-09-30,sh,600755,厦门国贸,5.69,5.7,5.73,5.65,5.68,16936325,96351972.0
2026-09-30,sh,600756,浪潮软件,13.95,14.38,14.38,13.62,13.76,7099800,98131845.0
2026-09-30,sh,600757,长江传媒,7.41,7.38,7.48,7.38,7.43,5389100,40084911.0
2026-09-30,sh,600758,辽宁能源,3.77,3.75,3.85,3.7,3.75,63781518,240654881.0
2026-09-30,sh,600759,ST洲际,2.2,2.19,2.31,2.18,2.25,94226378,211165286.0
2026-09-30,sh,600760,中航沈飞,42.65,42.65,43.87,42.57,43.63,12023435,523646109.0
2026-09-30,sh,600761,安徽合力,14.7,14.73,14.93,14.66,14.85,5754596,85137089.0
2026-09-30,sh,600763,通策医疗,33.0,33.0,34.13,33.0,34.07,8398878,284054510.0
2026-09-30,sh,600764,中国海防,18.3,18.34,18.75,18.34,18.39,5098700,94377068.0
2026-09-30,sh,600765,中航重机,13.08,13.08,13.22,13.08,13.19,6491921,85469772.0
2026-09-30,sh,600768,富邦新材,14.89,14.91,14.98,14.68,14.75,1902500,28187385.0
2026-09-30,sh,600769,祥龙电业,14.56,14.62,15.8,14.62,14.82,11550474,174564221.0
2026-09-30,sh,600770,综艺股份,6.18,6.35,6.45,6.04,6.36,89123550,556857016.0
2026-09-30,sh,600771,广誉远,13.89,13.9,14.24,13.87,14.15,9280321,130911054.0
2026-09-30,sh,600773,西藏城投,9.67,9.73,9.95,9.52,9.82,17894603,174614600.0
2026-09-30,sh,600774,汉商集团,7.96,8.01,8.06,7.87,7.97,3334700,26625917.0
2026-09-30,sh,600775,南京熊猫,9.29,9.36,9.37,9.21,9.26,7216500,66942032.0
2026-09-30,sh,600776,东方通信,12.34,12.43,12.48,12.25,12.28,7579356,93490196.0
2026-09-30,sh,600777,XD新潮能,3.99,3.98,4.01,3.97,4.0,8780799,35022104.0
2026-09-30,sh,600778,友好集团,5.78,5.8,5.81,5.69,5.77,8005100,46007686.0
2026-09-30,sh,600779,水井坊,25.73,25.9,26.49,25.73,26.18,2038061,53294183.0
2026-09-30,sh,600780,通宝能源,6.1,6.11,6.16,6.08,6.13,7127690,43733938.0
2026-09-30,sh,600782,新钢股份,2.66,2.66,2.72,2.63,2.7,29326934,78592855.0
2026-09-30,sh,600783,鲁信创投,14.62,14.9,14.9,14.51,14.52,7022968,102614058.0
2026-09-30,sh,600784,鲁银投资,7.06,7.06,7.1,7.0,7.0,3264600,22976968.0
2026-09-30,sh,600785,新华百货,10.28,10.28,10.89,10.27,10.65,19910273,210325698.0
2026-09-30,sh,600787,中储股份,4.57,4.58,4.64,4.55,4.62,13757772,63389051.0
2026-09-30,sh,600789,鲁抗医药,7.63,7.64,7.87,7.63,7.85,34361893,268586563.0
2026-09-30,sh,600790,轻纺城,3.65,3.7,3.79,3.61,3.68,45742697,168482162.0
2026-09-30,sh,600791,京能置业,7.1,6.97,7.0,6.46,6.94,20920504,141558427.0
2026-09-30,sh,600792,云煤能源,5.29,5.17,5.34,5.04,5.04,79593417,409801500.0
2026-09-30,sh,600793,宜宾纸业,16.39,16.43,16.88,16.32,16.36,2877700,47709550.0
2026-09-30,sh,600794,保税科技,3.19,3.2,3.23,3.17,3.19,7299300,23315021.0
2026-09-30,sh,600795,国电电力,5.36,5.35,5.4,5.31,5.34,95284563,509676687.0
2026-09-30,sh,600796,钱江生化,5.09,5.11,5.14,5.07,5.11,3328100,16960916.0
2026-09-30,sh,600797,浙大网新,6.49,6.51,6.53,6.42,6.45,7525766,48568210.0
2026-09-30,sh,600798,宁波海运,3.38,3.38,3.43,3.37,3.41,13268300,45095623.0
2026-09-30,sh,600800,渤海化学,3.2,3.21,3.22,3.17,3.21,11170936,35747750.0
2026-09-30,sh,600801,华新建材,23.8,23.91,23.99,23.45,23.8,7096100,168472286.0
2026-09-30,sh,600802,福建水泥,6.94,6.72,7.49,6.25,7.24,111314063,761625731.0
2026-09-30,sh,600803,新奥股份,18.39,18.39,19.23,18.31,19.2,11347048,215373171.0
2026-09-30,sh,600805,悦达投资,4.63,4.65,4.68,4.59,4.63,8110620,37578784.0
2026-09-30,sh,600807,济高发展,2.68,2.71,2.71,2.63,2.68,13272900,35453730.0
2026-09-30,sh,600808,马钢股份,2.46,2.45,2.52,2.42,2.51,55760839,138222334.0
2026-09-30,sh,600809,山西汾酒,111.5,111.96,117.0,111.01,115.6,7440075,853582842.0
2026-09-30,sh,600810,神马股份,6.22,6.26,6.32,6.2,6.3,5563402,34789781.0
2026-09-30,sh,600812,华北制药,4.84,4.87,4.99,4.82,4.98,36020623,178408190.0
2026-09-30,sh,600814,杭州解百,6.87,6.88,6.97,6.81,6.93,6177600,42566033.0
2026-09-30,sh,600815,厦工股份,3.77,3.79,3.97,3.74,3.82,146559835,562291666.0
2026-09-30,sh,600816,建元信托,2.34,2.35,2.39,2.34,2.38,43560569,103098141.0
2026-09-30,sh,600817,宇通重工,9.75,9.75,9.82,9.68,9.79,1371001,13397612.0
2026-09-30,sh,600818,ST中路,9.17,9.15,9.5,9.15,9.31,4209298,39371825.0
2026-09-30,sh,600819,耀皮玻璃,5.61,5.65,5.67,5.57,5.62,6321488,35520628.0
2026-09-30,sh,600820,隧道股份,5.2,5.22,5.31,5.19,5.3,14269996,75087015.0
2026-09-30,sh,600821,金开新能,5.7,5.72,5.74,5.67,5.68,23321205,132863548.0
2026-09-30,sh,600822,上海物贸,9.18,9.2,9.22,8.8,8.92,7341185,65786093.0
2026-09-30,sh,600824,益民集团,3.66,3.67,3.74,3.63,3.71,11736000,43293846.0
2026-09-30,sh,600825,新华传媒,9.41,10.35,10.35,10.35,10.35,13985532,144750256.0
2026-09-30,sh,600826,兰生股份,7.98,7.99,8.03,7.87,7.97,5526080,43967690.0
2026-09-30,sh,600827,百联股份,7.76,7.8,7.95,7.72,7.94,12958202,102032945.0
2026-09-30,sh,600828,茂业商业,4.28,4.3,4.36,4.23,4.33,12533882,53877003.0
2026-09-30,sh,600829,人民同泰,9.33,9.32,9.55,9.31,9.43,6904682,65347981.0
2026-09-30,sh,600830,香溢融通,8.36,8.36,8.42,8.31,8.38,7313312,61233204.0
2026-09-30,sh,600831,广电网络,3.41,3.48,3.5,3.31,3.4,21303800,72372436.0
2026-09-30,sh,600833,第一医药,10.56,10.59,10.66,10.47,10.48,3905811,41257173.0
2026-09-30,sh,600834,XD申通地,7.69,7.74,7.74,7.61,7.65,1371400,10488637.0
2026-09-30,sh,600835,上海机电,18.21,18.21,18.35,18.08,18.29,3759588,68630907.0
2026-09-30,sh,600838,上海九百,8.15,8.18,8.3,8.05,8.18,8672428,70788477.0
2026-09-30,sh,600839,四川长虹,6.41,6.41,6.43,6.41,6.42,19933809,127975115.0
2026-09-30,sh,600841,动力新科,5.65,5.65,5.74,5.6,5.7,8288238,47085682.0
2026-09-30,sh,600843,上工申贝,7.68,7.73,7.87,7.5,7.58,24191280,184188075.0
2026-09-30,sh,600844,金煤科技,3.21,3.24,3.26,3.21,3.23,18721400,60618641.0
2026-09-30,sh,600845,宝信软件,17.81,17.86,17.95,17.62,17.69,10000084,177230584.0
2026-09-30,sh,600846,同济科技,10.68,10.75,10.76,10.62,10.66,1371921,14681407.0
2026-09-30,sh,600847,万里股份,12.86,13.07,13.29,12.71,12.79,4603200,59724101.0
2026-09-30,sh,600848,上海临港,8.7,8.71,9.19,8.47,9.05,28785711,257648812.0
2026-09-30,sh,600850,电科数字,13.65,13.69,13.73,13.58,13.63,4941731,67483270.0
2026-09-30,sh,600851,海欣股份,7.9,7.94,8.1,7.9,7.93,5130914,41042888.0
2026-09-30,sh,600853,龙建股份,3.29,3.31,3.33,3.26,3.32,10674828,35209376.0
2026-09-30,sh,600854,春兰股份,4.78,4.8,4.8,4.69,4.75,5946500,28236520.0
2026-09-30,sh,600855,航天长峰,12.35,12.45,12.6,12.35,12.4,5760731,71780991.0
2026-09-30,sh,600857,宁波中百,17.53,17.53,17.8,17.17,17.22,7450801,130034078.0
2026-09-30,sh,600858,银座股份,4.94,4.95,4.99,4.89,4.95,6164700,30478762.0
2026-09-30,sh,600859,王府井,9.68,9.69,9.86,9.59,9.84,10187784,99255150.0
2026-09-30,sh,600860,京城股份,7.52,7.55,7.6,7.47,7.47,3801176,28587092.0
2026-09-30,sh,600861,北京人力,12.69,12.75,12.86,12.66,12.83,1286880,16438411.0
2026-09-30,sh,600862,中航高科,17.73,17.77,18.05,17.73,17.85,5647792,100969238.0
2026-09-30,sh,600863,华能蒙电,4.68,4.69,4.73,4.66,4.72,46645279,219441936.0
2026-09-30,sh,600864,哈投股份,5.63,5.65,5.67,5.59,5.62,22744806,128122977.0
2026-09-30,sh,600865,百大集团,10.43,10.57,10.57,10.3,10.43,12863100,134123636.0
2026-09-30,sh,600866,星湖科技,4.09,4.09,4.2,4.07,4.19,18512632,77021956.0
2026-09-30,sh,600867,通化东宝,7.68,7.69,7.88,7.67,7.86,20207291,158101447.0
2026-09-30,sh,600868,梅雁吉祥,2.78,2.79,2.8,2.75,2.77,19599857,54304281.0
2026-09-30,sh,600869,远东股份,18.03,18.32,18.38,17.52,17.65,85077924,1512150784.0
2026-09-30,sh,600871,石化油服,2.09,2.08,2.11,2.07,2.1,62597962,130841988.0
2026-09-30,sh,600872,中炬高新,16.84,16.88,17.35,16.82,17.24,6901904,117947640.0
2026-09-30,sh,600873,梅花生物,7.24,7.25,7.5,7.23,7.48,19246894,142609186.0
2026-09-30,sh,600874,创业环保,5.46,5.49,5.53,5.46,5.52,5733482,31564905.0
2026-09-30,sh,600875,东方电气,22.97,23.11,23.31,22.99,23.04,14129200,326766920.0
2026-09-30,sh,600876,凯盛新能,7.54,7.57,7.6,7.44,7.47,7046502,52753878.0
2026-09-30,sh,600877,电科芯片,11.4,11.51,11.53,11.16,11.22,9629373,108733217.0
2026-09-30,sh,600879,航天电子,13.66,13.75,13.84,13.5,13.55,35051980,476310746.0
2026-09-30,sh,600880,博瑞传播,4.18,4.2,4.26,4.06,4.06,37204713,153932022.0
2026-09-30,sh,600881,亚泰集团,1.84,1.86,1.88,1.82,1.85,68655558,126698934.0
2026-09-30,sh,600882,妙可蓝多,18.71,18.71,19.41,18.56,19.31,4157676,79355160.0
2026-09-30,sh,600883,博闻科技,8.21,8.25,8.3,8.08,8.16,2836400,23148355.0
2026-09-30,sh,600884,杉杉股份,11.58,11.5,11.73,11.41,11.51,36115014,417285437.0
2026-09-30,sh,600885,宏发股份,33.48,33.4,33.75,33.3,33.53,5965522,199908890.0
2026-09-30,sh,600886,国投电力,15.15,15.15,15.47,15.11,15.24,22369763,342704681.0
2026-09-30,sh,600887,伊利股份,27.24,27.25,27.38,27.1,27.3,30378259,827638790.0
2026-09-30,sh,600888,新疆众和,9.67,9.7,9.98,9.6,9.78,40224795,393580735.0
2026-09-30,sh,600889,*ST京化,13.17,13.23,13.4,13.23,13.32,746500,9949296.0
2026-09-30,sh,600892,大晟文化,4.16,4.16,4.18,4.09,4.1,21752900,89795147.0
2026-09-30,sh,600893,航发动力,38.41,38.6,39.25,38.49,38.86,17256188,672149248.0
2026-09-30,sh,600894,广日股份,7.66,7.76,7.79,7.6,7.65,6187228,47366454.0
2026-09-30,sh,600895,张江高科,27.77,27.95,28.1,27.67,28.01,12538580,350153132.0
2026-09-30,sh,600897,厦门空港,15.02,15.08,15.24,14.92,15.1,3603458,54364969.0
2026-09-30,sh,600900,长江电力,28.38,28.39,28.68,28.33,28.54,67933564,1939187737.0
2026-09-30,sh,600901,江苏金租,6.85,6.85,6.97,6.84,6.94,19437908,134880625.0
2026-09-30,sh,600903,贵州燃气,6.51,6.53,6.76,6.48,6.68,36658599,243974190.0
2026-09-30,sh,600905,三峡能源,3.52,3.52,3.53,3.51,3.52,62862895,221269126.0
2026-09-30,sh,600906,财达证券,6.27,6.3,6.31,6.25,6.29,12431215,78042373.0
2026-09-30,sh,600908,无锡银行,5.84,5.84,5.96,5.84,5.9,15258853,90354455.0
2026-09-30,sh,600909,华安证券,7.69,7.71,7.78,7.67,7.77,54354779,419979712.0
2026-09-30,sh,600916,中国黄金,7.14,7.16,7.22,7.11,7.19,13370003,95887479.0
2026-09-30,sh,600917,重庆燃气,4.79,4.81,4.86,4.79,4.84,4299101,20738813.0
2026-09-30,sh,600918,中泰证券,5.39,5.4,5.43,5.36,5.42,18197024,98348648.0
2026-09-30,sh,600919,江苏银行,12.16,12.16,12.43,12.16,12.38,78508422,970907041.0
2026-09-30,sh,600925,苏能股份,4.1,4.12,4.18,4.1,4.18,8530090,35429716.0
2026-09-30,sh,600926,杭州银行,16.81,16.79,17.18,16.79,17.11,28769700,490801720.0
2026-09-30,sh,600927,永安期货,12.06,12.06,12.17,12.04,12.1,2825614,34188378.0
2026-09-30,sh,600928,西安银行,3.48,3.48,3.55,3.47,3.55,26070570,91975290.0
2026-09-30,sh,600929,雪天盐业,5.99,6.01,6.09,5.94,5.96,18794362,112756705.0
2026-09-30,sh,600930,华电新能,3.82,3.82,3.89,3.8,3.88,88680679,341443635.0
2026-09-30,sh,600933,爱柯迪,13.3,13.31,13.54,13.2,13.27,8849829,118496600.0
2026-09-30,sh,600935,华塑股份,2.3,2.3,2.32,2.28,2.31,14284212,32840462.0
2026-09-30,sh,600936,北投科技,4.25,4.34,4.39,4.22,4.24,18453931,78558961.0
2026-09-30,sh,600938,中国海油,33.36,33.06,33.7,33.05,33.42,27293195,912293439.0
2026-09-30,sh,600939,重庆建工,2.65,2.67,2.7,2.59,2.69,15760500,41805190.0
2026-09-30,sh,600941,XD中国移,94.85,94.9,95.94,94.13,95.8,8365074,797169971.0
2026-09-30,sh,600955,维远股份,12.28,12.29,12.44,12.29,12.36,1390400,17198377.0
2026-09-30,sh,600956,新天绿能,7.02,7.06,7.11,7.0,7.09,3977199,28121211.0
2026-09-30,sh,600958,东方证券,8.61,8.62,8.66,8.59,8.65,26944892,232457080.0
2026-09-30,sh,600959,江苏有线,3.11,3.11,3.13,3.07,3.11,21574570,66949014.0
2026-09-30,sh,600960,渤海汽车,3.89,3.91,4.05,3.87,3.9,9717553,38223386.0
2026-09-30,sh,600961,株冶集团,22.59,22.51,22.8,22.44,22.56,13359564,302114863.0
2026-09-30,sh,600962,国投中鲁,25.24,25.39,26.04,25.06,26.03,4058400,103911085.0
2026-09-30,sh,600963,岳阳林纸,3.34,3.35,3.39,3.32,3.38,20287455,68232908.0
2026-09-30,sh,600965,*ST福成,2.6,2.62,2.62,2.53,2.57,4601917,11792381.0
2026-09-30,sh,600966,博汇纸业,4.77,4.79,4.87,4.77,4.85,7638255,36929679.0
2026-09-30,sh,600967,内蒙一机,12.73,12.8,12.93,12.58,12.82,33634703,430523931.0
2026-09-30,sh,600968,海油发展,3.91,3.89,3.94,3.88,3.92,19164782,75149226.0
2026-09-30,sh,600969,郴电国际,9.5,9.59,9.66,9.48,9.52,4987600,47642561.0
2026-09-30,sh,600970,中材国际,7.63,7.62,7.73,7.61,7.72,13306838,102435647.0
2026-09-30,sh,600971,恒源煤电,8.14,8.14,8.27,8.11,8.19,7376097,60464542.0
2026-09-30,sh,600973,宝胜股份,5.71,5.73,5.76,5.7,5.71,5981724,34248504.0
2026-09-30,sh,600975,新五丰,5.22,5.21,5.26,5.15,5.19,11817974,61278390.0
2026-09-30,sh,600976,健民集团,26.56,26.56,26.9,26.55,26.86,1216100,32601338.0
2026-09-30,sh,600977,中国电影,13.13,13.21,13.24,12.77,12.89,25130494,324890443.0
2026-09-30,sh,600979,广安爱众,3.89,3.9,3.93,3.87,3.88,12084439,46964125.0
2026-09-30,sh,600980,北矿科技,18.78,18.8,18.96,18.56,18.75,1447002,27181477.0
2026-09-30,sh,600981,苏豪汇鸿,2.41,2.41,2.44,2.36,2.42,15471004,37168417.0
2026-09-30,sh,600982,宁波能源,5.49,5.64,5.64,5.27,5.3,111841386,604049947.0
2026-09-30,sh,600983,惠而浦,7.46,7.49,7.57,7.43,7.54,1426300,10728696.0
2026-09-30,sh,600984,建设机械,3.58,3.54,3.6,3.46,3.6,32402736,114706385.0
2026-09-30,sh,600985,淮北矿业,15.9,15.85,16.27,15.83,15.87,13603714,217382566.0
2026-09-30,sh,600986,浙文互联,6.98,7.0,7.04,6.85,6.89,25503882,176474405.0
2026-09-30,sh,600987,航民股份,6.23,6.25,6.3,6.22,6.28,3450316,21606509.0
2026-09-30,sh,600988,赤峰黄金,38.44,38.58,39.8,38.25,39.56,41453586,1625869064.0
2026-09-30,sh,600989,宝丰能源,22.41,22.41,22.62,22.22,22.46,31110078,698894874.0
2026-09-30,sh,600990,四创电子,17.54,17.65,17.87,17.53,17.84,2148084,38186062.0
2026-09-30,sh,600992,贵绳股份,10.22,10.22,10.37,10.13,10.2,6193603,63372757.0
2026-09-30,sh,600993,马应龙,22.21,22.21,22.6,22.13,22.52,2555200,57257150.0
2026-09-30,sh,600995,南网储能,11.67,11.68,11.87,11.63,11.86,8265828,97612919.0
2026-09-30,sh,600996,贵广网络,6.9,6.91,6.96,6.72,6.76,13487526,91732963.0
2026-09-30,sh,600997,开滦股份,5.18,5.15,5.26,5.15,5.22,9471665,49463861.0
2026-09-30,sh,600998,九州通,4.96,4.98,5.06,4.95,5.05,44766141,225243914.0
2026-09-30,sh,600999,招商证券,16.94,17.01,17.09,16.93,17.07,19410175,330523909.0
2026-09-30,sh,601000,唐山港,4.58,4.59,4.71,4.57,4.62,55883710,260212096.0
2026-09-30,sh,601001,晋控煤业,17.0,16.9,17.45,16.9,17.21,13516054,231830472.0
2026-09-30,sh,601002,晋亿实业,5.22,5.29,5.3,5.22,5.26,9181071,48382837.0
2026-09-30,sh,601003,柳钢股份,3.5,3.51,3.59,3.46,3.58,16907300,59898456.0
2026-09-30,sh,601005,重庆钢铁,1.2,1.2,1.22,1.19,1.21,73932905,89006459.0
2026-09-30,sh,601006,大秦铁路,4.67,4.66,4.76,4.66,4.74,124089676,586301227.0
2026-09-30,sh,601007,金陵饭店,6.8,6.81,6.83,6.73,6.78,3990107,27032552.0
2026-09-30,sh,601008,连云港,4.35,4.34,4.41,4.34,4.4,7933300,34712621.0
2026-09-30,sh,601009,南京银行,11.79,11.79,12.04,11.78,11.98,37806964,452063920.0
2026-09-30,sh,601010,ST文峰,1.43,1.43,1.43,1.41,1.42,9005450,12775570.0
2026-09-30,sh,601011,宝泰隆,2.87,2.89,2.9,2.85,2.9,31407036,90557061.0
2026-09-30,sh,601012,隆基绿能,10.89,10.97,11.34,10.87,11.21,87787380,976682131.0
2026-09-30,sh,601015,陕西黑猫,3.58,3.57,3.63,3.54,3.58,43188327,154342598.0
2026-09-30,sh,601016,节能风电,3.26,3.25,3.27,3.23,3.26,49230564,160137323.0
2026-09-30,sh,601018,宁波港,3.49,3.48,3.55,3.48,3.53,70844477,250031701.0
2026-09-30,sh,601019,山东出版,6.76,6.88,6.9,6.75,6.84,8794198,60146445.0
2026-09-30,sh,601020,华钰矿业,19.95,19.99,20.03,19.65,19.66,8636108,170931470.0
2026-09-30,sh,601021,春秋航空,39.84,40.07,40.86,39.75,40.76,4607868,185896900.0
2026-09-30,sh,601022,宁波远洋,8.24,8.26,8.3,8.22,8.25,5033400,41589791.0
2026-09-30,sh,601026,道生天合,14.69,14.72,14.99,14.57,14.6,3371950,49609943.0
2026-09-30,sh,601033,永兴股份,14.1,14.1,14.23,14.08,14.18,1474600,20884663.0
2026-09-30,sh,601038,一拖股份,13.67,13.5,13.87,13.5,13.71,4231500,57888090.0
2026-09-30,sh,601058,赛轮轮胎,13.22,13.13,13.32,13.13,13.24,21342273,282552060.0
2026-09-30,sh,601059,信达证券,15.56,0.0,0.0,0.0,15.56,0,0.0
2026-09-30,sh,601061,中信金属,10.52,10.53,10.64,10.46,10.55,7682001,81261475.0
2026-09-30,sh,601065,江盐集团,6.64,6.64,6.68,6.61,6.67,2900399,19288616.0
2026-09-30,sh,601066,中信建投,23.01,23.1,23.16,22.91,23.03,7203511,165780692.0
2026-09-30,sh,601068,中铝国际,4.35,4.37,4.38,4.3,4.33,12691463,55108763.0
2026-09-30,sh,601069,XD西部黄,24.3,24.5,24.69,24.22,24.56,9709780,237846550.0
2026-09-30,sh,601077,渝农商行,6.58,6.6,6.75,6.58,6.71,67551107,452845404.0
2026-09-30,sh,601083,锦江航运,12.62,12.7,12.84,12.55,12.65,4046186,51493509.0
2026-09-30,sh,601086,国芳集团,14.27,13.75,13.88,13.2,13.33,73610122,992644645.0
2026-09-30,sh,601088,中国神华,47.3,47.05,48.23,46.99,47.8,20701575,992077312.0
2026-09-30,sh,601089,福元医药,16.01,16.11,16.59,15.98,16.48,3576245,58748914.0
2026-09-30,sh,601091,沈鼓集团,25.19,24.6,25.18,23.12,23.15,76708419,1837817144.0
2026-09-30,sh,601096,宏盛华源,3.92,3.93,4.0,3.92,3.97,12373600,49038130.0
2026-09-30,sh,601098,中南传媒,10.2,10.17,10.36,10.17,10.27,8676951,89266884.0
2026-09-30,sh,601099,太平洋,3.46,3.48,3.5,3.45,3.46,69568919,241151092.0
2026-09-30,sh,601100,恒立液压,90.82,90.12,90.96,89.33,90.31,5103227,461097642.0
2026-09-30,sh,601101,昊华能源,12.59,12.67,12.94,12.53,12.73,13862400,177311897.0
2026-09-30,sh,601106,中国一重,2.92,2.93,2.96,2.92,2.95,33449200,98571019.0
2026-09-30,sh,601107,四川成渝,6.04,6.05,6.2,6.03,6.09,8939641,54730583.0
2026-09-30,sh,601108,财通证券,8.17,8.18,8.2,8.12,8.15,23808575,194289941.0
2026-09-30,sh,601111,中国国航,5.78,5.8,5.94,5.77,5.91,70448836,412530046.0
2026-09-30,sh,601112,振石股份,16.3,16.33,16.35,15.82,15.82,4998711,80172581.0
2026-09-30,sh,601113,华鼎股份,3.5,3.51,3.53,3.46,3.5,9818700,34381172.0
2026-09-30,sh,601116,三江购物,9.85,9.85,9.95,9.82,9.91,5714448,56496057.0
2026-09-30,sh,601117,中国化学,7.13,7.13,7.19,7.11,7.17,32343753,231374951.0
2026-09-30,sh,601118,海南橡胶,5.79,6.28,6.37,6.28,6.37,63101555,401066378.0
2026-09-30,sh,601121,宝地矿业,6.91,6.95,7.05,6.88,7.03,6871800,48011695.0
2026-09-30,sh,601123,马矿股份,17.01,16.86,17.62,16.65,16.72,15691591,266975096.0
2026-09-30,sh,601126,四方股份,36.63,37.01,38.0,36.4,36.49,15588759,578507901.0
2026-09-30,sh,601127,赛力斯,46.81,46.81,47.87,45.24,46.94,25096055,1171937705.0
2026-09-30,sh,601128,常熟银行,6.16,6.16,6.27,6.15,6.26,46569137,290142050.0
2026-09-30,sh,601133,柏诚股份,23.32,23.79,23.9,22.4,22.41,8097725,185522930.0
2026-09-30,sh,601136,首创证券,13.95,13.98,14.05,13.85,13.89,6533494,91015436.0
2026-09-30,sh,601137,博威合金,19.17,19.27,19.3,18.86,18.91,7093865,135167175.0
2026-09-30,sh,601138,工业富联,58.42,58.81,59.48,57.9,58.2,51810612,3035417445.0
2026-09-30,sh,601139,深圳燃气,6.18,6.18,6.26,6.17,6.25,11450430,71374016.0
2026-09-30,sh,601155,新城控股,13.01,12.69,13.13,11.9,12.87,63245300,785568618.0
2026-09-30,sh,601156,东航物流,18.06,18.04,18.56,18.04,18.39,5166492,94877211.0
2026-09-30,sh,601158,重庆水务,4.0,4.01,4.03,3.99,4.02,5262101,21140509.0
2026-09-30,sh,601162,天风证券,3.56,3.57,3.58,3.53,3.56,64808834,230363127.0
2026-09-30,sh,601163,三角轮胎,12.17,12.24,12.28,12.2,12.24,1810300,22174465.0
2026-09-30,sh,601166,兴业银行,17.79,17.82,18.06,17.74,18.05,68513237,1229494590.0
2026-09-30,sh,601168,西部矿业,35.17,35.21,35.58,34.97,35.35,22181062,783474171.0
2026-09-30,sh,601169,北京银行,5.48,5.48,5.58,5.48,5.57,155031542,860112619.0
2026-09-30,sh,601177,杭齿前进,13.64,13.63,14.08,13.39,13.85,5611536,77770200.0
2026-09-30,sh,601179,中国西电,11.41,11.52,11.76,11.51,11.61,52528682,611327607.0
2026-09-30,sh,601186,中国铁建,5.95,5.96,6.04,5.95,6.02,27616549,165707955.0
2026-09-30,sh,601187,厦门银行,6.84,6.84,6.92,6.82,6.9,13181063,90808193.0
2026-09-30,sh,601188,龙江交通,2.87,2.87,2.89,2.85,2.88,8325500,23911772.0
2026-09-30,sh,601198,东兴证券,13.06,0.0,0.0,0.0,13.06,0,0.0
2026-09-30,sh,601199,江南水务,6.44,6.51,6.52,6.24,6.3,12956104,82007840.0
2026-09-30,sh,601200,上海环境,6.77,6.78,6.83,6.75,6.8,4596390,31272666.0
2026-09-30,sh,601208,东材科技,50.53,50.03,50.48,48.01,48.22,49289566,2407628957.0
2026-09-30,sh,601211,国泰海通,16.65,16.71,16.88,16.67,16.87,43450428,730099178.0
2026-09-30,sh,601212,白银有色,5.61,5.63,5.69,5.58,5.65,86446921,488764326.0
2026-09-30,sh,601216,君正集团,4.44,4.44,4.55,4.44,4.54,46027778,207680195.0
2026-09-30,sh,601218,吉鑫科技,6.13,5.99,6.35,5.89,6.08,233960783,1428555269.0
2026-09-30,sh,601222,林洋能源,5.91,5.92,6.02,5.9,5.94,20428231,121666089.0
2026-09-30,sh,601225,陕西煤业,25.66,25.59,26.3,25.46,26.03,38356332,999157302.0
2026-09-30,sh,601226,华电科工,6.51,6.52,6.6,6.47,6.51,6213550,40673056.0
2026-09-30,sh,601228,广州港,3.06,3.05,3.11,3.04,3.11,22943000,70711059.0
2026-09-30,sh,601229,上海银行,9.55,9.56,9.76,9.55,9.75,57756309,559918433.0
2026-09-30,sh,601231,环旭电子,24.09,24.34,24.57,23.65,23.74,15234971,365697243.0
2026-09-30,sh,601233,桐昆股份,22.49,22.49,22.99,22.25,22.73,17447757,396315343.0
2026-09-30,sh,601236,红塔证券,6.88,6.94,7.09,6.89,7.01,24060449,168623308.0
2026-09-30,sh,601238,广汽集团,5.6,6.16,6.16,5.77,5.84,199466750,1188506331.0
2026-09-30,sh,601279,英利汽车,3.55,3.57,3.72,3.52,3.65,22101393,80302261.0
2026-09-30,sh,601288,农业银行,6.94,6.93,7.0,6.9,6.97,217472669,1513228745.0
2026-09-30,sh,601298,青岛港,10.09,10.07,10.3,9.99,10.06,15110507,152513847.0
2026-09-30,sh,601311,骆驼股份,7.33,7.32,7.38,7.3,7.36,5722764,42111995.0
2026-09-30,sh,601318,中国平安,52.5,52.68,53.49,52.41,53.29,55884199,2960017331.0
2026-09-30,sh,601319,中国人保,8.06,8.02,8.08,7.96,7.98,43851476,350992818.0
2026-09-30,sh,601326,秦港股份,3.51,3.52,3.57,3.5,3.55,16355721,57980814.0
2026-09-30,sh,601328,交通银行,7.62,7.62,7.76,7.58,7.75,190557517,1467711121.0
2026-09-30,sh,601330,绿色动力,8.26,8.22,8.32,8.13,8.14,8115564,66481162.0
2026-09-30,sh,601333,广深铁路,3.05,3.04,3.1,3.04,3.08,40593162,124860991.0
2026-09-30,sh,601336,新华保险,55.94,55.93,56.47,55.88,56.35,6361839,357181245.0
2026-09-30,sh,601339,百隆东方,7.2,7.2,7.26,7.16,7.25,5280100,38139563.0
2026-09-30,sh,601360,三六零,9.12,9.06,9.11,8.88,8.95,92657828,830976435.0
2026-09-30,sh,601366,利群股份,3.63,3.64,3.67,3.58,3.65,10538221,38325036.0
2026-09-30,sh,601368,绿城水务,4.63,4.63,4.63,4.58,4.59,3219100,14811099.0
2026-09-30,sh,601369,陕鼓动力,8.42,8.44,8.57,8.42,8.51,4773550,40659729.0
2026-09-30,sh,601375,中原证券,3.94,3.95,3.96,3.92,3.94,17788250,70085194.0
2026-09-30,sh,601377,兴业证券,5.72,5.72,5.74,5.7,5.72,49489493,283077048.0
2026-09-30,sh,601388,怡球资源,3.17,3.16,3.19,3.15,3.18,18117094,57388677.0
2026-09-30,sh,601390,中国中铁,4.25,4.25,4.33,4.23,4.33,90703421,389426846.0
2026-09-30,sh,601398,工商银行,8.16,8.17,8.3,8.15,8.28,293171125,2417869721.0
2026-09-30,sh,601399,国机重装,3.13,3.13,3.18,3.13,3.15,47178820,148840513.0
2026-09-30,sh,601456,国联民生,8.53,8.53,8.56,8.48,8.51,10533003,89565067.0
2026-09-30,sh,601500,通用股份,3.85,3.86,3.87,3.81,3.86,7265480,27930004.0
2026-09-30,sh,601512,中新集团,8.45,8.44,8.56,8.13,8.46,5776327,48302384.0
2026-09-30,sh,601515,衢州东峰,3.19,3.19,3.22,3.15,3.18,11851800,37776728.0
2026-09-30,sh,601518,吉林高速,2.76,2.77,2.79,2.76,2.79,5767128,16017151.0
2026-09-30,sh,601519,大智慧,9.01,9.11,9.15,8.5,8.65,86562739,754046591.0
2026-09-30,sh,601528,瑞丰银行,5.04,5.03,5.2,5.02,5.14,23622449,121734195.0
2026-09-30,sh,601555,东吴证券,8.14,8.16,8.23,8.11,8.13,19882451,162050994.0
2026-09-30,sh,601566,九牧王,9.1,9.11,9.28,9.02,9.06,16206835,147656188.0
2026-09-30,sh,601567,三星电气,13.86,13.86,13.93,13.62,13.67,24290873,333628173.0
2026-09-30,sh,601568,北元化工,3.51,3.51,3.56,3.5,3.55,14308800,50550214.0
2026-09-30,sh,601577,XD长沙银,9.48,9.51,9.73,9.48,9.71,21868563,210683227.0
2026-09-30,sh,601579,会稽山,37.66,37.66,40.2,37.3,37.3,52896721,2040286102.0
2026-09-30,sh,601588,北辰实业,1.81,1.81,1.85,1.72,1.83,72675038,129606410.0
2026-09-30,sh,601595,上海电影,23.26,23.17,24.0,22.8,23.0,8659900,201466582.0
2026-09-30,sh,601598,中国外运,6.69,6.69,6.73,6.61,6.61,13854800,92219829.0
2026-09-30,sh,601599,浙文影业,3.27,3.26,3.29,3.21,3.25,12816190,41484384.0
2026-09-30,sh,601600,中国铝业,8.94,8.88,8.99,8.82,8.93,100423214,895994617.0
2026-09-30,sh,601601,中国太保,30.4,30.48,31.25,30.33,31.06,31751751,977495502.0
2026-09-30,sh,601606,长城军工,31.09,31.1,31.24,30.51,30.7,11834414,363908287.0
2026-09-30,sh,601607,上海医药,16.0,16.0,16.28,15.99,16.22,11424775,184683484.0
2026-09-30,sh,601608,中信重工,4.56,4.58,4.62,4.56,4.59,17823734,81846735.0
2026-09-30,sh,601609,金田股份,11.32,11.55,11.87,11.22,11.72,46993391,549542285.0
2026-09-30,sh,601611,中国核建,10.01,10.01,10.08,10.0,10.08,7895469,79285081.0
2026-09-30,sh,601615,明阳智能,9.78,9.77,9.93,9.67,9.77,41014039,402305622.0
2026-09-30,sh,601616,广电电气,3.78,3.8,3.8,3.74,3.75,6398110,24064050.0
2026-09-30,sh,601618,中国中冶,2.5,2.5,2.55,2.49,2.54,68898516,173738408.0
2026-09-30,sh,601619,嘉泽新能,3.86,3.86,3.92,3.83,3.89,27696760,107243578.0
2026-09-30,sh,601628,中国人寿,36.62,36.62,36.95,36.33,36.7,17219000,630843148.0
2026-09-30,sh,601633,长城汽车,13.66,13.67,13.88,13.6,13.73,14344059,196991301.0
2026-09-30,sh,601636,旗滨集团,5.29,5.28,5.42,5.23,5.39,44652361,238666236.0
2026-09-30,sh,601658,邮储银行,5.41,5.4,5.49,5.39,5.46,155278606,846289218.0
2026-09-30,sh,601665,齐鲁银行,6.94,6.94,7.14,6.92,7.13,46482000,329045618.0
2026-09-30,sh,601666,平煤股份,8.73,8.72,8.91,8.67,8.82,17285929,152704797.0
2026-09-30,sh,601668,中国建筑,4.27,4.27,4.37,4.25,4.34,283969577,1226065431.0
2026-09-30,sh,601669,中国电建,4.52,4.53,4.58,4.52,4.57,62347765,284247188.0
2026-09-30,sh,601677,明泰铝业,16.16,16.07,16.32,16.04,16.17,11177100,181158606.0
2026-09-30,sh,601678,滨化股份,5.64,5.68,5.75,5.66,5.68,31517501,179838037.0
2026-09-30,sh,601686,友发集团,4.97,4.97,5.02,4.95,5.0,4069683,20284100.0
2026-09-30,sh,601688,华泰证券,17.72,17.76,17.85,17.7,17.8,36401047,646911987.0
2026-09-30,sh,601689,拓普集团,47.35,47.35,47.8,46.36,46.52,28651661,1345225341.0
2026-09-30,sh,601696,中银证券,10.96,10.97,11.03,10.93,10.96,15140888,166160664.0
2026-09-30,sh,601698,中国卫通,22.7,22.9,22.99,22.53,22.6,8569348,194483719.0
2026-09-30,sh,601699,潞安环能,14.79,14.83,15.19,14.7,15.09,18217967,273752640.0
2026-09-30,sh,601700,风范股份,6.04,6.16,6.23,6.07,6.19,34023573,210174678.0
2026-09-30,sh,601702,华峰铝业,14.84,14.9,14.96,14.79,14.88,3097510,46081913.0
2026-09-30,sh,601717,中创智领,12.99,13.05,13.41,13.01,13.35,16708480,220862722.0
2026-09-30,sh,601718,ST际华,1.91,1.91,1.94,1.91,1.94,7839908,15103720.0
2026-09-30,sh,601727,上海电气,6.41,6.43,6.45,6.4,6.44,29591985,190271212.0
2026-09-30,sh,601728,中国电信,6.27,6.27,6.31,6.25,6.28,47168593,296545398.0
2026-09-30,sh,601766,中国中车,6.12,6.1,6.19,6.09,6.19,98953196,610306149.0
2026-09-30,sh,601777,千里科技,7.91,7.94,8.43,7.93,8.18,39270166,320730200.0
2026-09-30,sh,601778,晶科科技,3.38,3.4,3.43,3.38,3.39,49229165,167497942.0
2026-09-30,sh,601788,光大证券,13.55,13.6,13.71,13.58,13.68,10338960,141116774.0
2026-09-30,sh,601789,宁波建工,4.18,4.18,4.23,4.14,4.21,24899098,104249023.0
2026-09-30,sh,601798,蓝科高新,7.68,7.73,7.84,7.63,7.68,3878213,29902271.0
2026-09-30,sh,601799,星宇股份,69.75,69.6,70.85,69.43,70.33,2341049,164609185.0
2026-09-30,sh,601800,中国交建,5.83,5.85,5.95,5.84,5.94,25623589,151222225.0
2026-09-30,sh,601801,皖新传媒,5.54,5.55,5.64,5.45,5.49,30910253,170908163.0
2026-09-30,sh,601808,中海油服,12.06,12.06,12.24,12.03,12.22,7019978,85454249.0
2026-09-30,sh,601811,新华文轩,20.37,20.0,22.3,19.58,21.12,57483192,1229263437.0
2026-09-30,sh,601816,京沪高铁,4.7,4.72,4.79,4.7,4.76,164169059,782054000.0
2026-09-30,sh,601818,光大银行,3.01,3.01,3.05,3.01,3.04,177940903,540366152.0
2026-09-30,sh,601825,沪农商行,8.58,8.59,8.68,8.54,8.61,18049610,155801058.0
2026-09-30,sh,601827,三峰环境,7.82,7.86,7.91,7.82,7.9,3064999,24165246.0
2026-09-30,sh,601828,美凯龙,2.19,2.17,2.24,2.1,2.23,79269440,171706191.0
2026-09-30,sh,601838,成都银行,18.88,18.9,19.49,18.89,19.31,27935626,539642385.0
2026-09-30,sh,601857,中国石油,11.12,11.12,11.27,11.07,11.21,109173479,1224070315.0
2026-09-30,sh,601858,中国科传,22.11,22.11,22.25,21.55,21.58,9012160,196146666.0
2026-09-30,sh,601860,紫金银行,2.54,2.54,2.59,2.53,2.58,52432314,134556931.0
2026-09-30,sh,601865,福莱特,9.1,9.15,9.28,9.06,9.22,9613302,88052231.0
2026-09-30,sh,601866,中远海发,2.41,2.4,2.45,2.39,2.44,59708446,144706909.0
2026-09-30,sh,601868,中国能建,2.37,2.37,2.4,2.37,2.39,185867733,443844074.0
2026-09-30,sh,601869,长飞光纤,407.95,411.0,416.96,407.0,411.16,7530322,3101276059.0
2026-09-30,sh,601872,招商轮船,19.89,19.8,20.45,19.79,20.15,75321177,1523885871.0
2026-09-30,sh,601877,XD正泰电,24.38,24.58,25.05,24.46,24.95,10049545,250180928.0
2026-09-30,sh,601878,浙商证券,8.92,8.95,8.98,8.92,8.97,10821873,96856109.0
2026-09-30,sh,601880,辽港股份,1.45,1.45,1.48,1.45,1.47,95811348,140551739.0
2026-09-30,sh,601881,中国银河,11.51,11.55,11.61,11.5,11.59,16652526,192407378.0
2026-09-30,sh,601882,海天精工,22.75,22.98,23.09,22.57,22.62,3440588,78444495.0
2026-09-30,sh,601886,江河集团,12.8,13.16,13.44,12.8,13.09,12332234,161194870.0
2026-09-30,sh,601888,中国中免,50.93,50.97,51.65,50.54,51.44,13634658,696439595.0
2026-09-30,sh,601890,亚星锚链,9.23,9.28,9.73,9.25,9.35,42491027,401663365.0
2026-09-30,sh,601898,中煤能源,13.9,13.83,13.97,13.72,13.8,26832161,371636161.0
2026-09-30,sh,601899,紫金矿业,29.46,29.5,29.94,29.46,29.79,98219784,2921744405.0
2026-09-30,sh,601900,南方传媒,12.58,12.59,12.87,12.51,12.69,10117289,128522502.0
2026-09-30,sh,601901,方正证券,6.63,6.66,6.71,6.63,6.71,24637513,164629197.0
2026-09-30,sh,601908,京运通,2.91,2.92,2.95,2.89,2.93,20379200,59562160.0
2026-09-30,sh,601916,浙商银行,2.87,2.88,2.9,2.87,2.88,105816471,305628201.0
2026-09-30,sh,601918,新集能源,11.36,11.4,11.47,11.12,11.29,34639303,390679741.0
2026-09-30,sh,601919,中远海控,16.33,16.3,16.51,16.26,16.37,52986110,869152830.0
2026-09-30,sh,601921,浙版传媒,7.55,7.56,7.63,7.5,7.56,7178300,54316346.0
2026-09-30,sh,601928,凤凰传媒,8.27,8.28,8.37,8.23,8.34,9508318,79100879.0
2026-09-30,sh,601929,吉视传媒,2.37,2.35,2.38,2.27,2.31,97865878,225982209.0
2026-09-30,sh,601933,永辉超市,2.96,2.97,2.99,2.95,2.99,57071321,169519223.0
2026-09-30,sh,601939,建设银行,11.03,11.01,11.12,10.97,11.06,81212643,898373684.0
2026-09-30,sh,601949,中国出版,6.01,6.0,6.14,5.87,5.91,88151554,526132995.0
2026-09-30,sh,601952,苏垦农发,8.72,8.72,9.02,8.71,8.97,16142669,143584476.0
2026-09-30,sh,601956,东贝集团,5.07,5.1,5.1,4.98,5.02,6556939,33007308.0
2026-09-30,sh,601958,金钼股份,19.3,19.31,19.41,19.15,19.37,12689803,244944304.0
2026-09-30,sh,601963,重庆银行,10.97,11.02,11.25,10.98,11.2,9974107,111300812.0
2026-09-30,sh,601965,中国汽研,13.03,13.31,13.68,13.3,13.57,11679196,157793607.0
2026-09-30,sh,601966,玲珑轮胎,10.36,10.38,10.49,10.37,10.49,3911905,40836849.0
2026-09-30,sh,601968,宝钢包装,4.47,4.48,4.52,4.45,4.5,6061100,27217982.0
2026-09-30,sh,601969,海南矿业,8.89,8.88,8.97,8.84,8.92,6344725,56566832.0
2026-09-30,sh,601975,招商南油,4.43,4.43,4.61,4.42,4.52,138064951,628312108.0
2026-09-30,sh,601985,中国核电,9.02,9.04,9.13,9.03,9.07,89894584,817177627.0
2026-09-30,sh,601988,中国银行,6.65,6.64,6.79,6.61,6.73,273081897,1835478984.0
2026-09-30,sh,601990,南京证券,6.54,6.57,6.61,6.53,6.58,8337191,54823622.0
2026-09-30,sh,601991,大唐发电,5.25,5.25,5.33,5.24,5.31,103801246,549682387.0
2026-09-30,sh,601992,金隅集团,1.41,1.42,1.45,1.38,1.43,89315412,126478360.0
2026-09-30,sh,601995,中金公司,30.61,30.62,30.63,30.38,30.63,14040226,428267313.0
2026-09-30,sh,601996,丰林集团,2.9,2.91,2.92,2.84,2.88,13215724,38041170.0
2026-09-30,sh,601997,贵阳银行,5.56,5.57,5.63,5.56,5.61,38193179,214122426.0
2026-09-30,sh,601998,中信银行,9.02,9.0,9.1,8.99,9.1,37771288,342642183.0
2026-09-30,sh,601999,出版传媒,6.96,7.03,7.2,6.81,6.81,25819300,179952303.0
2026-09-30,sh,603000,人民网,16.65,16.61,16.84,16.38,16.51,10209130,169001366.0
2026-09-30,sh,603001,奥康国际,11.97,11.9,11.99,11.17,11.29,15906800,182989333.0
2026-09-30,sh,603002,宏昌电子,17.56,17.65,18.47,17.31,17.34,62604300,1115637044.0
2026-09-30,sh,603004,鼎龙科技,19.14,19.42,20.73,19.3,19.87,7497100,149929817.0
2026-09-30,sh,603005,晶方科技,27.86,28.1,28.13,26.94,26.99,23612264,644736818.0
2026-09-30,sh,603006,联明股份,10.94,10.92,11.04,10.8,10.83,1747800,19041421.0
2026-09-30,sh,603007,顺景科技,4.48,4.53,4.62,4.45,4.47,12502000,56284321.0
2026-09-30,sh,603008,ST喜临门,9.98,9.98,10.63,9.98,10.6,7591901,78793900.0
2026-09-30,sh,603009,北特科技,45.57,45.57,47.5,44.82,45.88,6756506,312608758.0
2026-09-30,sh,603010,万盛股份,12.07,12.13,12.68,12.13,12.29,6879669,85221465.0
2026-09-30,sh,603011,合锻智能,24.59,25.08,25.14,23.97,23.98,15026861,365182240.0
2026-09-30,sh,603012,创力集团,8.47,8.59,8.66,8.45,8.51,8657397,73675247.0
2026-09-30,sh,603013,亚普股份,14.2,14.2,14.33,14.16,14.26,1410500,20108109.0
2026-09-30,sh,603014,威高血净,30.88,30.88,31.16,30.73,30.79,782635,24210686.0
2026-09-30,sh,603015,弘讯科技,10.43,10.44,10.49,10.26,10.3,2499000,25887078.0
2026-09-30,sh,603016,新宏泰,31.88,31.88,33.16,31.78,32.16,3538002,114687986.0
2026-09-30,sh,603017,中衡设计,10.2,10.35,10.36,9.95,10.03,10224791,102651827.0
2026-09-30,sh,603018,华设集团,5.2,5.2,5.22,5.15,5.2,4740393,24574824.0
2026-09-30,sh,603019,中科曙光,80.4,80.7,80.86,79.25,79.52,13254956,1057442587.0
2026-09-30,sh,603020,爱普股份,12.11,12.31,12.79,12.08,12.48,16644003,207501979.0
2026-09-30,sh,603021,*ST华鹏,4.95,4.99,4.99,4.46,4.46,11787300,54145252.0
2026-09-30,sh,603022,新通联,9.17,9.17,9.22,9.01,9.06,2365303,21547906.0
2026-09-30,sh,603023,威帝股份,4.08,4.14,4.17,4.04,4.06,6539084,26704400.0
2026-09-30,sh,603025,大豪科技,12.95,13.0,13.11,12.9,12.93,3206092,41566975.0
2026-09-30,sh,603026,石大胜华,55.87,55.88,57.96,55.48,56.92,5319013,302270787.0
2026-09-30,sh,603027,千禾味业,7.12,7.15,7.37,7.13,7.31,13270754,96423680.0
2026-09-30,sh,603028,赛福天,7.26,7.26,7.32,7.13,7.16,2404304,17316938.0
2026-09-30,sh,603029,天鹅股份,16.76,16.76,17.11,16.55,16.65,1782300,29793640.0
2026-09-30,sh,603030,全筑股份,2.09,2.07,2.1,2.04,2.08,26525100,54935574.0
2026-09-30,sh,603031,安孚科技,36.57,36.57,38.2,36.57,36.67,7022749,263078914.0
2026-09-30,sh,603032,德新科技,17.65,17.7,18.22,17.63,17.77,5022602,89992396.0
2026-09-30,sh,603033,三维股份,7.64,7.64,7.82,7.61,7.71,5498750,42615067.0
2026-09-30,sh,603035,常熟汽饰,10.4,10.45,10.58,10.38,10.5,2817500,29586798.0
2026-09-30,sh,603036,如通股份,13.7,13.84,13.92,13.36,13.52,3132299,42420673.0
2026-09-30,sh,603037,凯众股份,10.44,10.47,10.78,10.26,10.36,9347364,97926590.0
2026-09-30,sh,603038,华立股份,15.68,15.71,15.97,15.4,15.71,4894398,76430574.0
2026-09-30,sh,603039,泛微网络,34.53,34.6,35.3,34.5,34.73,9118991,317779994.0
2026-09-30,sh,603040,新坐标,44.33,44.3,45.07,44.08,44.3,1037221,46096049.0
2026-09-30,sh,603041,美思德,11.66,11.66,11.77,11.48,11.53,1734936,20103399.0
2026-09-30,sh,603042,华脉科技,16.55,16.95,17.78,16.61,16.66,39908792,681572772.0
2026-09-30,sh,603043,广州酒家,12.95,12.97,13.23,12.95,13.14,1950999,25563238.0
2026-09-30,sh,603045,福达合金,47.16,47.6,47.67,45.95,46.03,3475100,161836759.0
2026-09-30,sh,603048,浙江黎明,24.59,24.59,26.5,24.28,25.27,2638503,67298249.0
2026-09-30,sh,603049,中策橡胶,43.83,43.93,44.17,43.77,43.96,1427578,62753112.0
2026-09-30,sh,603050,科林电气,16.45,16.62,16.62,16.23,16.35,2988677,48935236.0
2026-09-30,sh,603051,鹿山新材,24.71,24.82,24.95,24.15,24.26,4526400,110930632.0
2026-09-30,sh,603052,可川科技,52.96,53.65,53.65,51.02,51.02,2931684,152246789.0
2026-09-30,sh,603053,成都燃气,8.7,8.72,8.77,8.69,8.75,1099200,9603800.0
2026-09-30,sh,603055,台华新材,9.04,9.06,9.2,9.0,9.17,6055500,55236104.0
2026-09-30,sh,603057,紫燕食品,17.74,17.72,17.9,17.6,17.84,1896050,33656220.0
2026-09-30,sh,603058,永吉股份,8.67,8.74,8.8,8.51,8.51,5185200,44595444.0
2026-09-30,sh,603059,倍加洁,25.89,25.89,26.66,25.81,26.22,1426300,37540296.0
2026-09-30,sh,603060,国检集团,5.53,5.55,5.6,5.48,5.53,7842079,43422413.0
2026-09-30,sh,603061,金海通,318.5,319.0,323.8,308.0,311.73,2264300,711590218.0
2026-09-30,sh,603062,麦加芯彩,36.6,36.76,37.26,36.41,36.84,276313,10177918.0
2026-09-30,sh,603063,禾望电气,28.16,28.38,28.49,27.61,27.61,7703146,214299952.0
2026-09-30,sh,603065,宿迁联盛,14.83,15.07,15.39,14.16,14.23,24742200,361193502.0
2026-09-30,sh,603066,音飞储存,9.32,9.32,9.37,9.21,9.28,2894305,26873585.0
2026-09-30,sh,603067,振华股份,39.45,41.29,41.98,40.11,40.25,29725615,1209735028.0
2026-09-30,sh,603068,博通集成,45.0,45.41,45.95,44.0,44.85,11863810,533676174.0
2026-09-30,sh,603069,海汽集团,13.44,13.54,13.67,13.23,13.55,3358100,45349858.0
2026-09-30,sh,603070,万控智造,11.33,11.38,11.49,11.28,11.3,1444200,16423134.0
2026-09-30,sh,603071,物产环能,12.34,12.31,12.53,12.31,12.49,1829863,22840051.0
2026-09-30,sh,603072,天和磁材,29.75,29.86,30.0,29.22,29.39,1119949,33041929.0
2026-09-30,sh,603073,彩蝶实业,19.72,19.3,20.97,18.84,20.88,9086600,184878505.0
2026-09-30,sh,603075,热威股份,19.95,20.0,20.26,19.72,19.73,2086602,41590768.0
2026-09-30,sh,603076,乐惠国际,20.41,20.41,20.52,20.07,20.12,1057200,21378556.0
2026-09-30,sh,603077,和邦生物,2.18,2.18,2.2,2.17,2.19,68285929,149295588.0
2026-09-30,sh,603078,江化微,29.59,29.87,29.95,28.7,28.83,10038369,292216922.0
2026-09-30,sh,603079,圣达生物,13.17,13.2,13.86,13.17,13.61,7626500,103780214.0
2026-09-30,sh,603080,新疆火炬,19.56,19.69,20.05,19.55,19.95,1684700,33461519.0
2026-09-30,sh,603081,大丰实业,9.43,9.47,9.5,9.33,9.36,1634400,15345361.0
2026-09-30,sh,603082,北自科技,42.0,42.6,42.6,41.18,41.25,4509400,188226447.0
2026-09-30,sh,603083,剑桥科技,201.1,205.0,209.8,201.19,205.45,20964042,4318154355.0
2026-09-30,sh,603085,天成自控,9.75,9.87,9.89,9.7,9.73,3435800,33593638.0
2026-09-30,sh,603086,先达股份,5.84,5.87,5.94,5.84,5.87,5938202,34937875.0
2026-09-30,sh,603087,甘李药业,74.85,75.03,79.2,74.56,77.4,15405800,1199387447.0
2026-09-30,sh,603088,宁波精达,9.96,10.04,10.22,9.88,9.9,5663800,56567090.0
2026-09-30,sh,603089,正裕工业,9.53,9.59,9.75,9.46,9.46,2669018,25507495.0
2026-09-30,sh,603090,宏盛股份,36.68,36.99,38.43,36.56,36.85,3953894,147777675.0
2026-09-30,sh,603091,众鑫股份,45.2,45.39,45.75,45.02,45.32,351392,15977445.0
2026-09-30,sh,603092,德力佳,49.02,48.01,49.19,47.0,48.19,3665856,175903828.0
2026-09-30,sh,603093,南华期货,13.31,13.58,13.8,13.11,13.16,14870745,197769909.0
2026-09-30,sh,603095,越剑智能,14.11,14.19,14.2,13.8,14.01,3143700,44056958.0
2026-09-30,sh,603096,新经典,16.36,16.46,16.53,16.0,16.1,2037560,32940313.0
2026-09-30,sh,603097,江苏华辰,18.29,18.47,18.84,18.26,18.67,1715841,31768526.0
2026-09-30,sh,603098,森特股份,10.74,10.86,10.89,10.49,10.65,3217500,34266042.0
2026-09-30,sh,603099,长白山,39.78,39.78,41.3,39.52,40.68,8804856,355841910.0
2026-09-30,sh,603100,川仪股份,18.29,18.44,18.77,18.11,18.29,5615588,103239782.0
2026-09-30,sh,603101,汇嘉时代,7.37,7.35,7.43,7.28,7.39,4273640,31412317.0
2026-09-30,sh,603102,百合股份,36.87,37.09,37.5,36.8,37.29,1099286,40868983.0
2026-09-30,sh,603103,横店影视,16.13,16.13,16.26,15.62,15.82,3669480,58223856.0
2026-09-30,sh,603105,芯能科技,8.83,8.86,8.9,8.43,8.5,22357410,191102469.0
2026-09-30,sh,603106,恒银科技,7.27,7.28,7.32,7.16,7.16,6191394,44566401.0
2026-09-30,sh,603107,上海汽配,12.12,12.14,12.45,12.12,12.23,1999873,24534569.0
2026-09-30,sh,603108,润达医疗,10.08,10.01,10.19,9.97,9.97,9122893,91897376.0
2026-09-30,sh,603109,神驰机电,17.48,17.47,17.75,17.31,17.37,1352100,23593970.0
2026-09-30,sh,603110,东方材料,25.18,25.3,25.31,24.08,24.13,7950200,194320664.0
2026-09-30,sh,603111,康尼机电,6.15,6.17,6.18,6.11,6.13,2431311,14913800.0
2026-09-30,sh,603112,华翔股份,16.67,16.68,16.97,16.51,16.55,4812225,80433075.0
2026-09-30,sh,603113,金能科技,4.87,4.88,4.95,4.85,4.94,10991500,54003781.0
2026-09-30,sh,603115,海星股份,71.23,72.28,75.08,69.5,70.06,6443907,462749555.0
2026-09-30,sh,603116,红蜻蜓,7.82,7.59,7.66,7.21,7.28,22019680,161625965.0
2026-09-30,sh,603117,万林物流,4.02,4.03,4.07,3.97,3.97,5777300,23100684.0
2026-09-30,sh,603118,共进股份,16.3,16.87,16.99,15.7,15.72,56727787,911324275.0
2026-09-30,sh,603119,浙江荣泰,52.26,52.11,54.33,51.6,52.6,8588338,455352866.0
2026-09-30,sh,603120,肯特催化,57.75,58.26,59.02,56.0,56.05,2228819,127449521.0
2026-09-30,sh,603121,华培动力,12.58,12.61,12.7,12.27,12.29,4498021,55834009.0
2026-09-30,sh,603122,合富中国,14.02,14.18,14.5,13.83,13.86,40882099,574078875.0
2026-09-30,sh,603123,翠微股份,9.22,9.24,9.55,9.15,9.49,26140805,244567055.0
2026-09-30,sh,603124,江南新材,120.2,121.0,126.26,119.19,119.85,4794729,586292153.0
2026-09-30,sh,603125,常青科技,20.77,21.1,21.39,20.79,20.94,3740698,78874407.0
2026-09-30,sh,603126,中材节能,6.3,6.28,6.38,6.27,6.31,4252608,26878036.0
2026-09-30,sh,603127,昭衍新药,44.82,44.7,49.3,44.24,49.3,55401802,2647331801.0
2026-09-30,sh,603128,华贸物流,5.34,5.34,5.38,5.3,5.37,7350903,39359556.0
2026-09-30,sh,603129,春风动力,284.0,283.39,289.36,279.98,287.06,984500,281536382.0
2026-09-30,sh,603130,云中马,38.66,39.01,40.47,38.55,39.63,1772747,70010083.0
2026-09-30,sh,603131,上海沪工,13.69,13.75,13.84,13.51,13.57,3385692,46184142.0
2026-09-30,sh,603132,金徽股份,18.42,18.33,18.62,18.18,18.33,6320725,116011988.0
2026-09-30,sh,603135,中重科技,8.59,8.65,8.79,8.51,8.53,4398140,37735412.0
2026-09-30,sh,603136,天目湖,9.09,9.09,9.13,8.99,9.04,4938800,44682392.0
2026-09-30,sh,603137,恒尚节能,17.98,18.05,18.56,17.72,17.78,5076900,91298165.0
2026-09-30,sh,603138,海量数据,15.1,14.95,15.03,13.59,13.82,20828499,295398675.0
2026-09-30,sh,603139,康惠股份,34.94,35.23,35.31,34.05,34.18,1237800,42719499.0
2026-09-30,sh,603150,万朗磁塑,68.49,68.2,69.97,66.09,66.4,2164400,146362577.0
2026-09-30,sh,603151,邦基科技,18.14,18.13,18.48,17.72,17.72,2997919,54034637.0
2026-09-30,sh,603153,上海建科,13.48,13.5,13.7,13.36,13.68,2175000,29527349.0
2026-09-30,sh,603155,新亚强,14.78,14.79,15.07,14.41,14.46,8911591,130908968.0
2026-09-30,sh,603156,养元饮品,43.95,43.95,44.75,43.41,43.63,6795982,297676810.0
2026-09-30,sh,603158,腾龙股份,10.29,10.5,10.5,10.19,10.22,7777200,80050429.0
2026-09-30,sh,603159,上海亚虹,22.92,23.15,23.27,22.3,22.38,2455420,55445596.0
2026-09-30,sh,603160,汇顶科技,54.06,54.5,55.2,53.18,53.19,3353808,180279926.0
2026-09-30,sh,603161,科华控股,14.5,14.64,14.69,14.35,14.38,1506200,21837413.0
2026-09-30,sh,603162,海通发展,12.72,12.75,13.16,12.57,13.04,26135070,339074144.0
2026-09-30,sh,603163,圣晖集成,75.86,76.51,76.94,73.27,73.92,1688336,126188742.0
2026-09-30,sh,603165,荣晟环保,13.21,13.27,13.53,13.21,13.34,3252956,43486730.0
2026-09-30,sh,603166,福达股份,10.69,10.73,10.9,10.59,10.61,4890178,52407689.0
2026-09-30,sh,603167,渤海轮渡,7.98,8.0,8.0,7.95,7.99,1691300,13505800.0
2026-09-30,sh,603168,莎普爱思,6.04,6.05,6.09,5.97,6.04,5821519,35101972.0
2026-09-30,sh,603169,兰石重装,5.87,5.9,5.96,5.85,5.93,6606949,39010870.0
2026-09-30,sh,603170,宝立食品,13.53,13.74,13.89,13.35,13.68,12071687,164458535.0
2026-09-30,sh,603171,税友股份,39.88,39.99,40.11,38.9,38.97,2782002,109106578.0
2026-09-30,sh,603172,万丰股份,19.81,19.89,21.18,19.55,19.98,4649000,93713486.0
2026-09-30,sh,603173,福斯达,28.78,29.09,30.15,28.72,29.9,1301803,38700806.0
2026-09-30,sh,603175,超颖电子,109.7,112.09,112.09,104.12,104.45,1811323,192425704.0
2026-09-30,sh,603176,汇通集团,5.28,5.3,5.3,5.17,5.24,2409705,12586293.0
2026-09-30,sh,603177,德创环保,10.99,11.02,11.1,10.87,11.01,2667300,29309516.0
2026-09-30,sh,603178,圣龙股份,16.42,16.43,16.55,15.91,16.12,8021282,130161501.0
2026-09-30,sh,603179,新泉股份,40.22,40.3,41.88,39.86,40.48,15593413,639455329.0
2026-09-30,sh,603180,金牌家居,15.83,15.9,16.02,15.74,15.89,1037700,16504212.0
2026-09-30,sh,603181,皇马科技,12.19,12.18,12.47,12.18,12.27,2758870,33997583.0
2026-09-30,sh,603182,嘉华股份,13.64,13.74,13.77,13.56,13.69,1477100,20195067.0
2026-09-30,sh,603183,建研院,5.19,0.0,0.0,0.0,5.19,0,0.0
2026-09-30,sh,603185,弘元绿能,13.77,13.97,15.15,13.73,15.15,16812528,245142444.0
2026-09-30,sh,603186,华正新材,212.0,211.99,219.77,205.06,212.66,15657999,3353032446.0
2026-09-30,sh,603187,海容冷链,10.63,10.63,10.71,10.61,10.7,1853837,19782657.0
2026-09-30,sh,603188,亚邦股份,4.91,4.86,5.4,4.75,5.4,32865800,171759296.0
2026-09-30,sh,603189,*ST网达,9.4,9.4,9.48,9.27,9.27,1325903,12374178.0
2026-09-30,sh,603190,亚通精工,16.38,16.36,16.57,16.21,16.29,1059300,17353319.0
2026-09-30,sh,603191,望变电气,13.12,13.18,13.25,13.05,13.12,3334100,43788138.0
2026-09-30,sh,603192,汇得科技,19.85,19.97,20.64,19.88,19.93,1921686,38767976.0
2026-09-30,sh,603193,润本股份,20.0,20.01,20.49,20.01,20.25,1830100,36948823.0
2026-09-30,sh,603194,中力股份,32.77,32.86,33.15,32.71,33.03,536190,17659322.0
2026-09-30,sh,603195,公牛集团,38.08,38.09,38.82,37.93,38.71,2701404,103998063.0
2026-09-30,sh,603196,璞源材料,17.84,17.94,18.03,17.76,17.82,753610,13464847.0
2026-09-30,sh,603197,保隆科技,28.94,28.93,29.59,28.92,29.1,1663176,48578839.0
2026-09-30,sh,603198,迎驾贡酒,37.45,37.7,39.92,37.39,38.72,5473984,212993412.0
2026-09-30,sh,603199,九华旅游,32.02,32.14,32.26,31.85,31.97,772601,24754461.0
2026-09-30,sh,603200,上海洗霸,40.67,41.48,44.74,41.48,44.74,24345291,1063767254.0
2026-09-30,sh,603201,常润股份,15.23,15.33,15.56,15.19,15.26,1989907,30502486.0
2026-09-30,sh,603202,天有为,51.04,51.03,51.88,50.8,51.3,799568,40971717.0
2026-09-30,sh,603203,快克智能,42.9,43.48,44.04,41.61,41.74,4885340,207655489.0
2026-09-30,sh,603205,健尔康,21.55,21.61,21.85,21.44,21.74,917084,19889059.0
2026-09-30,sh,603206,嘉环科技,13.8,13.88,13.88,13.53,13.54,1997304,27198867.0
2026-09-30,sh,603207,小方制药,24.14,24.12,24.75,24.12,24.46,2825620,69315840.0
2026-09-30,sh,603208,江山欧派,11.43,11.49,11.76,11.2,11.5,2250400,25734451.0
2026-09-30,sh,603209,兴通股份,14.49,14.52,14.92,14.51,14.8,5654720,83707939.0
2026-09-30,sh,603210,泰鸿万立,13.38,13.39,13.46,13.23,13.23,2017057,26843242.0
2026-09-30,sh,603211,晋拓股份,19.0,19.1,19.25,18.7,18.71,2832141,53697609.0
2026-09-30,sh,603212,赛伍技术,11.66,11.8,11.82,11.45,11.46,5765503,66596008.0
2026-09-30,sh,603213,镇洋发展,13.75,13.78,13.9,13.73,13.87,1696713,23448659.0
2026-09-30,sh,603214,爱婴室,13.85,13.89,13.95,13.67,13.86,3090703,42764728.0
2026-09-30,sh,603215,比依股份,15.27,15.23,15.79,15.01,15.63,2825101,43957753.0
2026-09-30,sh,603216,梦天家居,21.7,21.73,22.11,21.38,21.38,4246101,92190448.0
2026-09-30,sh,603217,元利科技,26.46,26.7,27.6,26.7,27.07,2817146,76649070.0
2026-09-30,sh,603218,日月股份,9.5,9.43,9.67,9.39,9.56,11904638,113406003.0
2026-09-30,sh,603219,富佳股份,12.83,12.85,12.95,12.45,12.6,3380200,42824106.0
2026-09-30,sh,603220,中贝通信,17.07,17.18,17.23,16.63,16.71,12346306,207327064.0
2026-09-30,sh,603221,爱丽家居,25.43,25.8,25.95,24.19,25.1,12194037,306606980.0
2026-09-30,sh,603222,济民健康,7.92,8.05,8.24,7.95,8.07,21144300,171448529.0
2026-09-30,sh,603223,XD恒通股,9.39,9.41,9.49,9.33,9.39,4421314,41530431.0
2026-09-30,sh,603225,新凤鸣,16.65,16.73,16.87,16.51,16.72,7318761,122680082.0
2026-09-30,sh,603226,菲林格尔,29.47,30.06,30.12,28.14,28.26,4536444,130367242.0
2026-09-30,sh,603227,雪峰科技,7.35,7.36,7.44,7.34,7.42,4073610,30164870.0
2026-09-30,sh,603228,景旺电子,100.53,102.0,106.2,100.91,101.21,23281970,2399230738.0
2026-09-30,sh,603229,奥翔药业,8.14,8.13,8.43,8.13,8.26,8004228,66584486.0
2026-09-30,sh,603230,内蒙新华,15.31,15.5,16.28,13.8,14.01,60120640,912497116.0
2026-09-30,sh,603231,索宝蛋白,17.3,17.31,17.45,17.13,17.26,3134483,54149756.0
2026-09-30,sh,603232,格尔软件,16.69,16.69,16.76,16.08,16.13,13877556,225709076.0
2026-09-30,sh,603233,大参林,17.83,17.98,18.29,17.88,18.2,5921736,107588834.0
2026-09-30,sh,603235,天新药业,25.14,25.3,26.16,25.07,25.96,1309133,33705151.0
2026-09-30,sh,603236,移远通信,70.3,70.88,73.2,69.63,71.35,11388223,814670606.0
2026-09-30,sh,603237,五芳斋,15.15,15.25,15.41,15.1,15.2,1358384,20671443.0
2026-09-30,sh,603238,诺邦股份,12.71,12.85,13.18,12.79,12.86,3641685,47113564.0
2026-09-30,sh,603239,浙江仙通,13.71,13.79,13.96,13.62,13.75,1969502,27152097.0
2026-09-30,sh,603248,锡华科技,21.31,21.15,21.86,20.1,20.43,17602216,365479429.0
2026-09-30,sh,603255,鼎际得,30.82,30.82,31.95,30.38,30.88,1198807,37196007.0
2026-09-30,sh,603256,宏和科技,139.05,140.7,140.8,130.0,130.7,14935650,1989710898.0
2026-09-30,sh,603257,中国瑞林,64.4,64.98,65.0,64.12,64.2,695300,44829178.0
2026-09-30,sh,603258,电魂网络,14.19,14.17,14.38,13.93,14.03,4423299,62325921.0
2026-09-30,sh,603259,药明康德,160.66,160.01,169.2,159.4,167.34,44950902,7441616091.0
2026-09-30,sh,603260,合盛硅业,31.01,31.2,31.78,30.87,31.55,5620951,176452620.0
2026-09-30,sh,603261,立航科技,49.48,50.0,50.4,47.0,47.33,2441700,117645583.0
2026-09-30,sh,603262,技源集团,17.13,17.19,17.33,17.03,17.06,2076300,35634264.0
2026-09-30,sh,603266,天龙股份,19.29,18.98,19.95,18.78,19.57,9424300,183051778.0
2026-09-30,sh,603267,鸿远电子,47.21,47.55,47.6,46.08,46.15,3951800,184147057.0
2026-09-30,sh,603268,松发股份,214.02,213.0,216.59,210.02,213.66,3855373,822367164.0
2026-09-30,sh,603269,海鸥股份,23.44,23.72,23.77,22.9,23.16,13197104,306451462.0
2026-09-30,sh,603270,金帝股份,31.87,31.87,32.48,30.95,31.15,4715747,149000334.0
2026-09-30,sh,603271,永杰新材,38.25,38.32,38.49,38.08,38.42,630000,24148357.0
2026-09-30,sh,603272,*ST联翔,15.73,15.82,15.87,14.85,15.0,2439800,37177210.0
2026-09-30,sh,603273,天元智能,14.7,14.76,14.82,14.5,14.52,1136901,16598764.0
2026-09-30,sh,603275,众辰科技,37.0,37.26,37.26,36.57,36.67,680800,25049501.0
2026-09-30,sh,603276,恒兴新材,17.58,17.75,17.84,17.41,17.5,1797100,31623126.0
2026-09-30,sh,603277,银都股份,11.2,11.21,11.34,11.15,11.31,1157694,13026385.0
2026-09-30,sh,603278,大业股份,10.56,10.13,11.3,10.13,10.27,65805741,696010842.0
2026-09-30,sh,603279,景津装备,10.71,10.75,10.98,10.72,10.94,5336314,57931948.0
2026-09-30,sh,603280,南方路机,27.2,27.3,27.8,27.17,27.51,1785601,49023934.0
2026-09-30,sh,603281,江瀚新材,18.12,18.2,18.43,17.97,18.02,1992695,36143892.0
2026-09-30,sh,603282,亚光股份,17.32,17.33,17.57,16.97,17.08,1073900,18431736.0
2026-09-30,sh,603283,赛腾股份,42.94,43.25,43.4,41.55,41.82,8377985,354141771.0
2026-09-30,sh,603284,林平发展,40.54,40.57,41.8,40.44,40.49,651338,26492044.0
2026-09-30,sh,603285,键邦股份,36.72,36.67,37.86,36.34,37.0,2495400,92583476.0
2026-09-30,sh,603286,日盈电子,44.77,44.99,47.65,44.51,45.62,4726804,218500631.0
2026-09-30,sh,603288,海天味业,32.91,32.78,33.35,32.66,33.17,12207315,403388803.0
2026-09-30,sh,603289,泰瑞机器,11.36,11.47,11.53,11.0,11.04,9074865,102132393.0
2026-09-30,sh,603290,斯达半导,83.4,83.5,84.15,81.18,81.21,2738010,224606758.0
2026-09-30,sh,603291,XD联合水,8.6,8.65,8.72,8.52,8.53,1675300,14404150.0
2026-09-30,sh,603293,埃泰克,35.61,35.66,35.76,34.81,35.17,1064844,37460270.0
2026-09-30,sh,603296,华勤技术,75.35,75.8,75.85,73.5,74.49,13692748,1018099632.0
2026-09-30,sh,603297,永新光学,107.39,107.88,110.0,106.11,106.92,615200,66298723.0
2026-09-30,sh,603298,杭叉集团,21.91,21.97,22.04,21.71,21.87,4157695,90907857.0
2026-09-30,sh,603299,苏盐井神,8.62,8.62,8.73,8.61,8.69,1863566,16179217.0
2026-09-30,sh,603300,海南华铁,4.53,4.55,4.56,4.49,4.51,18191908,82333180.0
2026-09-30,sh,603301,振德医疗,75.8,76.0,76.49,74.09,75.17,1391073,104419555.0
2026-09-30,sh,603303,得邦照明,28.09,28.27,28.7,27.62,27.63,2451600,68716312.0
2026-09-30,sh,603305,旭升集团,11.11,11.2,11.34,11.1,11.2,13019020,146136109.0
2026-09-30,sh,603306,华懋科技,71.87,72.38,73.85,71.0,71.36,5996198,432327618.0
2026-09-30,sh,603307,扬州金泉,25.62,25.65,26.09,25.41,25.49,921466,23650700.0
2026-09-30,sh,603308,应流股份,36.79,36.98,37.03,35.58,35.64,16079911,580115940.0
2026-09-30,sh,603309,维力医疗,11.1,11.11,11.22,11.07,11.18,2359695,26375414.0
2026-09-30,sh,603310,巍华新材,14.51,14.58,14.64,14.48,14.54,685010,9960564.0
2026-09-30,sh,603311,金海高科,25.79,25.83,26.35,25.0,25.62,7367827,188914875.0
2026-09-30,sh,603312,西典新能,32.9,33.2,33.66,32.71,32.9,830900,27567707.0
2026-09-30,sh,603313,梦百合,6.21,6.3,6.31,6.06,6.21,10359179,63675954.0
2026-09-30,sh,603315,福鞍股份,10.65,10.67,10.72,10.43,10.47,4279593,45128308.0
2026-09-30,sh,603316,诚邦股份,15.84,16.01,16.08,14.8,15.2,22882900,350016494.0
2026-09-30,sh,603317,天味食品,12.42,12.48,12.6,12.35,12.55,4816436,60167494.0
2026-09-30,sh,603318,水发燃气,8.65,8.68,8.73,8.61,8.71,18078053,156838946.0
2026-09-30,sh,603319,美湖股份,28.4,28.62,28.76,27.9,28.0,8410600,237781786.0
2026-09-30,sh,603320,迪贝电气,18.02,18.16,18.2,17.82,18.07,964600,17381672.0
2026-09-30,sh,603321,梅轮电梯,7.14,7.15,7.26,7.11,7.21,6663600,47753600.0
2026-09-30,sh,603322,超讯科技,29.1,29.71,29.72,27.41,27.7,9443600,264092255.0
2026-09-30,sh,603323,苏农银行,4.43,4.43,4.51,4.42,4.49,32296134,144889877.0
2026-09-30,sh,603324,盛剑科技,24.97,25.34,25.34,24.05,24.21,2270400,55605068.0
2026-09-30,sh,603325,博隆技术,52.81,52.85,53.67,52.63,53.46,271700,14459313.0
2026-09-30,sh,603326,我乐家居,7.63,7.65,7.71,7.59,7.68,2977400,22783716.0
2026-09-30,sh,603327,福蓉科技,8.0,8.05,8.09,7.96,8.0,8258069,66173140.0
2026-09-30,sh,603328,依顿电子,14.44,15.0,15.2,13.48,13.83,84642324,1191006311.0
2026-09-30,sh,603329,上海雅仕,10.34,10.34,10.38,10.21,10.25,1426090,14666718.0
2026-09-30,sh,603330,天洋新材,9.34,9.53,9.54,9.12,9.16,18267500,169047152.0
2026-09-30,sh,603331,百达精工,12.39,12.44,12.55,12.3,12.38,2570700,31847701.0
2026-09-30,sh,603332,苏州龙杰,11.99,12.01,12.15,11.95,12.01,1974612,23805741.0
2026-09-30,sh,603333,福华尚纬,8.85,8.85,8.91,8.77,8.88,5106902,45166675.0
2026-09-30,sh,603334,丰倍生物,31.5,31.45,32.46,31.45,31.8,1197600,38329335.0
2026-09-30,sh,603335,迪生力,6.19,6.15,6.23,6.02,6.03,6239500,37903961.0
2026-09-30,sh,603336,宏辉果蔬,9.9,10.0,10.07,9.8,9.89,11885269,118145385.0
2026-09-30,sh,603337,杰克科技,35.46,35.5,35.76,35.0,35.07,2302804,81023301.0
2026-09-30,sh,603338,浙江鼎力,52.56,52.9,54.14,52.6,53.36,3214267,171931024.0
2026-09-30,sh,603339,四方科技,12.17,12.22,12.28,12.14,12.2,3702152,45195716.0
2026-09-30,sh,603341,龙旗科技,35.42,35.58,35.79,35.16,35.21,6059842,214662603.0
2026-09-30,sh,603344,星德胜,22.35,22.38,22.72,21.92,21.97,1766180,39106761.0
2026-09-30,sh,603345,安井食品,79.05,79.05,79.9,78.26,79.4,3973833,315307026.0
2026-09-30,sh,603348,文灿股份,14.48,14.57,14.78,14.42,14.6,2029000,29675628.0
2026-09-30,sh,603350,安乃达,28.66,28.68,28.89,28.2,28.27,385200,10965381.0
2026-09-30,sh,603351,威尔药业,27.21,27.28,27.8,27.1,27.46,1121401,30845357.0
2026-09-30,sh,603352,至信股份,24.84,25.08,25.08,24.76,24.81,594590,14803130.0
2026-09-30,sh,603353,和顺石油,40.55,40.55,40.78,37.98,38.34,6786201,264486700.0
2026-09-30,sh,603355,莱克电气,30.42,30.42,30.52,29.56,30.31,2188387,65816811.0
2026-09-30,sh,603356,华菱精工,16.6,16.6,16.83,16.51,16.51,2225100,37057866.0
2026-09-30,sh,603357,设计总院,5.97,6.0,6.02,5.92,6.01,2295654,13733188.0
2026-09-30,sh,603358,华达科技,43.04,43.08,45.28,42.52,44.4,5718322,249083922.0
2026-09-30,sh,603359,*ST东珠,2.07,2.06,2.08,2.0,2.03,5801100,11786493.0
2026-09-30,sh,603360,百傲化学,12.19,12.2,12.5,12.16,12.26,5295912,65149530.0
2026-09-30,sh,603363,傲农生物,2.78,2.79,2.81,2.77,2.81,16219141,45310834.0
2026-09-30,sh,603365,水星家纺,15.91,15.88,16.11,15.82,16.03,1858299,29615747.0
2026-09-30,sh,603366,日出东方,7.26,7.37,7.37,7.21,7.27,10611901,77194229.0
2026-09-30,sh,603367,辰欣药业,14.22,14.2,14.65,14.19,14.53,8632219,125311190.0
2026-09-30,sh,603368,柳药集团,15.03,15.09,15.21,15.05,15.18,3273368,49634183.0
2026-09-30,sh,603369,今世缘,27.13,27.12,28.44,26.67,28.09,14090338,389842033.0
2026-09-30,sh,603370,华新精科,27.35,27.35,27.97,27.22,27.53,1407293,38836384.0
2026-09-30,sh,603373,安邦护卫,53.8,52.83,54.35,50.0,50.18,5363391,280792522.0
2026-09-30,sh,603375,盛景微,46.47,47.0,47.5,43.8,43.8,4059829,183989251.0
2026-09-30,sh,603376,大明电子,26.29,26.3,26.76,26.13,26.39,1082506,28613953.0
2026-09-30,sh,603377,ST东时,3.09,3.1,3.1,3.04,3.06,2579961,7898561.0
2026-09-30,sh,603378,*ST亚士,4.69,4.71,4.92,4.67,4.91,8684076,41787186.0
2026-09-30,sh,603379,三美股份,49.04,49.21,50.0,48.8,49.12,2710162,133713527.0
2026-09-30,sh,603380,易德龙,32.87,33.01,33.21,32.31,32.4,1540300,50271595.0
2026-09-30,sh,603381,永臻股份,14.79,14.8,14.93,14.65,14.72,1621290,23947932.0
2026-09-30,sh,603382,海阳科技,18.84,18.98,19.26,18.8,19.11,1603622,30483130.0
2026-09-30,sh,603383,顶点软件,26.83,26.94,27.02,26.71,26.78,1099044,29470652.0
2026-09-30,sh,603385,惠达卫浴,5.79,5.83,5.83,5.64,5.73,2892253,16574551.0
2026-09-30,sh,603386,骏亚科技,18.45,18.33,18.5,17.35,17.4,12054500,213520155.0
2026-09-30,sh,603387,基蛋生物,9.81,9.81,10.1,9.75,10.01,10190729,102032763.0
2026-09-30,sh,603389,亚振家居,43.58,44.0,45.05,43.7,44.57,1410722,62734295.0
2026-09-30,sh,603390,通达电气,11.32,11.05,11.26,10.99,11.08,14138600,156543961.0
2026-09-30,sh,603391,力聚热能,69.0,69.55,69.61,66.57,69.56,2922489,200810172.0
2026-09-30,sh,603392,万泰生物,26.48,26.6,27.5,26.44,27.34,8986653,244802516.0
2026-09-30,sh,603393,新天然气,24.52,24.39,24.68,24.32,24.48,3993400,97744203.0
2026-09-30,sh,603395,红四方,24.62,24.69,25.28,24.62,24.94,6175949,154091287.0
2026-09-30,sh,603396,金辰股份,35.28,34.8,38.81,33.4,33.5,32649798,1171989593.0
2026-09-30,sh,603398,*ST沐邦,8.32,8.28,8.54,8.28,8.38,3441600,28937542.0
2026-09-30,sh,603399,永杉锂业,13.16,13.29,13.29,12.9,13.01,18342780,239308572.0
2026-09-30,sh,603400,华之杰,54.67,60.14,60.14,52.5,53.0,10636072,603957408.0
2026-09-30,sh,603402,陕西旅游,59.78,60.0,60.33,58.8,58.85,1305022,77254091.0
2026-09-30,sh,603406,天富龙,27.61,27.63,27.85,27.36,27.36,991337,27337386.0
2026-09-30,sh,603407,长裕集团,57.89,58.0,59.58,56.5,57.46,2644728,153216621.0
2026-09-30,sh,603408,建霖家居,11.6,11.61,11.72,11.48,11.59,1730500,20002761.0
2026-09-30,sh,603409,汇通控股,17.62,17.67,18.27,17.61,17.85,2802580,50115169.0
2026-09-30,sh,603416,信捷电气,46.18,46.4,46.8,45.68,46.01,992249,45922272.0
2026-09-30,sh,603418,友升股份,48.17,48.2,48.86,47.28,48.48,2803679,134679916.0
2026-09-30,sh,603421,鼎信通讯,6.38,6.4,6.42,6.14,6.18,16532532,102850368.0
2026-09-30,sh,603429,*ST集友,8.88,8.88,9.38,8.84,9.09,2579940,23399511.0
2026-09-30,sh,603435,嘉德利,45.29,45.36,45.8,43.0,43.05,2275477,99890046.0
2026-09-30,sh,603439,三力制药,13.46,13.49,13.66,13.12,13.18,10006600,133851513.0
2026-09-30,sh,603444,吉比特,335.96,336.06,341.4,336.06,339.69,731296,247826555.0
2026-09-30,sh,603448,天博智能,59.86,60.01,61.0,59.27,59.3,2795759,167318593.0
2026-09-30,sh,603456,九洲药业,16.26,16.25,16.95,16.16,16.75,26634996,446545022.0
2026-09-30,sh,603458,勘设股份,10.9,11.0,11.05,10.4,10.42,10883052,115125389.0
2026-09-30,sh,603459,红板科技,83.62,83.83,84.18,77.5,78.3,7855200,629425961.0
2026-09-30,sh,603466,风语筑,11.78,11.88,12.14,11.66,11.88,31667526,376358501.0
2026-09-30,sh,603468,津富士达,22.69,22.5,22.81,21.96,21.98,3675219,81701953.0
2026-09-30,sh,603477,巨星农牧,14.3,14.31,14.52,14.19,14.38,7923843,113715899.0
2026-09-30,sh,603486,科沃斯,49.22,49.26,50.29,49.02,49.89,3245666,161314097.0
2026-09-30,sh,603488,展鹏科技,7.79,7.79,7.87,7.66,7.7,3737903,28899279.0
2026-09-30,sh,603489,八方股份,28.99,28.94,29.4,28.41,28.48,1680931,48343636.0
2026-09-30,sh,603496,恒为科技,21.97,22.08,22.33,21.94,21.97,3285997,72584291.0
2026-09-30,sh,603499,翔港科技,12.72,12.83,12.88,12.54,12.6,2218611,28160846.0
2026-09-30,sh,603500,祥和实业,10.44,10.43,10.8,10.02,10.05,21478857,219137011.0
2026-09-30,sh,603501,豪威集团,80.36,80.9,82.74,80.46,82.21,12892957,1058742152.0
2026-09-30,sh,603505,金石资源,14.08,14.06,14.15,13.86,13.98,6927625,96808171.0
2026-09-30,sh,603506,南都物业,12.29,12.1,12.49,11.86,12.25,5788525,70221877.0
2026-09-30,sh,603507,振江股份,27.6,27.55,28.28,27.51,27.71,12068420,335807615.0
2026-09-30,sh,603508,思维列控,20.47,20.52,20.62,20.45,20.59,1138605,23380373.0
2026-09-30,sh,603511,爱慕股份,13.0,13.0,13.15,12.87,13.0,1429300,18601009.0
2026-09-30,sh,603515,XD欧普照,14.52,14.68,14.98,14.58,14.87,1716704,25406928.0
2026-09-30,sh,603516,淳中科技,77.59,78.29,78.78,76.79,77.46,3025559,234408689.0
2026-09-30,sh,603517,ST绝味,11.3,11.27,11.45,11.24,11.43,4418000,50128103.0
2026-09-30,sh,603518,锦泓集团,7.84,7.85,7.87,7.77,7.79,4253300,33214616.0
2026-09-30,sh,603519,立霸股份,16.56,16.64,17.05,16.3,17.02,6765610,112389636.0
2026-09-30,sh,603520,司太立,8.39,8.4,8.87,8.4,8.75,12327853,106509535.0
2026-09-30,sh,603527,众源新材,9.84,9.84,9.91,9.7,9.72,4316320,42237096.0
2026-09-30,sh,603528,多伦科技,6.48,6.49,6.51,6.33,6.33,7343800,46917677.0
2026-09-30,sh,603529,爱玛科技,21.8,21.8,22.55,21.69,22.23,10564550,234424331.0
2026-09-30,sh,603530,神马电力,40.9,40.99,41.75,40.35,41.22,2728068,112459664.0
2026-09-30,sh,603533,掌阅科技,23.65,23.9,24.48,23.41,23.88,43921420,1052546318.0
2026-09-30,sh,603535,嘉诚国际,6.14,6.17,6.17,6.09,6.12,2078979,12742374.0
2026-09-30,sh,603536,惠发食品,10.02,10.05,10.63,10.05,10.19,5333558,54457548.0
2026-09-30,sh,603538,美诺华,25.99,26.51,28.59,25.99,28.59,47551922,1324164480.0
2026-09-30,sh,603551,奥普科技,9.35,9.42,9.42,9.36,9.4,1272100,11954511.0
2026-09-30,sh,603556,海兴电力,22.28,22.31,22.58,22.31,22.45,1748164,39226334.0
2026-09-30,sh,603557,*ST起步,3.03,3.02,3.06,2.99,3.05,3934600,11910328.0
2026-09-30,sh,603558,健盛集团,13.1,13.07,13.24,12.87,12.88,2903250,37825814.0
2026-09-30,sh,603559,中通国脉,8.81,8.89,8.89,8.55,8.57,6383000,55277083.0
2026-09-30,sh,603565,中谷物流,11.4,11.42,11.68,11.33,11.59,13681953,158587577.0
2026-09-30,sh,603566,普莱柯,10.22,10.25,10.29,10.2,10.24,2068503,21213529.0
2026-09-30,sh,603567,珍宝岛,5.2,5.2,5.3,5.16,5.26,16125078,84658203.0
2026-09-30,sh,603568,伟明环保,13.22,13.25,13.45,13.24,13.42,3814453,50927688.0
2026-09-30,sh,603569,长久物流,5.85,5.88,5.9,5.82,5.86,1676912,9819813.0
2026-09-30,sh,603577,汇金通,9.68,9.72,9.79,9.66,9.7,2644205,25688355.0
2026-09-30,sh,603578,三星新材,14.38,14.5,14.69,14.1,14.35,3551702,50887675.0
2026-09-30,sh,603579,荣泰健康,17.85,17.85,18.21,17.77,17.8,1767600,31653547.0
2026-09-30,sh,603580,艾艾精工,75.5,76.64,76.64,72.07,72.95,5604300,410566266.0
2026-09-30,sh,603583,捷昌驱动,27.92,27.98,28.2,27.6,27.65,2879798,80125476.0
2026-09-30,sh,603585,苏利股份,10.56,10.54,10.69,10.48,10.53,2503004,26449577.0
2026-09-30,sh,603586,金麒麟,14.0,14.08,14.1,13.84,13.85,1256200,17503014.0
2026-09-30,sh,603587,地素时尚,12.22,12.17,12.45,12.17,12.43,2791879,34570762.0
2026-09-30,sh,603588,高能环境,16.25,16.5,16.88,16.28,16.54,47438059,786078215.0
2026-09-30,sh,603589,口子窖,17.3,17.37,17.94,17.33,17.78,7537969,133108015.0
2026-09-30,sh,603590,康辰药业,29.19,29.16,32.11,29.05,32.11,6131901,193482072.0
2026-09-30,sh,603595,ST东尼,31.5,31.51,32.17,30.98,31.02,1534796,48401779.0
2026-09-30,sh,603596,伯特利,27.82,27.85,28.61,27.76,28.14,9185764,259341984.0
2026-09-30,sh,603598,引力传媒,19.13,19.1,19.33,18.68,18.78,30775550,582090682.0
2026-09-30,sh,603599,广信股份,10.12,10.12,10.35,10.1,10.3,6036156,61906040.0
2026-09-30,sh,603600,永艺股份,10.26,10.26,10.31,10.05,10.08,4673300,47352991.0
2026-09-30,sh,603601,再升科技,9.76,9.79,9.95,9.42,9.5,75477345,728420679.0
2026-09-30,sh,603602,纵横通信,12.71,12.74,13.2,12.27,12.37,20065849,251879027.0
2026-09-30,sh,603605,珀莱雅,53.98,54.0,54.89,53.78,54.7,3586795,195002333.0
2026-09-30,sh,603606,东方电缆,35.33,35.36,36.67,35.22,36.53,20471254,744132803.0
2026-09-30,sh,603607,京华激光,23.13,23.5,23.6,22.82,23.15,3564696,82149001.0
2026-09-30,sh,603608,天创时尚,19.54,19.71,19.76,19.07,19.22,5798300,112159162.0
2026-09-30,sh,603609,禾丰股份,6.26,6.3,6.37,6.26,6.34,2324650,14705573.0
2026-09-30,sh,603610,麒盛科技,13.18,13.3,13.69,12.89,13.07,7255401,96351958.0
2026-09-30,sh,603611,诺力股份,15.41,15.51,15.59,15.4,15.47,975205,15106837.0
2026-09-30,sh,603612,索通发展,15.78,15.85,16.21,15.76,16.08,6699143,107165483.0
2026-09-30,sh,603613,国联股份,18.87,18.88,19.12,18.71,18.78,8414031,158754610.0
2026-09-30,sh,603615,茶花股份,18.46,18.65,18.81,18.3,18.46,2093000,38677412.0
2026-09-30,sh,603616,韩建河山,5.68,5.79,5.89,5.6,5.65,13031300,74148983.0
2026-09-30,sh,603617,君禾股份,6.85,6.9,6.9,6.73,6.74,3927487,26688853.0
2026-09-30,sh,603618,杭电股份,33.69,34.3,34.49,32.64,32.75,36418893,1209710252.0
2026-09-30,sh,603619,中曼石油,20.76,20.94,20.94,20.58,20.73,10993133,228651856.0
2026-09-30,sh,603626,科森科技,23.91,24.0,25.45,23.91,24.22,57866914,1420971165.0
2026-09-30,sh,603628,清源股份,10.32,10.36,10.51,10.11,10.2,3829600,39285814.0
2026-09-30,sh,603629,利通电子,98.16,99.19,99.68,95.5,95.96,11999562,1163311143.0
2026-09-30,sh,603630,拉芳家化,15.57,15.4,15.97,15.22,15.35,16569359,257026522.0
2026-09-30,sh,603633,徕木股份,6.35,6.44,6.45,6.19,6.22,6753750,42351426.0
2026-09-30,sh,603636,南威软件,7.87,8.08,8.2,7.65,7.67,63809608,498264315.0
2026-09-30,sh,603637,镇海股份,13.69,13.81,14.08,13.54,13.87,5039124,69699130.0
2026-09-30,sh,603638,艾迪精密,19.65,19.7,20.08,19.41,19.82,14005233,276832982.0
2026-09-30,sh,603639,海利尔,10.36,10.36,10.65,10.36,10.49,1508669,15856520.0
2026-09-30,sh,603648,畅联股份,9.56,9.6,9.6,9.52,9.52,1470700,14049075.0
2026-09-30,sh,603650,彤程新材,63.21,65.18,65.81,61.82,62.3,14487885,921818177.0
2026-09-30,sh,603655,朗博科技,31.03,31.16,31.87,30.8,30.89,815805,25484573.0
2026-09-30,sh,603656,泰禾智能,17.41,17.48,17.49,17.05,17.19,1551873,26725662.0
2026-09-30,sh,603657,春光科技,37.88,39.0,41.1,38.71,39.5,8431100,335335987.0
2026-09-30,sh,603658,安图生物,33.61,33.49,34.35,33.49,34.08,3547968,121093463.0
2026-09-30,sh,603659,璞泰来,21.27,21.3,21.72,21.2,21.45,15639869,336343416.0
2026-09-30,sh,603660,苏州科达,9.3,9.35,9.44,9.05,9.1,10457586,95743724.0
2026-09-30,sh,603661,恒林股份,33.4,33.28,33.94,32.88,33.11,1883600,62791053.0
2026-09-30,sh,603662,柯力传感,48.15,48.2,48.99,47.77,47.89,2352455,113372467.0
2026-09-30,sh,603663,三祥新材,44.26,44.59,45.13,43.02,43.24,12824413,562109284.0
2026-09-30,sh,603665,康隆达,24.32,24.4,24.54,22.88,23.35,5429160,126926036.0
2026-09-30,sh,603666,亿嘉和,26.72,26.72,26.97,26.43,26.77,2015700,53848723.0
2026-09-30,sh,603667,五洲新春,49.84,49.95,51.06,48.84,49.43,13040350,651782686.0
2026-09-30,sh,603668,天马科技,12.03,12.02,12.12,11.76,11.85,4620717,54939038.0
2026-09-30,sh,603669,灵康药业,6.01,6.02,6.38,5.93,6.33,35874676,222326839.0
2026-09-30,sh,603676,卫信康,8.97,8.96,9.14,8.94,9.09,1486400,13468815.0
2026-09-30,sh,603677,奇精机械,14.42,14.5,14.6,14.32,14.35,990200,14283810.0
2026-09-30,sh,603678,火炬电子,43.76,43.91,44.17,42.57,42.72,9590873,414231613.0
2026-09-30,sh,603679,华体科技,22.98,23.13,23.69,22.5,23.23,6135261,141141583.0
2026-09-30,sh,603680,今创集团,10.01,10.02,10.07,9.97,10.02,2374806,23800606.0
2026-09-30,sh,603681,永冠新材,18.74,19.0,19.0,18.06,18.31,5554396,102265952.0
2026-09-30,sh,603682,锦和商管,9.36,9.45,9.55,9.23,9.43,7541300,70833546.0
2026-09-30,sh,603683,晶华新材,15.32,15.49,15.76,15.0,15.03,11318699,172457023.0
2026-09-30,sh,603685,晨丰科技,25.08,25.49,25.49,24.76,24.82,1089420,27183304.0
2026-09-30,sh,603686,福龙马,14.05,14.11,14.45,13.61,14.29,34426534,484845351.0
2026-09-30,sh,603687,大胜达,14.29,14.36,14.6,13.86,13.99,13519874,192067840.0
2026-09-30,sh,603688,石英股份,44.44,44.99,45.2,43.44,43.54,7208538,317967089.0
2026-09-30,sh,603689,皖天然气,7.67,7.66,7.73,7.62,7.72,3171625,24429796.0
2026-09-30,sh,603690,至纯科技,22.95,23.18,23.19,22.07,22.22,12598511,283458306.0
2026-09-30,sh,603693,江苏新能,12.71,12.75,12.75,12.15,12.25,17286913,212921140.0
2026-09-30,sh,603696,安记食品,13.12,13.22,13.42,12.93,13.06,7769974,102051421.0
2026-09-30,sh,603697,有友食品,9.49,9.5,9.63,9.45,9.6,5166160,49472802.0
2026-09-30,sh,603698,航天工程,20.04,20.09,20.52,19.79,19.84,6265035,125525375.0
2026-09-30,sh,603699,纽威股份,43.6,43.78,44.01,43.07,43.21,2938109,127888628.0
2026-09-30,sh,603700,宁水集团,11.56,11.61,11.86,11.46,11.81,5185801,60652757.0
2026-09-30,sh,603701,德宏股份,18.18,18.18,18.34,18.0,18.21,1464083,26629172.0
2026-09-30,sh,603703,盛洋科技,9.88,9.98,10.02,9.76,9.76,6943200,68606443.0
2026-09-30,sh,603706,东方环宇,16.95,17.04,17.26,16.92,17.19,866286,14842222.0
2026-09-30,sh,603707,健友股份,7.89,7.9,8.25,7.86,8.19,18013945,146375545.0
2026-09-30,sh,603708,家家悦,8.9,8.89,9.0,8.88,8.99,3349039,29973669.0
2026-09-30,sh,603709,中源家居,12.86,12.92,12.98,12.51,12.68,3612901,45939820.0
2026-09-30,sh,603711,香飘飘,11.65,11.66,11.76,11.54,11.64,2199898,25625140.0
2026-09-30,sh,603712,七一二,11.28,11.35,11.6,11.2,11.41,7594500,86465621.0
2026-09-30,sh,603713,密尔克卫,66.65,66.43,69.37,66.43,67.86,2207097,150383817.0
2026-09-30,sh,603716,塞力医疗,16.58,16.91,17.42,16.59,16.62,10568702,178392654.0
2026-09-30,sh,603717,天域生物,6.04,6.1,6.2,5.89,6.02,9963300,59860304.0
2026-09-30,sh,603718,*ST海利,3.09,3.1,3.11,3.07,3.09,2784500,8616240.0
2026-09-30,sh,603719,良品铺子,9.08,9.09,9.28,9.09,9.21,2763600,25413755.0
2026-09-30,sh,603721,中广天择,18.45,18.75,18.85,18.23,18.45,4737905,87587193.0
2026-09-30,sh,603722,阿科力,28.49,28.55,28.7,27.9,28.08,916100,25877756.0
2026-09-30,sh,603725,天安新材,12.03,12.15,12.34,11.58,11.77,11640316,137586847.0
2026-09-30,sh,603726,朗迪集团,23.61,23.62,23.94,23.06,23.36,2442500,57296183.0
2026-09-30,sh,603727,博迈科,18.95,19.28,20.82,18.49,18.71,11575254,223251797.0
2026-09-30,sh,603728,鸣志电器,52.47,52.5,52.98,51.42,51.5,4223600,220196713.0
2026-09-30,sh,603729,ST龙韵,12.45,12.53,12.53,12.33,12.45,466700,5802368.0
2026-09-30,sh,603730,岱美股份,9.63,9.78,10.18,9.68,9.85,24482595,243644614.0
2026-09-30,sh,603733,仙鹤股份,17.6,17.65,18.04,17.54,17.74,5215704,92865011.0
2026-09-30,sh,603737,三棵树,21.82,21.42,23.07,19.97,22.65,20587707,443448303.0
2026-09-30,sh,603738,泰晶科技,33.83,34.35,34.38,32.66,32.73,17592510,586657991.0
2026-09-30,sh,603739,蔚蓝生物,12.76,12.87,14.04,12.66,14.04,9216923,127913740.0
2026-09-30,sh,603755,日辰股份,25.51,25.51,26.17,25.51,25.85,1725000,44534408.0
2026-09-30,sh,603757,大元泵业,69.31,69.44,72.31,68.68,70.77,7190009,505073635.0
2026-09-30,sh,603758,秦安股份,10.79,10.78,10.94,10.69,10.74,5996501,64642914.0
2026-09-30,sh,603759,海天股份,7.97,7.97,8.05,7.9,8.01,3658575,29261341.0
2026-09-30,sh,603766,隆鑫通用,14.21,14.11,14.5,14.11,14.18,10461300,149761617.0
2026-09-30,sh,603767,中马传动,15.35,15.26,15.26,14.7,14.83,17008600,254008054.0
2026-09-30,sh,603768,常青股份,11.81,11.86,12.5,11.78,12.14,6988650,84977214.0
2026-09-30,sh,603773,沃格光电,90.6,90.61,94.8,87.4,89.67,26989237,2460091449.0
2026-09-30,sh,603776,永安行,21.07,21.0,21.27,20.82,20.83,1544152,32463483.0
2026-09-30,sh,603777,来伊份,13.83,13.83,14.13,13.36,13.5,6163000,84070367.0
2026-09-30,sh,603778,国晟科技,8.03,8.13,8.4,7.92,8.02,45182199,365893908.0
2026-09-30,sh,603779,威龙股份,8.04,8.06,8.17,8.0,8.07,7225100,58429968.0
2026-09-30,sh,603786,科博达,37.17,37.17,37.38,36.7,36.75,1401746,51817520.0
2026-09-30,sh,603787,新日股份,10.55,10.55,10.62,10.4,10.46,1872300,19611649.0
2026-09-30,sh,603788,宁波高发,13.66,13.69,13.78,13.55,13.64,956301,13037926.0
2026-09-30,sh,603789,ST星农,5.9,5.9,5.9,5.8,5.84,1651920,9649315.0
2026-09-30,sh,603790,雅运股份,24.75,25.0,25.72,24.62,24.75,2400777,60599129.0
2026-09-30,sh,603797,联泰环保,5.36,5.4,5.4,4.82,4.82,32613600,159874743.0
2026-09-30,sh,603798,康普顿,13.69,13.75,14.8,13.7,14.67,9469281,136737803.0
2026-09-30,sh,603799,华友钴业,34.03,34.09,35.23,33.89,35.0,39230257,1364921906.0
2026-09-30,sh,603800,洪田股份,53.93,54.7,55.5,52.6,52.99,2479605,133027963.0
2026-09-30,sh,603801,志邦家居,6.22,6.26,6.33,6.14,6.29,7690604,48094413.0
2026-09-30,sh,603803,瑞斯康达,11.39,11.72,11.73,11.06,11.06,23763897,266892740.0
2026-09-30,sh,603806,福斯特,13.76,13.79,13.98,13.72,13.86,11242675,155813544.0
2026-09-30,sh,603808,歌力思,8.81,8.89,8.98,8.68,8.83,2770900,24404694.0
2026-09-30,sh,603809,豪能股份,8.49,8.49,8.57,8.44,8.47,4877231,41416611.0
2026-09-30,sh,603810,丰山集团,12.25,12.32,12.47,12.2,12.23,1678848,20676229.0
2026-09-30,sh,603811,诚意药业,6.95,6.96,7.05,6.93,6.99,3351809,23494508.0
2026-09-30,sh,603813,原尚股份,25.91,26.09,26.39,25.75,25.92,439200,11426680.0
2026-09-30,sh,603815,交建股份,5.09,5.09,5.14,5.05,5.11,4690100,23916009.0
2026-09-30,sh,603816,顾家家居,22.97,22.95,24.14,22.29,23.81,10823310,253217993.0
2026-09-30,sh,603817,海峡环保,5.73,5.77,5.79,5.64,5.7,14105003,80338257.0
2026-09-30,sh,603818,曲美家居,4.0,4.01,4.11,4.01,4.05,21716800,88335888.0
2026-09-30,sh,603819,神力股份,16.54,16.74,16.86,16.06,16.06,6204900,101074261.0
2026-09-30,sh,603822,ST嘉澳,62.7,62.68,64.85,62.3,64.5,405700,25941039.0
2026-09-30,sh,603823,百合花,42.69,43.0,43.88,41.77,42.41,25159721,1070386728.0
2026-09-30,sh,603825,ST华扬,7.58,7.64,7.64,7.51,7.61,1202000,9092932.0
2026-09-30,sh,603826,坤彩科技,15.53,15.77,15.8,15.24,15.37,9986746,154308922.0
2026-09-30,sh,603828,*ST利达,6.0,6.02,6.2,5.98,6.19,3111025,19095733.0
2026-09-30,sh,603829,洛凯股份,15.68,15.74,16.0,15.43,15.49,1939500,30370261.0
2026-09-30,sh,603833,欧派家居,30.26,30.14,31.68,28.87,31.49,7325980,224170272.0
2026-09-30,sh,603836,海程邦达,9.66,9.66,9.7,9.51,9.55,1695680,16239278.0
2026-09-30,sh,603838,*ST四通,12.45,12.58,12.7,12.32,12.56,1225200,15332150.0
2026-09-30,sh,603839,安正时尚,6.88,6.93,6.98,6.74,6.82,3180300,21689814.0
2026-09-30,sh,603843,*ST正平,6.18,6.18,6.41,6.18,6.34,9562160,60326525.0
2026-09-30,sh,603848,好太太,13.22,13.22,13.33,13.08,13.22,1350079,17821948.0
2026-09-30,sh,603855,华荣股份,16.93,16.93,17.04,16.71,16.82,1329600,22392215.0
2026-09-30,sh,603856,东宏股份,11.71,11.76,11.81,11.63,11.73,2221906,26041659.0
2026-09-30,sh,603858,步长制药,14.46,14.5,14.68,14.47,14.64,3931369,57443279.0
2026-09-30,sh,603859,能科科技,38.16,38.45,38.5,37.63,37.71,2621600,99307089.0
2026-09-30,sh,603860,中公高科,26.5,26.76,26.85,26.11,26.32,849400,22513864.0
2026-09-30,sh,603861,白云电器,10.75,10.9,10.98,10.79,10.89,4107705,44711545.0
2026-09-30,sh,603863,松炀资源,12.11,12.25,13.31,12.25,12.38,11162601,143099628.0
2026-09-30,sh,603866,桃李面包,4.19,4.21,4.24,4.14,4.21,15715100,65874271.0
2026-09-30,sh,603867,新化股份,34.51,35.09,35.1,34.2,34.38,7850946,271619212.0
2026-09-30,sh,603868,飞科电器,30.69,30.85,31.29,30.72,31.09,1377802,42826892.0
2026-09-30,sh,603869,ST智知,8.62,8.55,8.67,8.54,8.6,416500,3573079.0
2026-09-30,sh,603871,嘉友国际,11.82,11.89,12.04,11.71,12.0,4938500,59030590.0
2026-09-30,sh,603876,鼎胜新材,17.21,17.19,17.53,17.03,17.24,10617720,183752184.0
2026-09-30,sh,603877,太平鸟,11.75,11.88,11.91,11.74,11.91,1488105,17609824.0
2026-09-30,sh,603878,武进不锈,4.92,4.92,4.95,4.86,4.9,6741600,33096845.0
2026-09-30,sh,603879,永悦科技,4.97,5.02,5.07,4.9,4.91,10117336,50184633.0
2026-09-30,sh,603880,南卫股份,8.63,8.6,8.9,8.4,8.45,6801140,58090291.0
2026-09-30,sh,603881,数据港,23.04,23.16,23.26,22.83,22.92,9991834,229491905.0
2026-09-30,sh,603882,金域医学,28.25,28.2,29.8,27.88,29.06,12054017,350085587.0
2026-09-30,sh,603883,老百姓,12.89,12.86,13.08,12.86,13.04,6210215,80982385.0
2026-09-30,sh,603885,吉祥航空,9.76,9.8,10.03,9.72,9.96,13091872,129468899.0
2026-09-30,sh,603886,元祖股份,13.2,13.16,13.32,12.69,12.76,5380900,69627680.0
2026-09-30,sh,603887,城地香江,8.49,8.5,8.53,8.2,8.21,13853095,114738381.0
2026-09-30,sh,603888,新华网,17.27,17.2,17.63,17.12,17.2,14758429,255881030.0
2026-09-30,sh,603889,新澳股份,5.97,5.97,6.09,5.92,6.05,6183353,37177405.0
2026-09-30,sh,603890,春秋电子,14.91,15.21,15.4,14.65,14.97,15854902,237008348.0
2026-09-30,sh,603893,瑞芯微,212.94,214.39,218.51,212.0,215.57,9309877,2002273167.0
2026-09-30,sh,603895,天永智能,26.56,26.83,26.86,25.65,25.77,1138900,29600809.0
2026-09-30,sh,603896,寿仙谷,14.69,14.7,14.83,14.7,14.82,1134260,16774199.0
2026-09-30,sh,603897,长城科技,29.01,29.45,29.85,28.71,29.58,6015624,176120456.0
2026-09-30,sh,603898,好莱客,11.54,11.73,11.89,11.49,11.86,3140103,36730098.0
2026-09-30,sh,603899,晨光股份,21.87,21.83,22.42,21.73,22.36,2372069,52715958.0
2026-09-30,sh,603900,莱绅通灵,6.29,6.33,6.38,6.2,6.27,6830003,42861375.0
2026-09-30,sh,603901,永创智能,9.32,9.38,9.39,9.28,9.28,4327200,40352273.0
2026-09-30,sh,603903,中持股份,13.83,14.01,14.45,13.59,13.7,7900304,109423968.0
2026-09-30,sh,603906,龙蟠科技,17.31,17.52,19.04,17.15,19.04,36993086,687707894.0
2026-09-30,sh,603908,牧高笛,19.77,19.9,19.91,19.27,19.45,971163,19011733.0
2026-09-30,sh,603909,建发合诚,10.17,10.13,10.26,9.93,10.13,5899015,59478524.0
2026-09-30,sh,603912,佳力图,9.01,9.1,9.12,8.76,8.79,13916360,124058917.0
2026-09-30,sh,603915,国茂股份,13.15,13.2,13.4,13.11,13.29,4744080,62977807.0
2026-09-30,sh,603916,苏博特,10.43,10.5,10.61,10.36,10.47,4177806,43815485.0
2026-09-30,sh,603917,合力科技,14.04,14.12,14.2,13.81,13.85,1826200,25462991.0
2026-09-30,sh,603918,金桥信息,10.59,10.59,10.62,10.32,10.41,5955500,61997540.0
2026-09-30,sh,603919,金徽酒,15.82,15.82,17.4,15.82,17.4,12754185,215843262.0
2026-09-30,sh,603920,世运电路,46.13,46.69,46.78,44.33,44.4,25016767,1127276063.0
2026-09-30,sh,603922,ST金鸿顺,12.15,11.99,12.07,11.68,12.02,639700,7610300.0
2026-09-30,sh,603926,铁流股份,16.84,16.93,17.23,16.67,16.75,1985300,33501055.0
2026-09-30,sh,603927,中科软,13.61,13.63,13.7,13.49,13.64,5063966,68902911.0
2026-09-30,sh,603928,兴业股份,11.88,11.88,13.07,11.87,13.07,10241734,131911733.0
2026-09-30,sh,603929,亚翔集成,142.76,143.07,144.0,138.6,139.46,1715100,240656100.0
2026-09-30,sh,603931,格林达,33.4,34.08,34.39,32.37,32.42,3147700,104473925.0
2026-09-30,sh,603933,睿能科技,18.82,18.83,19.18,18.3,18.31,1884300,34918159.0
2026-09-30,sh,603936,博敏电子,20.53,20.52,20.93,19.35,19.35,35124351,695316055.0
2026-09-30,sh,603937,丽岛新材,12.87,12.85,12.94,12.42,12.44,9903600,124507622.0
2026-09-30,sh,603938,三孚股份,43.56,44.49,44.7,42.53,42.68,10008672,434033974.0
2026-09-30,sh,603939,XD益丰药,22.71,23.4,23.65,22.88,23.31,15116510,350389477.0
2026-09-30,sh,603948,建业股份,19.42,19.45,21.36,19.45,21.36,2001301,42141574.0
2026-09-30,sh,603949,雪龙集团,20.45,20.46,20.5,18.41,18.41,28765616,550760191.0
2026-09-30,sh,603950,长源东谷,52.2,53.0,53.23,51.6,51.72,2495480,130292917.0
2026-09-30,sh,603955,大千生态,25.03,24.99,25.2,24.62,24.97,1939200,48368530.0
2026-09-30,sh,603956,威派格,6.85,6.98,7.1,6.78,6.88,15644065,107858288.0
2026-09-30,sh,603958,哈森股份,18.59,18.5,18.75,17.96,18.0,7052213,129100386.0
2026-09-30,sh,603959,ST百利,4.2,4.2,4.23,4.05,4.09,6538400,26934167.0
2026-09-30,sh,603960,克来机电,17.24,17.37,17.5,16.72,16.81,7340993,124693622.0
2026-09-30,sh,603966,法兰泰克,7.3,7.33,7.36,7.27,7.31,2657322,19446047.0
2026-09-30,sh,603967,中创物流,11.92,11.92,12.14,11.83,12.02,3611700,43316820.0
2026-09-30,sh,603968,醋化股份,11.15,11.16,11.88,11.15,11.5,16600550,190926100.0
2026-09-30,sh,603969,银龙股份,7.19,7.32,7.32,7.15,7.2,5163702,37313532.0
2026-09-30,sh,603970,中农立华,11.74,12.22,12.37,11.82,11.84,12918071,155336877.0
2026-09-30,sh,603976,正川股份,29.9,30.12,30.48,29.55,29.59,2552704,76233856.0
2026-09-30,sh,603977,国泰集团,10.67,10.71,10.76,10.51,10.57,4967140,52640754.0
2026-09-30,sh,603978,深圳新星,27.3,27.3,27.34,25.26,25.32,20075035,521800072.0
2026-09-30,sh,603979,金诚信,72.35,72.26,73.39,71.8,72.28,2826919,205480369.0
2026-09-30,sh,603980,吉华集团,8.84,8.79,9.18,8.71,9.06,66126733,592323725.0
2026-09-30,sh,603982,泉峰汽车,6.48,6.48,7.13,6.4,6.77,34228627,237141341.0
2026-09-30,sh,603983,丸美生物,30.4,30.43,31.6,30.43,30.86,3264223,101315582.0
2026-09-30,sh,603985,恒润股份,16.79,17.09,17.18,16.59,16.98,9242634,156105791.0
2026-09-30,sh,603986,兆易创新,367.57,369.75,370.0,351.28,353.9,24237712,8647211674.0
2026-09-30,sh,603987,康德莱,7.47,7.5,7.62,7.47,7.59,3553430,26896024.0
2026-09-30,sh,603988,中电电机,17.02,17.1,17.38,16.94,17.0,2202601,37718301.0
2026-09-30,sh,603989,艾华集团,28.0,28.2,28.29,26.96,27.01,14622825,400319634.0
2026-09-30,sh,603990,麦迪科技,18.94,18.96,19.36,18.7,19.34,13434820,256722463.0
2026-09-30,sh,603991,领先股份,169.2,170.0,170.88,165.53,165.82,2612676,437969713.0
2026-09-30,sh,603992,松霖科技,19.27,19.31,19.58,19.3,19.39,1680805,32704196.0
2026-09-30,sh,603993,洛阳钼业,16.75,16.8,16.89,16.67,16.88,78078208,1310999511.0
2026-09-30,sh,603995,甬金股份,25.27,25.27,25.85,25.17,25.62,2906922,74432210.0
2026-09-30,sh,603997,继峰股份,13.65,13.69,13.85,13.45,13.65,14750807,202101009.0
2026-09-30,sh,603998,方盛制药,10.26,10.25,10.41,10.25,10.36,6771400,70224458.0
2026-09-30,sh,603999,XD读者传,6.64,6.69,7.25,6.65,6.78,27633505,190449852.0
2026-09-30,sh,605001,威奥股份,5.86,5.88,5.92,5.76,5.78,2916401,16943557.0
2026-09-30,sh,605003,众望布艺,24.47,24.6,24.91,24.01,24.21,850100,20780478.0
2026-09-30,sh,605005,合兴股份,15.93,16.0,16.14,15.96,16.07,673700,10820128.0
2026-09-30,sh,605006,山东玻纤,14.64,14.91,14.99,14.4,14.58,17883763,260391711.0
2026-09-30,sh,605007,五洲特纸,14.2,14.28,14.65,14.28,14.38,2559085,37025745.0
2026-09-30,sh,605008,长鸿高科,13.98,14.21,14.21,13.66,13.71,3478281,48141923.0
2026-09-30,sh,605009,豪悦护理,25.09,25.15,25.59,25.09,25.52,1611765,41061556.0
2026-09-30,sh,605011,杭州热电,17.46,17.47,19.21,17.46,19.21,12229152,231188954.0
2026-09-30,sh,605016,百龙创园,20.73,21.2,21.23,20.84,21.11,1619430,34128414.0
2026-09-30,sh,605018,长华集团,11.83,11.8,12.04,11.5,11.66,8764201,102879019.0
2026-09-30,sh,605020,永和股份,30.4,30.5,30.8,30.14,30.3,5076597,154227732.0
2026-09-30,sh,605028,世茂能源,23.89,24.12,24.57,23.65,23.75,1275360,30687121.0
2026-09-30,sh,605033,美邦股份,19.49,19.55,19.81,19.5,19.6,1943400,38257879.0
2026-09-30,sh,605050,福然德,9.99,10.04,10.08,9.97,10.05,1089700,10931570.0
2026-09-30,sh,605055,迎丰股份,8.76,8.77,8.87,8.68,8.69,2573300,22499188.0
2026-09-30,sh,605056,咸亨国际,13.73,13.95,13.95,13.32,13.48,4394400,59561828.0
2026-09-30,sh,605058,澳弘电子,59.6,59.6,60.0,53.64,53.64,13276552,731314166.0
2026-09-30,sh,605060,联德股份,37.85,37.93,38.48,36.84,37.03,1910462,71501504.0
2026-09-30,sh,605066,天正电气,6.7,6.75,6.78,6.65,6.71,3213005,21536298.0
2026-09-30,sh,605068,明新旭腾,20.12,20.49,20.6,20.08,20.32,3019000,61249725.0
2026-09-30,sh,605069,正和生态,12.46,12.38,12.45,11.71,11.86,16065020,191890665.0
2026-09-30,sh,605077,华康股份,11.31,11.39,11.55,11.32,11.53,6893351,79013096.0
2026-09-30,sh,605080,浙江自然,23.0,23.18,23.18,22.62,22.72,1018318,23235498.0
2026-09-30,sh,605086,龙高股份,23.31,23.29,24.41,23.21,23.21,1495740,35436515.0
2026-09-30,sh,605088,冠盛股份,23.75,23.99,24.19,23.07,23.33,9031139,212397926.0
2026-09-30,sh,605089,味知香,21.94,22.11,22.11,21.73,21.84,1516175,33110939.0
2026-09-30,sh,605090,九丰能源,30.33,30.48,31.6,30.35,31.25,8547432,266680382.0
2026-09-30,sh,605098,行动教育,52.47,52.47,53.24,52.47,52.83,402122,21249334.0
2026-09-30,sh,605099,共创草坪,27.77,27.79,28.15,27.68,27.97,732800,20433769.0
2026-09-30,sh,605100,华丰股份,34.55,35.33,36.2,34.8,35.83,8110278,289233022.0
2026-09-30,sh,605108,同庆楼,12.21,12.27,12.28,12.04,12.11,2032804,24657406.0
2026-09-30,sh,605111,新洁能,56.12,56.41,56.6,53.96,54.0,8101518,443150699.0
2026-09-30,sh,605116,奥锐特,19.28,19.2,20.22,19.2,20.07,3743815,74751262.0
2026-09-30,sh,605117,德业股份,77.85,77.92,78.5,77.17,78.16,6186256,481868333.0
2026-09-30,sh,605118,力鼎光电,31.62,31.62,32.99,31.36,32.17,4085062,131582538.0
2026-09-30,sh,605122,四方新材,12.24,12.35,12.55,12.1,12.28,2302170,28309455.0
2026-09-30,sh,605123,派克新材,77.46,77.54,78.15,76.2,76.4,694847,53445573.0
2026-09-30,sh,605128,上海沿浦,23.62,23.62,23.89,23.35,23.75,2216377,52289723.0
2026-09-30,sh,605133,嵘泰股份,24.35,24.48,24.95,23.94,24.01,4200540,102622644.0
2026-09-30,sh,605136,丽人丽妆,8.98,8.98,8.99,8.6,8.66,21903700,190960396.0
2026-09-30,sh,605138,盛泰集团,6.18,6.19,6.23,6.11,6.19,2419303,14942462.0
2026-09-30,sh,605151,西上海,18.78,18.94,18.94,18.46,18.61,991000,18466946.0
2026-09-30,sh,605155,西大门,14.42,14.5,14.56,14.12,14.25,2056108,29356085.0
2026-09-30,sh,605158,华达新材,7.75,7.68,7.83,7.57,7.61,3855130,29485255.0
2026-09-30,sh,605162,新中港,11.77,11.77,11.97,10.59,10.59,32550374,363951233.0
2026-09-30,sh,605166,聚合顺,8.45,8.49,8.58,8.4,8.42,3134703,26568357.0
2026-09-30,sh,605167,利柏特,15.38,15.47,15.79,15.32,15.68,4562346,71333333.0
2026-09-30,sh,605168,三人行,49.87,50.01,51.0,48.94,50.03,3721925,185926372.0
2026-09-30,sh,605169,洪通燃气,13.1,13.11,13.33,13.0,13.21,2471012,32597463.0
2026-09-30,sh,605177,东亚药业,24.82,25.21,25.21,24.18,24.26,5603100,137652382.0
2026-09-30,sh,605178,时空科技,63.54,63.7,64.3,62.53,63.4,2195900,139297872.0
2026-09-30,sh,605179,一鸣食品,23.47,23.62,24.27,22.91,23.56,14285210,336517544.0
2026-09-30,sh,605180,华生科技,14.18,14.24,14.24,13.8,13.9,3922300,54991837.0
2026-09-30,sh,605183,XD确成股,16.4,16.45,16.61,16.15,16.4,2411960,39508143.0
2026-09-30,sh,605186,健麾信息,25.07,25.44,25.58,24.6,24.66,1060900,26343232.0
2026-09-30,sh,605188,国光连锁,12.41,12.4,12.51,12.32,12.4,5558300,68966360.0
2026-09-30,sh,605189,富春染织,13.72,13.73,13.81,13.64,13.73,3765407,51673596.0
2026-09-30,sh,605196,华通线缆,33.17,33.11,34.03,33.02,33.2,6764036,225511517.0
2026-09-30,sh,605198,安德利,65.68,67.83,68.0,64.47,64.75,4749200,311710736.0
2026-09-30,sh,605199,ST葫芦娃,5.72,5.72,5.76,5.67,5.71,809800,4610902.0
2026-09-30,sh,605208,永茂泰,14.61,14.59,14.7,14.38,14.59,4610225,67054024.0
2026-09-30,sh,605218,伟时电子,14.13,14.14,14.34,13.83,13.9,4346310,60961065.0
2026-09-30,sh,605222,起帆电缆,21.79,21.93,22.5,21.86,22.11,3980600,88408960.0
2026-09-30,sh,605228,神通科技,11.21,11.2,11.34,11.13,11.24,3200000,35987524.0
2026-09-30,sh,605255,天普股份,56.2,57.04,61.3,56.23,58.87,1030872,60846094.0
2026-09-30,sh,605258,协和电子,44.01,43.17,43.6,39.61,39.61,8657780,351757940.0
2026-09-30,sh,605259,绿田机械,17.3,17.37,17.46,17.2,17.39,348260,6044444.0
2026-09-30,sh,605266,健之佳,15.96,16.03,16.14,15.9,16.04,1109020,17763101.0
2026-09-30,sh,605268,王力安防,10.22,10.25,10.33,9.97,10.12,5055500,51020268.0
2026-09-30,sh,605277,新亚电子,17.04,17.07,17.21,16.71,16.73,6240698,105449407.0
2026-09-30,sh,605286,同力天启,24.38,24.4,25.2,24.26,24.85,1945400,48123718.0
2026-09-30,sh,605287,德才股份,33.99,34.2,37.39,33.99,37.39,7664960,279963778.0
2026-09-30,sh,605288,凯迪股份,65.3,66.31,71.83,64.79,71.83,2952865,208051963.0
2026-09-30,sh,605289,罗曼股份,94.91,95.38,96.99,92.88,94.05,1640917,155442183.0
2026-09-30,sh,605296,神农集团,31.6,31.63,32.07,31.3,31.48,1707909,53998953.0
2026-09-30,sh,605298,必得科技,41.92,41.93,42.49,40.88,40.88,462110,19159894.0
2026-09-30,sh,605299,舒华体育,12.3,12.4,12.5,12.16,12.2,4811300,59119171.0
2026-09-30,sh,605300,佳禾食品,10.26,10.3,10.5,10.29,10.39,3073193,31950425.0
2026-09-30,sh,605303,园林股份,26.05,28.66,28.66,28.66,28.66,172400,4940984.0
2026-09-30,sh,605305,中际联合,30.24,30.13,30.85,30.13,30.33,1692918,51472660.0
2026-09-30,sh,605318,法狮龙,71.46,72.2,72.92,69.55,70.29,990599,70167004.0
2026-09-30,sh,605319,XD无锡振,22.1,22.2,22.5,22.0,22.22,2445200,54216821.0
2026-09-30,sh,605333,沪光股份,16.3,16.39,16.74,16.24,16.57,1623305,26846310.0
2026-09-30,sh,605336,*ST帅电,11.48,11.48,11.85,11.46,11.85,930603,10909150.0
2026-09-30,sh,605337,李子园,9.1,9.11,9.35,9.07,9.29,4646088,42907220.0
2026-09-30,sh,605338,巴比食品,17.59,17.59,18.04,17.55,17.97,1836508,32789551.0
2026-09-30,sh,605339,南侨食品,13.2,13.28,13.31,13.11,13.26,864993,11436201.0
2026-09-30,sh,605358,立昂微,46.13,46.48,46.77,44.81,45.36,27823761,1266757386.0
2026-09-30,sh,605365,立达信,14.51,14.72,14.72,14.5,14.53,3866700,56400298.0
2026-09-30,sh,605366,宏柏新材,9.75,9.75,10.48,9.61,10.41,90191818,911340817.0
2026-09-30,sh,605368,蓝天燃气,6.63,6.62,6.69,6.61,6.68,1551520,10336778.0
2026-09-30,sh,605369,拱东医疗,18.05,17.98,18.42,17.88,18.2,1352868,24715530.0
2026-09-30,sh,605376,博迁新材,118.55,119.58,119.64,114.15,114.32,10586946,1227073714.0
2026-09-30,sh,605377,华旺科技,7.92,7.96,8.15,7.94,8.08,4301183,34675260.0
2026-09-30,sh,605378,野马电池,16.58,15.92,16.16,15.52,15.7,13211230,208442420.0
2026-09-30,sh,605388,均瑶健康,6.72,7.39,7.39,7.39,7.39,11499880,84984113.0
2026-09-30,sh,605389,长龄液压,61.44,61.44,62.6,60.69,60.88,757880,46683177.0
2026-09-30,sh,605398,新炬网络,23.16,23.24,24.83,22.9,23.76,11759626,279595357.0
2026-09-30,sh,605399,晨光新材,11.73,11.75,12.03,11.62,11.63,4486837,52885750.0
2026-09-30,sh,605488,福莱新材,29.98,30.0,31.3,29.39,29.42,7482943,226027160.0
2026-09-30,sh,605499,东鹏饮料,110.19,110.18,112.52,109.22,112.25,2938756,326788260.0
2026-09-30,sh,605500,森林包装,7.42,7.45,7.49,7.38,7.39,2083400,15473534.0
2026-09-30,sh,605507,国邦医药,17.87,17.9,18.31,17.87,18.09,5611820,101940473.0
2026-09-30,sh,605555,德昌股份,12.76,12.76,12.97,12.62,12.66,5353540,68323361.0
2026-09-30,sh,605566,福莱蒽特,32.02,32.14,32.8,31.81,32.07,3463201,111981014.0
2026-09-30,sh,605567,春雪食品,9.64,9.64,9.76,9.56,9.67,3177102,30766869.0
2026-09-30,sh,605577,龙版传媒,14.8,15.36,16.28,15.36,16.28,10276100,165526362.0
2026-09-30,sh,605580,恒盛能源,21.03,21.28,21.6,20.81,20.85,6177180,130536662.0
2026-09-30,sh,605588,冠石科技,45.6,45.99,46.31,44.13,44.24,713900,32074280.0
2026-09-30,sh,605589,圣泉集团,36.08,36.45,36.79,35.52,35.67,15721003,566752955.0
2026-09-30,sh,605598,上海港湾,23.7,24.22,24.33,23.57,23.67,1635347,39068541.0
2026-09-30,sh,605599,菜百股份,13.24,13.28,13.54,13.25,13.54,4066604,54554469.0
2026-09-30,sh,688001,华兴源创,62.45,63.19,63.65,60.6,60.69,7597613,471242469.0
2026-09-30,sh,688002,睿创微纳,176.56,177.89,177.89,172.5,173.42,5813371,1014871307.0
2026-09-30,sh,688003,天准科技,74.46,75.6,75.61,71.7,71.9,2626097,191556093.0
2026-09-30,sh,688004,博汇科技,31.04,31.61,31.67,29.2,29.95,8397485,252588483.0
2026-09-30,sh,688005,容百科技,23.07,23.07,24.08,23.01,23.48,12235624,289141985.0
2026-09-30,sh,688006,杭可科技,20.29,20.5,20.73,20.05,20.35,7032076,143777142.0
2026-09-30,sh,688007,光峰科技,10.66,10.75,10.79,10.5,10.54,4584008,48532018.0
2026-09-30,sh,688008,澜起科技,212.6,212.99,214.5,201.3,202.31,26524480,5433706001.0
2026-09-30,sh,688009,中国通号,4.64,4.64,4.69,4.63,4.69,17304060,80684914.0
2026-09-30,sh,688010,福光股份,27.77,28.26,28.48,27.09,27.16,3241831,89425806.0
2026-09-30,sh,688011,新光光电,61.07,61.98,62.56,57.74,59.24,1956853,116569831.0
2026-09-30,sh,688012,中微公司,324.78,326.98,333.56,317.93,318.55,11917414,3861028481.0
2026-09-30,sh,688013,天臣医疗,24.8,24.98,25.3,24.8,24.81,887946,22220509.0
2026-09-30,sh,688015,交控科技,16.8,16.89,17.28,16.7,17.04,2544167,43332453.0
2026-09-30,sh,688016,心脉医疗,83.84,83.85,85.75,83.6,85.48,1095496,93245067.0
2026-09-30,sh,688017,绿的谐波,275.6,277.0,283.38,272.5,273.75,3833135,1060695508.0
2026-09-30,sh,688018,乐鑫科技,115.79,116.28,118.49,114.2,115.08,4390011,509475227.0
2026-09-30,sh,688019,安集科技,214.22,218.06,218.22,207.13,211.0,4598221,974231815.0
2026-09-30,sh,688020,方邦股份,137.29,139.2,139.2,129.6,130.56,2399373,318256759.0
2026-09-30,sh,688021,奥福科技,20.27,20.36,20.36,19.79,19.81,1041301,20836768.0
2026-09-30,sh,688022,ST瀚川,9.1,9.09,9.25,9.04,9.21,2180762,19966427.0
2026-09-30,sh,688023,安恒信息,47.47,47.0,47.92,45.8,46.27,4397011,205014020.0
2026-09-30,sh,688025,杰普特,414.0,422.33,434.69,413.48,419.45,2512920,1070005065.0
2026-09-30,sh,688026,洁特生物,24.54,24.85,28.28,24.77,27.61,14209184,380586583.0
2026-09-30,sh,688027,国盾量子,339.01,342.7,343.0,328.01,328.49,1490349,496368302.0
2026-09-30,sh,688028,沃尔德,116.25,116.94,117.49,109.09,109.64,9939750,1114466482.0
2026-09-30,sh,688029,南微医学,84.05,83.7,89.35,83.4,86.76,2971222,259478481.0
2026-09-30,sh,688030,山石网科,19.38,19.86,20.31,19.4,19.59,5792849,114466121.0
2026-09-30,sh,688031,星环科技,90.39,91.74,92.0,87.8,88.0,3915637,349727038.0
2026-09-30,sh,688032,禾迈股份,67.24,67.6,68.05,66.79,67.57,459222,30996289.0
2026-09-30,sh,688033,*ST天宜,7.29,7.29,7.37,7.13,7.21,2219569,16032628.0
2026-09-30,sh,688035,德邦科技,74.67,76.0,76.5,71.12,71.6,4923809,358616931.0
2026-09-30,sh,688036,传音控股,53.49,53.15,54.65,52.9,53.8,6038757,325386869.0
2026-09-30,sh,688037,芯源微,340.63,342.38,347.0,324.68,327.27,2484270,828032610.0
2026-09-30,sh,688038,中科通达,19.1,19.18,19.31,18.86,18.93,930506,17680855.0
2026-09-30,sh,688039,当虹科技,34.78,35.43,36.13,34.42,34.86,4643766,163241156.0
2026-09-30,sh,688041,海光信息,235.88,236.2,238.0,226.1,226.8,17726916,4056998123.0
2026-09-30,sh,688045,必易微,57.4,57.21,57.98,54.88,55.2,1423903,79730664.0
2026-09-30,sh,688046,药康生物,34.98,34.86,38.78,34.83,37.94,16589266,614610126.0
2026-09-30,sh,688047,龙芯中科,100.2,100.53,100.88,97.97,98.1,2717123,268233522.0
2026-09-30,sh,688048,长光华芯,296.9,299.86,302.4,288.68,289.7,6166749,1813136640.0
2026-09-30,sh,688049,炬芯科技,47.0,47.08,47.26,45.66,45.78,5241771,242619879.0
2026-09-30,sh,688050,爱博医疗,38.0,38.05,39.05,37.98,38.8,1953110,75567514.0
2026-09-30,sh,688051,佳华科技,25.54,25.8,25.93,25.03,25.03,1226399,31106873.0
2026-09-30,sh,688052,纳芯微,240.36,241.59,244.48,235.35,236.32,1280620,305851209.0
2026-09-30,sh,688053,ST思科瑞,39.39,39.39,39.88,39.22,39.39,432055,17074043.0
2026-09-30,sh,688055,龙腾光电,3.65,3.67,3.7,3.6,3.62,6637106,24158578.0
2026-09-30,sh,688056,莱伯泰科,48.31,49.19,51.84,47.51,49.9,4054714,201399870.0
2026-09-30,sh,688057,金达莱,18.8,18.8,19.18,18.51,18.51,1992756,37442652.0
2026-09-30,sh,688058,宝兰德,26.22,26.48,26.58,25.51,25.6,1035051,26685856.0
2026-09-30,sh,688059,华锐精密,84.7,85.2,86.37,81.8,82.02,2184002,182193805.0
2026-09-30,sh,688060,云涌科技,37.1,37.11,37.59,36.02,36.15,387423,14125903.0
2026-09-30,sh,688061,灿瑞科技,44.07,44.64,44.74,42.25,42.37,1706438,73789756.0
2026-09-30,sh,688062,迈威生物,26.01,26.28,27.92,25.9,27.04,8947703,242762566.0
2026-09-30,sh,688063,派能科技,40.16,40.5,41.3,40.1,40.9,4227328,172851590.0
2026-09-30,sh,688065,凯赛生物,38.2,38.2,39.2,38.15,38.64,3287904,127728382.0
2026-09-30,sh,688066,*ST航图,8.5,8.6,9.0,8.41,8.8,9574257,83707527.0
2026-09-30,sh,688067,爱威科技,24.53,24.64,24.86,24.43,24.52,914942,22565661.0
2026-09-30,sh,688068,热景生物,90.0,90.0,98.0,90.0,94.47,3484160,331925381.0
2026-09-30,sh,688069,德林海,35.55,35.98,35.98,34.56,34.72,1080520,37851434.0
2026-09-30,sh,688070,纵横股份,35.3,35.29,36.45,35.29,35.37,1594214,57024793.0
2026-09-30,sh,688071,华依科技,36.4,36.51,36.95,35.03,35.19,1930681,68947765.0
2026-09-30,sh,688072,拓荆科技,656.68,663.0,675.0,635.73,640.0,3387770,2200617467.0
2026-09-30,sh,688073,毕得医药,74.28,73.68,79.6,73.41,76.6,5238383,402914051.0
2026-09-30,sh,688075,安旭生物,30.1,30.11,31.78,29.97,30.96,1295212,40325820.0
2026-09-30,sh,688076,ST诺泰,29.35,29.58,29.93,29.35,29.76,2643668,78641722.0
2026-09-30,sh,688077,大地熊,26.9,27.44,28.0,26.92,27.08,2554224,69999724.0
2026-09-30,sh,688078,龙软科技,30.6,31.2,31.2,29.95,30.2,1362477,41414226.0
2026-09-30,sh,688079,美迪凯,16.82,16.96,17.45,16.1,16.24,21160908,353564195.0
2026-09-30,sh,688080,映翰通,37.24,37.42,37.6,36.41,36.65,698605,25677028.0
2026-09-30,sh,688081,兴图新科,25.4,26.0,26.12,25.02,25.02,1196687,30491858.0
2026-09-30,sh,688082,盛美上海,303.44,300.2,303.0,283.0,294.28,6466969,1897718280.0
2026-09-30,sh,688083,中望软件,50.5,51.0,51.5,49.75,50.11,1088618,54773775.0
2026-09-30,sh,688084,晶品特装,42.1,42.4,42.44,40.91,41.05,954840,39524542.0
2026-09-30,sh,688085,三友医疗,13.32,13.32,13.56,13.21,13.26,2247325,30099185.0
2026-09-30,sh,688087,英科再生,31.95,32.31,32.64,31.77,32.15,1153324,37049701.0
2026-09-30,sh,688088,虹软科技,29.12,29.2,29.28,28.71,28.72,2463098,71308849.0
2026-09-30,sh,688089,ST嘉必优,8.47,8.47,8.54,8.42,8.42,1012215,8563350.0
2026-09-30,sh,688090,瑞松科技,78.3,78.57,79.65,76.1,77.28,4058342,314677747.0
2026-09-30,sh,688091,上海谊众,38.83,38.8,40.37,38.7,39.4,2223059,88142862.0
2026-09-30,sh,688092,爱科科技,22.45,22.61,22.61,22.08,22.5,567101,12669960.0
2026-09-30,sh,688093,世华科技,22.24,22.25,22.46,21.93,22.05,942774,20836633.0
2026-09-30,sh,688095,福昕软件,56.39,57.07,57.8,55.46,55.6,1399749,78633039.0
2026-09-30,sh,688096,京源环保,7.34,7.4,8.07,7.25,7.84,15856899,122482660.0
2026-09-30,sh,688097,博众精工,41.96,42.44,42.67,41.09,41.2,3039600,127012685.0
2026-09-30,sh,688098,申联生物,8.43,8.47,8.66,8.39,8.46,2383058,20360366.0
2026-09-30,sh,688099,晶晨股份,90.32,90.19,98.0,90.16,96.8,17807379,1705567730.0
2026-09-30,sh,688100,威胜信息,24.38,24.48,24.75,24.15,24.61,1662107,40710164.0
2026-09-30,sh,688101,三达膜,14.29,14.4,14.4,14.1,14.21,1767117,25122710.0
2026-09-30,sh,688102,斯瑞新材,29.14,29.3,29.47,28.67,28.73,6124881,177709738.0
2026-09-30,sh,688103,国力电子,79.67,80.0,80.35,75.73,75.98,1566467,121153109.0
2026-09-30,sh,688105,诺唯赞,25.49,25.43,29.16,25.08,27.24,24566593,677807691.0
2026-09-30,sh,688106,金宏气体,25.25,25.5,25.52,24.59,24.65,9610053,239159845.0
2026-09-30,sh,688107,安路科技,29.03,29.25,29.48,27.96,28.01,4893290,138838312.0
2026-09-30,sh,688108,赛诺医疗,14.65,14.76,15.07,14.74,14.87,5955327,88906118.0
2026-09-30,sh,688109,品茗科技,71.27,71.01,71.83,67.23,68.56,651500,44727577.0
2026-09-30,sh,688110,东芯股份,117.73,119.0,119.5,113.8,113.81,9821590,1130814907.0
2026-09-30,sh,688111,金山办公,216.9,216.32,219.88,215.68,218.8,3922588,855685255.0
2026-09-30,sh,688112,鼎阳科技,104.25,104.91,105.17,97.99,98.0,9607593,971763477.0
2026-09-30,sh,688113,联测科技,37.4,37.54,37.73,36.8,36.95,685914,25424660.0
2026-09-30,sh,688114,华大智造,71.59,71.5,74.79,70.26,71.9,10897684,792730345.0
2026-09-30,sh,688115,思林杰,63.6,63.68,64.83,61.02,62.09,1867436,116412385.0
2026-09-30,sh,688116,天奈科技,33.73,33.84,34.66,33.62,33.75,7344624,250772770.0
2026-09-30,sh,688117,圣诺生物,17.8,18.12,18.9,17.82,18.56,11373974,210202585.0
2026-09-30,sh,688118,普元信息,20.27,20.39,20.44,19.88,19.99,1483001,29781133.0
2026-09-30,sh,688119,中钢洛耐,3.82,3.85,3.86,3.78,3.81,6534173,24874908.0
2026-09-30,sh,688120,华海清科,233.0,235.0,238.97,226.0,227.43,6576531,1513570498.0
2026-09-30,sh,688121,*ST卓然,1.09,1.09,1.1,1.01,1.02,11411478,11829507.0
2026-09-30,sh,688122,西部超导,52.12,52.11,52.2,51.68,51.94,6244785,324272537.0
2026-09-30,sh,688123,聚辰股份,166.23,167.97,167.97,159.01,159.68,7038653,1137645899.0
2026-09-30,sh,688125,安达智能,115.01,114.14,118.64,111.59,114.1,909080,103639912.0
2026-09-30,sh,688126,沪硅产业,23.66,23.83,23.95,23.2,23.38,33356055,782427808.0
2026-09-30,sh,688127,蓝特光学,62.24,62.9,63.9,61.0,61.05,4533628,282258960.0
2026-09-30,sh,688128,中国电研,21.81,21.89,22.2,21.85,22.13,1267175,27979653.0
2026-09-30,sh,688129,东来技术,22.59,22.89,23.63,22.5,22.61,731529,16783024.0
2026-09-30,sh,688130,晶华微,26.48,26.0,27.43,25.6,25.7,1870311,48917569.0
2026-09-30,sh,688131,皓元医药,97.6,97.88,101.98,96.32,99.47,5608949,560559159.0
2026-09-30,sh,688132,邦彦技术,16.5,16.7,16.7,16.0,16.18,1709043,27609674.0
2026-09-30,sh,688133,泰坦科技,21.76,21.79,23.01,21.76,22.38,5793339,130325103.0
2026-09-30,sh,688135,利扬芯片,37.53,37.85,38.33,36.48,36.5,8629025,320412049.0
2026-09-30,sh,688136,科兴制药,23.57,24.04,25.09,23.33,24.27,12270157,299670320.0
2026-09-30,sh,688137,近岸蛋白,141.35,135.7,168.03,132.5,160.39,10428439,1584774846.0
2026-09-30,sh,688138,清溢光电,37.52,38.77,38.8,35.8,35.96,6593301,243160301.0
2026-09-30,sh,688139,海尔生物,35.19,35.19,36.24,35.15,35.85,4546822,163494968.0
2026-09-30,sh,688141,杰华特,102.98,104.49,104.49,94.22,95.0,19304008,1885589164.0
2026-09-30,sh,688143,长盈通,180.23,188.0,188.0,171.03,174.67,11368461,2023790708.0
2026-09-30,sh,688146,中船特气,193.25,195.98,196.0,190.17,190.66,7819780,1504418848.0
2026-09-30,sh,688147,微导纳米,107.0,108.3,108.99,101.04,101.41,6739358,697043312.0
2026-09-30,sh,688148,芳源股份,5.89,5.9,6.02,5.84,5.92,10476519,62226776.0
2026-09-30,sh,688150,莱特光电,39.46,39.5,40.5,39.01,39.09,4242737,167857459.0
2026-09-30,sh,688151,华强科技,16.64,16.73,16.87,16.57,16.65,2039041,34108278.0
2026-09-30,sh,688152,麒麟信安,41.44,40.02,41.37,38.81,40.69,8620720,344543537.0
2026-09-30,sh,688153,唯捷创芯,25.89,25.89,26.2,25.24,25.37,2334140,59609312.0
2026-09-30,sh,688155,先惠技术,54.35,54.25,55.39,53.26,54.87,3556112,194235659.0
2026-09-30,sh,688156,路德科技,23.05,23.17,23.37,22.49,22.62,2377684,54252517.0
2026-09-30,sh,688157,松井股份,18.87,18.89,19.06,18.42,18.51,2288142,42965838.0
2026-09-30,sh,688158,优刻得,28.55,28.99,29.16,27.99,28.0,9397525,267226504.0
2026-09-30,sh,688159,有方科技,36.55,36.55,36.68,34.9,34.97,3447456,122697911.0
2026-09-30,sh,688160,步科股份,95.0,95.03,98.2,94.53,94.7,817585,78577801.0
2026-09-30,sh,688161,威高骨科,21.76,21.88,22.16,21.76,21.79,1150972,25264990.0
2026-09-30,sh,688162,巨一科技,25.8,25.71,26.48,25.68,25.86,1550285,40439282.0
2026-09-30,sh,688163,赛伦生物,38.0,37.89,40.43,37.5,40.0,2782625,109086822.0
2026-09-30,sh,688165,埃夫特,15.0,15.05,15.59,14.86,14.91,6770885,102829106.0
2026-09-30,sh,688166,博瑞医药,34.36,34.37,36.55,34.23,35.81,12909438,459877329.0
2026-09-30,sh,688167,炬光科技,284.26,288.8,288.94,279.1,282.88,3803672,1079841052.0
2026-09-30,sh,688168,安博通,43.99,44.24,44.42,41.62,41.88,4630222,196820259.0
2026-09-30,sh,688169,石头科技,114.76,114.8,119.4,113.82,118.76,4912784,577739046.0
2026-09-30,sh,688170,德龙激光,64.55,64.89,67.6,63.8,64.16,3381468,221284308.0
2026-09-30,sh,688171,纬德信息,23.91,23.95,25.0,23.51,23.99,3263367,79042570.0
2026-09-30,sh,688172,燕东微,44.05,44.46,44.55,42.23,42.43,5790726,248995999.0
2026-09-30,sh,688173,希荻微,13.27,13.35,13.43,12.66,12.73,7221434,93079939.0
2026-09-30,sh,688175,高凌信息,28.07,27.8,29.49,26.71,28.99,11487581,323593328.0
2026-09-30,sh,688176,亚虹医药,13.75,13.76,15.16,13.76,14.6,22926418,336593565.0
2026-09-30,sh,688177,百奥泰,20.21,20.01,21.34,20.01,21.03,4997608,104723464.0
2026-09-30,sh,688178,万德斯,29.55,29.68,30.07,28.8,28.85,593936,17386541.0
2026-09-30,sh,688179,阿拉丁,22.57,22.5,23.84,22.28,22.56,22861422,527609446.0
2026-09-30,sh,688180,君实生物,34.94,34.95,36.59,34.7,35.66,18107133,650932138.0
2026-09-30,sh,688181,八亿时空,43.6,44.31,46.0,42.21,42.3,6867102,301528619.0
2026-09-30,sh,688182,灿勤科技,26.91,26.98,27.38,26.05,26.07,3689351,97992615.0
2026-09-30,sh,688183,生益电子,110.5,112.53,112.7,107.5,108.0,7890433,859315266.0
2026-09-30,sh,688184,ST帕瓦,10.79,10.78,10.85,10.6,10.67,332340,3550527.0
2026-09-30,sh,688185,康希诺,85.53,86.44,102.64,85.67,102.64,10661744,1065144349.0
2026-09-30,sh,688186,广大特材,14.17,14.24,14.35,14.03,14.11,2826635,40033508.0
2026-09-30,sh,688187,时代电气,44.27,44.53,44.75,44.14,44.6,1632480,72790144.0
2026-09-30,sh,688188,柏楚电子,95.0,95.02,98.67,95.02,97.97,2590966,252890628.0
2026-09-30,sh,688189,ST南新,6.41,6.4,6.47,6.37,6.44,1729596,11108728.0
2026-09-30,sh,688190,云路股份,67.14,67.18,67.7,65.39,65.78,552109,36652794.0
2026-09-30,sh,688191,智洋创新,20.0,20.0,20.29,19.44,19.45,3649310,72196650.0
2026-09-30,sh,688192,迪哲医药,55.82,57.3,60.0,55.57,58.01,8285178,478891541.0
2026-09-30,sh,688193,仁度生物,49.96,50.37,55.06,49.96,52.19,993614,51949230.0
2026-09-30,sh,688195,腾景科技,181.24,187.5,189.89,180.62,180.9,5904963,1089901612.0
2026-09-30,sh,688196,卓越新能,30.63,30.85,31.39,30.05,30.1,2090921,63875487.0
2026-09-30,sh,688197,首药控股,37.66,37.99,39.08,37.25,37.7,2048173,78328512.0
2026-09-30,sh,688198,佰仁医疗,68.4,68.77,69.68,68.0,68.58,399578,27472784.0
2026-09-30,sh,688199,久日新材,25.33,25.78,26.3,24.9,25.1,4806357,123117860.0
2026-09-30,sh,688200,华峰测控,398.99,399.01,401.66,370.0,374.0,5236919,1989486065.0
2026-09-30,sh,688201,ST信安,7.7,7.69,7.75,7.59,7.69,1845606,14126723.0
2026-09-30,sh,688202,美迪西,103.96,104.92,111.17,102.38,107.64,8079061,868135862.0
2026-09-30,sh,688203,海正生材,20.4,20.35,20.41,18.77,18.95,21480858,415467961.0
2026-09-30,sh,688205,德科立,207.19,214.88,217.98,208.0,209.0,8502037,1798502329.0
2026-09-30,sh,688206,概伦电子,35.18,35.55,35.59,34.01,34.34,3191787,110413714.0
2026-09-30,sh,688207,格灵深瞳,19.66,19.77,19.97,19.3,19.47,6709740,130985803.0
2026-09-30,sh,688208,XD道通科,24.89,25.0,25.3,24.84,24.85,2910284,72913971.0
2026-09-30,sh,688209,英集芯,32.44,32.65,33.2,31.6,31.79,9790896,315481646.0
2026-09-30,sh,688210,统联精密,27.45,27.88,27.88,26.72,27.19,1941380,52774308.0
2026-09-30,sh,688211,中科微至,32.42,32.5,32.55,31.8,31.85,720974,23151044.0
2026-09-30,sh,688212,澳华内镜,27.83,28.17,28.9,27.86,28.12,1779205,50466358.0
2026-09-30,sh,688213,思特威,94.01,94.4,98.61,94.4,97.88,8348275,815700292.0
2026-09-30,sh,688215,瑞晟智能,43.96,44.16,44.27,42.68,43.28,935549,40617908.0
2026-09-30,sh,688216,气派科技,40.75,40.99,41.0,37.77,37.88,6985564,271918020.0
2026-09-30,sh,688217,睿昂基因,25.68,25.41,25.86,25.16,25.65,984788,25100776.0
2026-09-30,sh,688218,江苏北人,38.05,38.71,41.31,38.05,41.0,5169579,206929758.0
2026-09-30,sh,688219,会通股份,10.17,10.21,10.34,10.18,10.19,2762979,28312156.0
2026-09-30,sh,688220,翱捷科技,93.54,94.07,94.09,89.89,90.22,5857507,534251643.0
2026-09-30,sh,688221,前沿生物,16.42,16.42,17.3,16.36,16.87,14619284,247070499.0
2026-09-30,sh,688222,成都先导,43.68,43.5,46.22,42.81,44.69,27817271,1256228417.0
2026-09-30,sh,688223,晶科能源,3.74,3.76,3.87,3.75,3.83,78341287,298691095.0
2026-09-30,sh,688225,亚信安全,16.28,15.99,16.02,15.01,15.7,14789642,229523030.0
2026-09-30,sh,688226,威腾电气,29.77,30.36,32.2,30.0,30.49,8630667,268810454.0
2026-09-30,sh,688227,品高股份,73.03,73.4,74.03,70.05,70.31,2239708,159710317.0
2026-09-30,sh,688228,开普云,91.2,91.5,93.8,89.28,89.6,2632311,241382401.0
2026-09-30,sh,688229,博睿数据,60.36,61.15,61.32,58.13,58.45,495483,29165874.0
2026-09-30,sh,688230,芯导科技,59.1,59.4,60.29,57.82,58.0,726356,42627350.0
2026-09-30,sh,688231,隆达股份,32.3,32.31,32.9,31.24,31.31,2487838,79237599.0
2026-09-30,sh,688232,新点软件,17.66,17.74,17.8,17.49,17.66,1690391,29856551.0
2026-09-30,sh,688233,神工股份,92.95,93.9,93.9,87.8,87.92,4739733,425026310.0
2026-09-30,sh,688234,天岳先进,109.0,109.52,109.79,104.3,104.39,6904703,731778046.0
2026-09-30,sh,688235,百济神州,259.46,258.03,267.37,257.57,264.41,3233294,854794848.0
2026-09-30,sh,688236,春立医疗,14.11,14.08,14.43,14.08,14.23,1307777,18720513.0
2026-09-30,sh,688237,超卓航科,58.4,58.8,59.1,57.95,58.93,956443,56070959.0
2026-09-30,sh,688238,和元生物,8.54,8.57,9.33,8.49,8.85,56095651,504073688.0
2026-09-30,sh,688239,航宇科技,53.0,53.5,53.8,51.6,51.85,3969658,208197025.0
2026-09-30,sh,688244,永信至诚,21.24,21.48,22.56,19.74,22.54,22226852,473563360.0
2026-09-30,sh,688246,嘉和美康,17.5,17.57,17.95,17.44,17.69,2417588,42694539.0
2026-09-30,sh,688247,宣泰医药,9.87,9.89,10.33,9.82,10.09,7552306,76257403.0
2026-09-30,sh,688248,南网科技,49.4,49.89,51.3,49.04,49.76,3697893,185560916.0
2026-09-30,sh,688249,晶合集成,34.08,34.66,34.7,32.66,32.81,14262130,474525589.0
2026-09-30,sh,688251,井松智能,18.84,18.98,19.1,18.39,18.45,1505324,28170628.0
2026-09-30,sh,688252,天德钰,20.87,20.84,21.08,20.24,20.4,3024419,62147986.0
2026-09-30,sh,688253,英诺特,54.35,55.38,55.38,54.01,54.32,738371,40266406.0
2026-09-30,sh,688255,凯尔达,26.47,26.59,26.62,25.9,25.98,1269277,33252850.0
2026-09-30,sh,688256,寒武纪,1046.0,1044.04,1052.0,998.8,1009.01,8588771,8691555481.0
2026-09-30,sh,688257,新锐股份,55.52,55.6,56.14,53.37,53.58,8862453,482220846.0
2026-09-30,sh,688258,卓易信息,84.97,86.25,86.25,82.56,83.0,1748406,146156529.0
2026-09-30,sh,688259,创耀科技,32.71,32.86,33.26,31.93,31.99,1153641,37289810.0
2026-09-30,sh,688260,昀冢科技,100.8,102.59,102.59,96.57,97.12,3561257,351750613.0
2026-09-30,sh,688261,东微半导,74.95,76.0,76.5,72.51,72.72,3160333,232848839.0
2026-09-30,sh,688262,国芯科技,28.16,28.52,28.56,27.02,27.05,7980941,219323923.0
2026-09-30,sh,688265,南模生物,54.21,54.99,65.05,54.0,64.98,6711332,412269918.0
2026-09-30,sh,688266,泽璟制药,106.66,106.1,113.68,105.12,110.0,5086056,562524600.0
2026-09-30,sh,688267,中触媒,21.81,21.97,22.04,21.47,21.7,1346101,29228138.0
2026-09-30,sh,688268,华特气体,123.35,125.49,125.49,120.32,120.85,2129300,259680456.0
2026-09-30,sh,688269,凯立新材,26.54,27.0,27.0,26.1,26.48,919198,24286920.0
2026-09-30,sh,688270,ST臻镭,54.15,54.3,54.7,53.13,53.2,2518055,135431667.0
2026-09-30,sh,688271,联影医疗,105.1,104.63,107.78,104.43,107.37,5361127,571186041.0
2026-09-30,sh,688272,富吉瑞,28.79,28.9,30.16,28.28,28.33,1041164,30046337.0
2026-09-30,sh,688273,麦澜德,29.42,29.44,30.0,29.33,29.5,760084,22549814.0
2026-09-30,sh,688275,万润新能,68.3,68.3,69.49,66.87,68.33,3408832,233210165.0
2026-09-30,sh,688276,百克生物,17.5,17.53,18.33,17.4,17.95,4555303,82250882.0
2026-09-30,sh,688277,天智航,15.48,15.52,15.94,15.32,15.64,5950124,93556335.0
2026-09-30,sh,688278,特宝生物,51.2,51.08,53.33,51.04,52.89,3074870,161713652.0
2026-09-30,sh,688279,峰岹科技,204.33,205.5,205.5,198.28,199.31,920058,184650352.0
2026-09-30,sh,688280,精进电动,5.0,5.02,5.05,4.91,4.93,7126960,35374943.0
2026-09-30,sh,688281,华秦科技,49.25,49.4,50.37,48.36,48.47,2546482,125352956.0
2026-09-30,sh,688282,理工导航,50.74,51.18,51.5,50.31,50.38,365399,18585442.0
2026-09-30,sh,688283,坤恒顺维,29.49,29.67,29.83,28.5,28.84,2436488,70627914.0
2026-09-30,sh,688285,高铁电气,7.67,7.68,7.74,7.58,7.6,1286851,9828363.0
2026-09-30,sh,688286,敏芯股份,52.94,53.8,54.0,50.32,51.37,5434348,279501393.0
2026-09-30,sh,688288,鸿泉技术,19.77,19.95,20.01,19.45,19.48,1066691,20968441.0
2026-09-30,sh,688289,圣湘生物,16.27,16.45,16.9,16.33,16.72,6385729,106839912.0
2026-09-30,sh,688290,景业智能,56.8,56.8,58.3,56.42,56.48,503199,28736889.0
2026-09-30,sh,688291,金橙子,40.56,40.74,41.0,39.28,39.36,1244151,49742053.0
2026-09-30,sh,688292,浩瀚深度,22.7,22.8,22.94,21.74,22.05,6352149,140399040.0
2026-09-30,sh,688293,奥浦迈,74.56,74.12,82.12,73.68,79.61,8067846,633336718.0
2026-09-30,sh,688295,中复神鹰,35.22,35.48,35.91,35.26,35.6,2722916,97247850.0
2026-09-30,sh,688296,和达科技,25.21,26.0,26.79,24.85,25.6,6823232,175776183.0
2026-09-30,sh,688297,中无人机,41.45,41.48,42.0,41.2,41.79,4300030,179214827.0
2026-09-30,sh,688298,东方生物,18.92,19.1,19.63,18.9,19.37,2085650,40491600.0
2026-09-30,sh,688299,长阳科技,13.29,13.36,13.45,13.12,13.15,3517314,46512119.0
2026-09-30,sh,688300,联瑞新材,148.68,149.95,151.57,143.1,144.3,6197446,908273486.0
2026-09-30,sh,688301,奕瑞科技,83.72,84.65,85.1,82.66,83.2,3347040,279677980.0
2026-09-30,sh,688302,海创药业,32.29,32.68,33.8,32.25,33.34,1630228,54336860.0
2026-09-30,sh,688303,大全能源,15.7,15.71,16.16,15.63,15.99,11220811,178077165.0
2026-09-30,sh,688305,科德数控,54.9,55.19,55.41,54.33,54.4,1011417,55316949.0
2026-09-30,sh,688306,均普智能,9.92,9.94,10.15,9.83,9.88,10690057,106586949.0
2026-09-30,sh,688307,中润光学,44.84,44.15,46.19,43.93,43.93,2348832,105490006.0
2026-09-30,sh,688308,欧科亿,80.4,81.11,82.77,77.05,77.11,4328540,341122943.0
2026-09-30,sh,688309,恒誉科技,73.71,73.58,74.65,72.68,74.0,956887,70697186.0
2026-09-30,sh,688310,迈得医疗,15.6,15.69,15.78,15.22,15.22,1153725,17794224.0
2026-09-30,sh,688311,盟升电子,24.17,24.4,24.4,23.76,23.83,2055315,49322437.0
2026-09-30,sh,688312,燕麦科技,49.93,50.18,50.94,46.96,47.07,8187710,397085458.0
2026-09-30,sh,688313,仕佳光子,153.7,155.95,156.42,152.46,154.48,12383543,1913895713.0
2026-09-30,sh,688314,康拓医疗,30.58,30.75,30.94,30.19,30.2,706570,21526779.0
2026-09-30,sh,688315,诺禾致源,18.9,18.69,21.17,18.57,19.77,30215584,600089627.0
2026-09-30,sh,688316,青云科技,45.8,46.4,46.7,44.31,44.4,1235517,55554732.0
2026-09-30,sh,688317,之江生物,18.1,18.22,21.28,18.02,19.5,10284911,202672503.0
2026-09-30,sh,688318,财富趋势,76.9,77.89,77.89,74.0,74.56,3918568,294972450.0
2026-09-30,sh,688319,欧林生物,31.0,31.17,32.64,31.01,31.18,6806028,216698427.0
2026-09-30,sh,688320,禾川科技,36.25,36.99,36.99,35.1,35.13,2938209,105137937.0
2026-09-30,sh,688321,微芯生物,24.92,24.85,25.85,24.85,25.22,8068655,205037937.0
2026-09-30,sh,688322,奥比中光,85.1,86.0,87.38,84.14,84.4,3879360,331287834.0
2026-09-30,sh,688323,瑞华泰,24.14,24.17,24.72,23.26,23.47,7211309,171959219.0
2026-09-30,sh,688325,赛微微电,109.0,108.98,111.66,107.5,107.5,680273,74132741.0
2026-09-30,sh,688326,经纬恒润,56.46,56.45,57.33,56.2,56.5,674214,38175229.0
2026-09-30,sh,688327,云从科技,9.71,9.72,9.78,9.63,9.7,9679121,93942852.0
2026-09-30,sh,688328,深科达,74.99,75.0,75.29,71.3,71.51,3306176,241071827.0
2026-09-30,sh,688329,艾隆科技,23.86,23.72,24.58,23.72,23.95,1669607,40321432.0
2026-09-30,sh,688330,宏力达,36.85,36.84,37.8,36.6,36.7,1110916,41144515.0
2026-09-30,sh,688331,荣昌生物,116.67,116.0,120.42,113.68,117.34,6898354,808978671.0
2026-09-30,sh,688332,中科蓝讯,87.83,87.88,88.78,85.2,85.6,4377624,377240585.0
2026-09-30,sh,688333,铂力特,101.0,101.39,101.5,97.49,97.9,6793325,672443155.0
2026-09-30,sh,688334,西高院,17.94,18.05,18.16,17.92,17.98,1152494,20812644.0
2026-09-30,sh,688335,复洁科技,17.38,17.39,17.67,17.21,17.46,2106295,36890164.0
2026-09-30,sh,688336,三生国健,40.68,40.83,42.19,39.91,41.43,10092393,417058237.0
2026-09-30,sh,688337,普源精电,49.74,49.74,50.33,47.41,47.8,9911544,481434297.0
2026-09-30,sh,688338,赛科希德,31.67,31.94,32.47,31.6,31.75,1699446,54429625.0
2026-09-30,sh,688339,亿华通,19.92,20.21,20.49,19.52,20.42,9753051,196030047.0
2026-09-30,sh,688343,云天励飞,62.53,62.93,63.0,59.92,60.0,6646806,404087693.0
2026-09-30,sh,688345,博力威,47.08,47.45,48.08,46.61,46.94,1269157,60147962.0
2026-09-30,sh,688347,华虹宏力,219.1,219.5,221.05,207.19,207.92,13627186,2875397374.0
2026-09-30,sh,688348,昱能科技,30.17,30.18,30.56,29.92,30.47,827750,25047229.0
2026-09-30,sh,688349,三一重能,13.13,13.15,13.34,13.1,13.24,6221484,82291391.0
2026-09-30,sh,688350,富淼科技,29.22,29.19,29.85,28.91,29.0,1407808,41392412.0
2026-09-30,sh,688351,微电生理,16.97,17.1,17.38,16.99,17.06,2298589,39486460.0
2026-09-30,sh,688352,颀中科技,18.23,18.3,18.33,17.17,17.18,15979495,282508439.0
2026-09-30,sh,688353,华盛锂电,78.95,80.0,82.28,78.75,80.57,2816767,227279906.0
2026-09-30,sh,688355,明志科技,16.98,16.98,17.1,16.66,16.7,705804,11888811.0
2026-09-30,sh,688356,键凯科技,95.79,96.0,110.65,94.0,106.41,8162817,860539935.0
2026-09-30,sh,688357,建龙微纳,26.88,27.02,27.18,26.07,26.31,678972,17960642.0
2026-09-30,sh,688358,祥生医疗,28.9,28.99,29.21,28.84,28.95,499233,14493034.0
2026-09-30,sh,688359,三孚新科,106.0,107.73,108.88,103.81,105.0,3456130,366861314.0
2026-09-30,sh,688360,德马科技,16.03,16.21,16.39,15.72,15.77,3764751,60316530.0
2026-09-30,sh,688361,中科飞测,354.72,356.63,367.12,345.74,349.09,5327145,1882340460.0
2026-09-30,sh,688362,甬矽电子,56.8,57.14,57.52,53.53,54.09,12651444,693973248.0
2026-09-30,sh,688363,华熙生物,34.1,34.14,35.13,34.13,34.81,3696839,128625158.0
2026-09-30,sh,688365,光云科技,15.85,15.95,16.26,15.43,15.46,11356025,178004308.0
2026-09-30,sh,688366,昊海生科,30.1,30.37,30.65,29.81,30.38,556015,16899200.0
2026-09-30,sh,688367,工大高科,29.65,29.77,29.81,29.0,29.17,737012,21632506.0
2026-09-30,sh,688368,晶丰明源,127.02,127.47,128.16,120.12,120.73,3475806,426984697.0
2026-09-30,sh,688369,致远互联,19.72,19.72,19.92,19.3,19.49,2568785,50116890.0
2026-09-30,sh,688370,丛麟科技,28.67,29.5,29.98,28.12,28.65,1551183,45179299.0
2026-09-30,sh,688371,菲沃泰,22.66,22.83,22.89,21.73,21.81,4558076,101459438.0
2026-09-30,sh,688372,伟测科技,103.45,105.0,105.0,99.74,99.85,4897864,496341770.0
2026-09-30,sh,688373,盟科药业,5.73,5.73,5.91,5.66,5.78,10717220,62300109.0
2026-09-30,sh,688375,国博电子,65.2,65.31,65.8,63.34,64.02,2692775,173271314.0
2026-09-30,sh,688376,美埃科技,57.2,57.26,58.3,55.62,55.97,952782,54004161.0
2026-09-30,sh,688377,迪威尔,16.81,16.92,17.19,16.64,16.74,1972724,33271847.0
2026-09-30,sh,688378,奥来德,46.07,46.6,48.5,44.91,45.1,8856383,412423088.0
2026-09-30,sh,688379,华光新材,55.82,56.02,56.45,51.9,52.4,3409265,183202348.0
2026-09-30,sh,688380,中微半导,40.64,40.58,41.0,39.22,39.33,5195960,206949649.0
2026-09-30,sh,688381,帝奥微,42.26,43.47,43.58,41.28,41.4,6535563,276101382.0
2026-09-30,sh,688382,益方生物,18.2,18.22,19.49,18.1,19.07,16437006,312449022.0
2026-09-30,sh,688383,新益昌,129.0,131.99,132.5,125.68,125.8,1510559,193889625.0
2026-09-30,sh,688385,复旦微电,57.52,57.69,57.9,56.02,56.18,8066472,456114340.0
2026-09-30,sh,688386,泛亚微透,47.26,47.3,47.88,45.3,45.31,2007638,92519169.0
2026-09-30,sh,688387,信科移动,11.49,11.58,11.68,11.33,11.46,19803559,227797811.0
2026-09-30,sh,688388,嘉元科技,28.1,28.3,28.45,27.01,27.05,22298984,613285715.0
2026-09-30,sh,688389,普门科技,11.26,11.3,11.47,11.25,11.38,2637463,29999929.0
2026-09-30,sh,688390,固德威,54.8,55.0,56.03,54.84,55.36,4607286,255178138.0
2026-09-30,sh,688391,钜泉科技,26.45,26.79,26.85,25.87,26.16,1039455,27241531.0
2026-09-30,sh,688392,骄成超声,161.6,162.52,163.28,153.12,156.44,2613648,411218917.0
2026-09-30,sh,688393,安必平,22.24,22.38,23.28,22.2,22.45,2752641,62519923.0
2026-09-30,sh,688395,正弦电气,26.33,26.55,27.09,26.2,26.2,1142311,30356271.0
2026-09-30,sh,688396,华润微,56.89,57.37,57.6,54.91,55.1,11503626,640200978.0
2026-09-30,sh,688398,赛特新材,22.81,22.81,23.48,22.1,22.13,1319335,29940381.0
2026-09-30,sh,688399,硕世生物,26.78,27.11,28.16,26.75,27.54,1623456,44972088.0
2026-09-30,sh,688400,凌云光,42.51,42.32,43.11,41.47,41.57,5615066,236709060.0
2026-09-30,sh,688401,路维光电,65.68,66.3,66.5,63.74,64.0,2958024,191172916.0
2026-09-30,sh,688403,汇成股份,22.25,22.28,22.45,20.92,21.1,40762212,872310955.0
2026-09-30,sh,688408,中信博,22.53,22.65,23.17,22.49,22.98,2470705,56434216.0
2026-09-30,sh,688409,富创精密,178.78,180.79,181.08,168.6,170.1,4517503,782415830.0
2026-09-30,sh,688410,XD山外山,9.11,9.21,9.49,9.18,9.38,8762117,82088083.0
2026-09-30,sh,688411,海博思创,154.9,155.5,160.48,154.65,158.86,2147307,338792742.0
2026-09-30,sh,688416,恒烁股份,75.63,76.01,77.0,72.51,72.63,3718741,276261168.0
2026-09-30,sh,688418,震有科技,29.86,30.1,30.28,28.75,28.85,2844252,83515774.0
2026-09-30,sh,688419,耐科装备,49.47,50.0,50.79,47.12,47.48,2047645,99575402.0
2026-09-30,sh,688420,美腾科技,22.78,23.08,23.15,22.62,22.9,682706,15590422.0
2026-09-30,sh,688425,铁建重工,3.93,3.93,3.97,3.92,3.95,11178581,44131455.0
2026-09-30,sh,688426,康为世纪,21.23,21.34,23.29,21.22,22.58,4178847,92979742.0
2026-09-30,sh,688428,诺诚健华,28.88,29.02,30.16,28.72,29.11,14151890,416199304.0
2026-09-30,sh,688429,时创能源,9.95,10.05,10.05,9.79,9.93,931410,9267645.0
2026-09-30,sh,688432,有研硅,49.16,49.9,49.98,47.02,47.09,41784023,1998824494.0
2026-09-30,sh,688433,华曙高科,80.98,81.35,81.92,78.58,78.78,3160111,251546123.0
2026-09-30,sh,688435,英方软件,30.46,30.79,30.85,29.7,29.74,1743581,52457218.0
2026-09-30,sh,688439,振华风光,37.04,37.28,37.32,36.66,36.7,1468859,54147540.0
2026-09-30,sh,688443,智翔金泰,24.14,24.29,25.62,24.14,25.3,5602509,141244595.0
2026-09-30,sh,688448,磁谷科技,65.19,65.31,67.5,64.33,67.29,2151735,142997492.0
2026-09-30,sh,688449,联芸科技,57.69,57.16,58.33,55.55,55.8,4574653,258208218.0
2026-09-30,sh,688450,光格科技,32.16,32.42,32.76,31.2,31.34,1185155,37660974.0
2026-09-30,sh,688455,科捷智能,17.58,17.7,17.9,17.27,17.37,1974928,34530619.0
2026-09-30,sh,688456,有研粉材,69.96,70.5,70.89,67.11,67.18,3779957,258621381.0
2026-09-30,sh,688458,美芯晟,37.81,38.37,38.74,36.63,36.81,1301799,48658921.0
2026-09-30,sh,688459,哈铁科技,8.28,8.28,8.31,8.22,8.23,723583,5969627.0
2026-09-30,sh,688466,金科环境,14.26,14.27,14.38,13.98,14.0,924628,13048646.0
2026-09-30,sh,688468,科美诊断,6.58,6.59,6.77,6.58,6.69,3779254,25243624.0
2026-09-30,sh,688469,芯联集成,9.0,9.13,9.17,8.81,8.86,139371687,1246627272.0
2026-09-30,sh,688472,阿特斯,8.33,8.43,8.49,8.31,8.42,24405039,205131212.0
2026-09-30,sh,688475,萤石网络,26.99,27.0,27.25,26.96,27.1,2383833,64672385.0
2026-09-30,sh,688478,晶升股份,48.68,49.0,49.45,45.81,46.05,5612908,263953703.0
2026-09-30,sh,688479,友车科技,34.71,34.83,35.35,33.79,34.11,1269036,43602878.0
2026-09-30,sh,688480,赛恩斯,65.45,65.45,66.48,64.89,65.5,496657,32571976.0
2026-09-30,sh,688484,南芯科技,32.77,32.97,33.11,32.01,32.03,2643729,85468884.0
2026-09-30,sh,688485,九州一轨,105.08,106.25,107.0,101.0,101.44,6356926,658177167.0
2026-09-30,sh,688486,龙迅股份,47.04,47.09,47.96,46.25,47.03,3683531,173235376.0
2026-09-30,sh,688488,艾迪药业,16.12,16.2,17.16,16.17,16.63,10644124,177946273.0
2026-09-30,sh,688489,三未信安,27.78,28.22,28.34,26.96,27.4,2446038,67228553.0
2026-09-30,sh,688496,*ST清越,0.58,0.0,0.0,0.0,0.58,0,0.0
2026-09-30,sh,688498,源杰科技,1638.5,1644.2,1648.18,1612.88,1613.0,1911190,3108372236.0
2026-09-30,sh,688499,利元亨,41.54,41.02,43.2,39.69,42.19,15356771,636966065.0
2026-09-30,sh,688500,慧辰股份,30.85,31.02,31.05,29.84,30.27,1320996,40203318.0
2026-09-30,sh,688501,青达环保,15.3,15.21,15.46,14.85,14.9,3016602,45566472.0
2026-09-30,sh,688502,茂莱光学,414.57,417.25,423.01,401.14,404.0,806466,330641101.0
2026-09-30,sh,688503,聚和材料,72.3,72.95,73.0,69.4,69.56,6898013,487379109.0
2026-09-30,sh,688505,复旦张江,8.23,8.3,8.67,8.21,8.55,12606216,107782320.0
2026-09-30,sh,688506,百利天恒,236.0,234.36,246.88,234.36,242.0,1493787,361305082.0
2026-09-30,sh,688507,索辰科技,134.63,136.0,138.63,132.83,133.15,2109454,284059752.0
2026-09-30,sh,688508,芯朋微,78.65,79.5,79.64,76.45,76.59,3554365,276316958.0
2026-09-30,sh,688509,正元地信,4.25,4.24,4.26,4.17,4.17,4142992,17418995.0
2026-09-30,sh,688510,航亚科技,23.2,23.44,23.87,23.27,23.5,3020592,71146099.0
2026-09-30,sh,688511,天微电子,22.22,22.51,22.58,21.6,21.73,1239649,27265712.0
2026-09-30,sh,688512,慧智微,16.47,16.83,17.3,16.26,16.28,23458131,391200661.0
2026-09-30,sh,688513,苑东生物,50.36,50.8,52.5,50.37,51.16,2320174,119291448.0
2026-09-30,sh,688515,裕太微,143.4,145.75,145.76,137.0,137.58,1970679,275679480.0
2026-09-30,sh,688516,奥特维,42.47,42.86,42.96,41.8,41.93,4453729,188291591.0
2026-09-30,sh,688517,金冠电气,18.27,18.2,18.97,17.93,18.7,6842194,126618268.0
2026-09-30,sh,688518,联赢激光,20.3,20.55,20.79,19.97,20.1,7310998,148886190.0
2026-09-30,sh,688519,南亚新材,276.14,279.02,284.36,271.57,272.65,3975627,1101477203.0
2026-09-30,sh,688520,神州细胞,35.22,35.22,37.88,35.13,37.05,4405776,163329902.0
2026-09-30,sh,688521,芯原股份,193.64,197.0,199.89,171.5,171.68,30671770,5461671075.0
2026-09-30,sh,688522,纳睿雷达,17.86,17.9,18.02,17.7,17.82,2338819,41738674.0
2026-09-30,sh,688523,航天环宇,37.59,37.87,38.48,37.24,37.42,1834984,69457942.0
2026-09-30,sh,688525,佰维存储,198.6,200.0,200.77,192.05,192.35,13276166,2582901089.0
2026-09-30,sh,688526,科前生物,12.15,12.16,12.35,12.15,12.34,1020299,12514767.0
2026-09-30,sh,688528,秦川物联,10.42,10.51,10.57,10.28,10.29,1151585,11977313.0
2026-09-30,sh,688529,豪森智能,15.05,15.18,15.3,14.78,14.79,1319354,19741785.0
2026-09-30,sh,688530,欧莱新材,56.97,57.5,58.37,54.66,54.76,4920005,274839277.0
2026-09-30,sh,688531,日联科技,129.8,131.0,133.38,124.0,124.56,3166101,403391192.0
2026-09-30,sh,688533,上声电子,19.94,20.12,20.2,19.89,19.91,454862,9098550.0
2026-09-30,sh,688535,华海诚科,101.45,102.5,102.79,96.88,97.38,4726017,468082202.0
2026-09-30,sh,688536,思瑞浦,337.5,342.0,342.0,326.0,327.0,2097744,694934267.0
2026-09-30,sh,688538,和辉光电,2.05,2.06,2.08,2.04,2.07,44042307,90914414.0
2026-09-30,sh,688539,高华科技,23.91,24.1,24.15,23.36,23.41,1079322,25607198.0
2026-09-30,sh,688543,国科军工,41.7,42.0,42.48,41.7,42.19,3587030,151258248.0
2026-09-30,sh,688545,兴福电子,71.65,72.22,72.33,68.6,68.7,4558542,318539016.0
2026-09-30,sh,688548,广钢气体,31.93,32.18,32.37,30.69,30.72,15813895,492527653.0
2026-09-30,sh,688549,中巨芯,21.72,22.0,22.08,20.82,20.91,28161323,596285216.0
2026-09-30,sh,688550,瑞联新材,36.3,36.44,36.67,35.58,35.72,1664386,60008689.0
2026-09-30,sh,688551,科威尔,38.55,38.87,39.55,36.63,36.88,3236045,123069711.0
2026-09-30,sh,688552,航天南湖,29.06,29.08,29.54,28.96,28.98,1454198,42436518.0
2026-09-30,sh,688553,汇宇制药,12.17,12.25,13.1,12.06,12.85,18942304,242602341.0
2026-09-30,sh,688556,高测股份,7.55,7.56,7.68,7.45,7.47,12353895,93190296.0
2026-09-30,sh,688557,兰剑智能,20.97,21.19,21.23,20.75,20.86,752318,15763409.0
2026-09-30,sh,688558,国盛智科,33.6,33.8,33.96,32.56,32.8,952062,31511740.0
2026-09-30,sh,688559,海目星,49.75,49.83,51.09,48.8,48.8,11209795,557126727.0
2026-09-30,sh,688560,明冠新材,12.81,12.86,13.14,12.77,12.78,1932150,24876387.0
2026-09-30,sh,688561,奇安信,29.86,29.71,30.37,28.85,29.9,15089967,446218217.0
2026-09-30,sh,688562,航天软件,14.47,14.5,14.54,14.2,14.26,1971726,28246110.0
2026-09-30,sh,688563,航材股份,50.12,50.45,50.76,49.8,50.09,2187420,109934328.0
2026-09-30,sh,688565,力源科技,11.71,11.76,11.79,11.43,11.58,1445574,16727428.0
2026-09-30,sh,688566,吉贝尔,27.8,27.7,28.15,27.2,27.46,2814381,77859937.0
2026-09-30,sh,688567,孚能科技,9.09,9.16,9.35,9.09,9.2,12958362,119650364.0
2026-09-30,sh,688568,中科星图,29.17,29.3,29.4,28.91,29.19,4866231,141855272.0
2026-09-30,sh,688569,铁科轨道,18.46,18.68,18.7,18.42,18.5,570458,10562961.0
2026-09-30,sh,688570,天玛智控,14.58,14.6,14.69,14.53,14.65,467263,6828434.0
2026-09-30,sh,688571,杭华股份,8.27,8.38,8.42,8.11,8.11,2922856,24001622.0
2026-09-30,sh,688573,信宇人,16.96,17.15,17.29,16.56,17.08,6476753,110110268.0
2026-09-30,sh,688575,亚辉龙,10.3,10.35,10.65,10.3,10.53,8484316,89439583.0
2026-09-30,sh,688576,西山科技,39.9,39.93,40.76,39.75,39.85,422391,16956174.0
2026-09-30,sh,688577,浙海德曼,39.18,39.2,40.54,39.0,39.23,740540,29326065.0
2026-09-30,sh,688578,艾力斯,106.25,105.5,112.36,105.2,111.58,9574765,1056524041.0
2026-09-30,sh,688579,地纬智能,7.94,7.95,8.01,7.81,7.84,2622199,20666818.0
2026-09-30,sh,688580,伟思医疗,42.41,42.96,43.0,41.98,42.25,796444,33867690.0
2026-09-30,sh,688581,安杰思,56.5,56.5,57.63,56.24,56.39,766417,43748919.0
2026-09-30,sh,688582,芯动联科,36.72,36.9,36.94,35.62,35.92,2656529,96045313.0
2026-09-30,sh,688583,思看科技,80.1,80.79,80.9,77.11,77.53,1108852,86964612.0
2026-09-30,sh,688584,上海合晶,27.51,27.37,27.84,26.34,26.37,7225156,193438232.0
2026-09-30,sh,688585,上纬新材,131.01,131.8,131.8,126.75,126.81,1758749,226318831.0
2026-09-30,sh,688586,江航装备,10.91,10.96,11.04,10.86,10.9,2730858,29900663.0
2026-09-30,sh,688588,凌志软件,9.05,9.1,9.12,8.84,8.85,2371101,21118085.0
2026-09-30,sh,688589,力合微,20.62,20.77,20.84,20.05,20.13,2102112,42746658.0
2026-09-30,sh,688590,新致软件,12.15,12.27,12.27,11.83,11.84,3805460,45439764.0
2026-09-30,sh,688591,泰凌微,31.11,31.15,31.42,30.37,30.5,3486996,107464117.0
2026-09-30,sh,688592,司南导航,22.58,22.99,22.99,22.0,22.1,988932,22018886.0
2026-09-30,sh,688593,新相微,29.93,30.03,32.39,29.84,30.89,13882319,433900748.0
2026-09-30,sh,688595,芯海科技,30.69,31.1,31.1,29.72,29.82,1833759,55244370.0
2026-09-30,sh,688596,正帆科技,59.94,60.59,61.5,57.8,57.93,9425400,558166550.0
2026-09-30,sh,688597,煜邦电力,6.31,6.36,6.37,6.19,6.2,3316581,20754778.0
2026-09-30,sh,688598,金博股份,33.44,34.0,34.2,32.16,32.18,8531255,281875503.0
2026-09-30,sh,688599,天合光能,10.8,10.87,11.12,10.77,10.99,26108556,286002785.0
2026-09-30,sh,688600,皖仪科技,34.95,35.79,35.79,34.28,34.91,2637831,91830362.0
2026-09-30,sh,688601,力芯微,59.4,59.4,59.99,57.13,57.46,2607858,152041876.0
2026-09-30,sh,688602,康鹏科技,6.89,6.88,6.96,6.78,6.8,4552930,31240194.0
2026-09-30,sh,688603,天承科技,112.6,113.6,118.88,111.01,111.5,3883764,446772308.0
2026-09-30,sh,688605,先锋精科,83.53,84.3,84.3,78.11,79.91,3848412,309988673.0
2026-09-30,sh,688606,奥泰生物,46.62,46.74,51.49,46.32,49.8,1090038,53840669.0
2026-09-30,sh,688607,康众科技,36.03,36.26,36.71,35.48,35.55,1062085,38218714.0
2026-09-30,sh,688608,恒玄科技,108.75,109.98,111.28,107.77,109.61,4498593,493026955.0
2026-09-30,sh,688609,九联科技,8.93,9.0,9.05,8.79,8.82,9542224,84638529.0
2026-09-30,sh,688610,埃科光电,152.62,154.0,156.26,144.06,144.79,964903,143013817.0
2026-09-30,sh,688611,杭州柯林,63.3,63.8,64.85,61.4,62.73,727873,46117183.0
2026-09-30,sh,688612,威迈斯,33.18,33.5,33.57,32.53,32.94,2153320,70834393.0
2026-09-30,sh,688613,奥精医疗,20.5,20.7,21.04,20.08,20.1,5121898,104963729.0
2026-09-30,sh,688615,合合信息,84.62,85.35,85.35,83.15,83.21,2673855,223535706.0
2026-09-30,sh,688616,西力科技,11.17,11.3,11.33,11.03,11.11,1306943,14565870.0
2026-09-30,sh,688617,惠泰医疗,240.03,239.5,251.5,238.79,248.25,1702446,423635139.0
2026-09-30,sh,688618,三旺通信,28.69,28.97,29.51,27.77,27.96,1065764,30181080.0
2026-09-30,sh,688619,罗普特,14.06,14.06,14.28,13.53,13.53,2566164,35285372.0
2026-09-30,sh,688620,安凯微,16.78,16.86,16.86,15.99,16.15,15066698,246068848.0
2026-09-30,sh,688621,阳光诺和,70.95,70.65,72.25,69.6,71.0,1542082,109619615.0
2026-09-30,sh,688622,*ST禾信,136.0,134.64,135.88,119.58,119.6,1273797,160894454.0
2026-09-30,sh,688623,双元科技,63.23,63.23,64.48,62.31,63.4,637637,40678798.0
2026-09-30,sh,688625,呈和科技,68.11,69.32,70.27,66.07,66.58,5712257,388243342.0
2026-09-30,sh,688626,翔宇医疗,42.05,42.23,43.12,41.85,41.95,1997972,85007651.0
2026-09-30,sh,688627,精智达,441.07,442.01,448.8,422.04,422.8,2578517,1109908894.0
2026-09-30,sh,688628,优利德,88.07,89.16,90.2,85.8,85.99,7796334,683182165.0
2026-09-30,sh,688629,XD华丰科,104.38,105.8,106.06,101.01,101.35,8776134,899574533.0
2026-09-30,sh,688630,芯碁微装,397.17,398.0,404.97,384.05,388.68,2054232,804997215.0
2026-09-30,sh,688631,莱斯信息,35.72,35.52,36.29,35.41,35.88,822446,29402402.0
2026-09-30,sh,688633,星球石墨,21.85,21.96,22.04,21.71,21.77,1127770,24639853.0
2026-09-30,sh,688635,长进光子,258.7,267.0,267.0,250.58,251.5,948083,241373084.0
2026-09-30,sh,688636,智明达,19.8,20.13,20.3,19.44,19.46,3551702,70126365.0
2026-09-30,sh,688638,誉辰智能,35.33,35.5,35.84,34.53,34.71,683417,23928860.0
2026-09-30,sh,688639,华恒生物,17.76,18.02,19.54,17.95,19.11,10925979,207756928.0
2026-09-30,sh,688646,逸飞激光,72.77,72.78,73.77,70.86,71.25,1391138,99709017.0
2026-09-30,sh,688648,中邮科技,28.59,28.51,28.97,28.2,28.54,1111462,31725456.0
2026-09-30,sh,688651,盛邦安全,25.56,25.63,26.09,24.87,24.96,2335454,58892369.0
2026-09-30,sh,688652,京仪装备,134.68,135.68,137.98,130.28,130.68,2581379,343785297.0
2026-09-30,sh,688653,康希通信,14.68,14.93,15.11,14.26,14.28,9322382,135500637.0
2026-09-30,sh,688655,迅捷兴,75.7,75.99,77.49,71.53,71.9,14501486,1078909932.0
2026-09-30,sh,688656,浩欧博,132.03,134.03,137.0,130.14,131.72,805088,107647329.0
2026-09-30,sh,688657,浩辰软件,33.78,33.93,33.97,33.22,33.38,771791,25823213.0
2026-09-30,sh,688658,悦康药业,12.97,13.0,14.49,12.88,14.04,24126318,333633059.0
2026-09-30,sh,688659,元琛科技,9.33,9.4,9.48,8.93,9.1,3128741,28524714.0
2026-09-30,sh,688660,电气风电,8.76,8.76,9.27,8.74,9.04,28091226,253539466.0
2026-09-30,sh,688661,和林微纳,97.1,98.99,99.12,92.01,92.52,2433496,229846151.0
2026-09-30,sh,688662,富信科技,114.09,116.03,118.88,110.1,110.5,11540195,1314665111.0
2026-09-30,sh,688663,新风光,56.33,56.58,57.6,55.9,56.98,2358738,134157407.0
2026-09-30,sh,688665,四方光电,42.6,42.63,43.09,41.04,41.08,819846,34069115.0
2026-09-30,sh,688667,菱电电控,102.79,103.23,103.26,97.74,97.99,665925,66361985.0
2026-09-30,sh,688668,XD鼎通科,210.19,213.0,215.0,205.05,206.41,3267690,683149581.0
2026-09-30,sh,688669,聚石化学,62.65,63.0,63.47,60.28,60.5,1177517,72399444.0
2026-09-30,sh,688670,金迪克,18.26,18.86,19.5,18.29,18.73,2584069,48767471.0
2026-09-30,sh,688671,碧兴物联,25.8,25.8,25.97,24.7,24.97,1167738,29468516.0
2026-09-30,sh,688676,金盘科技,61.55,61.9,62.5,60.97,61.53,4548819,280310460.0
2026-09-30,sh,688677,海泰新光,76.4,77.0,79.2,75.6,76.06,3260945,252360305.0
2026-09-30,sh,688678,福立旺,32.0,32.45,32.58,31.0,31.15,23043709,730941831.0
2026-09-30,sh,688679,通源环境,38.89,39.1,39.6,38.22,38.3,1388139,53776289.0
2026-09-30,sh,688680,海优新材,38.57,38.57,39.69,38.57,38.81,1351331,52797828.0
2026-09-30,sh,688681,科汇股份,15.67,15.77,15.81,15.47,15.49,1122275,17508992.0
2026-09-30,sh,688682,霍莱沃,33.2,33.7,35.14,33.18,33.65,4892253,167261937.0
2026-09-30,sh,688683,莱尔科技,30.3,30.0,30.88,29.33,29.39,985043,29412460.0
2026-09-30,sh,688685,迈信林,39.7,40.6,41.94,39.02,41.11,13374416,542821913.0
2026-09-30,sh,688686,奥普特,131.14,130.74,132.49,128.1,128.4,635392,82586281.0
2026-09-30,sh,688687,凯因科技,18.41,18.39,19.05,18.32,18.91,5290767,99937765.0
2026-09-30,sh,688689,银河微电,39.77,40.15,40.23,37.72,37.79,4716419,181925584.0
2026-09-30,sh,688690,纳微科技,45.28,45.68,46.75,44.81,44.98,11252784,512909024.0
2026-09-30,sh,688691,灿芯股份,61.43,61.58,62.48,58.32,58.32,2969650,177299005.0
2026-09-30,sh,688692,达梦数据,187.92,188.0,189.8,180.9,182.72,983202,181146688.0
2026-09-30,sh,688693,锴威特,72.27,72.99,74.39,70.0,70.2,821155,58535162.0
2026-09-30,sh,688695,中创股份,20.4,20.4,20.59,19.83,19.86,1279892,25681087.0
2026-09-30,sh,688696,极米科技,81.0,81.1,86.86,81.1,84.79,1891470,160531603.0
2026-09-30,sh,688697,纽威数控,14.59,14.71,14.83,14.35,14.35,3881201,56584915.0
2026-09-30,sh,688698,伟创电气,42.17,42.38,42.98,41.56,41.58,1802344,75887591.0
2026-09-30,sh,688699,XD明微电,66.33,67.0,67.01,62.6,63.34,3636417,233982507.0
2026-09-30,sh,688700,东威科技,61.32,62.4,63.8,60.26,60.36,7767651,480077970.0
2026-09-30,sh,688701,卓锦股份,8.81,8.84,9.0,8.64,8.68,2094862,18483329.0
2026-09-30,sh,688702,盛科通信,304.26,309.25,310.0,284.02,284.91,7554317,2193896003.0
2026-09-30,sh,688707,振华新材,10.29,10.35,11.07,10.24,10.78,15315020,163973393.0
2026-09-30,sh,688708,佳驰科技,38.39,38.58,38.99,37.85,38.3,963286,36891802.0
2026-09-30,sh,688709,成都华微,25.85,25.6,25.99,24.59,24.61,4586991,114555050.0
2026-09-30,sh,688710,益诺思,96.8,99.05,107.99,95.31,105.2,5605362,572886552.0
2026-09-30,sh,688711,宏微科技,26.78,26.94,27.15,25.4,25.49,6714820,174460545.0
2026-09-30,sh,688712,北芯生命,30.52,31.35,31.95,30.58,30.92,1902699,59418535.0
2026-09-30,sh,688716,中研股份,25.9,26.12,26.16,25.45,25.52,978196,25118107.0
2026-09-30,sh,688717,艾罗能源,41.0,41.33,41.8,40.8,41.14,4230537,174677087.0
2026-09-30,sh,688718,唯赛勃,14.85,14.99,14.99,14.52,14.67,1150488,16955379.0
2026-09-30,sh,688719,爱科赛博,58.8,59.99,59.99,55.52,56.0,3473021,197158893.0
2026-09-30,sh,688720,艾森股份,65.64,67.43,67.43,61.88,62.03,3463566,219566409.0
2026-09-30,sh,688721,龙图光罩,39.67,39.96,40.58,37.88,37.91,2075617,80392822.0
2026-09-30,sh,688722,同益中,14.47,14.46,14.67,14.38,14.56,2377019,34588539.0
2026-09-30,sh,688726,拉普拉斯,45.31,45.4,46.19,44.52,44.52,3948420,177706351.0
2026-09-30,sh,688727,恒坤新材,45.36,45.64,45.94,43.37,43.45,1849283,81860230.0
2026-09-30,sh,688728,格科微,14.05,14.19,14.19,13.88,13.95,15156454,212427486.0
2026-09-30,sh,688729,屹唐股份,22.59,22.8,22.85,21.87,21.95,24372810,540439150.0
2026-09-30,sh,688733,壹石通,28.13,28.45,28.6,27.38,27.6,3338966,93402594.0
2026-09-30,sh,688737,中自科技,17.08,17.18,17.34,16.72,16.76,1495011,25320494.0
2026-09-30,sh,688739,成大生物,20.55,20.57,21.17,20.57,21.02,2439769,51281278.0
2026-09-30,sh,688750,金天钛业,13.85,13.86,13.96,13.75,13.79,1023042,14152715.0
2026-09-30,sh,688755,汉邦科技,29.21,28.91,30.5,28.82,30.24,3740499,112137193.0
2026-09-30,sh,688757,胜科纳米,28.68,28.7,29.1,27.33,27.5,7501354,209311126.0
2026-09-30,sh,688758,赛分科技,30.03,30.01,30.95,29.52,30.13,17716603,534151111.0
2026-09-30,sh,688759,必贝特,21.57,21.53,22.49,21.41,21.69,4303085,94608488.0
2026-09-30,sh,688765,禾元生物,39.47,39.48,40.86,39.33,39.84,4350272,174767705.0
2026-09-30,sh,688766,普冉股份,377.9,381.5,383.82,356.6,356.64,6481260,2359281583.0
2026-09-30,sh,688767,博拓生物,40.46,40.7,41.8,40.14,40.2,2005609,81950850.0
2026-09-30,sh,688768,容知日新,52.3,52.3,52.88,50.58,52.3,1751940,90710439.0
2026-09-30,sh,688772,珠海冠宇,14.17,14.19,14.61,14.01,14.34,20314990,292165140.0
2026-09-30,sh,688775,影石创新,90.67,90.68,91.97,89.79,90.18,2853656,258642613.0
2026-09-30,sh,688776,国光电气,48.82,49.08,49.58,47.38,47.4,2333064,112542512.0
2026-09-30,sh,688777,中控技术,78.48,81.0,81.39,79.14,80.05,9196795,737589439.0
2026-09-30,sh,688778,厦钨新能,42.17,41.94,44.58,41.7,43.87,10489434,458373612.0
2026-09-30,sh,688779,五矿新能,7.32,7.35,7.55,7.3,7.45,17676384,131792653.0
2026-09-30,sh,688781,视涯科技,41.26,41.59,42.47,40.15,40.21,3683289,151100292.0
2026-09-30,sh,688783,西安奕材,27.78,27.78,28.14,26.83,26.92,14692133,400636637.0
2026-09-30,sh,688785,恒运昌,360.86,365.0,365.0,346.01,346.48,377522,133464528.0
2026-09-30,sh,688786,悦安新材,26.69,26.77,27.2,25.61,26.12,3054431,80118561.0
2026-09-30,sh,688787,海天瑞声,88.4,91.11,91.11,84.16,85.02,1736586,149940969.0
2026-09-30,sh,688788,科思科技,27.26,28.3,29.53,27.58,27.61,3528718,100498345.0
2026-09-30,sh,688789,宏华数科,50.93,50.93,51.35,48.0,50.0,3188546,157237005.0
2026-09-30,sh,688790,昂瑞微,99.55,99.72,100.65,96.78,97.12,1286637,125884843.0
2026-09-30,sh,688793,倍轻松,18.8,18.95,19.59,18.32,18.32,2663221,50171706.0
2026-09-30,sh,688795,摩尔线程,409.48,410.02,414.0,388.58,393.94,4027278,1593292274.0
2026-09-30,sh,688796,百奥赛图,121.7,121.62,128.75,120.0,126.77,3269423,407679625.0
2026-09-30,sh,688797,臻宝科技,256.02,258.03,258.99,241.58,241.6,2008877,497070224.0
2026-09-30,sh,688798,艾为电子,54.67,54.8,55.78,53.68,53.78,1711509,92913940.0
2026-09-30,sh,688799,华纳药厂,56.59,56.42,59.77,54.47,57.21,3234009,187467242.0
2026-09-30,sh,688800,瑞可达,57.51,58.11,58.8,55.91,56.18,6358981,362425588.0
2026-09-30,sh,688801,燧原科技,441.2,444.33,448.99,412.18,420.4,1808194,766996621.0
2026-09-30,sh,688802,沐曦股份,518.46,523.95,524.97,490.0,497.08,2830921,1418127762.0
2026-09-30,sh,688805,健信超导,38.5,38.9,39.85,38.8,38.83,867652,34080248.0
2026-09-30,sh,688806,泰诺麦博,25.56,25.35,30.67,25.35,30.67,12037504,350550251.0
2026-09-30,sh,688807,优迅股份,310.06,311.52,316.52,299.0,300.21,892394,272760219.0
2026-09-30,sh,688808,联讯仪器,1496.0,1500.0,1566.99,1489.62,1546.63,1471347,2258736399.0
2026-09-30,sh,688809,强一股份,493.74,490.0,504.8,482.11,488.64,970358,477492757.0
2026-09-30,sh,688811,有研复材,19.22,19.4,19.41,18.6,18.67,4015553,75761848.0
2026-09-30,sh,688813,泰金新能,137.95,139.39,139.39,127.26,128.09,3924053,518231014.0
2026-09-30,sh,688816,易思维,46.15,46.38,47.57,45.94,46.26,273625,12763878.0
2026-09-30,sh,688818,电科蓝天,40.08,40.19,40.37,39.33,39.46,3781835,150258261.0
2026-09-30,sh,688819,天能股份,20.7,20.5,20.97,20.5,20.78,1385093,28804799.0
2026-09-30,sh,688820,盛合晶微,121.01,122.32,122.67,115.6,115.78,6527203,767621826.0
2026-09-30,sh,688825,长鑫科技,55.55,55.55,55.85,54.38,54.79,116869999,6413280931.0
2026-09-30,sh,688826,频准激光,737.75,747.7,747.7,708.06,718.95,505255,364761553.0
2026-09-30,sh,688828,国仪公司,84.1,85.49,85.88,82.5,82.68,1555533,131014623.0
2026-09-30,sh,688835,高凯技术,358.0,359.1,365.86,340.0,340.47,1887956,667137971.0
2026-09-30,sh,688836,宇树科技,451.02,451.99,459.9,446.5,450.4,1641828,742926433.0
2026-09-30,sh,688837,信诺维,43.61,43.2,50.33,43.2,49.4,18122105,856739045.0
2026-09-30,sh,688981,中芯国际,117.51,117.77,118.18,111.29,111.99,42874573,4856437593.0
2026-09-30,sh,689009,九号公司,36.04,36.08,37.1,36.08,37.1,6406961,235191637.0
2026-09-30,sz,000001,平安银行,11.35,11.36,11.65,11.33,11.57,104535745,1205814857.64
2026-09-30,sz,000002,万 科Ａ,4.08,3.8,4.4,3.67,4.26,1309443983,5158052403.74
2026-09-30,sz,000006,深振业Ａ,7.62,6.92,7.59,6.86,7.51,62574824,449727420.79
2026-09-30,sz,000007,全新好,11.08,11.07,11.23,10.76,10.96,5373000,58687501.0
2026-09-30,sz,000008,神州高铁,2.39,2.39,2.41,2.37,2.4,15657402,37479608.8
2026-09-30,sz,000009,中国宝安,6.86,6.88,6.97,6.84,6.93,10682784,73791093.01
2026-09-30,sz,000010,*ST美丽,1.47,1.48,1.48,1.42,1.44,13430900,19306063.0
2026-09-30,sz,000011,深物业A,11.13,10.1,12.24,10.02,12.24,89876898,971267913.47
2026-09-30,sz,000012,南 玻Ａ,3.67,3.67,3.71,3.64,3.69,14804206,54455693.13
2026-09-30,sz,000014,沙河股份,11.55,11.02,11.43,10.45,11.24,25886180,283039790.2
2026-09-30,sz,000017,深中华A,7.5,7.65,7.66,7.31,7.4,30125000,223295765.0
2026-09-30,sz,000019,深粮控股,6.7,6.77,7.27,6.64,7.01,26864848,186827598.99
2026-09-30,sz,000020,深华发Ａ,14.65,13.72,14.59,13.72,14.28,30756117,434352382.84
2026-09-30,sz,000021,深科技,33.79,34.01,34.08,32.8,32.83,39514791,1311080439.16
2026-09-30,sz,000025,特 力Ａ,15.38,15.06,15.42,14.7,15.21,8432901,126749412.37
2026-09-30,sz,000026,飞亚达,18.7,18.84,19.21,18.55,18.86,4563103,86168456.5
2026-09-30,sz,000027,深圳能源,6.24,6.24,6.29,6.21,6.28,14055848,88062330.53
2026-09-30,sz,000028,国药一致,19.37,19.4,19.67,19.35,19.66,1736751,33969494.35
2026-09-30,sz,000029,深深房Ａ,22.12,21.51,23.1,21.31,22.71,10168135,226615964.05
2026-09-30,sz,000030,富奥股份,3.89,3.89,3.94,3.86,3.93,6391840,24986015.0
2026-09-30,sz,000031,大悦城,2.43,2.36,2.5,2.22,2.46,131195824,309595292.97
2026-09-30,sz,000032,深桑达Ａ,13.38,13.53,13.57,13.07,13.09,21562802,284180761.34
2026-09-30,sz,000034,神州数码,23.68,23.59,23.7,23.13,23.21,13642837,318202255.95
2026-09-30,sz,000035,中国天楹,4.66,4.66,4.75,4.64,4.74,18637041,87675865.99
2026-09-30,sz,000036,华联控股,4.21,4.13,4.16,3.85,4.08,134136557,536321910.46
2026-09-30,sz,000037,深南电A,9.0,9.0,9.29,8.91,9.15,15576680,141833214.8
2026-09-30,sz,000039,中集集团,8.55,8.56,8.67,8.53,8.6,10794669,92940288.6
2026-09-30,sz,000042,中洲控股,8.3,8.25,8.49,7.97,8.46,11089729,91741434.63
2026-09-30,sz,000045,深纺织Ａ,11.21,11.25,11.28,11.07,11.13,3970200,44334356.05
2026-09-30,sz,000048,京基智农,17.92,18.25,18.38,17.91,18.0,7861186,142293699.96
2026-09-30,sz,000049,德赛电池,21.99,22.06,22.55,21.95,22.4,5295786,118353567.93
2026-09-30,sz,000050,深天马Ａ,6.29,6.31,6.38,6.28,6.31,14585266,92185252.8
2026-09-30,sz,000055,方大集团,3.88,3.88,3.9,3.78,3.86,14903910,57100953.13
2026-09-30,sz,000056,*ST皇庭,2.7,2.7,2.73,2.64,2.7,17593478,47257768.82
2026-09-30,sz,000058,深 赛 格,7.29,7.26,7.28,6.95,7.28,18360837,130840342.29
2026-09-30,sz,000059,华锦股份,5.47,5.51,5.6,5.5,5.55,25529179,141757961.84
2026-09-30,sz,000060,中金岭南,5.83,5.84,5.87,5.81,5.84,34844623,203380136.45
2026-09-30,sz,000061,农 产 品,5.84,5.86,6.09,5.82,6.03,19158427,114162451.93
2026-09-30,sz,000062,深圳华强,21.66,21.81,21.9,21.27,21.32,9401476,201788674.71
2026-09-30,sz,000063,中兴通讯,30.72,30.88,30.9,30.53,30.58,31066864,952400874.24
2026-09-30,sz,000065,北方国际,9.61,9.67,9.79,9.58,9.73,12704000,123281235.71
2026-09-30,sz,000066,中国长城,14.42,14.43,14.52,14.03,14.1,85862801,1217461623.92
2026-09-30,sz,000068,华控赛格,3.54,3.47,3.48,3.23,3.41,78562184,262906446.11
2026-09-30,sz,000069,华侨城Ａ,1.97,1.92,2.0,1.78,1.97,233993035,444764615.03
2026-09-30,sz,000070,特发信息,16.19,16.45,16.88,16.01,16.3,49469306,813605628.07
2026-09-30,sz,000078,ST海王,1.49,1.49,1.5,1.47,1.49,37006570,54813589.6
2026-09-30,sz,000088,盐 田 港,4.63,4.62,4.68,4.61,4.66,21443963,99849781.02
2026-09-30,sz,000089,深圳机场,6.59,6.61,6.72,6.57,6.69,16940465,112996786.8
2026-09-30,sz,000090,天健集团,3.64,3.53,3.68,3.38,3.64,71611986,252993202.21
2026-09-30,sz,000096,广聚能源,7.94,7.91,7.99,7.86,7.99,2863200,22729818.0
2026-09-30,sz,000099,中信海直,12.56,12.58,12.72,12.52,12.67,4016703,50725125.87
2026-09-30,sz,000100,TCL科技,4.77,4.79,4.84,4.76,4.79,208331822,1000559242.11
2026-09-30,sz,000151,中成股份,10.06,10.04,10.12,9.88,10.06,6649145,66418442.98
2026-09-30,sz,000153,丰原药业,6.08,6.1,6.17,6.08,6.11,7456660,45752047.2
2026-09-30,sz,000155,川能动力,10.77,10.76,10.93,10.73,10.88,11554700,125526402.0
2026-09-30,sz,000156,华数传媒,7.06,7.05,7.12,6.93,6.98,7636698,53534322.97
2026-09-30,sz,000157,中联重科,5.86,5.88,5.99,5.85,5.97,49746867,295437166.32
2026-09-30,sz,000158,常山北明,12.19,12.3,12.3,12.13,12.17,10731416,130855767.17
2026-09-30,sz,000159,国际实业,5.5,5.5,5.54,5.39,5.45,6679490,36454003.6
2026-09-30,sz,000166,申万宏源,4.36,4.36,4.4,4.35,4.38,41456073,181483466.15
2026-09-30,sz,000301,东方盛虹,12.8,12.79,13.04,12.73,12.89,15537865,200361211.69
2026-09-30,sz,000333,美的集团,81.66,81.66,81.8,79.31,80.1,40171160,3231685973.63
2026-09-30,sz,000338,潍柴动力,25.0,25.17,25.55,24.91,25.1,56426952,1426746221.35
2026-09-30,sz,000400,许继电气,21.03,21.03,21.78,21.0,21.61,20525607,441469007.17
2026-09-30,sz,000401,金隅冀东,3.59,3.59,3.66,3.52,3.66,13849552,50009575.94
2026-09-30,sz,000402,金 融 街,2.71,2.64,2.78,2.5,2.74,172884690,456111099.38
2026-09-30,sz,000403,派林生物,9.74,9.74,10.12,9.69,10.06,7211680,72244425.1
2026-09-30,sz,000404,长虹华意,6.74,6.77,6.85,6.74,6.84,4030856,27403651.64
2026-09-30,sz,000407,胜利股份,4.2,4.22,4.25,4.19,4.25,11152000,47183980.0
2026-09-30,sz,000408,藏格矿业,69.8,70.5,71.65,70.25,70.66,7091585,503413636.74
2026-09-30,sz,000409,云鼎科技,8.79,8.86,8.86,8.59,8.61,4544300,39386521.55
2026-09-30,sz,000410,沈阳机床,5.14,5.16,5.18,5.09,5.11,14191400,72712784.0
2026-09-30,sz,000411,英特集团,9.98,10.02,10.12,9.95,10.02,4011912,40313228.12
2026-09-30,sz,000415,渤海租赁,4.07,4.07,4.16,4.06,4.13,38451221,158341938.99
2026-09-30,sz,000417,合百集团,5.66,5.7,5.71,5.59,5.64,17343755,97842268.81
2026-09-30,sz,000419,通程控股,5.06,5.06,5.13,5.0,5.1,4943973,25085104.57
2026-09-30,sz,000420,吉林化纤,3.47,3.47,3.48,3.39,3.44,37673100,129427507.0
2026-09-30,sz,000421,南京公用,5.7,5.74,5.74,5.66,5.74,5494600,31384657.0
2026-09-30,sz,000422,湖北宜化,11.48,11.48,11.56,11.46,11.52,6348392,73097776.16
2026-09-30,sz,000423,东阿阿胶,45.24,45.26,46.12,45.26,45.95,4340786,198618719.84
2026-09-30,sz,000425,徐工机械,7.05,7.05,7.24,7.0,7.2,108267925,772828138.22
2026-09-30,sz,000426,兴业银锡,31.57,31.62,31.82,31.3,31.5,20097149,633923357.62
2026-09-30,sz,000428,华天酒店,3.83,3.85,3.88,3.81,3.83,24716024,95093908.28
2026-09-30,sz,000429,粤高速Ａ,12.28,12.27,12.49,12.26,12.46,5059812,62865814.66
2026-09-30,sz,000430,张家界,6.64,6.71,6.71,6.6,6.66,8151645,54162287.8
2026-09-30,sz,000488,ST晨鸣,2.08,2.23,2.23,2.12,2.13,18879675,40883279.5
2026-09-30,sz,000498,山东路桥,5.61,5.63,5.92,5.62,5.87,51750512,299833724.65
2026-09-30,sz,000501,武商集团,7.06,7.06,7.16,7.01,7.14,4617900,32774222.0
2026-09-30,sz,000503,国新健康,7.72,7.46,7.86,7.36,7.69,55401758,419071340.02
2026-09-30,sz,000504,南华生物,11.29,10.79,12.42,10.59,12.42,74092133,860444296.27
2026-09-30,sz,000505,京粮控股,6.07,6.16,6.4,6.09,6.28,25266917,157509235.06
2026-09-30,sz,000506,招金黄金,16.58,16.68,16.9,16.56,16.71,23822641,398431958.11
2026-09-30,sz,000507,珠海港,4.93,4.93,4.96,4.9,4.94,5545515,27374690.8
2026-09-30,sz,000509,华塑控股,3.51,3.51,3.55,3.37,3.39,26189050,89831186.0
2026-09-30,sz,000510,新金路,17.27,17.27,17.61,16.66,16.85,20473182,348119954.19
2026-09-30,sz,000513,丽珠集团,32.23,31.65,33.38,31.17,32.9,46168173,1505735914.7
2026-09-30,sz,000514,渝 开 发,4.55,4.48,4.66,4.23,4.6,36632644,162997680.57
2026-09-30,sz,000516,国际医学,4.27,4.29,4.42,4.28,4.37,25020400,108976107.0
2026-09-30,sz,000517,荣安地产,2.07,2.1,2.11,1.96,2.07,58105136,118298086.88
2026-09-30,sz,000518,四环生物,3.59,3.63,3.63,3.56,3.59,11656610,41733694.8
2026-09-30,sz,000519,中兵红箭,14.4,14.5,14.54,14.24,14.3,24324400,349584761.31
2026-09-30,sz,000520,凤凰航运,4.03,4.03,4.06,3.99,4.0,12183200,48907604.0
2026-09-30,sz,000521,长虹美菱,4.29,4.31,4.36,4.28,4.35,6323522,27326195.48
2026-09-30,sz,000523,红棉股份,3.17,3.26,3.37,3.19,3.3,148137142,486603993.39
2026-09-30,sz,000524,岭南控股,8.75,8.78,8.81,8.68,8.76,4111000,35951039.0
2026-09-30,sz,000525,红太阳,4.39,4.41,4.47,4.4,4.44,9835408,43658611.6
2026-09-30,sz,000526,学大教育,34.81,34.91,35.97,34.6,35.82,1640952,58002890.81
2026-09-30,sz,000528,柳 工,7.36,7.37,7.55,7.36,7.52,21592972,161357654.28
2026-09-30,sz,000529,广弘控股,5.03,5.04,5.07,4.99,5.04,2702421,13602354.02
2026-09-30,sz,000530,冰山冷热,5.21,5.21,5.24,5.1,5.15,8980100,46244799.0
2026-09-30,sz,000531,穗恒运Ａ,5.49,5.52,5.55,5.48,5.55,4073539,22483817.28
2026-09-30,sz,000532,华金资本,12.49,12.55,12.72,12.22,12.26,16717831,206502114.61
2026-09-30,sz,000533,顺钠股份,10.02,10.1,10.13,9.84,9.92,18325444,182660690.11
2026-09-30,sz,000534,万泽股份,21.96,21.97,22.14,21.61,21.63,7096369,155028188.69
2026-09-30,sz,000536,华映科技,3.38,3.39,3.4,3.31,3.34,35054993,117032652.69
2026-09-30,sz,000537,绿发电力,7.29,7.29,7.4,7.26,7.38,9897400,72735265.0
2026-09-30,sz,000538,云南白药,50.24,50.25,50.55,49.97,50.44,7152730,359786806.03
2026-09-30,sz,000539,粤电力Ａ,5.04,5.04,5.11,4.98,5.09,34888600,176666723.02
2026-09-30,sz,000541,佛山照明,4.86,4.88,4.9,4.85,4.89,3079011,15001952.68
2026-09-30,sz,000543,皖能电力,7.06,7.05,7.16,7.02,7.15,18583631,132104003.32
2026-09-30,sz,000544,中原环保,7.21,7.23,7.26,7.2,7.23,2347900,16976525.0
2026-09-30,sz,000545,金浦钛业,2.22,2.24,2.26,2.18,2.21,27307100,60288246.0
2026-09-30,sz,000546,金圆股份,4.32,4.34,4.38,4.29,4.33,6883700,29843537.0
2026-09-30,sz,000547,航天发展,13.87,14.02,14.08,13.61,13.68,36363077,501275364.74
2026-09-30,sz,000548,湖南投资,4.64,4.66,4.69,4.61,4.64,3781400,17563417.0
2026-09-30,sz,000550,江铃汽车,16.28,16.22,16.79,16.2,16.5,5556895,91742993.61
2026-09-30,sz,000551,创元科技,11.69,11.7,11.81,11.58,11.66,6676765,77997163.84
2026-09-30,sz,000552,甘肃能化,2.46,2.46,2.51,2.46,2.5,49521260,123322944.8
2026-09-30,sz,000553,安道麦A,5.39,5.46,5.51,5.4,5.48,4721014,25818391.74
2026-09-30,sz,000554,泰山石油,6.19,6.18,6.23,6.14,6.19,6431494,39748000.92
2026-09-30,sz,000555,神州信息,10.05,10.18,10.19,10.0,10.07,14935300,150754028.0
2026-09-30,sz,000557,西部创业,3.61,3.62,3.66,3.59,3.64,5519343,20048306.09
2026-09-30,sz,000558,天府文旅,3.56,3.55,3.56,3.47,3.52,19202600,67412704.0
2026-09-30,sz,000559,万向钱潮,10.76,10.79,11.35,10.65,10.87,58451447,640528944.07
2026-09-30,sz,000560,我爱我家,3.76,3.38,3.83,3.38,3.7,769417829,2736655375.3
2026-09-30,sz,000561,烽火电子,7.59,7.64,7.71,7.51,7.54,5813900,44041160.0
2026-09-30,sz,000563,陕国投Ａ,2.89,2.89,2.92,2.87,2.91,27392123,79557848.37
2026-09-30,sz,000564,供销大集,1.45,1.45,1.48,1.44,1.47,172234919,251581440.74
2026-09-30,sz,000565,渝三峡Ａ,6.4,6.42,6.52,6.33,6.34,6963248,44618560.22
2026-09-30,sz,000566,海南海药,4.61,4.67,4.71,4.59,4.62,62196704,289325069.9
2026-09-30,sz,000567,海德股份,5.88,5.9,5.95,5.83,5.88,12100600,71342914.52
2026-09-30,sz,000568,泸州老窖,69.38,69.5,73.18,69.32,72.28,14157762,1013579627.09
2026-09-30,sz,000570,苏常柴Ａ,5.27,5.3,5.33,5.25,5.28,6176973,32657005.17
2026-09-30,sz,000571,新大洲A,6.57,6.57,6.58,6.46,6.47,10131965,65945029.14
2026-09-30,sz,000572,海马汽车,4.0,4.03,4.19,3.95,4.03,130270014,530186142.72
2026-09-30,sz,000573,粤宏远Ａ,3.93,3.87,3.94,3.76,3.9,16929661,65284833.68
2026-09-30,sz,000576,甘化科工,8.24,8.29,8.36,8.22,8.3,5285383,43828748.24
2026-09-30,sz,000581,威孚高科,17.92,18.02,18.25,17.94,18.21,4655614,84523833.57
2026-09-30,sz,000582,北部湾港,8.97,9.0,9.03,8.9,8.97,23434490,210028984.5
2026-09-30,sz,000586,汇源通信,12.77,12.89,13.0,12.47,12.51,4716700,59489136.0
2026-09-30,sz,000589,贵州轮胎,4.18,4.19,4.21,4.18,4.2,10699897,44879001.2
2026-09-30,sz,000590,古汉医药,9.14,9.19,9.37,9.08,9.1,2978309,27347219.53
2026-09-30,sz,000591,太阳能,4.15,4.14,4.19,4.14,4.17,24366476,101506719.54
2026-09-30,sz,000592,平潭发展,8.74,8.73,8.91,8.43,8.53,317546463,2747598990.5
2026-09-30,sz,000593,德龙汇能,20.0,20.36,20.95,20.0,20.11,10657644,217159577.79
2026-09-30,sz,000595,新能股份,5.45,5.42,5.58,5.37,5.51,17836104,97675149.8
2026-09-30,sz,000596,古井贡酒,89.03,89.03,97.8,89.0,93.55,5208317,487152124.52
2026-09-30,sz,000597,东北制药,4.69,4.7,4.79,4.68,4.76,12827229,61032456.71
2026-09-30,sz,000598,兴蓉环境,7.01,7.03,7.09,7.01,7.06,10278400,72651494.0
2026-09-30,sz,000599,青岛双星,4.43,4.47,4.5,4.41,4.47,8853600,39450162.0
2026-09-30,sz,000600,建投能源,6.97,6.97,7.19,6.94,7.17,19078501,135457682.11
2026-09-30,sz,000601,韶能股份,6.02,6.02,6.08,6.0,6.05,16197505,97751025.4
2026-09-30,sz,000603,盛达资源,31.08,31.0,31.36,30.84,30.9,15339490,476518586.88
2026-09-30,sz,000605,渤海股份,6.06,6.1,6.12,5.99,6.04,2706200,16352924.61
2026-09-30,sz,000607,华媒控股,4.13,4.03,4.13,3.93,3.96,77168915,309002468.83
2026-09-30,sz,000608,阳光股份,7.18,7.18,7.2,7.03,7.05,13101000,92648506.0
2026-09-30,sz,000609,*ST中迪,9.34,9.34,9.38,9.14,9.37,2604900,24123373.0
2026-09-30,sz,000610,*ST西旅,7.46,7.58,7.72,7.28,7.5,7052300,52726953.0
2026-09-30,sz,000612,焦作万方,10.63,10.55,10.61,10.42,10.44,25664624,269477908.86
2026-09-30,sz,000615,*ST美谷,3.25,3.25,3.28,3.24,3.28,2654224,8670629.24
2026-09-30,sz,000617,中油资本,6.56,6.57,6.59,6.54,6.56,35160631,230891127.4
2026-09-30,sz,000619,海螺新材,5.25,5.26,5.28,5.14,5.2,4132800,21497058.0
2026-09-30,sz,000620,盈新发展,3.11,3.12,3.14,3.01,3.06,199134540,609070022.13
2026-09-30,sz,000623,吉林敖东,17.2,17.27,17.43,17.22,17.41,6062042,105112335.95
2026-09-30,sz,000625,长安汽车,7.06,7.05,7.18,6.99,7.11,76496773,542919468.08
2026-09-30,sz,000626,远大控股,8.58,8.63,8.87,8.61,8.74,10225200,89473406.0
2026-09-30,sz,000628,高新发展,54.66,55.12,56.16,53.6,54.09,5796285,316133941.01
2026-09-30,sz,000629,钒钛股份,2.78,2.79,2.84,2.78,2.83,49393515,138891075.3
2026-09-30,sz,000630,铜陵有色,5.79,5.79,5.81,5.76,5.78,78288321,452974263.38
2026-09-30,sz,000631,顺发恒能,3.04,3.04,3.07,2.96,3.04,14755920,44447778.74
2026-09-30,sz,000632,ST三木,3.7,3.71,3.8,3.67,3.8,9570400,35931863.0
2026-09-30,sz,000633,合金投资,5.34,5.36,5.4,5.26,5.29,4919500,26129514.0
2026-09-30,sz,000635,英 力 特,7.6,7.61,7.66,7.5,7.58,9002400,68236524.0
2026-09-30,sz,000636,风华高科,51.21,51.52,51.69,49.54,49.61,53429662,2679565258.17
2026-09-30,sz,000637,茂化实华,4.24,4.26,4.29,4.19,4.2,4782400,20220119.0
2026-09-30,sz,000639,ST西王,1.5,1.52,1.56,1.51,1.54,19993580,30741607.4
2026-09-30,sz,000650,仁和药业,5.14,5.16,5.26,5.14,5.24,18348597,95821874.34
2026-09-30,sz,000651,格力电器,38.1,38.13,38.3,37.97,38.28,18515561,706432059.51
2026-09-30,sz,000652,泰达股份,3.34,3.36,3.36,3.3,3.33,9999100,33299669.0
2026-09-30,sz,000655,金岭矿业,7.21,7.22,7.27,7.12,7.25,6866300,49642340.0
2026-09-30,sz,000656,金科股份,1.26,1.25,1.28,1.22,1.28,283444696,354781135.92
2026-09-30,sz,000657,中钨高新,53.69,53.9,54.09,52.61,52.74,24679805,1313523381.93
2026-09-30,sz,000659,珠海中富,2.73,2.73,2.76,2.68,2.74,19159220,52172022.2
2026-09-30,sz,000661,长春高新,70.55,70.56,72.56,70.21,71.83,5187910,372782467.99
2026-09-30,sz,000663,永安林业,6.1,6.14,6.19,6.0,6.08,7194900,43749825.0
2026-09-30,sz,000665,湖北广电,4.18,4.2,4.21,4.03,4.11,26349683,107998962.13
2026-09-30,sz,000668,荣丰控股,17.0,16.95,18.7,16.6,18.69,8295701,145724172.89
2026-09-30,sz,000669,ST金鸿,4.01,4.04,4.08,4.02,4.05,1935100,7809202.0
2026-09-30,sz,000670,盈方微,7.6,7.65,7.68,7.2,7.29,49750400,366070162.92
2026-09-30,sz,000672,上峰材料,14.65,14.77,14.89,14.57,14.84,10462626,154521561.17
2026-09-30,sz,000676,智度股份,6.65,6.6,6.69,6.53,6.56,51761800,341983085.0
2026-09-30,sz,000677,ST海龙,1.76,1.76,1.77,1.71,1.74,13455625,23415620.0
2026-09-30,sz,000678,襄阳轴承,11.72,10.69,12.89,10.69,12.89,90317836,1074985689.91
2026-09-30,sz,000679,大连友谊,6.32,6.36,6.37,6.27,6.29,4336300,27383581.0
2026-09-30,sz,000680,山推股份,8.82,8.82,9.12,8.82,9.06,14550548,130900266.08
2026-09-30,sz,000681,视觉中国,15.86,15.99,16.1,15.61,15.62,11344009,178878206.84
2026-09-30,sz,000682,东方电子,10.24,10.3,10.75,10.26,10.62,16069299,169908009.86
2026-09-30,sz,000683,博源化工,5.58,5.59,5.82,5.57,5.79,59163728,339429296.44
2026-09-30,sz,000685,中山公用,10.62,10.64,10.71,10.6,10.67,5889459,62807396.53
2026-09-30,sz,000686,东北证券,7.51,7.53,7.55,7.51,7.53,7650127,57615241.0
2026-09-30,sz,000688,国城矿业,24.15,24.15,24.44,23.93,24.24,7409460,179448015.86
2026-09-30,sz,000690,宝新能源,5.15,5.14,5.25,5.07,5.21,43426432,225407324.99
2026-09-30,sz,000691,亚太实业,8.98,9.16,9.4,8.81,9.0,8500100,76954806.0
2026-09-30,sz,000692,惠天热电,4.17,4.2,4.59,4.18,4.59,37721197,170711391.23
2026-09-30,sz,000695,滨海能源,12.83,12.86,13.02,12.75,12.77,2973217,38234063.26
2026-09-30,sz,000697,炼石航空,9.14,9.4,9.41,9.05,9.16,6387505,58457948.95
2026-09-30,sz,000698,ST沈化,3.66,3.69,3.75,3.66,3.72,4050505,15054439.99
2026-09-30,sz,000700,模塑科技,12.09,12.1,12.65,11.63,12.28,69982095,859565120.77
2026-09-30,sz,000701,厦门信达,5.13,5.13,5.16,5.03,5.07,12825800,65159874.0
2026-09-30,sz,000702,正虹科技,5.85,5.89,5.95,5.8,5.87,6178800,36250331.0
2026-09-30,sz,000703,恒逸石化,15.69,15.66,15.87,15.42,15.63,70277123,1099932780.89
2026-09-30,sz,000705,浙江震元,7.13,7.14,7.24,7.12,7.13,4046929,28995161.06
2026-09-30,sz,000707,双环科技,4.59,4.62,4.65,4.57,4.62,5042300,23301707.0
2026-09-30,sz,000708,中信特钢,12.8,12.8,13.14,12.76,13.11,12943267,168245817.61
2026-09-30,sz,000709,河钢股份,2.0,2.0,2.05,1.99,2.04,80066438,162097832.32
2026-09-30,sz,000710,贝瑞基因,9.88,9.92,10.87,9.92,10.87,25235969,268548892.73
2026-09-30,sz,000711,京蓝科技,4.68,4.74,4.77,4.6,4.63,48902140,227723363.2
2026-09-30,sz,000712,锦龙股份,9.82,9.95,9.95,9.69,9.77,26472477,258560707.96
2026-09-30,sz,000713,国投丰乐,6.06,6.07,6.38,6.07,6.3,19397697,121212000.82
2026-09-30,sz,000715,中兴商业,5.3,5.32,5.37,5.24,5.33,4879570,25897582.1
2026-09-30,sz,000716,黑芝麻,4.94,4.97,4.99,4.89,4.94,15379486,75984226.98
2026-09-30,sz,000717,中南股份,2.17,2.17,2.2,2.13,2.19,19759795,42793613.72
2026-09-30,sz,000718,苏宁环球,2.11,2.12,2.14,2.01,2.13,64875663,134540143.68
2026-09-30,sz,000719,中原传媒,11.88,11.88,12.05,11.76,11.95,3955400,47158721.0
2026-09-30,sz,000720,新能泰山,3.59,3.63,3.64,3.56,3.64,19940700,71699600.0
2026-09-30,sz,000721,西安饮食,6.06,6.06,6.12,5.96,6.1,11201302,67832902.16
2026-09-30,sz,000722,湖南发展,12.88,12.99,13.6,12.92,13.0,22607700,298305289.0
2026-09-30,sz,000723,美锦能源,3.47,3.47,3.52,3.45,3.51,26910132,93996253.59
2026-09-30,sz,000725,京东方Ａ,5.71,5.73,5.88,5.69,5.72,906270862,5227446290.72
2026-09-30,sz,000726,鲁 泰Ａ,5.97,5.95,5.99,5.94,5.97,4499700,26862107.0
2026-09-30,sz,000727,冠捷科技,2.18,2.18,2.19,2.15,2.18,43294617,94104267.89
2026-09-30,sz,000728,国元证券,7.2,7.22,7.28,7.22,7.25,12400970,89895555.1
2026-09-30,sz,000729,燕京啤酒,10.81,10.8,11.1,10.76,11.0,15865894,174009125.48
2026-09-30,sz,000731,四川美丰,8.03,8.0,8.12,7.94,7.97,8993000,72013057.0
2026-09-30,sz,000733,振华科技,39.04,39.19,39.33,38.71,39.13,5993699,234158992.03
2026-09-30,sz,000735,罗 牛 山,5.76,5.76,5.81,5.65,5.69,37453260,213325445.81
2026-09-30,sz,000736,中交发展,4.8,4.69,4.88,4.36,4.85,40115229,187213693.94
2026-09-30,sz,000737,北方铜业,13.43,13.43,13.51,13.34,13.44,38532850,517698327.07
2026-09-30,sz,000738,航发控制,18.67,18.65,18.97,18.65,18.75,7708300,145059403.0
2026-09-30,sz,000739,普洛药业,26.56,25.77,27.89,25.23,27.74,21579866,575333691.61
2026-09-30,sz,000750,国海证券,3.59,3.59,3.62,3.58,3.61,24322060,87587039.15
2026-09-30,sz,000751,锌业股份,4.38,4.38,4.41,4.36,4.39,12445999,54633006.62
2026-09-30,sz,000752,*ST西发,8.68,8.68,8.78,8.63,8.72,1690100,14714950.0
2026-09-30,sz,000753,漳州发展,5.44,5.47,5.49,5.33,5.44,53593301,290891791.3
2026-09-30,sz,000755,山西高速,4.68,4.7,4.73,4.67,4.73,2309000,10891454.0
2026-09-30,sz,000756,新华制药,13.98,14.0,14.87,13.91,14.6,55215291,801651699.87
2026-09-30,sz,000757,浩物股份,4.3,4.31,4.37,4.26,4.3,5554700,23988576.0
2026-09-30,sz,000758,中色股份,5.71,5.7,5.75,5.69,5.72,11672018,66849069.55
2026-09-30,sz,000759,中百集团,6.1,6.29,6.3,5.98,6.15,51601120,315552790.04
2026-09-30,sz,000761,本钢板材,2.27,2.28,2.37,2.23,2.35,28295898,65146938.3
2026-09-30,sz,000762,西藏矿业,20.49,20.5,20.89,20.32,20.74,5826674,120355271.78
2026-09-30,sz,000766,通化金马,15.17,15.19,15.31,15.07,15.16,6621100,100502374.0
2026-09-30,sz,000767,晋控电力,3.27,3.27,3.29,3.25,3.28,32630194,106874296.54
2026-09-30,sz,000768,中航西飞,22.5,22.51,23.38,22.51,23.12,31835349,733853015.18
2026-09-30,sz,000776,广发证券,19.74,19.8,19.92,19.72,19.88,27349025,542609046.51
2026-09-30,sz,000777,中核科技,16.1,16.19,16.24,16.05,16.12,1753714,28288673.3
2026-09-30,sz,000778,新兴铸管,3.53,3.53,3.57,3.51,3.56,33460096,118629068.79
2026-09-30,sz,000779,甘咨询,8.45,8.5,8.5,8.37,8.39,13028000,109667053.0
2026-09-30,sz,000782,恒申新材,8.12,8.22,8.31,8.06,8.1,8852200,72194566.0
2026-09-30,sz,000783,长江证券,7.94,7.99,8.0,7.9,7.94,36072590,286503371.33
2026-09-30,sz,000785,居然智家,2.29,2.28,2.32,2.22,2.3,69733400,158306367.0
2026-09-30,sz,000786,北新建材,16.24,16.15,16.74,15.55,16.6,34831156,567579012.81
2026-09-30,sz,000788,北大医药,5.44,5.46,5.51,5.42,5.46,9283910,50774314.7
2026-09-30,sz,000789,万年青,4.17,4.19,4.2,4.09,4.17,6313834,26228325.29
2026-09-30,sz,000790,华神科技,4.44,4.35,4.51,4.35,4.42,63201786,280397871.16
2026-09-30,sz,000791,甘肃能源,7.0,6.99,7.08,6.98,7.06,9430429,66474504.74
2026-09-30,sz,000792,盐湖股份,23.5,23.49,24.02,23.45,23.83,44895130,1068890993.67
2026-09-30,sz,000793,ST华闻,2.0,2.0,2.01,1.99,1.99,6248100,12473490.0
2026-09-30,sz,000795,英洛华,8.18,8.17,8.22,8.17,8.21,4607595,37766512.41
2026-09-30,sz,000796,凯撒旅业,3.49,3.53,3.54,3.46,3.52,27132675,95340717.12
2026-09-30,sz,000797,中国武夷,2.7,2.64,2.74,2.5,2.72,79767002,209202430.44
2026-09-30,sz,000798,中水渔业,9.6,9.71,9.89,9.65,9.79,11157551,108958699.76
2026-09-30,sz,000799,酒鬼酒,36.01,36.02,37.43,35.8,36.67,5561534,204062704.97
2026-09-30,sz,000800,一汽解放,5.84,5.83,5.9,5.78,5.88,11364118,66532206.12
2026-09-30,sz,000801,四川九洲,11.52,11.57,11.59,11.4,11.41,5784923,66472631.95
2026-09-30,sz,000802,北京文化,3.91,3.91,3.93,3.81,3.85,33636300,129543993.0
2026-09-30,sz,000803,山高环能,6.86,6.93,7.36,6.9,7.24,12321744,88638015.8
2026-09-30,sz,000807,云铝股份,26.47,25.99,26.35,25.86,26.2,39698374,1037449853.77
2026-09-30,sz,000809,和展能源,3.47,3.48,3.52,3.4,3.42,17217550,59092551.0
2026-09-30,sz,000810,创维数字,9.1,9.1,9.16,9.05,9.1,7985459,72729434.26
2026-09-30,sz,000811,冰轮环境,37.88,38.0,38.38,36.72,36.79,18730878,695264915.03
2026-09-30,sz,000812,陕西金叶,3.74,3.76,3.8,3.69,3.72,17386975,64660142.25
2026-09-30,sz,000813,德展健康,3.2,3.21,3.25,3.19,3.23,19946892,64310011.12
2026-09-30,sz,000815,美利云,14.46,14.65,14.75,14.19,14.25,17110297,246216440.95
2026-09-30,sz,000816,智慧农业,2.79,2.8,2.8,2.76,2.79,18869130,52524883.7
2026-09-30,sz,000818,航锦科技,11.31,11.31,11.38,11.17,11.26,8047489,90656420.41
2026-09-30,sz,000819,岳阳兴长,12.19,12.26,12.35,12.15,12.2,2310800,28292979.11
2026-09-30,sz,000820,神雾节能,3.56,3.64,3.73,3.58,3.59,11797615,42737878.5
2026-09-30,sz,000821,ST京机,7.29,7.3,7.34,7.24,7.28,3616203,26302806.81
2026-09-30,sz,000822,山东海化,4.23,4.25,4.31,4.24,4.28,6828298,29216614.54
2026-09-30,sz,000823,超声电子,24.4,24.5,24.6,23.06,23.28,124168416,2935099767.77
2026-09-30,sz,000825,太钢不锈,3.35,3.36,3.41,3.34,3.39,25719072,86920154.63
2026-09-30,sz,000826,*ST启环,1.73,1.74,1.75,1.71,1.72,10284200,17837246.0
2026-09-30,sz,000828,东莞控股,9.91,9.93,10.01,9.88,9.97,3700192,36899068.16
2026-09-30,sz,000829,天音控股,9.15,9.26,9.27,8.9,9.14,20925556,190475395.28
2026-09-30,sz,000830,鲁西化工,11.22,11.24,11.5,11.23,11.43,16754338,191150083.62
2026-09-30,sz,000831,中国稀土,53.23,53.88,53.99,52.48,52.73,12813336,681930356.14
2026-09-30,sz,000833,粤桂股份,18.41,18.53,19.0,18.43,18.76,14822732,278243984.7
2026-09-30,sz,000837,秦川机床,9.51,9.52,9.63,9.46,9.47,6638319,63200540.92
2026-09-30,sz,000838,*ST发展,2.23,2.31,2.45,2.31,2.45,50673250,120842765.5
2026-09-30,sz,000839,国安股份,2.89,2.87,2.91,2.8,2.85,72270255,205154499.55
2026-09-30,sz,000848,承德露露,7.94,7.96,8.22,7.93,8.14,13188425,106787741.73
2026-09-30,sz,000850,华茂股份,4.63,4.39,4.5,4.17,4.17,158514020,671892787.47
2026-09-30,sz,000852,石化机械,5.28,5.26,5.35,5.25,5.31,9551688,50553439.9
2026-09-30,sz,000856,冀东装备,8.9,8.97,9.0,8.81,8.88,3297100,29358723.0
2026-09-30,sz,000858,五 粮 液,68.77,68.84,70.47,68.68,70.06,19488531,1358338217.08
2026-09-30,sz,000859,国风新材,8.62,8.66,8.8,8.5,8.53,19877967,171441006.86
2026-09-30,sz,000860,顺鑫农业,10.09,10.13,10.48,10.11,10.38,11083523,114397920.26
2026-09-30,sz,000862,银星能源,5.32,5.39,5.41,5.3,5.34,9962900,53213118.0
2026-09-30,sz,000863,三湘印象,4.52,4.52,4.52,4.27,4.46,26233130,115299353.31
2026-09-30,sz,000868,安凯客车,4.18,4.24,4.31,4.04,4.15,74898039,313203882.56
2026-09-30,sz,000869,张 裕Ａ,16.76,16.78,17.14,16.78,17.05,1534999,26066550.08
2026-09-30,sz,000875,电投绿能,4.6,4.6,4.7,4.58,4.68,24701082,115122851.98
2026-09-30,sz,000876,新 希 望,6.89,6.86,6.93,6.81,6.92,18994520,130610254.03
2026-09-30,sz,000877,天山股份,3.69,3.7,3.8,3.62,3.76,22272689,82798616.04
2026-09-30,sz,000878,云南铜业,15.95,15.95,16.12,15.88,16.04,21557972,345094834.44
2026-09-30,sz,000880,潍柴重机,23.59,23.9,24.35,23.52,23.86,12720415,303756572.86
2026-09-30,sz,000881,中广核技,6.37,6.39,6.45,6.36,6.4,3543600,22655135.0
2026-09-30,sz,000882,华联股份,1.53,1.56,1.56,1.48,1.55,77337000,117614666.0
2026-09-30,sz,000883,湖北能源,4.33,4.34,4.4,4.32,4.39,23491516,102769993.06
2026-09-30,sz,000885,城发环境,11.61,11.65,11.76,11.58,11.7,1998330,23361418.4
2026-09-30,sz,000886,海南高速,4.69,4.76,4.79,4.64,4.73,13953717,65752219.41
2026-09-30,sz,000887,中鼎股份,18.45,18.51,18.69,18.28,18.32,13884157,255838375.58
2026-09-30,sz,000888,峨眉山Ａ,9.08,9.09,9.11,9.01,9.06,7384226,66865223.84
2026-09-30,sz,000889,中嘉博创,3.7,3.7,3.71,3.61,3.62,18818100,68451873.0
2026-09-30,sz,000890,法尔胜,7.08,7.16,7.16,6.93,6.96,10088200,70589573.0
2026-09-30,sz,000892,欢瑞世纪,4.58,4.6,4.64,4.42,4.53,99629000,451958631.0
2026-09-30,sz,000893,亚钾国际,35.95,35.95,36.97,35.82,36.84,9263982,339827778.09
2026-09-30,sz,000895,双汇发展,23.41,23.45,23.7,23.35,23.66,7144276,168466694.07
2026-09-30,sz,000897,津滨发展,1.95,1.95,1.99,1.83,1.96,76421500,146139285.0
2026-09-30,sz,000898,鞍钢股份,2.02,2.03,2.08,1.99,2.06,52313455,106781189.38
2026-09-30,sz,000899,赣能股份,8.99,9.03,9.11,8.98,9.08,5360261,48580204.55
2026-09-30,sz,000900,现代投资,3.56,3.56,3.6,3.55,3.59,11382023,40747228.65
2026-09-30,sz,000901,航天科技,13.81,13.86,13.95,13.6,13.68,6639663,91301725.8
2026-09-30,sz,000902,新洋丰,13.36,13.44,13.63,13.37,13.5,3683187,49723719.15
2026-09-30,sz,000903,ST云动,1.92,1.93,1.99,1.91,1.97,13884900,27127627.0
2026-09-30,sz,000905,厦门港务,9.17,9.16,9.33,9.01,9.15,19551613,179409469.02
2026-09-30,sz,000906,浙商中拓,6.17,6.18,6.19,6.08,6.11,5536800,33883740.0
2026-09-30,sz,000908,石药景峰,5.95,5.97,6.08,5.97,5.99,10870900,65450879.0
2026-09-30,sz,000909,*ST数源,5.19,5.21,5.32,5.19,5.25,2573700,13546738.0
2026-09-30,sz,000910,大亚圣象,6.44,6.46,6.53,5.92,6.15,64133769,394590722.61
2026-09-30,sz,000911,*ST广糖,4.91,5.07,5.4,5.03,5.4,11133100,58329029.0
2026-09-30,sz,000912,泸天化,3.88,3.89,3.92,3.85,3.88,26576073,103266656.54
2026-09-30,sz,000913,钱江摩托,10.5,10.59,10.77,10.5,10.7,3154947,33686229.29
2026-09-30,sz,000915,华特达因,23.58,23.7,23.84,23.56,23.83,1003016,23820461.76
2026-09-30,sz,000917,电广传媒,6.81,6.81,6.87,6.68,6.77,14609000,99017061.0
2026-09-30,sz,000919,金陵药业,6.43,6.45,6.53,6.42,6.5,7401831,48100850.5
2026-09-30,sz,000920,沃顿科技,12.16,12.29,12.95,12.24,12.43,18429900,231693199.0
2026-09-30,sz,000921,海信家电,26.5,26.6,26.95,26.39,26.78,4073874,108685473.2
2026-09-30,sz,000922,佳电股份,11.99,12.0,12.09,11.87,11.93,3331246,39853949.84
2026-09-30,sz,000923,河钢资源,15.45,15.53,15.95,15.4,15.73,9429052,148204832.59
2026-09-30,sz,000925,众合科技,7.9,7.93,8.08,7.82,7.86,19745365,156184642.68
2026-09-30,sz,000926,福星股份,2.16,2.17,2.22,2.03,2.2,70371120,149657821.6
2026-09-30,sz,000927,中国铁物,2.43,2.45,2.49,2.42,2.47,42934900,105673678.0
2026-09-30,sz,000928,中钢国际,5.29,5.31,5.35,5.26,5.34,8999100,47803386.0
2026-09-30,sz,000929,兰州黄河,9.45,9.51,9.71,9.37,9.4,3130300,29668500.0
2026-09-30,sz,000930,中粮科技,5.02,5.05,5.19,5.04,5.16,36096677,185228659.39
2026-09-30,sz,000931,中 关 村,4.52,4.51,4.61,4.51,4.58,15948789,73008440.98
2026-09-30,sz,000932,华菱钢铁,3.44,3.45,3.55,3.42,3.54,83959603,293543621.66
2026-09-30,sz,000933,神火股份,26.1,25.72,26.33,25.61,26.22,29564444,771502103.08
2026-09-30,sz,000935,四川双马,19.2,19.2,19.68,19.12,19.45,3446934,66984371.8
2026-09-30,sz,000936,华西股份,5.44,5.48,5.58,5.36,5.49,12951885,71039484.08
2026-09-30,sz,000937,冀中能源,4.36,4.34,4.41,4.33,4.4,23857941,104673673.27
2026-09-30,sz,000938,紫光股份,31.53,31.75,31.85,30.91,31.02,71956610,2245996330.94
2026-09-30,sz,000948,南天信息,13.22,13.27,13.29,13.05,13.14,3119784,41040232.33
2026-09-30,sz,000949,新乡化纤,6.41,6.44,6.53,6.35,6.44,26269676,169685851.32
2026-09-30,sz,000950,重药控股,5.2,5.2,5.26,5.18,5.25,15669203,82051462.65
2026-09-30,sz,000951,中国重汽,19.92,19.92,20.29,19.89,20.23,8652879,174354462.4
2026-09-30,sz,000952,广济药业,6.6,6.58,6.68,6.55,6.57,5708100,37720432.6
2026-09-30,sz,000953,中哲精化,6.0,6.01,6.07,5.94,5.98,3894700,23348764.0
2026-09-30,sz,000955,欣龙控股,4.09,4.12,4.25,4.03,4.1,9527000,39193475.0
2026-09-30,sz,000957,中通客车,9.86,9.88,10.02,9.66,9.86,12658778,124411301.0
2026-09-30,sz,000958,电投产融,4.92,4.91,4.98,4.91,4.94,11192576,55390211.38
2026-09-30,sz,000959,首钢股份,3.45,3.45,3.53,3.43,3.51,22322172,77852227.72
2026-09-30,sz,000960,锡业股份,30.6,30.7,30.8,30.33,30.46,12737093,389171723.17
2026-09-30,sz,000962,东方钽业,55.45,55.67,56.56,54.05,54.27,9732020,536286867.38
2026-09-30,sz,000963,华东医药,26.85,26.73,27.72,26.69,27.69,32837967,902938210.59
2026-09-30,sz,000965,天保基建,3.49,3.43,3.53,3.25,3.5,51753192,175968491.2
2026-09-30,sz,000966,长源电力,3.95,3.96,3.99,3.93,3.98,23097999,91731501.03
2026-09-30,sz,000967,盈峰环境,8.1,7.97,8.07,7.78,7.79,53627704,422894189.83
2026-09-30,sz,000968,蓝焰控股,6.83,6.86,6.86,6.79,6.83,10444567,71276914.23
2026-09-30,sz,000969,安泰科技,16.25,16.35,16.39,15.99,16.0,10404563,167586312.12
2026-09-30,sz,000970,中科三环,10.99,10.99,11.03,10.9,10.95,9269229,101541877.7
2026-09-30,sz,000972,中基健康,3.86,3.88,3.96,3.86,3.94,9274101,36188192.9
2026-09-30,sz,000973,佛塑科技,11.4,11.51,11.72,11.4,11.56,17222181,199403438.51
2026-09-30,sz,000975,山金国际,22.27,22.3,22.83,22.11,22.76,31624554,713772174.84
2026-09-30,sz,000977,浪潮信息,67.18,67.53,67.89,65.9,65.93,33177233,2206841623.8
2026-09-30,sz,000978,桂林旅游,7.27,7.27,7.33,7.05,7.08,62032701,442156694.06
2026-09-30,sz,000980,众泰汽车,2.22,2.25,2.34,2.14,2.26,502837787,1130605611.94
2026-09-30,sz,000981,山子高科,2.76,2.72,2.79,2.67,2.69,352068194,952841891.49
2026-09-30,sz,000983,山西焦煤,6.37,6.36,6.52,6.34,6.48,41390863,267426150.98
2026-09-30,sz,000985,大庆华科,17.24,17.25,17.5,17.0,17.1,1285200,22026128.0
2026-09-30,sz,000987,越秀资本,7.14,7.16,7.24,7.12,7.2,12757875,91583684.14
2026-09-30,sz,000988,华工科技,94.25,94.99,94.99,91.82,92.25,24257120,2257799975.41
2026-09-30,sz,000989,九芝堂,8.55,8.55,8.79,8.53,8.75,14500300,126031527.0
2026-09-30,sz,000990,诚志股份,6.13,6.11,6.2,6.08,6.17,21650134,133360013.92
2026-09-30,sz,000993,闽东电力,16.28,16.81,17.27,16.56,17.09,65997207,1120190810.86
2026-09-30,sz,000995,皇台酒业,11.28,11.42,11.67,11.21,11.4,12448400,142666128.0
2026-09-30,sz,000997,新 大 陆,19.31,19.47,19.54,19.21,19.33,5943214,115138521.18
2026-09-30,sz,000998,隆平高科,8.38,8.44,8.71,8.38,8.66,27577850,236569134.99
2026-09-30,sz,000999,华润三九,23.44,23.44,24.25,23.42,24.19,11093747,265729005.65
2026-09-30,sz,001201,东瑞股份,15.72,16.03,17.26,15.6,15.82,17216401,281124781.13
2026-09-30,sz,001202,炬申股份,15.02,15.02,15.15,14.82,14.88,950510,14203021.7
2026-09-30,sz,001203,大中矿业,21.62,21.65,22.47,21.5,22.28,13097283,290390619.58
2026-09-30,sz,001205,盛航股份,14.41,14.59,14.68,14.3,14.44,2494000,36003812.0
2026-09-30,sz,001206,依依股份,16.93,18.31,18.62,18.31,18.62,4644737,86373022.63
2026-09-30,sz,001207,联科科技,19.08,18.96,19.21,18.76,19.0,4172305,79196114.51
2026-09-30,sz,001208,华菱线缆,13.06,13.22,13.23,12.87,12.92,5389500,70091598.0
2026-09-30,sz,001209,洪兴股份,18.67,18.95,19.0,18.58,18.87,2261200,42462896.0
2026-09-30,sz,001210,金房能源,27.22,27.34,27.54,26.54,27.2,3755503,101236487.7
2026-09-30,sz,001211,双枪科技,27.66,27.51,29.69,27.1,29.52,9884229,283364285.08
2026-09-30,sz,001212,中旗新材,36.78,36.87,37.4,35.74,36.18,3481518,126730888.64
2026-09-30,sz,001213,中铁特货,3.49,3.5,3.52,3.48,3.51,5502381,19281826.31
2026-09-30,sz,001215,千味央厨,32.3,32.59,32.59,31.93,32.44,1171098,37729361.51
2026-09-30,sz,001216,华瓷股份,29.09,28.8,28.99,26.18,26.18,26973690,719082130.6
2026-09-30,sz,001217,华尔泰,11.21,11.22,11.46,11.11,11.16,4857400,54635079.0
2026-09-30,sz,001218,丽臣实业,23.59,23.69,23.81,23.33,23.46,1059120,24959901.2
2026-09-30,sz,001219,青岛食品,12.9,12.93,13.0,12.8,12.94,1685780,21752440.6
2026-09-30,sz,001220,世盟股份,31.4,31.43,31.64,30.9,31.28,921167,28754062.8
2026-09-30,sz,001221,悍高集团,32.43,32.94,33.88,31.98,32.64,4444437,145546309.84
2026-09-30,sz,001222,源飞宠物,15.27,15.39,15.67,15.26,15.38,3166025,48861053.8
2026-09-30,sz,001223,欧克科技,41.93,42.54,42.94,40.78,40.94,1263880,52438540.4
2026-09-30,sz,001225,和泰机电,33.35,33.35,36.5,33.35,33.9,2777080,96177538.8
2026-09-30,sz,001226,拓山重工,47.83,48.3,48.39,45.53,45.7,1126892,52434856.64
2026-09-30,sz,001227,兰州银行,2.09,2.09,2.12,2.08,2.11,54668346,114941562.14
2026-09-30,sz,001228,永泰运,37.67,37.35,38.64,37.35,37.9,2599200,98722030.34
2026-09-30,sz,001229,魅视科技,38.43,38.55,38.9,37.03,37.13,2448700,91794261.55
2026-09-30,sz,001230,劲旅环境,19.17,19.48,19.49,18.94,18.97,2842764,54312949.12
2026-09-30,sz,001231,农心科技,22.81,22.82,23.07,22.51,22.52,733000,16687271.56
2026-09-30,sz,001232,嘉立创,188.4,188.09,189.8,184.02,184.73,2154148,399408619.24
2026-09-30,sz,001233,海安集团,43.62,43.82,44.7,43.6,43.8,1429175,63075751.85
2026-09-30,sz,001234,泰慕士,28.67,28.35,28.38,25.8,25.8,11007900,289864060.62
2026-09-30,sz,001236,弘业期货,7.85,7.85,7.95,7.74,7.84,6285411,49198624.8
2026-09-30,sz,001237,惠康科技,49.38,49.57,50.08,49.02,49.05,779377,38421484.65
2026-09-30,sz,001238,浙江正特,26.13,26.35,26.49,25.52,25.9,822630,21390950.8
2026-09-30,sz,001239,永达股份,12.29,12.33,12.42,12.25,12.3,1893400,23361418.08
2026-09-30,sz,001246,N力勤,21.23,65.0,84.85,65.0,65.09,117885162,8345390508.96
2026-09-30,sz,001248,华润新能,11.5,11.51,11.64,11.49,11.54,23736894,274316745.07
2026-09-30,sz,001255,博菲电气,27.39,27.95,27.95,26.96,27.1,1125100,30661185.0
2026-09-30,sz,001256,炜冈科技,21.42,21.68,21.95,21.21,21.72,1652800,35692353.0
2026-09-30,sz,001257,盛龙股份,21.26,20.95,21.19,20.3,20.47,12463928,256009882.37
2026-09-30,sz,001258,立新能源,10.12,10.18,10.2,9.98,10.03,25544943,256993363.01
2026-09-30,sz,001259,利仁科技,44.9,44.9,45.8,43.59,43.75,817500,36255525.0
2026-09-30,sz,001260,坤泰股份,19.01,19.18,19.46,19.09,19.2,2847600,54809611.0
2026-09-30,sz,001266,宏英智能,36.33,36.35,39.96,36.35,39.96,8018960,309229663.6
2026-09-30,sz,001267,汇绿生态,33.37,34.01,34.55,32.75,32.83,21254558,712338388.8
2026-09-30,sz,001268,联合精密,25.4,25.5,25.79,24.9,25.22,2534809,63907476.92
2026-09-30,sz,001269,欧晶科技,19.03,19.22,19.72,19.09,19.13,1456364,28060899.52
2026-09-30,sz,001270,铖昌科技,93.99,92.22,93.11,89.4,89.5,6230764,566016232.97
2026-09-30,sz,001277,速达股份,30.28,30.58,30.65,30.13,30.29,741700,22506368.0
2026-09-30,sz,001278,一彬科技,17.15,17.12,17.25,16.85,16.97,2580900,43892309.0
2026-09-30,sz,001279,强邦新材,26.17,26.32,26.35,25.84,26.0,478165,12453077.85
2026-09-30,sz,001280,中国铀业,60.21,60.4,60.62,60.0,60.22,1584294,95506997.74
2026-09-30,sz,001282,三联锻造,16.35,16.41,17.48,16.22,16.75,7233115,122731257.62
2026-09-30,sz,001283,豪鹏科技,46.27,46.56,48.45,45.56,47.06,4229941,200019147.75
2026-09-30,sz,001285,瑞立科密,41.95,42.14,42.76,41.38,41.62,1723156,72275694.99
2026-09-30,sz,001286,陕西能源,9.42,9.4,9.57,9.39,9.45,15624061,148192906.76
2026-09-30,sz,001287,中电港,23.37,23.58,23.65,22.55,22.59,11677936,267472920.13
2026-09-30,sz,001288,运机集团,32.16,32.58,33.0,31.0,31.32,4381000,139811655.13
2026-09-30,sz,001289,龙源电力,14.81,14.81,14.92,14.7,14.91,2426337,35981927.81
2026-09-30,sz,001296,长江材料,19.51,19.51,19.84,19.28,19.39,1515500,29642161.0
2026-09-30,sz,001298,好上好,16.36,16.38,16.54,16.2,16.21,3882597,63415902.78
2026-09-30,sz,001299,美能能源,9.99,10.13,10.22,9.99,10.09,4206175,42521214.7
2026-09-30,sz,001300,三柏硕,12.42,12.49,12.59,12.15,12.28,2180600,26923978.0
2026-09-30,sz,001301,尚太科技,46.09,46.0,47.72,45.68,47.34,4323018,203382645.18
2026-09-30,sz,001306,夏厦精密,56.5,57.2,57.66,55.62,55.8,620083,34990549.19
2026-09-30,sz,001308,康冠科技,17.96,18.02,18.16,17.99,18.03,1095778,19792773.75
2026-09-30,sz,001309,德明利,372.2,373.0,373.99,355.15,358.46,8545178,3084071756.3
2026-09-30,sz,001311,多利科技,16.87,16.82,17.06,16.7,16.7,2369786,39911779.32
2026-09-30,sz,001312,福恩股份,17.82,17.83,18.06,17.66,17.76,2035698,36263997.58
2026-09-30,sz,001313,粤海饲料,7.16,7.19,7.24,7.13,7.16,5015550,35956049.0
2026-09-30,sz,001314,亿道信息,50.69,50.91,51.4,48.81,49.05,2575500,127688502.0
2026-09-30,sz,001316,润贝航科,27.54,27.6,27.88,27.25,27.46,1806513,49699915.85
2026-09-30,sz,001317,三羊马,62.5,62.99,66.78,61.66,61.85,10553744,670426946.43
2026-09-30,sz,001318,阳光乳业,11.85,11.88,13.04,11.75,13.04,9969000,125868065.0
2026-09-30,sz,001319,铭科精技,21.55,21.59,21.64,21.07,21.14,1030299,21921627.69
2026-09-30,sz,001322,箭牌家居,6.51,6.5,6.83,6.46,6.74,9088600,60566246.0
2026-09-30,sz,001323,慕思股份,18.22,18.08,18.76,17.71,18.68,2023041,37137464.64
2026-09-30,sz,001324,长青科技,20.5,20.56,21.07,20.06,20.26,3924850,80494318.54
2026-09-30,sz,001325,元创股份,36.14,36.25,36.51,35.23,35.48,668800,23886436.0
2026-09-30,sz,001326,联域股份,103.79,103.27,106.32,99.8,101.03,1759362,181061821.86
2026-09-30,sz,001328,登康口腔,30.45,30.66,31.99,30.46,31.6,2239643,70327778.18
2026-09-30,sz,001330,博纳影业,6.63,6.69,6.8,6.39,6.58,208377500,1367128137.0
2026-09-30,sz,001331,胜通能源,38.5,39.3,39.87,37.61,38.97,6520720,253882501.13
2026-09-30,sz,001332,锡装股份,27.19,27.3,27.75,26.9,26.9,2376040,64675005.98
2026-09-30,sz,001333,光华股份,19.97,20.13,20.45,19.84,19.93,960800,19284097.0
2026-09-30,sz,001335,信凯科技,32.92,33.0,34.3,32.75,33.04,875774,29186285.1
2026-09-30,sz,001336,楚环科技,19.14,19.24,19.58,18.63,18.77,2284761,43074621.13
2026-09-30,sz,001337,四川黄金,44.55,44.55,45.48,44.1,44.9,7630752,342047280.09
2026-09-30,sz,001338,永顺泰,9.07,9.1,9.24,9.07,9.21,6986100,64066395.0
2026-09-30,sz,001339,智微智能,70.42,70.99,73.08,69.5,69.72,3861656,273560126.6
2026-09-30,sz,001356,富岭股份,9.27,9.27,9.35,9.19,9.21,3049300,28241227.98
2026-09-30,sz,001358,兴欣新材,24.54,24.99,24.99,24.08,24.17,1038816,25334426.0
2026-09-30,sz,001359,平安电工,82.51,82.94,83.5,79.7,79.9,1642389,133211576.09
2026-09-30,sz,001360,南矿集团,19.01,19.0,19.52,18.88,18.89,3244400,62199414.0
2026-09-30,sz,001365,天海电子,36.35,36.03,36.55,35.16,35.25,5540005,198512421.87
2026-09-30,sz,001366,播恩集团,13.15,13.21,13.3,13.04,13.13,3039900,40011097.0
2026-09-30,sz,001367,海森药业,22.21,22.22,22.61,21.86,22.01,2207300,49035326.62
2026-09-30,sz,001368,通达创智,37.62,37.02,39.9,36.61,36.85,11818017,448206985.85
2026-09-30,sz,001369,双欣材料,11.96,11.99,12.04,11.9,11.94,2849096,34080196.23
2026-09-30,sz,001373,翔腾新材,31.59,31.72,32.18,30.72,30.99,1650900,51903875.0
2026-09-30,sz,001376,百通能源,12.3,12.33,12.66,12.12,12.18,14333495,176754936.75
2026-09-30,sz,001378,德冠新材,22.15,22.27,22.79,21.87,21.96,3797407,84173078.38
2026-09-30,sz,001379,腾达科技,15.88,15.97,16.04,15.62,15.75,1246900,19672345.0
2026-09-30,sz,001380,华纬科技,18.84,18.84,19.13,18.75,18.79,1813134,34352977.23
2026-09-30,sz,001382,新亚电缆,16.45,16.65,16.73,16.39,16.43,1289762,21326786.8
2026-09-30,sz,001386,马可波罗,15.99,16.01,16.15,15.65,15.98,3221719,51246832.14
2026-09-30,sz,001387,雪祺电气,12.54,12.54,12.64,12.29,12.38,3364240,41774024.2
2026-09-30,sz,001388,信通电子,19.68,19.71,19.94,19.5,19.53,2400011,47138082.91
2026-09-30,sz,001389,广合科技,191.84,193.0,193.66,175.87,176.66,9418041,1712536560.13
2026-09-30,sz,001390,古麒绒材,17.15,17.16,17.21,16.97,17.11,2109379,36082412.48
2026-09-30,sz,001391,国货航,3.8,3.81,3.85,3.79,3.84,17595601,67292881.01
2026-09-30,sz,001393,维通利,41.46,41.46,41.91,40.02,40.05,2369200,96292196.88
2026-09-30,sz,001395,亚联机械,29.97,30.18,30.44,29.63,29.75,934704,27989766.56
2026-09-30,sz,001396,誉帆科技,31.34,31.65,31.83,30.55,30.89,827240,25605741.66
2026-09-30,sz,001399,惠科股份,22.0,22.3,22.3,21.25,21.27,19318108,417105621.26
2026-09-30,sz,001400,江顺科技,85.33,84.99,86.49,82.4,84.8,3731316,315708675.52
2026-09-30,sz,001696,宗申动力,15.33,15.35,15.42,15.03,15.15,21973783,334949896.67
2026-09-30,sz,001872,招商港口,24.4,23.94,24.2,23.61,24.18,3284185,78727447.03
2026-09-30,sz,001896,豫能控股,10.29,10.45,10.48,10.29,10.3,27255596,282622119.58
2026-09-30,sz,001914,招商积余,9.36,9.0,9.44,8.94,9.4,20741782,190835486.18
2026-09-30,sz,001965,招商公路,10.0,10.0,10.14,9.98,10.05,8614456,86608675.8
2026-09-30,sz,001979,招商蛇口,7.59,7.25,7.83,6.89,7.58,290984458,2139574832.22
2026-09-30,sz,002001,新 和 成,25.33,25.33,26.1,25.28,25.95,21310599,550056294.52
2026-09-30,sz,002003,伟星股份,11.39,11.33,11.48,11.24,11.31,7849600,88962927.99
2026-09-30,sz,002004,华邦健康,4.26,4.24,4.35,4.24,4.34,18963300,81839993.0
2026-09-30,sz,002005,德豪润达,2.71,2.76,2.79,2.68,2.73,31265400,85041294.0
2026-09-30,sz,002006,精工科技,13.29,13.5,13.52,13.15,13.21,3408780,45163452.5
2026-09-30,sz,002007,华兰生物,13.02,13.05,13.37,13.02,13.34,12423712,164967640.2
2026-09-30,sz,002008,大族激光,81.76,82.26,82.61,79.8,80.03,25309670,2043629497.76
2026-09-30,sz,002009,天奇股份,15.37,15.46,15.98,15.29,15.49,11305551,176719781.32
2026-09-30,sz,002010,传化智联,4.57,4.57,4.62,4.57,4.6,11135599,51166021.42
2026-09-30,sz,002011,盾安环境,12.5,12.65,13.16,12.53,12.6,33749528,432247533.68
2026-09-30,sz,002012,凯恩股份,6.89,6.98,6.99,6.85,6.9,5692300,39419553.0
2026-09-30,sz,002014,永新股份,11.07,11.08,11.25,11.03,11.21,1958420,21909257.1
2026-09-30,sz,002015,协鑫能科,14.55,14.71,14.83,14.53,14.58,33273215,487526644.09
2026-09-30,sz,002016,世荣兆业,4.84,4.86,4.98,4.58,4.95,22950038,110196810.48
2026-09-30,sz,002017,东信和平,13.86,13.93,13.98,13.74,13.79,6844770,94633905.85
2026-09-30,sz,002019,亿帆医药,9.23,9.24,9.48,9.22,9.42,9874450,92940515.0
2026-09-30,sz,002020,京新药业,11.34,11.39,11.87,11.36,11.83,22739100,266655577.6
2026-09-30,sz,002021,中捷资源,2.63,2.64,2.65,2.57,2.58,21702383,56408638.97
2026-09-30,sz,002022,科华生物,5.97,6.0,6.32,5.97,6.12,14535415,89204609.82
2026-09-30,sz,002023,海特高新,9.44,9.58,9.59,9.28,9.31,8619925,80855249.25
2026-09-30,sz,002024,ST易购,1.15,1.15,1.16,1.14,1.16,16617018,19142769.7
2026-09-30,sz,002025,航天电器,68.1,68.61,69.46,66.97,67.01,4903478,333367128.44
2026-09-30,sz,002026,山东威达,11.09,11.12,11.22,10.95,10.98,5917500,65416819.0
2026-09-30,sz,002027,分众传媒,4.65,4.65,4.74,4.63,4.73,124323869,582771376.01
2026-09-30,sz,002028,思源电气,120.81,120.43,122.97,119.5,120.46,6271025,758044714.0
2026-09-30,sz,002029,七 匹 狼,8.96,9.14,9.35,8.86,8.87,31917483,288582089.2
2026-09-30,sz,002030,达安基因,5.64,5.65,5.8,5.63,5.75,23230518,133659682.25
2026-09-30,sz,002031,巨轮智能,5.69,5.54,5.8,5.42,5.44,167468616,931788835.0
2026-09-30,sz,002032,苏 泊 尔,39.51,39.56,40.09,39.31,39.95,1716500,68379280.0
2026-09-30,sz,002033,丽江股份,8.18,8.19,8.22,8.17,8.21,7645700,62675899.0
2026-09-30,sz,002034,旺能环境,13.97,14.06,14.11,13.93,14.07,3333046,46815296.01
2026-09-30,sz,002035,华帝股份,4.81,4.78,4.82,4.64,4.77,31822810,150031000.98
2026-09-30,sz,002036,联创电子,6.02,6.08,6.08,5.96,5.97,14658690,88106606.53
2026-09-30,sz,002037,保利联合,6.74,6.75,6.81,6.71,6.77,2920900,19741323.0
2026-09-30,sz,002038,双鹭药业,5.59,5.65,5.78,5.58,5.75,24475854,139634006.22
2026-09-30,sz,002039,黔源电力,18.99,19.08,19.58,19.02,19.54,6268311,121960324.94
2026-09-30,sz,002040,南 京 港,8.78,8.86,8.86,8.72,8.72,8046370,70595346.1
2026-09-30,sz,002041,登海种业,9.3,9.39,10.23,9.35,10.23,34498321,339688411.62
2026-09-30,sz,002042,华孚时尚,3.65,3.68,3.68,3.56,3.59,31183512,112232443.2
2026-09-30,sz,002043,兔 宝 宝,11.37,11.16,12.51,10.87,12.02,38254447,458635717.89
2026-09-30,sz,002044,美年健康,4.47,4.48,4.56,4.46,4.54,47325922,213150433.84
2026-09-30,sz,002045,国光电器,8.78,8.81,8.88,8.56,8.57,9579673,82718479.07
2026-09-30,sz,002046,国机精工,60.45,60.54,61.2,58.6,59.75,9741346,582264179.96
2026-09-30,sz,002047,宝鹰股份,3.12,3.19,3.2,3.11,3.17,17548000,55393170.0
2026-09-30,sz,002048,宁波华翔,17.79,17.83,18.17,17.61,17.67,9544298,170008752.14
2026-09-30,sz,002049,紫光国微,58.41,58.59,58.9,57.88,57.88,8164981,475014515.12
2026-09-30,sz,002050,三花智控,35.53,35.6,36.45,35.29,35.71,40396326,1452104040.14
2026-09-30,sz,002051,中工国际,8.59,8.8,8.82,8.68,8.74,17562909,153541593.62
2026-09-30,sz,002052,同洲电子,8.03,8.11,8.11,7.95,7.98,4306400,34446376.0
2026-09-30,sz,002053,云南能投,9.57,9.53,9.65,9.5,9.52,3560780,34028689.11
2026-09-30,sz,002054,德美化工,7.06,7.09,7.2,7.05,7.07,4944560,35163654.2
2026-09-30,sz,002055,ST得润,6.54,6.61,6.61,6.4,6.43,8362939,54009214.16
2026-09-30,sz,002056,横店东磁,19.55,19.61,19.72,19.29,19.33,9471145,183948997.23
2026-09-30,sz,002057,中钢天源,8.79,8.81,8.84,8.71,8.77,7342805,64452767.92
2026-09-30,sz,002058,紫竹高科,18.36,20.2,20.2,20.2,20.2,2531501,51136320.2
2026-09-30,sz,002059,云南旅游,4.23,4.25,4.27,4.17,4.23,28753800,121117571.0
2026-09-30,sz,002060,广东建工,3.02,3.03,3.07,3.01,3.06,15624944,47545276.2
2026-09-30,sz,002061,浙江交科,3.3,3.31,3.36,3.28,3.35,18801922,62462067.75
2026-09-30,sz,002062,宏润建设,8.96,8.96,9.29,8.86,9.05,15661720,143418091.2
2026-09-30,sz,002063,远光软件,5.24,5.24,5.29,5.21,5.26,10813704,56824084.94
2026-09-30,sz,002064,华峰化学,9.4,9.4,9.75,9.32,9.65,32688388,314375870.68
2026-09-30,sz,002065,东华软件,6.5,6.5,6.52,6.46,6.5,13111747,85108964.58
2026-09-30,sz,002066,瑞泰科技,19.6,19.64,19.78,19.41,19.57,960100,18761857.0
2026-09-30,sz,002067,景兴纸业,3.95,3.97,4.02,3.94,3.95,17202045,68167810.8
2026-09-30,sz,002068,黑猫股份,9.1,9.15,9.4,8.86,8.97,33741882,306511603.79
2026-09-30,sz,002069,獐子岛,3.66,3.67,3.69,3.63,3.65,5900207,21616945.48
2026-09-30,sz,002072,凯瑞德,7.16,7.25,7.28,7.02,7.03,7028200,49796383.0
2026-09-30,sz,002073,软控股份,5.64,5.65,5.71,5.62,5.68,9629787,54647283.06
2026-09-30,sz,002074,国轩高科,28.68,30.49,30.49,28.88,29.5,119465719,3531351169.48
2026-09-30,sz,002075,沙钢股份,3.48,3.49,3.54,3.46,3.52,18170200,63640030.0
2026-09-30,sz,002076,星光股份,2.12,2.13,2.14,2.08,2.11,18960704,39926707.48
2026-09-30,sz,002077,大港股份,14.35,14.4,14.46,13.61,13.68,45404354,629207691.8
2026-09-30,sz,002078,太阳纸业,13.55,13.6,13.84,13.55,13.7,19912676,273292322.2
2026-09-30,sz,002079,苏州固锝,8.58,8.64,8.64,8.43,8.43,15555881,132123420.88
2026-09-30,sz,002080,中材科技,54.81,54.9,55.28,53.5,54.15,33512772,1823642477.89
2026-09-30,sz,002081,金 螳 螂,4.78,4.98,5.02,4.6,4.77,181551242,858599770.65
2026-09-30,sz,002082,ST万邦,12.81,12.8,13.34,12.53,12.97,22297605,288646799.81
2026-09-30,sz,002083,孚日股份,9.25,9.29,9.63,9.23,9.6,23116900,218681308.0
2026-09-30,sz,002084,海鸥住工,5.8,5.8,5.92,5.66,5.74,57895417,333752874.89
2026-09-30,sz,002085,万丰奥威,9.18,9.22,9.38,9.2,9.32,17190107,159887717.51
2026-09-30,sz,002086,东方海洋,2.0,2.02,2.05,1.99,2.03,42029308,84920239.24
2026-09-30,sz,002088,鲁阳节能,7.99,8.07,8.17,7.95,8.1,1798626,14535681.27
2026-09-30,sz,002090,金智科技,8.94,8.94,9.06,8.91,8.94,2700578,24204193.66
2026-09-30,sz,002091,江苏国泰,7.46,7.47,7.61,7.44,7.57,8499022,64155245.06
2026-09-30,sz,002092,中泰化学,4.31,4.32,4.39,4.31,4.37,21952350,95585985.0
2026-09-30,sz,002093,国脉科技,7.98,8.01,8.08,7.72,7.76,32669484,256392896.21
2026-09-30,sz,002094,青岛金王,5.05,5.12,5.12,4.94,4.94,19287600,96277588.0
2026-09-30,sz,002095,生 意 宝,15.68,15.7,15.8,15.01,15.19,8877300,135959575.4
2026-09-30,sz,002096,易普力,8.95,8.95,9.14,8.94,9.11,2660600,24107019.0
2026-09-30,sz,002097,山河智能,6.78,6.82,6.85,6.76,6.8,7160905,48707371.04
2026-09-30,sz,002098,浔兴股份,8.28,8.3,8.32,8.18,8.21,4450061,36690256.95
2026-09-30,sz,002099,海翔药业,6.0,6.02,6.25,5.98,6.15,33432106,205716941.27
2026-09-30,sz,002100,天康生物,7.87,7.87,8.02,7.83,7.87,14998963,118881743.35
2026-09-30,sz,002101,广东鸿图,8.5,8.55,8.63,8.49,8.57,2435200,20860864.0
2026-09-30,sz,002102,ST能特,2.55,2.55,2.61,2.54,2.6,6708700,17332898.0
2026-09-30,sz,002103,广博股份,6.74,6.78,6.8,6.62,6.68,4825300,32287909.0
2026-09-30,sz,002104,恒宝股份,10.16,10.26,10.3,10.05,10.12,17041952,172781102.96
2026-09-30,sz,002105,信隆健康,6.08,6.08,6.12,6.01,6.05,5708700,34587106.58
2026-09-30,sz,002106,莱宝高科,12.06,12.08,12.45,11.83,11.9,29992659,361374230.12
2026-09-30,sz,002107,沃华医药,7.1,7.13,7.19,7.04,7.09,14649640,104184675.26
2026-09-30,sz,002108,沧州明珠,4.25,4.27,4.3,4.25,4.26,11682348,49825392.84
2026-09-30,sz,002109,ST兴化,2.8,2.79,2.81,2.78,2.8,2484500,6947648.0
2026-09-30,sz,002110,三钢闽光,2.87,2.88,2.94,2.84,2.93,27310001,79078640.88
2026-09-30,sz,002111,威海广泰,9.05,9.11,9.15,9.03,9.05,4892858,44434936.32
2026-09-30,sz,002112,三变科技,13.87,13.89,13.98,13.7,13.75,4914530,67982232.4
2026-09-30,sz,002114,罗平锌电,7.21,7.29,7.29,7.16,7.18,3266600,23532981.0
2026-09-30,sz,002115,三维通信,9.42,9.49,9.5,9.23,9.25,24464812,227667216.84
2026-09-30,sz,002116,中国海诚,7.15,7.18,7.25,7.09,7.2,2512500,18009486.8
2026-09-30,sz,002117,东港股份,7.83,7.85,7.89,7.65,7.79,8150550,63249809.5
2026-09-30,sz,002119,康强电子,28.27,27.81,28.05,25.44,25.8,88650921,2339128121.57
2026-09-30,sz,002120,韵达股份,6.8,6.8,6.85,6.77,6.82,15747041,107347315.19
2026-09-30,sz,002121,科陆电子,4.12,4.17,4.17,4.09,4.12,14257022,58754452.42
2026-09-30,sz,002122,ST汇洲,2.77,2.78,2.84,2.77,2.84,15275901,42963981.81
2026-09-30,sz,002123,梦网科技,7.66,7.82,7.82,7.53,7.54,10469926,79536239.54
2026-09-30,sz,002124,天邦食品,2.0,2.0,2.01,1.96,1.98,61110749,120950585.82
2026-09-30,sz,002125,湘潭电化,11.91,11.96,12.07,11.85,11.92,7381917,88245439.01
2026-09-30,sz,002126,银轮股份,34.2,34.5,34.79,33.8,33.95,12496010,427448650.0
2026-09-30,sz,002127,南极电商,2.98,2.99,3.0,2.91,2.97,39682322,117440713.56
2026-09-30,sz,002128,电投能源,28.14,27.98,28.23,27.68,27.9,10220864,285430589.07
2026-09-30,sz,002129,TCL中环,9.11,9.18,9.33,9.09,9.2,65130706,601689385.25
2026-09-30,sz,002130,沃尔核材,15.66,15.75,15.82,15.61,15.71,12417968,194955923.67
2026-09-30,sz,002131,利欧股份,4.25,4.26,4.32,4.2,4.2,128955063,546499499.92
2026-09-30,sz,002132,恒星科技,3.97,4.02,4.03,3.96,4.03,22853130,91399847.38
2026-09-30,sz,002133,广宇集团,2.93,2.92,2.95,2.75,2.94,29152500,83563630.4
2026-09-30,sz,002134,天津普林,25.16,25.5,25.55,23.68,23.69,13182562,320003393.96
2026-09-30,sz,002135,东南网架,5.94,5.94,5.99,5.83,5.93,6178635,36476087.8
2026-09-30,sz,002136,安 纳 达,11.76,11.79,11.86,11.68,11.75,2262910,26633724.5
2026-09-30,sz,002137,实益达,7.9,8.0,8.05,7.58,7.6,30217200,232737599.0
2026-09-30,sz,002138,顺络电子,48.88,49.02,49.8,48.0,48.24,14318906,699485855.23
2026-09-30,sz,002139,拓邦股份,9.58,9.6,9.66,9.54,9.57,6947010,66674514.0
2026-09-30,sz,002140,东华科技,8.95,8.97,9.18,8.97,9.15,3890300,35369120.0
2026-09-30,sz,002141,贤丰控股,6.58,6.52,6.54,6.25,6.3,118617432,751820703.89
2026-09-30,sz,002142,宁波银行,34.81,34.8,35.66,34.6,35.43,28569099,1010549482.79
2026-09-30,sz,002144,宏达高科,11.09,11.15,11.17,10.9,11.03,2769000,30538854.0
2026-09-30,sz,002145,钛能化学,4.6,4.6,4.64,4.57,4.59,40716605,187647925.05
2026-09-30,sz,002146,荣盛发展,1.29,1.28,1.33,1.22,1.31,400257121,508689321.63
2026-09-30,sz,002148,北纬科技,6.26,6.29,6.32,6.13,6.18,7108231,44025892.2
2026-09-30,sz,002149,西部材料,31.55,31.68,31.74,30.85,31.0,8623318,269417710.9
2026-09-30,sz,002150,正泰电源,19.61,19.67,20.08,19.45,19.56,5021700,98907064.0
2026-09-30,sz,002151,北斗星通,28.15,28.4,28.46,27.8,27.82,9235771,258760288.66
2026-09-30,sz,002152,广电运通,8.94,8.96,8.97,8.86,8.95,9545360,85171899.36
2026-09-30,sz,002153,石基信息,7.4,7.41,7.45,7.3,7.37,9168542,67437794.48
2026-09-30,sz,002154,报 喜 鸟,3.82,3.84,3.86,3.8,3.85,19224039,73688603.76
2026-09-30,sz,002155,湖南黄金,23.08,23.08,23.32,22.95,23.2,27253153,630648679.27
2026-09-30,sz,002156,通富微电,60.36,60.27,60.49,56.78,56.9,73500117,4250938115.29
2026-09-30,sz,002157,正邦科技,2.92,2.93,2.94,2.9,2.92,66477433,193900647.92
2026-09-30,sz,002158,汉钟精机,24.84,24.98,25.1,24.16,24.31,6011319,147760050.4
2026-09-30,sz,002159,三特索道,13.29,13.35,13.41,13.21,13.31,1538456,20433399.36
2026-09-30,sz,002160,常铝股份,3.9,3.92,3.93,3.87,3.88,7664048,29855424.24
2026-09-30,sz,002161,远 望 谷,6.44,6.57,6.6,6.3,6.36,23754100,153349953.0
2026-09-30,sz,002162,悦心健康,4.18,4.17,4.21,4.12,4.19,16838540,70280261.6
2026-09-30,sz,002163,海南发展,7.49,7.62,7.64,7.39,7.51,15955600,119610113.0
2026-09-30,sz,002164,宁波东力,12.05,12.26,13.26,12.12,13.26,49950365,648830906.72
2026-09-30,sz,002165,红 宝 丽,6.77,6.79,6.86,6.77,6.8,21408327,145652501.33
2026-09-30,sz,002166,莱茵生物,6.66,6.67,6.82,6.65,6.8,8994866,60836184.66
2026-09-30,sz,002167,东方锆业,15.59,15.77,15.78,15.01,15.04,25363619,386726578.22
2026-09-30,sz,002168,ST惠程,3.57,3.58,3.58,3.53,3.56,2135801,7591678.53
2026-09-30,sz,002169,智光电气,12.13,12.3,12.94,12.26,12.43,24939267,313264024.82
2026-09-30,sz,002170,芭田股份,10.52,10.53,10.58,10.46,10.57,8320558,87680890.28
2026-09-30,sz,002171,楚江新材,9.64,9.7,9.87,9.44,9.81,36309272,351035411.3
2026-09-30,sz,002172,澳洋健康,5.49,5.43,5.63,5.22,5.43,187581577,1026415505.49
2026-09-30,sz,002173,创新医疗,17.08,17.12,17.54,17.12,17.26,14194208,245746878.26
2026-09-30,sz,002174,游族网络,13.4,13.43,13.64,13.19,13.19,28255495,377237242.88
2026-09-30,sz,002175,*ST东智,2.48,2.47,2.52,2.47,2.48,6338500,15760248.0
2026-09-30,sz,002176,江特电机,8.2,8.23,8.79,8.16,8.61,60770765,517706653.93
2026-09-30,sz,002177,御银股份,5.49,5.49,5.52,5.41,5.43,12217372,66642068.4
2026-09-30,sz,002178,延华智能,4.99,5.05,5.09,4.84,4.85,30224414,147845672.07
2026-09-30,sz,002179,中航光电,32.9,33.3,33.85,33.08,33.33,16691847,558190487.71
2026-09-30,sz,002180,奔图科技,16.26,16.24,16.47,16.12,16.14,4677478,75935713.76
2026-09-30,sz,002181,粤 传 媒,9.0,9.02,9.22,8.7,8.8,52145206,462765781.68
2026-09-30,sz,002182,宝武镁业,11.04,11.02,11.12,10.94,11.0,6825149,75251720.56
2026-09-30,sz,002183,怡 亚 通,4.15,4.16,4.24,4.11,4.18,30812809,128152919.14
2026-09-30,sz,002184,海得控制,9.94,9.99,10.0,9.8,9.8,2558200,25212460.0
2026-09-30,sz,002185,华天科技,17.02,17.1,17.15,16.4,16.46,156878435,2608309269.87
2026-09-30,sz,002186,全 聚 德,9.34,9.39,9.63,9.23,9.61,6864430,65088768.84
2026-09-30,sz,002187,广百股份,5.46,5.46,5.53,5.4,5.51,6664000,36399702.0
2026-09-30,sz,002188,中天服务,5.82,5.82,6.4,5.66,6.4,23504900,144707999.0
2026-09-30,sz,002189,中光学,19.05,19.12,19.86,19.05,19.21,4632611,89751756.86
2026-09-30,sz,002190,成飞集成,22.92,22.92,23.15,22.85,22.94,2762881,63512252.87
2026-09-30,sz,002191,劲嘉股份,3.5,3.51,3.52,3.48,3.5,6635764,23221415.06
2026-09-30,sz,002192,融捷股份,56.97,57.0,57.49,56.28,56.4,6956349,394823440.55
2026-09-30,sz,002193,ST如意,4.55,4.57,4.57,4.47,4.53,2372600,10693809.0
2026-09-30,sz,002194,武汉凡谷,9.98,10.04,10.07,9.68,9.69,18242730,178932393.32
2026-09-30,sz,002195,岩山科技,5.95,5.98,5.98,5.89,5.92,43086513,255390480.69
2026-09-30,sz,002196,方正电机,10.16,10.21,10.37,10.06,10.1,17465800,178159184.0
2026-09-30,sz,002197,证通电子,6.5,6.54,6.54,6.35,6.35,12535400,80419082.0
2026-09-30,sz,002198,ST嘉应,3.59,3.61,3.64,3.57,3.58,2300100,8285561.0
2026-09-30,sz,002199,东晶电子,11.51,11.6,11.72,11.12,11.12,4220000,47787168.0
2026-09-30,sz,002200,交投生态,6.82,6.88,6.94,6.76,6.86,2534700,17371757.0
2026-09-30,sz,002201,九鼎新材,9.3,9.47,9.5,9.07,9.1,19068561,174725487.16
2026-09-30,sz,002202,金风科技,17.09,17.1,17.35,17.05,17.22,46006576,792197113.45
2026-09-30,sz,002203,海亮股份,17.48,17.45,17.76,17.29,17.32,8719795,152244370.78
2026-09-30,sz,002204,大连重工,5.27,5.28,5.36,5.28,5.33,20502606,109069549.41
2026-09-30,sz,002205,国统股份,12.76,12.44,13.68,11.8,12.16,24256950,301101718.14
2026-09-30,sz,002206,海 利 得,4.85,4.85,4.9,4.85,4.87,5069300,24713238.0
2026-09-30,sz,002207,*ST准油,5.4,5.41,5.44,5.32,5.33,3961200,21291153.0
2026-09-30,sz,002208,合肥城建,10.06,10.09,10.13,9.46,9.89,31904833,310444568.75
2026-09-30,sz,002209,达 意 隆,13.39,13.4,13.45,13.13,13.18,2323700,30795236.0
2026-09-30,sz,002210,飞马国际,2.08,2.1,2.1,2.06,2.08,32148550,66886263.0
2026-09-30,sz,002211,ST宏达,3.74,3.72,3.76,3.72,3.74,1535315,5743593.1
2026-09-30,sz,002212,天融信,7.38,7.38,7.41,6.97,7.21,138000861,988415953.38
2026-09-30,sz,002213,大为股份,27.83,27.95,28.1,26.63,26.7,8331003,225482227.23
2026-09-30,sz,002214,大立科技,17.78,17.8,17.95,17.45,17.65,3023724,53400319.4
2026-09-30,sz,002215,诺 普 信,9.26,9.26,9.4,9.21,9.31,9216276,85762601.81
2026-09-30,sz,002216,三全食品,11.33,11.34,11.54,11.32,11.5,4328058,49530922.81
2026-09-30,sz,002217,ST合力泰,1.52,1.52,1.55,1.52,1.53,64646907,98883194.71
2026-09-30,sz,002218,拓日新能,3.75,3.76,3.9,3.73,3.83,42750192,162497367.62
2026-09-30,sz,002219,新里程,2.08,2.08,2.11,2.06,2.1,64579795,135098803.26
2026-09-30,sz,002221,东华能源,5.58,5.58,5.63,5.57,5.61,8231385,46076494.3
2026-09-30,sz,002222,福晶科技,62.15,62.98,63.29,60.33,60.64,11066309,680032740.64
2026-09-30,sz,002223,鱼跃医疗,25.67,25.68,26.39,25.6,26.27,7959154,207898737.69
2026-09-30,sz,002224,三 力 士,3.71,3.73,3.94,3.73,3.77,15063800,57500439.0
2026-09-30,sz,002225,濮耐股份,3.41,3.41,3.43,3.38,3.42,13052600,44501318.0
2026-09-30,sz,002226,江南化工,4.85,4.88,5.34,4.85,5.34,78412171,411668717.8
2026-09-30,sz,002227,*ST特迅,6.41,6.41,6.45,6.33,6.43,958500,6131785.0
2026-09-30,sz,002228,合兴包装,3.23,3.24,3.27,3.2,3.23,16042040,51807280.4
2026-09-30,sz,002229,鸿博股份,10.21,10.32,10.32,10.03,10.05,13073692,132097618.62
2026-09-30,sz,002230,科大讯飞,37.2,37.34,37.4,37.06,37.22,10727115,399024060.16
2026-09-30,sz,002232,启明信息,17.15,16.51,16.76,16.04,16.48,28113211,459408885.45
2026-09-30,sz,002233,塔牌集团,6.68,6.68,6.9,6.66,6.86,14787713,100582786.65
2026-09-30,sz,002234,民和股份,7.93,7.85,8.18,7.85,7.92,3247917,25843597.3
2026-09-30,sz,002235,安妮股份,7.66,7.74,7.74,7.51,7.53,12429859,94199938.41
2026-09-30,sz,002236,大华股份,15.23,15.26,15.38,15.22,15.32,10879209,166333536.78
2026-09-30,sz,002237,恒邦股份,12.35,12.4,12.51,12.3,12.47,17568155,218182775.57
2026-09-30,sz,002238,天威视讯,7.52,7.31,7.6,7.01,7.08,60989934,440894158.84
2026-09-30,sz,002239,奥特佳,2.46,2.47,2.52,2.44,2.48,43378710,107570815.62
2026-09-30,sz,002240,盛新锂能,25.05,25.05,25.56,24.82,25.01,15589267,391640891.43
2026-09-30,sz,002241,歌尔股份,23.0,23.13,23.43,22.76,22.79,56551169,1301977802.41
2026-09-30,sz,002242,九阳股份,11.36,12.5,12.5,12.17,12.5,34960821,436662838.1
2026-09-30,sz,002243,力合科创,6.94,6.94,7.0,6.88,6.95,6179104,42865881.35
2026-09-30,sz,002244,滨江集团,9.46,8.99,10.39,8.56,10.14,179234727,1689372530.0
2026-09-30,sz,002245,蔚蓝锂芯,16.2,16.17,16.67,16.01,16.16,45401123,740853541.34
2026-09-30,sz,002246,北化股份,25.07,25.25,26.43,24.86,25.41,24772791,637784483.53
2026-09-30,sz,002247,聚力文化,2.48,2.49,2.5,2.44,2.48,15985700,39595266.0
2026-09-30,sz,002248,华东数控,9.34,9.47,9.75,9.16,9.16,17261100,162149032.0
2026-09-30,sz,002249,大洋电机,6.4,6.43,6.51,6.39,6.41,20661465,133081246.15
2026-09-30,sz,002250,联化科技,13.92,13.91,14.32,13.9,14.24,9491291,134277814.04
2026-09-30,sz,002251,步步高,3.39,3.43,3.46,3.35,3.45,57976122,197868082.13
2026-09-30,sz,002252,上海莱士,5.17,5.16,5.34,5.14,5.32,89895483,476053831.21
2026-09-30,sz,002253,川大智胜,8.56,8.73,9.01,8.64,8.8,8984300,79228970.0
2026-09-30,sz,002254,泰和新材,11.57,11.66,11.7,11.32,11.35,10098515,115567511.1
2026-09-30,sz,002255,海陆重工,7.26,7.29,7.32,7.22,7.26,3637400,26427958.0
2026-09-30,sz,002256,兆新股份,3.13,3.15,3.15,3.1,3.12,18901266,58916439.62
2026-09-30,sz,002258,利尔化学,13.83,13.93,14.0,13.84,13.88,8330117,116150984.49
2026-09-30,sz,002259,升达林业,4.89,4.99,5.19,4.88,5.01,36713400,184486413.0
2026-09-30,sz,002261,拓维信息,24.08,24.21,24.22,23.7,23.72,19141945,456567027.37
2026-09-30,sz,002262,恩华药业,21.5,23.65,23.65,22.45,22.73,29133029,670320316.87
2026-09-30,sz,002263,大东南,3.21,3.21,3.25,3.17,3.19,40954790,131224346.1
2026-09-30,sz,002264,新 华 都,7.57,7.63,7.73,7.35,7.4,45614507,341356852.09
2026-09-30,sz,002265,建设工业,18.9,18.94,19.18,18.84,18.92,6182500,117475143.0
2026-09-30,sz,002266,浙富控股,4.54,4.55,4.65,4.53,4.63,48373918,222779022.3
2026-09-30,sz,002267,陕天然气,7.15,7.15,7.22,7.12,7.21,4341500,31217351.0
2026-09-30,sz,002268,电科网安,15.08,14.95,15.1,14.55,14.86,17244514,255582900.93
2026-09-30,sz,002269,美邦服饰,1.37,1.39,1.4,1.36,1.39,42944600,59326394.0
2026-09-30,sz,002270,华明装备,17.02,17.05,17.25,16.78,17.04,8416039,143378817.26
2026-09-30,sz,002271,东方雨虹,10.43,10.37,10.65,10.08,10.61,52385332,544522490.4
2026-09-30,sz,002272,川润股份,14.23,14.44,14.63,13.88,13.99,16085843,226838903.39
2026-09-30,sz,002273,水晶光电,23.51,23.94,25.86,23.82,24.4,87417706,2182442726.95
2026-09-30,sz,002274,华昌化工,5.83,5.83,5.87,5.8,5.81,9690300,56451321.0
2026-09-30,sz,002275,桂林三金,12.07,12.12,12.23,12.07,12.22,1191300,14510404.0
2026-09-30,sz,002276,万马股份,9.74,9.78,9.93,9.75,9.86,7854959,77411096.79
2026-09-30,sz,002277,友阿股份,4.85,4.88,4.97,4.79,4.81,20548110,99665861.2
2026-09-30,sz,002278,神开股份,8.32,8.31,8.33,7.96,7.97,21573249,175326638.58
2026-09-30,sz,002279,久其软件,6.67,6.63,6.69,6.51,6.54,19163600,125785036.0
2026-09-30,sz,002281,光迅科技,166.9,169.62,169.62,164.15,164.88,16360812,2719448679.31
2026-09-30,sz,002282,博深股份,6.09,6.11,6.15,6.02,6.06,2596000,15737449.0
2026-09-30,sz,002283,天润工业,7.45,7.5,7.7,7.47,7.52,19180521,145220097.98
2026-09-30,sz,002284,亚太股份,9.25,9.28,9.44,9.21,9.29,9497131,88430650.59
2026-09-30,sz,002285,世联行,3.21,2.89,3.13,2.89,3.02,317595627,941814106.04
2026-09-30,sz,002286,保龄宝,8.24,8.29,8.41,8.25,8.32,12796900,106838129.0
2026-09-30,sz,002287,奇正藏药,19.12,19.12,19.45,19.07,19.38,1111296,21503156.48
2026-09-30,sz,002289,宇顺电子,33.58,33.62,33.9,32.98,33.2,1917756,63826831.94
2026-09-30,sz,002290,禾盛新材,69.9,70.55,70.9,67.55,68.08,5996854,411644586.29
2026-09-30,sz,002291,遥望科技,5.59,5.63,5.65,5.42,5.48,28096690,154269194.75
2026-09-30,sz,002292,奥飞娱乐,8.56,8.6,8.94,8.45,8.47,46710619,403103256.97
2026-09-30,sz,002293,罗莱生活,10.59,10.6,10.77,10.53,10.68,4097177,43684720.49
2026-09-30,sz,002294,信立泰,29.95,30.1,30.89,29.9,30.66,11152936,341051195.0
2026-09-30,sz,002295,精艺股份,9.86,10.0,10.03,9.71,9.77,5221900,51214892.0
2026-09-30,sz,002296,辉煌科技,9.58,9.61,9.65,9.4,9.42,9692624,91852930.32
2026-09-30,sz,002297,博云新材,20.15,20.18,20.28,19.61,19.7,41738813,830656670.23
2026-09-30,sz,002298,中电鑫龙,9.04,8.88,8.99,8.75,8.76,42949942,377853344.91
2026-09-30,sz,002299,圣农发展,15.51,15.53,15.68,15.47,15.6,4841399,75465525.4
2026-09-30,sz,002300,太阳电缆,7.77,7.78,7.85,7.65,7.68,25573769,197679695.03
2026-09-30,sz,002301,齐心集团,8.82,8.92,9.0,8.5,8.56,23685328,205042564.08
2026-09-30,sz,002302,西部建设,4.69,4.75,4.75,4.62,4.72,5620400,26373899.0
2026-09-30,sz,002303,美盈森,6.7,6.65,7.08,6.56,6.8,148549021,1022625650.01
2026-09-30,sz,002304,洋河股份,36.9,36.93,37.69,36.83,37.25,5832826,217413369.67
2026-09-30,sz,002305,*ST南置,2.08,2.07,2.12,2.05,2.09,25907403,53995160.24
2026-09-30,sz,002306,ST云网,2.11,2.1,2.13,2.08,2.11,5198900,10926591.0
2026-09-30,sz,002307,北新路桥,2.95,2.96,2.98,2.91,2.97,18202296,53538705.0
2026-09-30,sz,002309,中利集团,2.8,2.81,2.83,2.77,2.79,45317700,126711253.0
2026-09-30,sz,002310,东方新能,2.25,2.26,2.27,2.22,2.23,51507248,115068486.7
2026-09-30,sz,002311,海大集团,41.2,41.3,42.2,41.06,42.0,7602998,318377478.08
2026-09-30,sz,002312,川发龙蟒,8.11,8.13,8.19,8.12,8.16,11197101,91354699.14
2026-09-30,sz,002313,日海智能,8.93,9.02,9.04,8.75,8.76,16890300,149270267.0
2026-09-30,sz,002314,南山控股,2.37,2.37,2.49,2.23,2.43,77780909,183482164.45
2026-09-30,sz,002315,焦点科技,24.94,25.03,25.15,24.64,24.81,4675081,116119625.1
2026-09-30,sz,002316,亚联发展,4.5,4.53,4.95,4.5,4.95,29656400,145182371.0
2026-09-30,sz,002317,众生药业,22.79,22.88,24.63,22.8,24.03,32728222,782463760.87
2026-09-30,sz,002318,久立特材,17.52,17.48,17.92,17.48,17.83,6969440,123550426.75
2026-09-30,sz,002319,乐通股份,10.17,10.17,10.43,10.09,10.14,6998600,71541373.0
2026-09-30,sz,002320,海峡股份,6.27,6.3,6.36,6.3,6.33,17896643,113321884.22
2026-09-30,sz,002321,华英农业,2.08,2.08,2.1,2.0,2.04,91820700,187869770.0
2026-09-30,sz,002322,理工能科,11.89,11.96,12.02,11.8,11.86,3862713,45887939.18
2026-09-30,sz,002323,*ST雅博,1.22,1.22,1.22,1.18,1.19,47343313,56737656.37
2026-09-30,sz,002324,普利特,8.85,8.85,8.98,8.76,8.78,10636572,94141802.76
2026-09-30,sz,002326,永太科技,16.16,16.17,16.49,16.09,16.47,11887745,194256161.96
2026-09-30,sz,002327,富安娜,6.1,6.09,6.14,6.07,6.13,2187000,13353895.0
2026-09-30,sz,002328,新朋股份,8.26,8.35,8.42,8.08,8.11,33518139,275252195.8
2026-09-30,sz,002329,皇氏集团,3.66,3.71,3.75,3.61,3.71,26289500,96569200.0
2026-09-30,sz,002330,得利斯,4.11,4.12,4.25,4.07,4.11,11776701,48633155.08
2026-09-30,sz,002331,皖通科技,7.04,7.07,7.07,6.84,6.85,7412400,51140992.0
2026-09-30,sz,002332,仙琚制药,8.58,8.58,8.68,8.56,8.64,12363149,106968079.36
2026-09-30,sz,002333,罗普斯金,5.52,5.45,5.53,5.38,5.47,9877600,53774226.0
2026-09-30,sz,002334,英威腾,6.42,6.48,6.49,6.38,6.39,5920607,38034384.87
2026-09-30,sz,002335,科华数据,30.75,31.24,31.27,29.88,29.93,20162828,610414668.5
2026-09-30,sz,002337,赛象科技,4.77,4.78,4.79,4.71,4.73,6513100,30897814.0
2026-09-30,sz,002338,奥普光电,43.17,43.65,44.19,41.53,41.91,4367211,185573162.63
2026-09-30,sz,002339,积成电子,7.06,7.12,7.31,7.09,7.15,18812099,135284535.01
2026-09-30,sz,002340,格林美,6.04,6.04,6.13,6.01,6.11,41519227,252505739.19
2026-09-30,sz,002342,巨力索具,8.45,8.5,8.87,8.24,8.25,142457011,1206854345.44
2026-09-30,sz,002343,慈文传媒,5.72,5.72,5.79,5.57,5.64,10333212,58456409.24
2026-09-30,sz,002344,海宁皮城,4.0,4.01,4.05,3.94,4.02,11455488,45800264.55
2026-09-30,sz,002345,潮宏基,8.11,8.12,8.33,8.11,8.3,9839564,80925903.36
2026-09-30,sz,002346,柘中股份,17.9,18.11,18.13,17.73,17.81,3914900,70128122.0
2026-09-30,sz,002347,泰尔股份,6.6,6.5,6.53,6.3,6.39,70427130,452917958.94
2026-09-30,sz,002348,高乐股份,10.68,10.89,10.94,10.51,10.65,7101300,75612828.0
2026-09-30,sz,002349,精华制药,8.37,8.44,8.7,8.39,8.55,61500089,525767401.73
2026-09-30,sz,002350,北京科锐,13.45,13.58,13.65,13.39,13.43,3931353,53078329.94
2026-09-30,sz,002351,漫步者,9.87,9.87,9.91,9.79,9.84,3625313,35714171.17
2026-09-30,sz,002352,顺丰控股,30.51,30.46,30.73,30.37,30.67,11606919,355108662.16
2026-09-30,sz,002353,杰瑞股份,109.78,110.16,112.41,109.0,110.22,8394139,926011738.93
2026-09-30,sz,002354,天娱数科,7.24,7.26,7.31,7.12,7.16,85100661,612124292.44
2026-09-30,sz,002355,兴民智通,4.62,4.65,4.69,4.56,4.61,8670760,40080183.89
2026-09-30,sz,002356,鹏飞绿能,2.65,2.68,2.77,2.63,2.69,31803193,86062434.96
2026-09-30,sz,002357,富临运业,11.58,11.67,11.72,11.36,11.5,4024900,46302760.0
2026-09-30,sz,002358,森源电气,5.13,5.13,5.17,5.1,5.13,5708100,29290678.0
2026-09-30,sz,002360,ST同德,5.37,5.35,5.41,5.32,5.33,5187700,27754814.0
2026-09-30,sz,002361,神剑股份,9.79,9.85,10.25,9.51,9.58,71705513,700651686.18
2026-09-30,sz,002362,汉王科技,15.82,15.87,16.18,15.73,15.77,4500641,71524352.56
2026-09-30,sz,002363,隆基机械,6.98,6.98,7.14,6.9,6.95,6082130,42563071.8
2026-09-30,sz,002364,中恒电气,32.8,33.11,33.22,32.04,32.14,9767121,317024539.99
2026-09-30,sz,002365,永安药业,13.0,13.1,13.74,12.92,13.48,23432900,314402368.0
2026-09-30,sz,002366,融发核电,5.47,5.47,5.51,5.46,5.49,9727100,53318099.35
2026-09-30,sz,002367,康力电梯,6.17,6.1,6.2,6.0,6.06,23550614,143432048.93
2026-09-30,sz,002368,太极股份,12.72,12.73,12.75,12.5,12.62,4284003,53931748.83
2026-09-30,sz,002369,卓翼科技,5.6,5.62,5.67,5.52,5.56,6012700,33500810.0
2026-09-30,sz,002370,亚太药业,5.1,5.14,5.23,5.12,5.16,13862900,71819726.0
2026-09-30,sz,002371,北方华创,628.96,635.01,641.68,614.26,615.97,5607417,3494686798.74
2026-09-30,sz,002372,伟星新材,8.27,8.38,8.81,8.28,8.74,22160841,190203649.2
2026-09-30,sz,002373,千方科技,7.37,7.37,7.39,7.29,7.35,9213408,67741321.47
2026-09-30,sz,002374,中锐股份,3.3,3.31,3.4,3.29,3.36,26542100,88583804.0
2026-09-30,sz,002375,亚厦股份,3.86,3.88,3.93,3.8,3.92,17525788,67905947.08
2026-09-30,sz,002376,新北洋,6.59,6.62,6.63,6.51,6.55,7480805,48999364.75
2026-09-30,sz,002377,国创高新,2.93,2.93,2.99,2.9,2.96,36512812,107722792.52
2026-09-30,sz,002378,章源钨业,21.28,21.34,21.36,21.02,21.13,9429390,199738481.15
2026-09-30,sz,002379,宏桥控股,16.3,16.0,16.36,15.92,16.28,14158245,229531918.22
2026-09-30,sz,002380,科远智慧,26.85,26.9,27.02,26.26,26.29,1750100,46431580.0
2026-09-30,sz,002381,双箭股份,5.65,5.67,5.69,5.59,5.64,2832400,15962491.0
2026-09-30,sz,002382,蓝帆医疗,6.1,6.08,6.33,6.07,6.32,30707408,192310268.58
2026-09-30,sz,002383,合众思壮,8.08,8.07,8.1,7.64,7.68,27633883,215832508.71
2026-09-30,sz,002384,东山精密,171.21,173.0,173.0,166.99,167.4,30752434,5194066988.05
2026-09-30,sz,002385,大北农,3.07,3.08,3.12,3.06,3.1,41364737,127756480.96
2026-09-30,sz,002386,天原股份,5.79,5.78,5.86,5.76,5.85,9934550,57897953.8
2026-09-30,sz,002387,维信诺,6.63,6.74,6.8,6.65,6.7,8355799,56200476.68
2026-09-30,sz,002388,新亚制程,8.27,8.61,9.1,8.59,9.1,35687520,320868345.0
2026-09-30,sz,002389,航天彩虹,17.93,17.93,18.28,17.93,18.11,9825480,178071797.01
2026-09-30,sz,002390,信邦制药,2.92,2.92,2.98,2.92,2.96,20037063,59196989.94
2026-09-30,sz,002391,长青股份,5.11,5.12,5.16,5.1,5.14,3810050,19577512.0
2026-09-30,sz,002392,北京利尔,7.41,7.45,7.52,7.35,7.42,6238114,46424404.44
2026-09-30,sz,002393,力生制药,13.87,13.9,14.12,13.89,14.08,2173842,30530825.66
2026-09-30,sz,002394,联发股份,10.59,10.63,10.63,10.15,10.15,5829600,60066246.0
2026-09-30,sz,002395,双象股份,13.68,13.83,13.86,13.48,13.6,9458084,129017909.41
2026-09-30,sz,002396,星网锐捷,32.86,33.41,33.58,32.38,32.6,33049373,1086059188.72
2026-09-30,sz,002397,梦洁股份,3.62,3.63,3.63,3.53,3.59,10652913,38078571.28
2026-09-30,sz,002398,垒知集团,4.27,4.28,4.31,4.18,4.26,12131100,51561178.0
2026-09-30,sz,002399,海普瑞,9.61,9.61,9.92,9.56,9.85,4148623,40780345.12
2026-09-30,sz,002400,省广集团,6.48,6.45,6.49,6.35,6.36,38620588,246878731.3
2026-09-30,sz,002401,中远海科,12.08,12.15,12.15,11.99,12.06,1560240,18796844.8
2026-09-30,sz,002402,和而泰,17.81,17.95,18.0,17.58,17.62,12889300,228211545.0
2026-09-30,sz,002403,爱仕达,10.23,10.24,10.54,10.07,10.18,15812375,162255325.55
2026-09-30,sz,002404,嘉欣丝绸,5.84,5.83,5.84,5.75,5.79,5315500,30762590.04
2026-09-30,sz,002405,四维图新,5.91,5.91,5.95,5.87,5.91,19925821,117884381.88
2026-09-30,sz,002406,远东传动,6.42,6.42,6.5,6.39,6.42,6798300,43800352.0
2026-09-30,sz,002407,多氟多,29.78,30.05,30.13,29.47,29.49,35514335,1055937865.75
2026-09-30,sz,002408,齐翔腾达,5.09,5.08,5.28,5.08,5.22,16377263,85114607.4
2026-09-30,sz,002409,雅克科技,124.55,125.47,125.8,120.51,121.0,9151351,1117917647.09
2026-09-30,sz,002410,广联达,8.46,8.45,8.6,8.38,8.54,16855895,143020558.96
2026-09-30,sz,002412,汉森制药,8.82,8.99,9.44,8.8,9.07,59335972,543576133.05
2026-09-30,sz,002413,雷科防务,8.78,8.89,9.04,8.57,8.61,122344945,1069948248.41
2026-09-30,sz,002414,高德红外,11.27,11.28,11.36,11.12,11.18,24712483,277366392.76
2026-09-30,sz,002415,海康威视,32.11,32.17,32.56,32.17,32.46,30872111,1000237729.64
2026-09-30,sz,002416,爱施德,8.9,8.94,9.01,8.85,8.98,7579300,67768709.0
2026-09-30,sz,002418,康盛股份,4.36,4.41,4.5,4.34,4.37,48003800,211811565.0
2026-09-30,sz,002419,天虹股份,4.63,4.63,5.09,4.59,5.09,51428505,255385489.29
2026-09-30,sz,002420,毅昌科技,6.1,6.13,6.15,6.03,6.09,5138100,31279166.0
2026-09-30,sz,002421,达实智能,3.21,3.22,3.24,3.11,3.17,96664661,304857777.37
2026-09-30,sz,002422,科伦药业,39.22,38.97,41.7,38.96,40.85,23676739,963798636.33
2026-09-30,sz,002423,中粮资本,9.11,9.15,9.19,9.09,9.14,5748400,52524905.0
2026-09-30,sz,002424,ST百灵,4.63,4.61,4.72,4.61,4.69,7182100,33534098.0
2026-09-30,sz,002425,凯撒文化,3.12,3.13,3.15,3.05,3.09,24471649,75700545.94
2026-09-30,sz,002426,胜利精密,2.65,2.66,2.68,2.55,2.56,127642939,329072787.22
2026-09-30,sz,002427,尤夫股份,4.53,4.53,4.56,4.48,4.52,5568472,25143047.8
2026-09-30,sz,002428,云南锗业,87.16,88.2,90.84,86.1,86.87,31019719,2736207223.88
2026-09-30,sz,002429,兆驰股份,8.14,8.17,8.21,7.91,7.92,43439909,348331964.02
2026-09-30,sz,002430,杭氧股份,24.02,24.08,25.3,23.9,25.04,14977217,371871391.19
2026-09-30,sz,002431,ST棕榈,1.3,1.31,1.32,1.28,1.32,12945500,16847582.0
2026-09-30,sz,002432,九安医疗,60.34,60.78,61.55,60.11,60.39,8347203,505391734.88
2026-09-30,sz,002434,万里扬,6.16,6.29,6.36,6.15,6.17,15276775,95293893.5
2026-09-30,sz,002436,兴森科技,42.2,42.22,42.48,40.66,40.94,67748660,2803745582.09
2026-09-30,sz,002437,誉衡药业,3.47,3.48,3.76,3.44,3.65,353814507,1277182814.34
2026-09-30,sz,002438,江苏神通,13.65,13.78,13.91,13.67,13.68,3787700,52243035.0
2026-09-30,sz,002439,启明星辰,14.94,14.8,14.89,14.42,14.68,38285405,560665359.55
2026-09-30,sz,002440,闰土股份,12.99,13.0,13.78,13.0,13.26,46407575,619332962.45
2026-09-30,sz,002441,众业达,8.25,8.23,8.29,8.17,8.25,4289323,35321284.04
2026-09-30,sz,002442,龙星科技,5.32,5.34,5.47,5.28,5.35,16080581,86203356.14
2026-09-30,sz,002443,金洲管道,12.85,13.11,13.11,12.56,12.67,20632725,264214768.75
2026-09-30,sz,002444,巨星科技,26.58,26.66,27.0,26.45,26.84,4716500,126396325.0
2026-09-30,sz,002445,中南文化,3.1,3.1,3.12,3.07,3.08,32150188,99398511.04
2026-09-30,sz,002446,盛路通信,7.74,7.8,7.82,7.57,7.58,15454637,118173857.05
2026-09-30,sz,002448,中原内配,10.77,11.05,11.22,10.67,10.9,11764700,127594400.0
2026-09-30,sz,002449,国星光电,6.53,6.55,6.73,6.52,6.55,7918827,52250821.28
2026-09-30,sz,002451,摩恩电气,7.52,7.56,7.75,7.45,7.69,9448539,72125061.23
2026-09-30,sz,002452,长高电气,11.35,11.42,11.74,11.33,11.37,8134926,93412103.96
2026-09-30,sz,002453,华软科技,4.72,4.8,4.93,4.7,4.79,53304981,257506403.85
2026-09-30,sz,002454,松芝股份,5.1,5.1,5.61,5.1,5.61,22094313,121091923.39
2026-09-30,sz,002455,百川股份,6.8,6.82,6.92,6.79,6.8,15955654,109093512.49
2026-09-30,sz,002456,欧菲光,6.48,6.52,6.56,6.44,6.49,40279401,261960578.86
2026-09-30,sz,002457,青龙管业,11.11,11.44,11.52,11.17,11.31,18852100,213765784.0
2026-09-30,sz,002458,益生股份,8.05,8.08,8.13,8.04,8.09,14181677,114578930.28
2026-09-30,sz,002459,晶澳科技,6.6,6.63,6.8,6.56,6.74,35239687,235595640.19
2026-09-30,sz,002460,赣锋锂业,43.38,43.51,43.94,42.62,43.43,24639047,1067198362.82
2026-09-30,sz,002461,珠江啤酒,8.31,8.38,8.44,8.29,8.39,3561085,29808875.25
2026-09-30,sz,002462,嘉事堂,12.18,12.27,12.3,12.15,12.26,1770400,21674474.0
2026-09-30,sz,002463,沪电股份,119.07,119.66,120.08,114.5,115.93,30382816,3531495972.6
2026-09-30,sz,002465,海格通信,10.0,10.1,10.17,9.88,9.89,37053986,369557431.67
2026-09-30,sz,002466,天齐锂业,40.55,40.59,40.9,40.04,40.25,19048280,769439632.9
2026-09-30,sz,002467,二六三,5.06,5.0,5.0,4.84,4.88,68847320,336778221.4
2026-09-30,sz,002468,申通快递,14.69,14.69,14.85,14.58,14.6,9657858,141898605.23
2026-09-30,sz,002469,三维化学,6.02,6.02,6.08,5.99,6.06,3451479,20828485.67
2026-09-30,sz,002470,金正大,1.97,2.0,2.01,1.97,1.98,83733205,166700251.95
2026-09-30,sz,002471,中超控股,5.21,5.3,5.39,5.11,5.12,43965134,228301610.11
2026-09-30,sz,002472,双环传动,38.7,38.57,38.79,38.02,38.09,13164565,504368193.78
2026-09-30,sz,002474,榕基软件,6.73,6.65,6.68,6.26,6.38,42485035,271865546.62
2026-09-30,sz,002475,立讯精密,50.4,50.5,50.88,49.04,49.43,63620025,3160725551.3
2026-09-30,sz,002476,新叶股份,4.88,4.91,4.91,4.81,4.82,4600600,22294365.0
2026-09-30,sz,002478,常宝股份,6.3,6.3,6.36,6.27,6.28,7850800,49495067.0
2026-09-30,sz,002479,富春环保,5.71,5.73,5.8,5.72,5.78,8769600,50627561.0
2026-09-30,sz,002480,新筑股份,5.53,5.55,5.63,5.45,5.48,22222963,122584199.43
2026-09-30,sz,002481,双塔食品,4.22,4.22,4.3,4.19,4.28,8691675,37007909.5
2026-09-30,sz,002482,广田集团,1.37,1.39,1.5,1.33,1.4,145783872,202769203.12
2026-09-30,sz,002483,润邦股份,5.87,6.0,6.07,5.81,5.84,11345846,66887334.94
2026-09-30,sz,002484,江海股份,52.84,53.4,53.41,51.03,51.32,22858208,1181522116.86
2026-09-30,sz,002485,ST雪发,5.84,5.87,6.05,5.77,5.98,2922370,17254844.6
2026-09-30,sz,002486,嘉麟杰,2.69,2.7,2.73,2.64,2.66,22428300,60014878.0
2026-09-30,sz,002487,大金重工,42.93,42.79,47.0,42.23,46.29,94406963,4195666360.92
2026-09-30,sz,002488,金固股份,7.19,7.18,7.29,7.16,7.23,8415900,60890188.0
2026-09-30,sz,002489,浙江永强,2.9,2.91,2.94,2.85,2.88,22252783,64342193.25
2026-09-30,sz,002490,山东墨龙,6.94,6.96,6.96,6.88,6.91,9607670,66342800.7
2026-09-30,sz,002491,通鼎互联,20.62,20.88,20.99,19.86,20.04,97302115,1971701294.67
2026-09-30,sz,002492,恒基达鑫,6.52,6.56,6.57,6.36,6.36,6496700,41734570.0
2026-09-30,sz,002493,荣盛石化,13.25,13.14,13.55,13.12,13.33,31957950,427199072.46
2026-09-30,sz,002494,华斯股份,5.32,5.24,5.24,4.86,5.05,72706193,362348650.14
2026-09-30,sz,002495,佳隆股份,2.43,2.44,2.45,2.39,2.43,17078120,41387183.8
2026-09-30,sz,002496,辉丰股份,2.1,2.1,2.12,2.08,2.1,14516600,30477020.0
2026-09-30,sz,002497,雅化集团,15.72,15.77,15.87,15.6,15.7,14233109,223960711.3
2026-09-30,sz,002498,汉缆股份,6.06,6.09,6.11,6.05,6.11,21812900,132838806.0
2026-09-30,sz,002500,山西证券,5.15,5.15,5.2,5.13,5.18,10641720,55034391.9
2026-09-30,sz,002501,*ST利源,1.27,1.27,1.3,1.26,1.3,22545668,28862277.04
2026-09-30,sz,002506,协鑫集成,2.35,2.37,2.39,2.33,2.38,136318685,322146200.63
2026-09-30,sz,002507,涪陵榨菜,11.08,11.08,11.23,11.06,11.2,7211146,80500372.06
2026-09-30,sz,002508,老板电器,16.6,16.58,17.24,16.37,17.11,10209655,172987941.8
2026-09-30,sz,002510,天汽模,5.68,5.69,5.94,5.66,5.82,30495080,177871936.86
2026-09-30,sz,002511,中顺洁柔,6.91,6.92,7.04,6.9,6.99,7751000,54109891.0
2026-09-30,sz,002512,ST达华,3.72,3.75,3.8,3.7,3.76,12340400,46316307.0
2026-09-30,sz,002513,蓝丰生化,5.47,5.54,6.02,5.49,5.86,48087153,282455558.81
2026-09-30,sz,002514,*ST宝馨,2.41,2.39,2.47,2.38,2.41,22476900,54600633.0
2026-09-30,sz,002515,金字火腿,7.25,7.27,7.34,7.03,7.05,33932700,241548474.01
2026-09-30,sz,002516,旷达科技,5.54,5.65,5.67,5.5,5.53,11763500,65355063.0
2026-09-30,sz,002517,恺英网络,15.87,15.92,16.09,15.82,16.01,18343160,292987035.53
2026-09-30,sz,002518,科士达,34.33,35.28,35.7,34.01,34.05,11054730,385398554.5
2026-09-30,sz,002519,银河电子,5.66,5.71,5.74,5.55,5.57,28979700,162880117.8
2026-09-30,sz,002520,日发精机,6.35,6.38,6.48,6.24,6.27,26523002,167866865.58
2026-09-30,sz,002521,齐峰新材,6.2,6.22,6.22,6.15,6.19,2273500,14077308.0
2026-09-30,sz,002522,浙江众成,5.34,5.36,5.39,5.22,5.26,21438700,113218508.83
2026-09-30,sz,002523,天桥起重,3.44,3.45,3.47,3.37,3.4,20647524,70260264.6
2026-09-30,sz,002524,光正眼科,4.2,4.23,4.25,4.1,4.13,23982601,99786989.14
2026-09-30,sz,002526,山东矿机,2.59,2.6,2.61,2.57,2.59,14017345,36282640.33
2026-09-30,sz,002527,新时达,10.63,10.65,10.88,10.56,10.59,3979707,42539682.02
2026-09-30,sz,002528,*ST英飞,6.21,6.3,6.34,6.05,6.17,15647100,96783712.0
2026-09-30,sz,002529,海源复材,6.83,6.9,6.95,6.7,6.75,3297200,22435237.0
2026-09-30,sz,002530,金财互联,7.07,7.08,7.11,7.02,7.02,5834500,41122907.0
2026-09-30,sz,002531,天顺风能,7.64,7.56,8.2,7.37,7.98,173817821,1340585359.13
2026-09-30,sz,002532,天山铝业,12.21,12.17,12.25,12.02,12.18,29331720,356621674.19
2026-09-30,sz,002533,金杯电工,10.91,10.89,10.97,10.79,10.79,3904300,42511977.0
2026-09-30,sz,002534,西子洁能,17.03,17.29,17.49,16.81,17.1,8719851,149598684.42
2026-09-30,sz,002535,林州重机,2.5,2.52,2.55,2.45,2.47,11696800,29035011.0
2026-09-30,sz,002536,飞龙股份,46.52,46.57,46.8,45.22,45.38,16022579,733641927.5
2026-09-30,sz,002537,海联金汇,5.65,5.65,5.71,5.58,5.66,12325222,69632069.61
2026-09-30,sz,002538,ST司特,6.89,6.92,6.94,6.66,6.75,10248000,69909583.0
2026-09-30,sz,002539,云图控股,11.58,11.57,11.84,11.57,11.75,5604302,65914648.48
2026-09-30,sz,002540,亚太科技,4.97,4.98,5.03,4.98,4.99,4306752,21521199.5
2026-09-30,sz,002541,鸿路钢构,18.44,18.47,18.76,18.08,18.36,9584057,175839966.24
2026-09-30,sz,002542,*ST中岩,1.59,1.61,1.66,1.58,1.64,14041300,22727597.0
2026-09-30,sz,002543,万和电气,7.4,7.36,7.41,7.2,7.26,9428413,68673259.41
2026-09-30,sz,002544,普天科技,15.41,15.45,15.52,15.16,15.17,8944440,137141705.95
2026-09-30,sz,002545,东方铁塔,13.79,13.77,14.09,13.67,13.85,16233458,226003455.43
2026-09-30,sz,002546,新联电子,7.28,7.32,7.39,7.31,7.34,4614721,33925274.93
2026-09-30,sz,002547,*ST春兴,2.51,2.51,2.66,2.51,2.58,31941800,83310286.0
2026-09-30,sz,002548,金新农,3.92,3.95,3.96,3.89,3.94,12979911,50881769.63
2026-09-30,sz,002549,凯美特气,12.4,12.52,12.52,12.24,12.29,8707424,107599981.32
2026-09-30,sz,002550,千红制药,6.33,6.32,6.7,6.3,6.59,27650000,181945941.63
2026-09-30,sz,002551,尚荣医疗,3.37,3.37,3.48,3.34,3.41,22012319,74867880.57
2026-09-30,sz,002552,宝鼎科技,46.59,47.15,47.15,44.2,44.39,11889900,535875681.0
2026-09-30,sz,002553,南方精工,16.94,16.76,17.35,16.66,16.97,22196730,378953008.17
2026-09-30,sz,002554,惠博普,2.72,2.73,2.73,2.7,2.71,8890300,24094887.0
2026-09-30,sz,002555,三七互娱,17.06,17.05,17.22,17.01,17.2,12541136,214580360.02
2026-09-30,sz,002556,辉隆股份,5.03,5.06,5.09,5.01,5.06,7416116,37488597.96
2026-09-30,sz,002557,洽洽食品,18.12,18.16,18.38,18.08,18.34,4259222,77604816.27
2026-09-30,sz,002558,巨人网络,22.12,22.35,22.86,21.93,22.5,53016579,1191024484.15
2026-09-30,sz,002559,亚威股份,8.72,8.73,8.76,8.51,8.54,10354800,89178132.0
2026-09-30,sz,002560,通达股份,6.51,6.64,6.67,6.27,6.29,39382044,251288556.08
2026-09-30,sz,002561,徐家汇,7.25,7.26,7.39,7.17,7.31,4616976,33664098.16
2026-09-30,sz,002562,兄弟科技,4.84,4.84,5.07,4.84,4.93,21850260,107930490.6
2026-09-30,sz,002563,森马服饰,5.39,5.4,5.48,5.38,5.45,7838000,42615706.0
2026-09-30,sz,002564,天沃科技,5.15,5.14,5.21,5.1,5.18,27123860,139948317.4
2026-09-30,sz,002565,顺灏股份,8.29,8.34,8.94,8.23,8.44,135425948,1151250068.17
2026-09-30,sz,002566,益盛药业,7.08,7.1,7.15,7.06,7.06,3812600,27051177.0
2026-09-30,sz,002567,唐人神,3.66,3.66,3.71,3.64,3.7,14413021,53131552.94
2026-09-30,sz,002568,百润股份,18.91,18.99,19.63,18.87,19.49,12870613,249102580.36
2026-09-30,sz,002569,*ST步森,12.0,11.99,12.49,11.9,12.06,2180700,26563693.0
2026-09-30,sz,002570,贝因美,4.4,4.41,4.49,4.37,4.42,26177755,115696511.32
2026-09-30,sz,002571,德力股份,10.66,10.68,10.73,10.35,10.42,5326800,55877356.0
2026-09-30,sz,002572,索菲亚,7.63,7.63,7.79,7.4,7.72,15415232,117588466.16
2026-09-30,sz,002573,清新环境,3.1,3.12,3.15,3.08,3.14,10872684,33937122.24
2026-09-30,sz,002574,明牌珠宝,5.05,5.05,5.06,4.93,4.98,7090400,35353607.0
2026-09-30,sz,002575,群兴玩具,5.05,5.1,5.29,4.98,5.0,28608891,144839413.59
2026-09-30,sz,002576,通达动力,14.66,14.66,14.7,14.37,14.38,1939000,28068610.0
2026-09-30,sz,002577,雷柏科技,20.91,20.91,21.23,20.63,20.68,3998900,83508952.0
2026-09-30,sz,002578,闽发铝业,4.16,4.16,4.17,4.03,4.14,16963900,69655768.0
2026-09-30,sz,002579,中京电子,17.9,18.01,18.02,16.85,16.88,75714695,1305599426.6
2026-09-30,sz,002580,圣阳股份,18.7,18.4,19.85,18.4,19.52,62328151,1207757467.81
2026-09-30,sz,002581,*ST未名,4.75,4.76,5.12,4.76,5.1,5610400,28012398.0
2026-09-30,sz,002582,好想你,9.28,9.35,9.43,9.28,9.39,7987921,74732192.93
2026-09-30,sz,002583,海能达,7.88,7.87,8.2,7.78,8.07,46248651,368097809.99
2026-09-30,sz,002584,西陇科学,8.68,8.7,8.99,8.63,8.79,64756015,571319936.65
2026-09-30,sz,002585,双星新材,10.67,10.69,10.73,10.3,10.35,60089633,628372372.8
2026-09-30,sz,002586,围海股份,3.63,3.66,3.67,3.58,3.62,5240300,18963968.0
2026-09-30,sz,002587,奥拓电子,5.29,5.32,5.33,5.2,5.29,9309500,49007368.32
2026-09-30,sz,002588,史丹利,7.36,7.38,7.47,7.36,7.45,6938036,51509733.9
2026-09-30,sz,002589,瑞康医药,3.24,3.3,3.32,3.24,3.27,98842535,324927556.92
2026-09-30,sz,002590,万安科技,9.57,9.59,9.78,9.54,9.55,4503127,43318723.79
2026-09-30,sz,002591,恒大高新,6.56,6.56,6.65,6.45,6.51,9413300,61547546.0
2026-09-30,sz,002592,ST八菱,6.25,6.22,6.26,6.19,6.25,1275400,7951195.0
2026-09-30,sz,002593,日上集团,4.6,4.61,4.65,4.53,4.57,7056300,32257145.0
2026-09-30,sz,002594,比亚迪,82.02,82.1,83.47,81.7,83.31,21667348,1795663328.38
2026-09-30,sz,002595,豪迈科技,38.37,38.39,38.76,38.34,38.4,2645527,101948754.4
2026-09-30,sz,002596,海南瑞泽,3.29,3.32,3.32,3.17,3.22,15021063,48296078.23
2026-09-30,sz,002597,金禾实业,21.24,21.16,21.44,21.11,21.23,2413274,51408350.01
2026-09-30,sz,002598,ST章鼓,6.82,6.88,6.88,6.79,6.81,1270100,8658911.0
2026-09-30,sz,002599,盛通股份,5.57,5.57,5.6,5.48,5.5,4577372,25283815.28
2026-09-30,sz,002600,领益智造,11.98,12.04,12.09,11.88,11.88,44719619,536467861.36
2026-09-30,sz,002601,龙佰集团,14.62,14.62,14.84,14.62,14.71,6946541,102502416.61
2026-09-30,sz,002602,世纪华通,13.88,14.03,14.07,13.78,13.8,43368854,602463092.92
2026-09-30,sz,002603,以岭药业,15.02,15.03,15.4,15.0,15.35,13142041,200632233.68
2026-09-30,sz,002605,姚记科技,16.43,16.49,16.53,16.3,16.47,2118296,34795395.05
2026-09-30,sz,002606,大连电瓷,11.84,11.93,12.16,11.9,11.95,8243651,98954261.37
2026-09-30,sz,002607,中公教育,1.84,1.86,1.87,1.82,1.85,110712648,204662293.51
2026-09-30,sz,002608,江苏国信,7.22,7.23,7.4,7.2,7.34,14110590,103264747.08
2026-09-30,sz,002609,捷顺科技,7.96,7.95,7.98,7.83,7.87,4239100,33396746.0
2026-09-30,sz,002611,东方精工,14.43,14.43,14.49,13.97,13.98,19371357,274563831.21
2026-09-30,sz,002612,朗姿股份,17.13,17.15,17.2,16.48,16.72,9943802,166782867.28
2026-09-30,sz,002613,北玻股份,3.35,3.38,3.39,3.32,3.35,22163665,74120802.45
2026-09-30,sz,002614,奥佳华,8.13,8.04,8.13,7.45,7.76,96024022,745109052.19
2026-09-30,sz,002615,哈尔斯,6.31,6.38,6.38,6.21,6.23,6616700,41498285.75
2026-09-30,sz,002616,长青集团,4.8,4.85,4.86,4.78,4.84,4480473,21598281.04
2026-09-30,sz,002617,露笑科技,6.78,6.8,6.97,6.69,6.9,92413668,632485936.84
2026-09-30,sz,002620,*ST瑞和,5.39,5.38,5.45,5.29,5.34,3740400,19991778.0
2026-09-30,sz,002622,皓宸医疗,2.54,2.54,2.56,2.47,2.53,51544700,130175770.0
2026-09-30,sz,002623,亚玛顿,18.4,18.45,18.66,17.85,17.99,7500000,136555123.0
2026-09-30,sz,002624,完美世界,9.57,9.61,9.76,9.59,9.71,31259644,303063996.82
2026-09-30,sz,002625,光启技术,22.9,23.15,23.89,22.87,23.57,32261435,751365393.16
2026-09-30,sz,002626,金达威,15.96,16.0,16.23,15.96,16.13,2384400,38424609.0
2026-09-30,sz,002627,三峡旅游,6.53,6.69,6.7,6.5,6.55,6776458,44476841.08
2026-09-30,sz,002628,成都路桥,4.86,4.96,4.96,4.76,4.82,11901049,57344682.24
2026-09-30,sz,002629,仁智股份,4.41,4.42,4.47,4.34,4.39,8673212,38153474.68
2026-09-30,sz,002630,*ST华西,1.46,1.46,1.46,1.31,1.43,66870992,89955645.68
2026-09-30,sz,002631,德尔未来,13.44,13.93,13.97,13.4,13.48,42777933,581169572.52
2026-09-30,sz,002632,道明光学,9.02,9.12,9.2,8.93,8.94,12293505,111143369.05
2026-09-30,sz,002633,申科股份,15.18,15.37,15.67,15.18,15.23,4330500,66400145.0
2026-09-30,sz,002634,*ST棒杰,3.91,3.93,3.96,3.88,3.92,2970000,11632405.0
2026-09-30,sz,002635,安洁科技,14.76,14.99,15.0,14.06,14.12,31865428,457184858.92
2026-09-30,sz,002636,金安国纪,83.03,82.2,83.0,78.98,79.45,35387840,2869844517.56
2026-09-30,sz,002637,赞宇科技,10.08,10.12,10.45,10.1,10.37,14698800,151636069.0
2026-09-30,sz,002638,勤上股份,4.95,4.96,4.98,4.75,4.77,45488250,219429991.0
2026-09-30,sz,002639,雪人集团,13.85,13.95,14.1,13.48,13.59,55785270,765069144.67
2026-09-30,sz,002640,跨境通,3.94,3.81,4.07,3.76,3.91,359558888,1400792199.47
2026-09-30,sz,002641,公元股份,3.8,3.81,3.82,3.75,3.8,7399684,27992630.24
2026-09-30,sz,002642,荣联科技,6.99,7.01,7.04,6.85,6.92,7556113,52173902.7
2026-09-30,sz,002643,万润股份,12.67,12.78,12.83,12.48,12.52,9595700,120918717.0
2026-09-30,sz,002644,佛慈制药,8.18,8.25,8.35,8.17,8.26,3037100,25178825.0
2026-09-30,sz,002645,华宏科技,17.19,17.19,17.32,16.77,16.85,13386996,227538774.74
2026-09-30,sz,002646,天佑德酒,7.06,7.07,7.24,6.99,7.14,10802142,76861982.14
2026-09-30,sz,002647,仁东控股,11.34,11.55,11.73,11.0,11.08,16539155,186217208.65
2026-09-30,sz,002648,卫星化学,25.9,25.9,26.75,25.73,26.51,30417259,804435415.81
2026-09-30,sz,002649,博彦科技,9.19,9.18,9.25,9.07,9.14,5222608,47701200.04
2026-09-30,sz,002650,ST加加,6.29,6.3,6.53,6.23,6.44,3551500,22474081.0
2026-09-30,sz,002651,利君股份,7.87,7.88,7.97,7.82,7.89,6465774,51001875.38
2026-09-30,sz,002652,扬子新材,4.51,4.52,4.53,4.4,4.42,10927000,48504818.0
2026-09-30,sz,002653,海思科,61.93,61.88,63.88,59.37,62.18,7170140,444823824.32
2026-09-30,sz,002654,万润科技,12.65,12.75,12.76,12.21,12.24,24556894,304747856.49
2026-09-30,sz,002655,共达电声,34.37,34.85,34.95,32.31,32.54,17491801,580595914.08
2026-09-30,sz,002656,摩登大道,2.82,2.84,2.85,2.8,2.83,7803800,22004955.0
2026-09-30,sz,002657,中科金财,14.85,14.87,14.98,14.51,14.6,4463000,65311734.0
2026-09-30,sz,002658,雪迪龙,7.25,7.28,7.29,7.1,7.13,4719300,33779252.0
2026-09-30,sz,002659,凯文教育,4.71,4.74,4.79,4.64,4.7,9773500,45940719.0
2026-09-30,sz,002660,茂硕电源,8.06,8.14,8.14,7.92,7.97,4546200,36383690.0
2026-09-30,sz,002661,克明食品,7.51,7.53,7.61,7.46,7.56,4777600,35998754.0
2026-09-30,sz,002662,峰璟股份,3.12,3.12,3.17,3.09,3.12,8340265,26079887.72
2026-09-30,sz,002663,普邦股份,1.76,1.76,1.78,1.71,1.75,33296294,58020744.74
2026-09-30,sz,002664,信质集团,14.32,14.55,14.59,14.27,14.31,2801905,40293092.55
2026-09-30,sz,002666,德联集团,4.22,4.24,4.25,4.18,4.21,6030900,25419921.0
2026-09-30,sz,002668,TCL智家,8.67,8.68,8.71,8.64,8.66,5037276,43721629.88
2026-09-30,sz,002669,康达新材,14.03,14.27,14.44,13.58,13.73,28578643,397884857.63
2026-09-30,sz,002670,国盛证券,11.23,11.3,11.35,11.16,11.18,10028326,112392109.72
2026-09-30,sz,002671,龙泉股份,4.06,4.07,4.09,3.98,4.06,7769470,31357990.5
2026-09-30,sz,002672,东江环保,3.68,3.72,3.94,3.63,3.7,24040850,89350879.5
2026-09-30,sz,002673,西部证券,6.59,6.61,6.63,6.56,6.59,13158058,86777162.2
2026-09-30,sz,002674,兴业科技,19.32,19.75,20.16,19.4,19.82,7401000,146365000.0
2026-09-30,sz,002675,东诚药业,12.75,12.7,12.95,12.67,12.9,6065519,78183173.76
2026-09-30,sz,002676,顺威股份,5.19,5.2,5.23,5.11,5.16,8920660,46083209.4
2026-09-30,sz,002677,浙江美大,6.09,6.2,6.2,6.07,6.13,4773700,29303307.0
2026-09-30,sz,002678,珠江钢琴,4.41,4.45,4.45,4.33,4.42,6299977,27716259.26
2026-09-30,sz,002679,福建金森,11.29,11.28,11.87,10.9,11.65,27291294,310325413.73
2026-09-30,sz,002681,奋达科技,4.49,4.49,4.53,4.44,4.44,18265234,81518052.57
2026-09-30,sz,002682,龙洲股份,4.92,4.99,5.06,4.81,4.88,13937770,68334168.8
2026-09-30,sz,002683,广东宏大,27.0,27.2,28.55,26.84,27.86,5531926,153995272.23
2026-09-30,sz,002685,华东重机,5.26,5.34,5.35,5.16,5.17,20476607,107113168.24
2026-09-30,sz,002686,亿利达,6.2,6.25,6.26,6.08,6.08,7819900,47890049.0
2026-09-30,sz,002687,乔治白,5.64,5.74,5.74,5.51,5.58,10786403,60177069.07
2026-09-30,sz,002688,金河生物,5.14,5.15,5.22,5.14,5.2,5005447,25962872.55
2026-09-30,sz,002689,ST远智,2.91,2.9,2.93,2.89,2.93,3388790,9869941.9
2026-09-30,sz,002690,美亚光电,15.32,15.33,15.51,15.26,15.43,2118100,32724037.0
2026-09-30,sz,002691,*ST冀凯,3.97,3.97,3.98,3.9,3.96,1136100,4475529.0
2026-09-30,sz,002692,远程股份,4.29,4.33,4.33,4.18,4.22,7772500,32854830.0
2026-09-30,sz,002693,双成药业,8.96,9.09,9.4,8.95,9.22,16329200,150511463.44
2026-09-30,sz,002694,*ST顾地,2.51,2.51,2.76,2.51,2.76,12358960,33242896.0
2026-09-30,sz,002695,煌上煌,10.57,10.59,10.87,10.57,10.78,9707485,104445346.13
2026-09-30,sz,002696,百洋股份,6.59,6.68,6.85,6.55,6.58,14197100,94831039.0
2026-09-30,sz,002697,红旗连锁,4.67,4.66,4.77,4.64,4.73,15483800,72904279.0
2026-09-30,sz,002698,博实股份,11.02,11.07,11.24,11.04,11.1,3673000,40896469.0
2026-09-30,sz,002700,万憬能源,6.38,6.41,6.46,6.28,6.34,4555700,28934162.0
2026-09-30,sz,002701,奥瑞金,4.22,4.21,4.34,4.21,4.32,20664472,88487530.4
2026-09-30,sz,002702,海欣食品,5.32,5.36,5.44,5.3,5.38,20924399,112416798.94
2026-09-30,sz,002703,浙江世宝,15.17,15.24,15.81,15.1,15.65,38687536,602678610.96
2026-09-30,sz,002705,新宝股份,11.56,11.56,11.8,11.51,11.62,7613400,88471873.0
2026-09-30,sz,002706,良信股份,8.43,8.46,8.53,8.3,8.34,14806214,124138559.04
2026-09-30,sz,002707,众信旅游,5.02,5.04,5.06,4.98,5.03,10669963,53594670.36
2026-09-30,sz,002708,光洋股份,17.04,17.32,17.9,17.04,17.43,35281322,616198915.15
2026-09-30,sz,002709,天赐材料,31.08,31.45,31.97,30.83,31.2,35534696,1116592740.62
2026-09-30,sz,002712,思美传媒,5.13,5.14,5.17,4.97,5.0,14441050,72712098.0
2026-09-30,sz,002713,东易日盛,9.89,9.95,9.99,9.76,9.8,10151055,99905427.21
2026-09-30,sz,002714,牧原股份,42.29,42.2,42.78,42.03,42.45,23165200,981447687.96
2026-09-30,sz,002715,登云股份,13.3,13.36,13.45,13.09,13.28,1756650,23306697.0
2026-09-30,sz,002716,湖南白银,8.73,8.71,8.83,8.67,8.77,60266826,527923272.49
2026-09-30,sz,002717,*ST岭南,0.69,0.62,0.62,0.62,0.62,13512400,8377688.0
2026-09-30,sz,002718,友邦吊顶,81.18,80.88,81.6,77.53,79.57,1017200,80195076.0
2026-09-30,sz,002719,ST麦趣,6.08,6.09,6.22,6.04,6.18,2566000,15705895.0
2026-09-30,sz,002721,金一文化,2.58,2.63,2.64,2.56,2.59,32050700,82828917.0
2026-09-30,sz,002722,物产金轮,13.19,13.21,13.24,13.06,13.13,2012524,26430434.64
2026-09-30,sz,002723,小崧股份,7.42,7.46,7.59,7.3,7.31,6276500,46624939.0
2026-09-30,sz,002724,海洋王,7.15,7.15,7.52,6.98,6.98,32913919,235351422.02
2026-09-30,sz,002725,跃岭股份,11.02,11.08,11.13,10.8,10.81,2080000,22704909.0
2026-09-30,sz,002726,ST龙大,2.38,2.27,2.32,2.17,2.22,76354824,170527515.6
2026-09-30,sz,002727,一心堂,10.64,10.68,10.77,10.62,10.72,4807100,51439413.0
2026-09-30,sz,002728,特一药业,9.72,9.72,9.95,9.7,9.91,19431596,191545467.37
2026-09-30,sz,002729,好利科技,13.79,14.0,14.0,13.6,13.63,2379400,32660415.0
2026-09-30,sz,002730,电光科技,20.72,20.87,20.92,20.13,20.55,5908300,120969960.0
2026-09-30,sz,002732,燕塘乳业,14.2,14.21,14.38,14.09,14.27,1205900,17188352.0
2026-09-30,sz,002733,雄韬股份,17.3,17.33,17.83,17.12,17.17,9599100,167161403.0
2026-09-30,sz,002734,利民股份,18.64,18.6,19.17,18.51,18.53,17275072,324672970.6
2026-09-30,sz,002735,王子新材,10.65,10.86,10.95,10.57,10.7,15050200,161331264.0
2026-09-30,sz,002736,国信证券,9.72,9.72,9.8,9.7,9.8,10927623,106699910.78
2026-09-30,sz,002737,葵花药业,11.18,11.19,11.42,11.18,11.4,3737500,42388101.0
2026-09-30,sz,002738,中矿资源,43.31,43.37,43.66,42.5,42.5,17796527,764128998.2
2026-09-30,sz,002739,儒意电影,8.29,8.29,8.38,8.16,8.22,33663332,277133200.8
2026-09-30,sz,002741,光华科技,26.5,26.65,26.77,24.85,24.91,33963566,866968691.98
2026-09-30,sz,002742,冀衡医药,4.1,4.11,4.2,4.11,4.16,19961900,83034487.0
2026-09-30,sz,002743,ST富煌,4.34,4.3,4.5,4.28,4.43,10428300,45727926.0
2026-09-30,sz,002745,木林森,11.87,12.01,12.04,11.55,11.56,35862894,420643505.43
2026-09-30,sz,002746,仙坛股份,6.21,6.2,6.28,6.16,6.22,8961450,55726830.5
2026-09-30,sz,002747,埃斯顿,28.16,28.39,28.95,27.95,28.22,22333432,634256710.81
2026-09-30,sz,002748,世龙实业,12.0,11.9,12.23,11.9,12.09,2483415,30023124.9
2026-09-30,sz,002749,国光股份,8.37,8.4,8.52,8.38,8.51,1688603,14310199.1
2026-09-30,sz,002752,昇兴股份,6.03,6.03,6.13,6.02,6.09,6576221,39939889.07
2026-09-30,sz,002753,永东股份,6.68,6.72,6.76,6.65,6.74,5433226,36446087.47
2026-09-30,sz,002755,奥赛康,12.32,12.31,13.55,12.31,13.55,18850355,248447517.31
2026-09-30,sz,002756,永兴材料,38.65,38.77,39.39,38.31,38.99,7194918,280281407.71
2026-09-30,sz,002757,南兴股份,18.87,19.27,19.63,18.41,18.43,25581500,481497278.25
2026-09-30,sz,002758,浙农股份,8.41,8.63,8.64,8.44,8.48,5431092,46158808.32
2026-09-30,sz,002759,ST天际,13.65,13.55,13.81,13.4,13.54,16228104,220636425.48
2026-09-30,sz,002760,凤形股份,17.8,17.95,18.3,17.6,18.05,2782000,50037782.83
2026-09-30,sz,002761,浙江建投,7.39,7.45,7.89,7.28,7.68,26487112,201470055.74
2026-09-30,sz,002762,金发拉比,9.27,9.38,9.73,9.19,9.26,8904300,83273801.0
2026-09-30,sz,002763,汇洁股份,7.37,7.4,7.4,7.3,7.36,2961281,21736720.92
2026-09-30,sz,002765,蓝黛科技,6.82,6.86,6.95,6.75,6.75,5512900,37642982.0
2026-09-30,sz,002766,索菱股份,4.03,4.09,4.12,3.99,4.02,12040799,48671134.91
2026-09-30,sz,002767,先锋电子,18.39,18.53,18.65,17.99,18.16,1994000,36298883.0
2026-09-30,sz,002768,国恩股份,71.02,71.05,71.8,68.0,69.81,7699686,538086379.22
2026-09-30,sz,002769,普路通,6.82,6.84,6.89,6.71,6.72,6422100,43441748.0
2026-09-30,sz,002771,真视通,14.02,14.03,14.1,13.62,13.64,6772800,93416124.4
2026-09-30,sz,002772,众兴菌业,10.39,10.6,10.66,10.45,10.58,6452975,67962746.75
2026-09-30,sz,002773,康弘药业,22.35,21.7,22.59,21.5,21.8,20590611,452555806.91
2026-09-30,sz,002774,快意电梯,16.76,16.9,17.7,16.81,17.31,9952900,172260862.0
2026-09-30,sz,002775,文科股份,3.42,3.45,3.48,3.33,3.44,11154200,37875606.7
2026-09-30,sz,002777,久远银海,12.7,12.72,12.76,12.53,12.65,3252200,41090784.0
2026-09-30,sz,002778,中晟高科,15.88,16.02,16.13,15.77,15.84,1219600,19403110.0
2026-09-30,sz,002779,中坚科技,76.35,76.66,77.82,75.22,75.49,1494944,113655033.44
2026-09-30,sz,002780,三夫户外,14.64,14.7,14.72,14.4,14.5,4309600,62595904.0
2026-09-30,sz,002782,可立克,14.35,14.64,14.64,13.98,13.99,5328500,75500142.0
2026-09-30,sz,002783,凯龙股份,8.05,8.05,8.2,7.97,8.13,6788271,54955160.89
2026-09-30,sz,002785,万里石,34.93,35.15,35.55,33.58,33.91,6385482,218347837.6
2026-09-30,sz,002786,银宝山新,7.59,7.62,7.73,7.56,7.56,5072345,38649767.16
2026-09-30,sz,002787,华源控股,25.4,25.51,25.76,24.5,25.51,12103811,304485965.18
2026-09-30,sz,002788,鹭燕医药,10.57,10.69,10.82,10.59,10.76,10384841,111291435.47
2026-09-30,sz,002789,*ST建艺,14.26,14.38,15.5,14.04,14.95,4414040,65215101.2
2026-09-30,sz,002790,瑞尔特,6.49,6.54,6.56,6.4,6.44,10853900,70035434.88
2026-09-30,sz,002791,坚朗五金,15.67,15.7,16.05,15.12,15.95,7899202,123249029.96
2026-09-30,sz,002792,通宇通讯,30.27,30.51,30.59,28.8,28.82,16975110,499254467.71
2026-09-30,sz,002793,罗欣药业,4.8,4.78,4.91,4.75,4.82,30149484,145873631.4
2026-09-30,sz,002795,永和智控,7.4,7.42,7.5,7.2,7.23,11222384,82371903.56
2026-09-30,sz,002796,世嘉科技,26.61,27.0,27.02,25.92,25.94,7459941,196711132.55
2026-09-30,sz,002797,第一创业,6.11,6.12,6.15,6.1,6.12,22365991,136868946.63
2026-09-30,sz,002798,帝欧水华,6.59,6.63,6.64,6.45,6.58,8006091,52390054.37
2026-09-30,sz,002799,环球印务,7.55,8.31,8.31,7.12,7.32,55780546,428972756.47
2026-09-30,sz,002800,天顺股份,14.89,15.01,15.05,14.7,14.98,1796528,26685987.52
2026-09-30,sz,002801,微光股份,26.69,26.7,26.94,26.53,26.61,532400,14213669.0
2026-09-30,sz,002802,洪汇新材,12.42,12.43,12.52,12.29,12.36,1338311,16585389.38
2026-09-30,sz,002803,吉宏股份,21.19,21.08,21.3,19.95,20.24,18445246,380380977.97
2026-09-30,sz,002805,丰元股份,15.7,16.02,16.51,15.65,16.06,19032080,306775523.13
2026-09-30,sz,002806,华锋股份,14.95,14.92,14.94,14.45,14.47,6361900,93030666.0
2026-09-30,sz,002807,江阴银行,4.16,4.17,4.24,4.16,4.2,38964718,164086169.58
2026-09-30,sz,002809,红墙股份,8.55,8.6,8.72,8.48,8.57,4317250,37032467.4
2026-09-30,sz,002810,山东赫达,20.07,20.18,20.28,19.93,20.2,2543900,51217789.0
2026-09-30,sz,002811,郑中设计,16.42,16.61,17.05,16.26,16.97,13102355,219256701.65
2026-09-30,sz,002812,恩捷股份,45.59,45.41,46.2,45.03,45.51,10506700,479573919.02
2026-09-30,sz,002815,崇达技术,24.44,24.2,24.35,23.01,23.01,65172297,1539700893.23
2026-09-30,sz,002816,*ST和科,21.9,21.92,22.22,21.56,21.86,953400,20858219.0
2026-09-30,sz,002817,黄山胶囊,6.84,6.87,6.89,6.76,6.8,3670300,25047645.58
2026-09-30,sz,002818,富森美,11.13,11.13,11.24,10.98,11.22,4425320,49179107.6
2026-09-30,sz,002819,东方中科,24.68,24.71,25.22,23.52,23.73,15479893,371170471.38
2026-09-30,sz,002820,桂发祥,9.82,9.86,10.09,9.76,9.87,5379600,53099905.0
2026-09-30,sz,002821,凯莱英,179.12,177.81,192.0,175.68,188.62,10596386,1963173345.76
2026-09-30,sz,002822,ST中装,3.0,3.01,3.02,2.93,2.97,8603963,25464247.48
2026-09-30,sz,002823,凯中精密,12.75,12.83,12.92,12.67,12.72,2280300,29103484.0
2026-09-30,sz,002824,和胜股份,25.23,25.25,25.5,23.88,24.16,9743773,238429377.44
2026-09-30,sz,002825,纳尔股份,9.25,9.26,9.32,9.12,9.22,2666453,24541232.64
2026-09-30,sz,002826,易明医药,17.66,17.66,18.04,17.58,17.59,3182000,56643892.0
2026-09-30,sz,002827,高争民爆,62.04,61.99,63.41,57.7,59.0,23356669,1400659174.95
2026-09-30,sz,002828,贝肯能源,10.83,10.83,10.91,10.72,10.84,3600400,38973519.0
2026-09-30,sz,002829,星网宇达,19.41,19.44,19.68,19.1,19.17,3037200,58565471.0
2026-09-30,sz,002830,名雕股份,15.02,15.07,15.15,14.72,14.88,2020180,30080861.0
2026-09-30,sz,002831,裕同科技,27.82,27.96,28.33,27.18,27.29,4977442,136786061.58
2026-09-30,sz,002832,比音勒芬,25.28,25.4,26.08,25.14,25.93,5362000,138088898.3
2026-09-30,sz,002833,弘亚数控,18.78,18.84,19.58,18.84,19.33,10019252,194274740.88
2026-09-30,sz,002835,同为股份,13.28,13.21,13.32,13.14,13.19,1906588,25150270.46
2026-09-30,sz,002836,新宏泽,12.23,12.11,12.26,11.54,12.12,13616563,161989826.92
2026-09-30,sz,002837,英维克,55.58,56.1,56.1,53.91,53.95,17618462,961779592.85
2026-09-30,sz,002838,道恩股份,24.13,24.13,25.34,24.1,24.55,3847151,95166773.48
2026-09-30,sz,002839,张家港行,4.25,4.25,4.32,4.24,4.31,28432033,122284219.53
2026-09-30,sz,002840,华统股份,7.98,7.99,8.24,7.95,8.19,11987116,97294104.04
2026-09-30,sz,002841,视源股份,44.48,44.99,45.65,44.2,45.18,4344326,195687544.55
2026-09-30,sz,002842,翔鹭钨业,31.09,31.4,31.4,30.62,30.81,9430274,291862243.17
2026-09-30,sz,002843,泰嘉股份,14.89,15.08,15.27,14.69,14.72,7043520,104930029.8
2026-09-30,sz,002845,同兴达,13.86,13.98,13.99,13.54,13.59,4726560,64826741.4
2026-09-30,sz,002846,英联股份,11.88,11.67,11.76,11.41,11.5,28943411,333997561.56
2026-09-30,sz,002847,盐津铺子,42.85,42.78,43.66,42.6,43.41,1324200,57131866.14
2026-09-30,sz,002848,高斯贝尔,14.88,15.0,15.1,14.31,14.42,7437100,108195736.0
2026-09-30,sz,002849,威星智能,23.22,24.75,24.8,21.35,21.37,31231070,711525987.7
2026-09-30,sz,002850,科达利,158.17,158.3,159.5,153.92,155.8,4347555,677674054.75
2026-09-30,sz,002851,麦格米特,118.5,120.0,120.12,115.51,115.72,16116152,1885184440.05
2026-09-30,sz,002852,道道全,8.6,8.71,8.8,8.58,8.69,13962790,121399439.8
2026-09-30,sz,002853,皮阿诺,20.88,21.24,21.45,20.75,21.16,581600,12234214.0
2026-09-30,sz,002855,捷荣技术,12.58,12.65,12.7,12.4,12.45,6149600,76977233.0
2026-09-30,sz,002856,*ST美芝,18.38,18.41,20.22,18.41,20.22,8788940,173688383.0
2026-09-30,sz,002857,三晖电气,17.8,17.91,18.22,17.68,17.69,1192800,21285917.0
2026-09-30,sz,002858,力盛体育,11.66,11.84,11.84,11.49,11.63,3987400,46391060.0
2026-09-30,sz,002859,洁美科技,59.78,60.38,60.43,58.7,59.14,5715383,339158101.42
2026-09-30,sz,002861,瀛通通讯,14.25,14.4,14.43,14.0,14.04,2897643,41004305.89
2026-09-30,sz,002862,实丰文化,15.16,15.36,15.4,14.63,14.66,3991660,59172848.8
2026-09-30,sz,002863,今飞凯达,4.8,4.81,4.95,4.75,4.76,8778331,42149615.26
2026-09-30,sz,002864,盘龙药业,20.9,20.84,21.2,20.84,21.05,1335450,28146663.7
2026-09-30,sz,002865,钧达股份,36.01,36.35,36.81,36.02,36.44,5630603,205004310.44
2026-09-30,sz,002866,传艺科技,15.36,16.57,16.9,16.3,16.9,34277162,577077480.8
2026-09-30,sz,002867,周大生,10.05,10.05,10.15,10.05,10.14,5343400,53989117.0
2026-09-30,sz,002868,绿康生化,22.0,22.4,22.71,22.0,22.3,1985700,44455915.0
2026-09-30,sz,002869,金溢科技,17.03,17.44,17.88,17.08,17.4,6281644,109266604.29
2026-09-30,sz,002870,香山股份,46.62,46.67,47.5,44.77,45.51,2679700,122081151.0
2026-09-30,sz,002871,伟隆股份,17.44,17.53,17.61,16.9,16.98,2222900,38091449.25
2026-09-30,sz,002872,ST天圣,6.12,6.21,6.28,6.15,6.19,4283300,26587991.5
2026-09-30,sz,002873,新天药业,8.55,8.58,8.65,8.51,8.55,3006316,25765939.96
2026-09-30,sz,002875,安奈儿,12.87,13.0,13.0,12.57,12.7,3462000,44084805.0
2026-09-30,sz,002876,三利谱,31.33,31.31,31.65,31.03,31.3,2768600,86866584.0
2026-09-30,sz,002877,智能自控,7.53,7.53,7.62,7.43,7.46,3611760,27011726.2
2026-09-30,sz,002878,元隆雅图,12.86,12.81,12.92,12.56,12.68,3651900,46347198.0
2026-09-30,sz,002879,长缆科技,17.16,17.33,17.88,16.76,16.88,11463534,197623163.78
2026-09-30,sz,002880,卫光生物,21.73,21.73,22.58,21.53,22.23,2854960,63669292.2
2026-09-30,sz,002881,美格智能,41.95,42.3,43.5,41.61,42.41,6473526,275517827.16
2026-09-30,sz,002882,金龙羽,24.51,24.0,26.3,23.65,24.98,35242499,881190778.15
2026-09-30,sz,002883,*ST中设,9.18,9.15,9.17,9.11,9.14,272311,2486605.54
2026-09-30,sz,002884,凌霄泵业,15.26,15.27,15.42,15.27,15.38,1006830,15436970.0
2026-09-30,sz,002885,京泉华,26.53,26.98,27.99,25.72,25.78,14516429,386486539.28
2026-09-30,sz,002886,沃特股份,24.74,24.88,24.98,23.5,23.64,13095110,314016752.8
2026-09-30,sz,002887,绿茵生态,8.84,9.02,9.45,8.54,8.73,9747410,85993218.3
2026-09-30,sz,002888,惠威科技,18.72,18.75,18.85,18.5,18.6,1605470,29941389.7
2026-09-30,sz,002889,东方嘉盛,12.08,12.1,12.16,11.96,12.04,1781075,21440576.3
2026-09-30,sz,002890,弘宇股份,15.17,15.2,15.28,14.94,15.13,1252207,18905397.7
2026-09-30,sz,002891,中宠股份,27.32,27.25,27.93,27.25,27.73,3485209,96473117.44
2026-09-30,sz,002892,科力尔,8.54,8.58,8.64,8.51,8.52,4145867,35489218.58
2026-09-30,sz,002893,京能热力,10.29,10.38,10.76,10.24,10.71,21474004,227641974.81
2026-09-30,sz,002895,川恒股份,29.98,29.92,30.6,29.9,30.35,2598400,78939716.0
2026-09-30,sz,002896,中大力德,60.86,60.4,61.3,59.51,59.62,5585896,336191786.52
2026-09-30,sz,002897,意华股份,58.46,59.35,60.43,57.93,57.99,7140712,421365377.49
2026-09-30,sz,002899,英派斯,20.48,20.66,20.74,20.22,20.4,2890000,59018600.0
2026-09-30,sz,002900,哈三联,12.98,13.05,13.27,12.8,12.97,24221650,316014930.0
2026-09-30,sz,002901,大博医疗,40.56,40.53,41.11,40.53,40.86,820626,33556285.04
2026-09-30,sz,002902,铭普光磁,26.15,26.36,26.59,25.59,25.64,11428719,297381162.14
2026-09-30,sz,002903,宇环数控,28.62,28.99,29.08,27.9,27.97,4173328,118211637.88
2026-09-30,sz,002905,金逸影视,8.85,8.84,9.15,8.68,8.72,4329600,37996357.0
2026-09-30,sz,002906,华阳集团,26.71,26.87,27.18,26.58,26.62,4238478,113499648.5
2026-09-30,sz,002907,华森制药,14.42,14.45,15.09,14.35,14.9,16478300,245234291.0
2026-09-30,sz,002908,德生科技,7.13,7.15,7.16,6.99,7.03,3874412,27292461.0
2026-09-30,sz,002909,集泰股份,7.05,6.95,6.95,6.65,6.71,74523004,506160506.19
2026-09-30,sz,002910,庄园牧场,10.1,10.42,10.68,10.16,10.31,9412300,97280695.0
2026-09-30,sz,002911,佛燃能源,11.13,11.17,11.33,11.12,11.21,4070459,45775621.69
2026-09-30,sz,002912,中新赛克,29.12,28.57,28.67,26.29,26.6,34914393,951601967.21
2026-09-30,sz,002913,奥士康,91.08,94.81,98.18,91.53,92.3,15412662,1444209373.2
2026-09-30,sz,002915,中欣氟材,16.27,16.6,16.6,16.22,16.24,3455420,56374144.92
2026-09-30,sz,002916,深南电路,375.6,378.0,379.98,367.7,373.01,5417523,2023912768.27
2026-09-30,sz,002917,金奥博,10.06,10.11,10.15,10.0,10.03,1929050,19400672.0
2026-09-30,sz,002918,蒙娜丽莎,10.52,10.58,10.76,10.24,10.64,10842563,113777152.46
2026-09-30,sz,002919,名臣健康,16.1,16.1,16.59,15.52,15.59,4942720,78175805.2
2026-09-30,sz,002920,德赛西威,79.25,79.26,81.15,78.79,79.28,3619020,288331153.5
2026-09-30,sz,002921,联诚精密,19.83,19.83,20.1,19.53,19.7,2606788,51376789.24
2026-09-30,sz,002922,伊戈尔,21.48,21.65,22.04,21.41,21.44,8012616,173716388.27
2026-09-30,sz,002923,润都股份,10.7,10.79,11.17,10.7,11.03,6737362,74143656.64
2026-09-30,sz,002925,盈趣科技,22.5,22.8,22.8,22.15,22.2,7621484,170829706.18
2026-09-30,sz,002926,华西证券,8.15,8.13,8.19,8.12,8.15,6535324,53278843.08
2026-09-30,sz,002927,泰永长征,19.29,19.48,19.66,18.46,18.71,10388250,195925412.5
2026-09-30,sz,002928,华夏航空,6.12,6.19,6.46,6.12,6.37,40784789,256564076.25
2026-09-30,sz,002929,润建股份,47.39,47.92,48.09,46.02,46.11,4692841,219344634.39
2026-09-30,sz,002930,宏川智慧,9.03,9.03,9.11,8.93,8.93,3779900,33999742.0
2026-09-30,sz,002931,锋龙股份,38.99,39.01,41.97,38.7,39.34,11059074,443911950.32
2026-09-30,sz,002932,*ST明德,15.15,15.16,15.35,15.1,15.33,888574,13567731.88
2026-09-30,sz,002933,新兴装备,27.94,28.02,28.03,27.27,27.37,1268300,34962228.0
2026-09-30,sz,002935,天奥电子,18.11,18.12,18.26,17.47,17.57,9194083,162434794.07
2026-09-30,sz,002936,郑州银行,1.71,1.71,1.75,1.71,1.74,105458172,182522225.58
2026-09-30,sz,002937,兴瑞科技,26.18,26.02,26.88,24.91,25.21,14093451,362558246.99
2026-09-30,sz,002938,鹏鼎控股,79.95,81.0,83.1,79.45,79.55,15543554,1257359358.26
2026-09-30,sz,002939,长城证券,7.69,7.71,7.75,7.68,7.72,8109771,62588253.68
2026-09-30,sz,002940,昂利康,22.23,22.34,23.25,22.22,22.96,7695032,176322819.29
2026-09-30,sz,002941,新疆交建,10.46,10.47,10.62,10.36,10.54,5265604,55324099.23
2026-09-30,sz,002942,新农股份,16.53,16.6,17.2,16.6,17.06,4716020,80092008.2
2026-09-30,sz,002943,宇晶股份,28.76,29.06,29.5,28.26,28.28,6707004,193337770.68
2026-09-30,sz,002945,华林证券,14.13,14.19,14.22,13.93,13.98,5975961,83843288.46
2026-09-30,sz,002946,新乳业,14.25,14.25,15.03,14.25,14.82,6758300,99430341.32
2026-09-30,sz,002947,恒铭达,57.95,57.95,58.4,55.74,55.98,4130908,234370395.88
2026-09-30,sz,002948,青岛银行,6.05,6.05,6.2,6.03,6.15,36388960,223176153.4
2026-09-30,sz,002949,华阳国际,13.74,13.62,13.62,13.09,13.14,6255200,83015126.0
2026-09-30,sz,002950,奥美医疗,8.42,8.43,8.58,8.4,8.54,5237390,44714723.4
2026-09-30,sz,002951,金时科技,15.78,16.1,16.4,15.59,15.61,4324700,68458585.0
2026-09-30,sz,002952,亚世光电,19.28,19.3,19.49,18.99,19.05,2227150,42704885.0
2026-09-30,sz,002953,日丰股份,9.94,10.08,10.08,9.85,9.87,4539800,45042927.0
2026-09-30,sz,002955,鸿合科技,36.03,36.0,36.47,35.28,35.43,2531680,90409084.0
2026-09-30,sz,002956,西麦食品,17.45,17.45,17.78,17.18,17.57,3696352,64748027.68
2026-09-30,sz,002957,科瑞技术,36.35,36.98,37.11,35.2,35.28,13152781,471337234.36
2026-09-30,sz,002958,青农商行,2.91,2.91,2.95,2.9,2.94,59170114,173548598.98
2026-09-30,sz,002959,小熊电器,35.55,35.0,36.8,34.81,35.52,5600076,200784169.92
2026-09-30,sz,002960,青鸟智控,8.45,8.49,8.79,8.47,8.7,8993185,77847504.92
2026-09-30,sz,002961,瑞达期货,13.53,13.58,13.79,13.24,13.35,9962690,133448424.84
2026-09-30,sz,002962,五方光电,14.7,14.73,16.17,14.54,16.17,35685714,557837366.03
2026-09-30,sz,002963,豪尔赛,22.63,22.7,22.83,21.35,21.59,5674300,123687121.0
2026-09-30,sz,002965,祥鑫科技,30.0,30.19,30.37,28.9,28.98,6809422,200284963.51
2026-09-30,sz,002966,苏州银行,9.23,9.23,9.38,9.2,9.3,23339628,217361879.49
2026-09-30,sz,002967,广电计量,17.65,17.7,17.75,17.49,17.56,3624330,63731685.16
2026-09-30,sz,002968,新大正,9.89,9.97,10.25,9.63,10.14,8900866,88572357.8
2026-09-30,sz,002969,嘉美包装,10.73,10.78,10.79,10.63,10.65,10724800,114601311.0
2026-09-30,sz,002970,锐明技术,40.65,41.37,42.29,41.0,41.7,3127100,130022928.0
2026-09-30,sz,002971,和远气体,40.82,41.03,41.24,38.46,38.6,14437771,567340387.12
2026-09-30,sz,002972,科安达,13.12,13.25,13.36,12.99,13.0,5371378,70637407.96
2026-09-30,sz,002973,侨银股份,12.19,12.25,12.3,10.97,11.59,10417200,120939373.0
2026-09-30,sz,002975,博杰股份,102.05,105.9,108.36,101.5,101.95,11047476,1158852478.76
2026-09-30,sz,002976,瑞玛精密,22.8,22.98,23.0,21.33,21.5,6391840,140144550.8
2026-09-30,sz,002977,*ST天箭,18.73,18.78,18.86,18.39,18.43,791900,14699509.0
2026-09-30,sz,002978,安宁股份,24.65,24.9,25.21,24.9,25.05,1691313,42409067.48
2026-09-30,sz,002979,雷赛智能,51.76,52.0,53.05,51.31,52.47,6041730,316102421.8
2026-09-30,sz,002980,华盛昌,106.62,106.62,107.88,103.4,104.97,6768247,715329412.1
2026-09-30,sz,002981,朝阳科技,23.62,23.68,24.5,23.09,23.23,4394781,103085878.99
2026-09-30,sz,002982,湘佳股份,12.68,12.75,12.97,12.68,12.78,2058700,26335012.0
2026-09-30,sz,002983,芯瑞达,21.92,22.1,22.37,21.55,21.58,1351615,29639301.35
2026-09-30,sz,002984,森麒麟,12.84,12.89,13.04,12.82,13.02,4644179,60145566.04
2026-09-30,sz,002985,北摩高科,26.1,26.13,26.53,25.99,26.15,2282650,59876642.5
2026-09-30,sz,002986,宇新股份,12.59,12.61,12.75,12.55,12.57,1786651,22556141.6
2026-09-30,sz,002987,京北方,10.59,10.61,10.65,10.38,10.39,6213820,64996059.4
2026-09-30,sz,002988,豪美新材,31.08,31.1,32.5,30.79,30.94,6197800,196378808.04
2026-09-30,sz,002989,中天精装,23.6,23.7,24.18,22.44,22.61,7633800,176096415.0
2026-09-30,sz,002990,盛视科技,54.1,54.11,55.0,51.12,51.92,12093417,634680631.42
2026-09-30,sz,002991,甘源食品,36.88,37.06,39.39,36.88,38.57,1887505,71956508.3
2026-09-30,sz,002992,宝明科技,33.1,33.34,33.6,32.36,32.4,1055700,34644164.0
2026-09-30,sz,002993,奥海科技,32.84,32.99,33.27,32.25,32.27,2781560,90865807.01
2026-09-30,sz,002995,天地在线,17.33,17.58,17.6,16.86,16.86,5177600,88274112.0
2026-09-30,sz,002996,顺博合金,5.92,5.95,5.97,5.91,5.95,3352609,19926970.76
2026-09-30,sz,002997,瑞鹄模具,25.7,25.77,26.49,25.71,26.39,2485321,65307099.6
2026-09-30,sz,002998,优彩资源,7.99,8.06,8.09,7.9,7.95,8762000,69842339.0
2026-09-30,sz,002999,天禾股份,6.36,6.46,6.46,6.29,6.36,7862800,49952904.0
2026-09-30,sz,003000,劲仔食品,9.38,9.39,9.69,9.29,9.61,7003978,66698645.26
2026-09-30,sz,003001,中岩大地,20.42,20.41,20.66,19.36,19.4,16991051,336498578.9
2026-09-30,sz,003002,壶化股份,15.88,15.9,16.29,15.56,15.61,4702365,74514237.11
2026-09-30,sz,003003,天元股份,11.28,11.3,11.5,11.05,11.18,2895729,32486813.64
2026-09-30,sz,003004,声迅股份,61.25,61.2,62.5,60.0,60.22,1753612,107115384.84
2026-09-30,sz,003005,竞业达,15.15,15.11,15.2,14.86,14.93,7751400,116119256.4
2026-09-30,sz,003006,百亚股份,21.71,21.9,23.17,21.9,23.12,54072064,1233558762.59
2026-09-30,sz,003007,直真科技,40.55,40.92,40.98,39.3,39.39,1211200,48214138.0
2026-09-30,sz,003008,开普检测,19.9,19.91,20.1,19.69,19.84,730850,14531207.6
2026-09-30,sz,003009,中天火箭,44.73,44.74,45.12,44.01,44.05,2144763,95277114.77
2026-09-30,sz,003010,若羽臣,27.83,27.7,28.16,27.51,27.99,3750390,104535944.6
2026-09-30,sz,003011,海象新材,20.08,20.09,20.25,19.64,19.73,1645700,32705300.0
2026-09-30,sz,003012,东鹏控股,4.63,4.65,4.79,4.55,4.74,12821100,60130820.0
2026-09-30,sz,003013,地铁设计,16.0,15.91,16.4,15.36,16.31,11331736,180692496.26
2026-09-30,sz,003015,日久光电,12.28,12.45,12.45,12.02,12.06,2796500,33914865.0
2026-09-30,sz,003016,欣贺股份,7.46,7.51,7.54,7.37,7.42,3156200,23466146.0
2026-09-30,sz,003017,大洋生物,22.51,22.67,23.33,22.53,22.63,2071060,47288752.76
2026-09-30,sz,003018,金富科技,44.95,45.49,45.5,43.35,43.55,6397850,281765990.22
2026-09-30,sz,003019,宸展光电,26.66,26.66,27.06,25.9,26.08,2805905,73720223.75
2026-09-30,sz,003020,立方制药,16.95,17.29,17.44,16.89,17.26,2922959,50457278.02
2026-09-30,sz,003021,兆威机电,69.09,69.21,71.44,68.63,70.25,2927977,205805726.5
2026-09-30,sz,003022,联泓新科,18.28,18.41,18.45,18.11,18.16,4118241,75253999.2
2026-09-30,sz,003023,彩虹集团,25.19,25.03,26.2,24.95,25.38,1499800,37906900.0
2026-09-30,sz,003025,思进智能,12.24,12.25,12.29,12.01,12.11,2758400,33444174.76
2026-09-30,sz,003026,中晶科技,33.32,33.71,33.8,32.02,32.4,12609454,411008410.66
2026-09-30,sz,003027,同兴科技,16.83,16.83,16.93,16.61,16.72,1535400,25722218.0
2026-09-30,sz,003028,振邦智能,23.81,23.83,23.98,23.35,23.48,772590,18194763.5
2026-09-30,sz,003029,吉大正元,17.98,17.98,18.02,17.36,17.51,3996000,70288996.37
2026-09-30,sz,003030,祖名股份,25.83,25.85,26.25,25.46,25.79,2253900,58231875.0
2026-09-30,sz,003031,中瓷电子,118.57,119.59,122.5,117.06,118.84,6094321,727477898.22
2026-09-30,sz,003032,传智教育,8.68,8.83,8.95,8.6,8.62,17623199,153206477.34
2026-09-30,sz,003033,征和工业,86.59,86.59,87.45,83.6,84.12,1446800,123304930.0
2026-09-30,sz,003035,南网能源,5.26,5.26,5.35,5.25,5.34,21901163,116508744.79
2026-09-30,sz,003036,泰坦股份,46.46,46.7,46.94,44.11,44.23,9980240,451556443.4
2026-09-30,sz,003037,三和管桩,5.86,5.9,5.91,5.79,5.86,2858310,16722954.1
2026-09-30,sz,003038,鑫铂股份,10.78,10.8,10.84,10.6,10.69,2354000,25261718.4
2026-09-30,sz,003039,顺控发展,12.49,12.53,12.59,12.34,12.49,3339000,41615923.0
2026-09-30,sz,003040,楚天龙,14.2,14.3,14.6,14.06,14.39,34836463,500109514.49
2026-09-30,sz,003041,真爱美家,39.18,39.56,39.56,38.52,38.92,1772100,68924565.47
2026-09-30,sz,003042,中农联合,14.27,14.36,14.54,14.24,14.4,2686348,38706200.35
2026-09-30,sz,003043,华亚智能,59.42,60.0,61.18,57.53,60.4,6014337,356895264.05
2026-09-30,sz,003816,中国广核,4.21,4.22,4.28,4.22,4.23,71451534,303055075.16
