date,market,code,name,prev_close,open,high,low,close,volume,amount
2026-09-23,sh,600000,浦发银行,9.04,9.02,9.05,8.95,8.98,51124386,458952162.0
2026-09-23,sh,600004,白云机场,7.65,7.64,7.7,7.62,7.63,4654800,35674810.0
2026-09-23,sh,600006,东风股份,5.31,5.3,5.42,5.25,5.34,19216965,102908145.0
2026-09-23,sh,600007,中国国贸,19.66,19.71,20.17,19.54,19.86,1867192,37272860.0
2026-09-23,sh,600008,首创环保,2.74,2.74,2.76,2.73,2.73,48381660,132605768.0
2026-09-23,sh,600009,上海机场,22.81,22.81,22.98,22.71,22.75,5021951,114702770.0
2026-09-23,sh,600010,包钢股份,2.12,2.12,2.16,2.11,2.12,333333995,709116571.0
2026-09-23,sh,600011,华能国际,6.8,6.78,6.79,6.74,6.76,32586300,220326618.0
2026-09-23,sh,600012,皖通高速,15.36,15.38,15.53,15.25,15.43,3117541,48070289.0
2026-09-23,sh,600015,华夏银行,6.24,6.24,6.25,6.22,6.23,33684833,209995986.0
2026-09-23,sh,600016,民生银行,3.5,3.49,3.51,3.45,3.47,184904956,641775023.0
2026-09-23,sh,600017,日照港,2.81,2.81,2.83,2.78,2.79,23855801,66839638.0
2026-09-23,sh,600018,上港集团,5.36,5.35,5.41,5.33,5.38,32238439,173322220.0
2026-09-23,sh,600019,宝钢股份,5.73,5.73,5.82,5.71,5.75,78348695,452384248.0
2026-09-23,sh,600020,中原高速,3.82,3.82,3.85,3.8,3.84,10452881,40074659.0
2026-09-23,sh,600021,上海电力,13.45,13.44,13.47,13.31,13.32,14550141,194110292.0
2026-09-23,sh,600022,山东钢铁,1.31,1.31,1.35,1.3,1.31,150038717,198552504.0
2026-09-23,sh,600023,浙能电力,5.0,4.99,5.1,4.97,5.08,51188249,258997465.0
2026-09-23,sh,600025,华能水电,9.62,9.6,9.62,9.55,9.6,21117428,202390166.0
2026-09-23,sh,600026,中远海能,21.91,21.55,21.75,21.04,21.08,65506432,1392135121.0
2026-09-23,sh,600027,华电国际,4.8,4.79,4.82,4.77,4.8,46302119,222096594.0
2026-09-23,sh,600028,中国石化,5.31,5.29,5.38,5.27,5.29,194998204,1037412478.0
2026-09-23,sh,600029,南方航空,4.96,4.97,5.0,4.96,4.97,38491851,191672463.0
2026-09-23,sh,600030,中信证券,26.89,26.9,26.95,26.67,26.79,48055701,1287125305.0
2026-09-23,sh,600031,三一重工,17.72,17.72,17.89,17.5,17.51,70150573,1238767606.0
2026-09-23,sh,600032,浙江新能,6.98,6.94,6.95,6.76,6.77,20773534,141692108.0
2026-09-23,sh,600033,福建高速,3.62,3.61,3.66,3.6,3.63,20259096,73673398.0
2026-09-23,sh,600035,楚天高速,3.65,3.64,3.66,3.61,3.64,9227100,33631896.0
2026-09-23,sh,600036,招商银行,40.82,40.83,41.17,40.54,40.6,41834474,1703224579.0
2026-09-23,sh,600037,歌华有线,7.18,7.16,7.19,7.06,7.07,14661600,104175032.0
2026-09-23,sh,600038,中直股份,27.33,27.43,27.46,27.11,27.11,2317042,63181185.0
2026-09-23,sh,600039,四川路桥,8.77,8.75,8.85,8.64,8.66,12790756,111622328.0
2026-09-23,sh,600048,保利发展,5.68,5.66,5.9,5.59,5.64,372714222,2140659267.0
2026-09-23,sh,600050,中国联通,4.21,4.21,4.22,4.17,4.17,83543749,349704933.0
2026-09-23,sh,600051,宁波联合,6.26,6.29,6.31,6.21,6.23,3407801,21342283.0
2026-09-23,sh,600052,东望时代,3.71,3.72,3.73,3.62,3.62,10929600,40128839.0
2026-09-23,sh,600053,*ST九鼎,7.72,7.72,7.73,7.41,7.43,2868300,21643036.0
2026-09-23,sh,600054,黄山旅游,10.83,10.77,10.86,10.75,10.77,4171300,45029727.0
2026-09-23,sh,600055,万东医疗,10.33,10.33,10.7,10.31,10.58,6997500,73656989.0
2026-09-23,sh,600056,中国医药,9.05,9.04,9.07,8.95,8.96,7913206,71305460.0
2026-09-23,sh,600057,厦门象屿,6.17,6.17,6.19,6.05,6.06,12059861,73617393.0
2026-09-23,sh,600058,五矿发展,9.0,9.0,9.35,8.91,9.18,13783102,126114756.0
2026-09-23,sh,600059,古越龙山,10.79,10.76,11.87,10.76,11.33,126782735,1462582849.0
2026-09-23,sh,600060,海信视像,27.3,27.68,27.68,27.02,27.24,4220221,115096620.0
2026-09-23,sh,600061,国投资本,6.34,6.34,6.36,6.29,6.3,18858115,119149268.0
2026-09-23,sh,600062,华润双鹤,16.1,16.11,16.18,16.01,16.03,4611784,74209015.0
2026-09-23,sh,600063,皖维高新,5.62,5.62,5.8,5.58,5.71,50575143,288642276.0
2026-09-23,sh,600064,南京高科,7.73,7.73,7.82,7.69,7.7,12319490,95575955.0
2026-09-23,sh,600066,宇通客车,26.17,26.11,26.21,24.85,25.25,30223139,763919794.0
2026-09-23,sh,600067,冠城新材,2.69,2.69,2.72,2.63,2.64,28179648,75289226.0
2026-09-23,sh,600071,凤凰光学,16.78,16.8,17.01,16.73,16.8,1920400,32385935.0
2026-09-23,sh,600072,中船科技,8.93,8.91,8.92,8.69,8.7,18638452,163397689.0
2026-09-23,sh,600073,光明肉业,5.51,5.52,5.56,5.46,5.47,8128609,44712009.0
2026-09-23,sh,600075,新疆天业,4.63,4.63,4.68,4.6,4.6,11071000,51202504.0
2026-09-23,sh,600076,康欣新材,2.25,2.25,2.26,2.15,2.15,42582513,92817295.0
2026-09-23,sh,600078,澄星股份,10.31,10.3,10.33,10.02,10.04,9958502,100423388.0
2026-09-23,sh,600079,ST人福,18.73,18.69,18.88,18.67,18.83,5575334,104806119.0
2026-09-23,sh,600080,ST金花,4.8,4.83,4.83,4.72,4.74,2056500,9798211.0
2026-09-23,sh,600081,东风科技,10.45,10.42,10.58,10.31,10.51,3295100,34571845.0
2026-09-23,sh,600082,ST海泰,3.16,3.16,3.29,3.13,3.27,10113500,32579501.0
2026-09-23,sh,600084,*ST尼雅,4.49,4.45,4.54,4.44,4.44,3002000,13395233.0
2026-09-23,sh,600085,同仁堂,23.66,23.58,23.77,23.53,23.61,2807052,66427646.0
2026-09-23,sh,600088,中视传媒,15.17,14.55,14.7,13.65,13.65,34203458,475756963.0
2026-09-23,sh,600089,特变电工,18.21,18.21,18.24,18.03,18.09,28799928,520963715.0
2026-09-23,sh,600094,大名城,4.12,4.13,4.17,4.02,4.05,27355301,111788709.0
2026-09-23,sh,600095,湘财股份,9.05,8.97,9.15,8.9,8.94,39891315,358388060.0
2026-09-23,sh,600096,云天化,28.24,28.17,28.25,27.91,27.95,15312500,428855662.0
2026-09-23,sh,600097,开创国际,9.39,9.38,9.38,9.23,9.27,2700700,25060230.0
2026-09-23,sh,600098,广州发展,6.21,6.19,6.25,6.17,6.18,10944900,67959101.0
2026-09-23,sh,600099,林海股份,9.28,9.33,9.38,9.11,9.29,2781200,25842234.0
2026-09-23,sh,600100,同方股份,6.92,6.9,6.93,6.83,6.83,12987301,89258468.0
2026-09-23,sh,600101,明星电力,7.97,7.96,7.96,7.81,7.82,11702956,91919718.0
2026-09-23,sh,600103,青山纸业,3.77,3.78,3.82,3.63,3.65,139429159,513914892.0
2026-09-23,sh,600104,上汽集团,11.07,11.05,11.06,10.87,10.87,39176746,429037010.0
2026-09-23,sh,600105,永鼎股份,45.41,46.0,46.15,44.15,44.87,83807140,3762938251.0
2026-09-23,sh,600106,重庆路桥,4.48,4.47,4.56,4.42,4.49,11467489,51489233.0
2026-09-23,sh,600107,*ST尔雅,5.74,5.85,5.85,5.7,5.71,876502,5039009.0
2026-09-23,sh,600108,亚盛集团,4.41,4.39,4.4,4.21,4.27,172767144,741282504.0
2026-09-23,sh,600109,国金证券,8.35,8.35,8.38,8.28,8.28,15232150,126504226.0
2026-09-23,sh,600110,诺德股份,12.16,12.16,12.68,11.98,12.46,179256536,2214589105.0
2026-09-23,sh,600111,北方稀土,37.9,37.9,37.94,37.37,37.42,22492705,843302499.0
2026-09-23,sh,600113,浙江东日,29.97,29.97,30.25,29.7,29.85,3429300,102729084.0
2026-09-23,sh,600114,东睦股份,27.71,27.71,28.08,27.58,27.75,8554496,237946869.0
2026-09-23,sh,600115,中国东航,3.45,3.46,3.5,3.45,3.46,139978091,485874167.0
2026-09-23,sh,600116,三峡水利,6.11,6.11,6.12,6.06,6.08,11059579,67278849.0
2026-09-23,sh,600117,西宁特钢,2.19,2.18,2.26,2.16,2.16,26759116,58806309.0
2026-09-23,sh,600118,中国卫星,58.82,58.89,58.99,57.5,57.72,16408517,949455571.0
2026-09-23,sh,600119,*ST长投,5.03,5.01,5.03,4.94,4.96,1386900,6915365.0
2026-09-23,sh,600120,浙江东方,4.74,4.73,4.75,4.68,4.7,21059049,99082315.0
2026-09-23,sh,600121,郑州煤电,5.27,5.15,5.18,4.78,4.81,172788460,851292213.0
2026-09-23,sh,600123,兰花科创,7.18,7.12,7.18,7.0,7.01,14959263,105709085.0
2026-09-23,sh,600125,铁龙物流,5.31,5.3,5.33,5.27,5.27,5835836,30900671.0
2026-09-23,sh,600126,杭钢股份,6.31,6.3,6.32,6.16,6.17,33329761,207244919.0
2026-09-23,sh,600127,金健米业,16.47,16.41,16.88,16.11,16.75,207423874,3436627074.0
2026-09-23,sh,600128,苏豪弘业,8.6,8.59,8.65,8.46,8.52,2485760,21206166.0
2026-09-23,sh,600129,太极集团,13.91,13.86,13.97,13.71,13.74,7713764,106671947.0
2026-09-23,sh,600130,波导股份,4.67,4.71,4.71,4.54,4.61,21250085,97922811.0
2026-09-23,sh,600131,国网信通,14.45,14.46,14.47,14.27,14.27,3783360,54252311.0
2026-09-23,sh,600132,重庆啤酒,38.18,38.24,38.87,38.03,38.32,3010319,115794994.0
2026-09-23,sh,600133,东湖高新,8.0,7.98,8.09,7.92,7.97,8905410,71155065.0
2026-09-23,sh,600135,乐凯胶片,7.78,7.76,7.79,7.57,7.59,10213800,77851626.0
2026-09-23,sh,600136,ST明诚,1.5,1.5,1.53,1.48,1.5,9295420,13997296.0
2026-09-23,sh,600137,浪莎股份,17.89,17.9,18.14,17.62,17.74,1390160,24750091.0
2026-09-23,sh,600138,中青旅,7.08,7.08,7.16,7.03,7.05,6088100,43152576.0
2026-09-23,sh,600141,兴发集团,29.17,29.09,29.16,28.6,28.62,16516118,474740089.0
2026-09-23,sh,600143,XD金发科,13.36,13.36,13.38,13.18,13.22,15249868,202030620.0
2026-09-23,sh,600148,长春一东,15.87,15.96,15.98,15.72,15.8,1351072,21399117.0
2026-09-23,sh,600149,廊坊发展,5.04,5.07,5.13,4.98,5.05,7195400,36342295.0
2026-09-23,sh,600150,中国船舶,40.12,40.04,40.14,38.53,38.59,84187455,3282325668.0
2026-09-23,sh,600151,航天机电,9.5,9.47,9.58,9.35,9.36,14022610,131980086.0
2026-09-23,sh,600152,维科技术,7.88,7.85,7.89,7.72,7.75,10382501,80696541.0
2026-09-23,sh,600153,建发股份,8.58,8.57,8.8,8.55,8.67,19672080,171298477.0
2026-09-23,sh,600155,华创云信,6.2,6.2,6.22,6.09,6.09,21253137,130477686.0
2026-09-23,sh,600156,华升股份,8.88,8.98,9.15,8.37,8.41,22505328,194981752.0
2026-09-23,sh,600157,永泰能源,1.52,1.52,1.53,1.51,1.51,284305964,431644683.0
2026-09-23,sh,600158,中体产业,7.15,7.14,7.15,7.02,7.03,16661701,117676322.0
2026-09-23,sh,600159,大龙地产,2.78,2.77,2.86,2.75,2.77,20725000,57934025.0
2026-09-23,sh,600160,巨化股份,34.61,34.61,35.1,33.9,35.05,36138982,1246137349.0
2026-09-23,sh,600161,XD天坛生,12.36,12.38,12.48,12.31,12.31,7272694,90165115.0
2026-09-23,sh,600162,香江控股,4.89,4.91,5.07,4.54,4.59,179109258,859793980.0
2026-09-23,sh,600163,中闽能源,5.7,5.59,5.6,5.35,5.37,71605757,389025232.0
2026-09-23,sh,600165,宁科生物,3.28,3.28,3.28,3.18,3.18,14502567,46672850.0
2026-09-23,sh,600166,福田汽车,2.79,2.78,2.82,2.77,2.77,72334310,201515639.0
2026-09-23,sh,600167,联美控股,5.64,5.63,5.68,5.58,5.59,5200600,29217392.0
2026-09-23,sh,600168,武汉控股,4.34,4.35,4.38,4.31,4.35,4694119,20431477.0
2026-09-23,sh,600169,ST太重,2.16,2.16,2.21,2.15,2.19,11127001,24292200.0
2026-09-23,sh,600170,上海建工,2.23,2.22,2.29,2.21,2.23,187611334,422643537.0
2026-09-23,sh,600171,上海贝岭,23.1,23.1,23.24,22.88,23.16,8170758,188767991.0
2026-09-23,sh,600172,黄河旋风,16.06,15.91,17.18,15.82,16.74,219400267,3632681942.0
2026-09-23,sh,600173,卧龙新能,5.94,5.95,6.01,5.85,5.86,4361800,25819786.0
2026-09-23,sh,600176,中国巨石,45.47,45.11,46.18,44.43,45.62,147004364,6698966744.0
2026-09-23,sh,600177,雅戈尔,8.11,8.1,8.23,8.1,8.19,14496711,118635821.0
2026-09-23,sh,600178,东安动力,9.55,9.54,9.85,9.46,9.55,6295790,60622655.0
2026-09-23,sh,600179,安通控股,4.58,4.58,4.58,4.49,4.49,24931699,113194636.0
2026-09-23,sh,600180,*ST瑞茂,1.63,1.6,1.62,1.57,1.58,12966600,20679489.0
2026-09-23,sh,600182,S佳通,12.78,12.76,12.78,12.65,12.68,1112200,14116310.0
2026-09-23,sh,600183,生益科技,143.45,143.0,146.0,142.02,143.56,41642723,5996688278.0
2026-09-23,sh,600184,光电股份,20.42,20.17,20.4,19.91,20.26,23166294,467172290.0
2026-09-23,sh,600185,珠免集团,4.86,4.86,4.9,4.75,4.77,25421294,122496919.0
2026-09-23,sh,600186,莲花控股,12.93,12.89,14.19,12.8,13.59,371767054,4995247219.0
2026-09-23,sh,600187,*ST国中,1.3,1.3,1.3,1.28,1.28,15990300,20636294.0
2026-09-23,sh,600188,兖矿能源,20.35,20.18,20.35,19.6,19.77,34252586,678679488.0
2026-09-23,sh,600189,泉阳泉,8.3,8.39,8.52,8.23,8.27,18145860,151745581.0
2026-09-23,sh,600191,华资实业,9.43,9.4,9.52,9.15,9.22,7849300,73123066.0
2026-09-23,sh,600192,长城电工,7.69,7.69,7.7,7.04,7.14,25506361,184837547.0
2026-09-23,sh,600195,中牧股份,6.74,6.74,6.76,6.66,6.68,4790851,32120204.0
2026-09-23,sh,600196,复星医药,23.13,23.13,23.4,23.01,23.13,18292541,424841321.0
2026-09-23,sh,600197,伊力特,9.38,9.38,9.75,9.37,9.48,9777606,93605342.0
2026-09-23,sh,600198,大唐电信,7.72,7.69,7.7,7.48,7.48,17517800,131907823.0
2026-09-23,sh,600199,金种子酒,7.34,7.3,7.69,7.24,7.26,34437420,256049435.0
2026-09-23,sh,600201,生物股份,11.72,11.68,11.94,11.65,11.75,9629900,113788486.0
2026-09-23,sh,600202,哈空调,5.15,5.16,5.18,5.06,5.16,5023600,25817196.0
2026-09-23,sh,600203,福日电子,10.24,10.26,10.29,10.0,10.06,12915200,130234678.0
2026-09-23,sh,600206,有研新材,49.95,49.36,51.8,49.36,51.48,73061401,3693151773.0
2026-09-23,sh,600207,安彩高科,4.86,4.82,5.18,4.77,4.94,58821912,293753647.0
2026-09-23,sh,600208,衢州发展,2.9,2.89,2.98,2.89,2.91,111330965,327023204.0
2026-09-23,sh,600210,紫江企业,6.24,6.25,6.27,6.22,6.22,8092482,50506898.0
2026-09-23,sh,600211,西藏药业,36.42,36.45,36.69,36.36,36.58,1808030,66010872.0
2026-09-23,sh,600212,绿能慧充,5.87,5.88,5.89,5.7,5.8,8511500,49122078.0
2026-09-23,sh,600215,派斯林,6.24,6.24,6.29,6.1,6.1,5281000,32552394.0
2026-09-23,sh,600216,浙江医药,12.72,12.7,12.76,12.6,12.61,7901491,100072451.0
2026-09-23,sh,600217,中再资环,3.25,3.25,3.27,3.19,3.22,11547508,37232256.0
2026-09-23,sh,600218,全柴动力,8.03,8.0,8.1,7.91,7.98,16784773,134463319.0
2026-09-23,sh,600219,南山铝业,4.75,4.76,4.77,4.69,4.69,67528582,318222836.0
2026-09-23,sh,600221,海航控股,1.24,1.24,1.26,1.23,1.24,271343214,338083138.0
2026-09-23,sh,600222,太龙药业,8.12,8.12,8.2,7.98,8.03,15307600,123507346.0
2026-09-23,sh,600223,福瑞达,5.67,5.67,5.72,5.56,5.58,7450600,41849525.0
2026-09-23,sh,600226,亨通股份,5.99,5.97,6.12,5.93,6.05,76782555,463786132.0
2026-09-23,sh,600227,赤天化,4.28,4.27,4.27,3.86,3.88,240109646,949895293.0
2026-09-23,sh,600228,返利科技,11.89,11.91,12.29,11.65,11.66,33365600,398257149.0
2026-09-23,sh,600229,城市传媒,5.95,5.87,5.95,5.74,5.89,11890444,69564838.0
2026-09-23,sh,600230,沧州大化,13.47,13.49,14.82,13.28,14.82,23248660,336636082.0
2026-09-23,sh,600231,凌钢股份,1.68,1.68,1.85,1.66,1.76,94055568,167904839.0
2026-09-23,sh,600232,金鹰股份,6.63,6.58,6.64,6.51,6.52,3030500,19880314.0
2026-09-23,sh,600233,圆通速递,17.69,17.63,18.19,17.63,17.84,20517383,367844949.0
2026-09-23,sh,600234,科新发展,22.55,22.55,22.86,22.03,22.65,2149200,48288142.0
2026-09-23,sh,600235,民丰特纸,5.87,5.84,5.88,5.78,5.82,3294700,19179335.0
2026-09-23,sh,600236,桂冠电力,9.44,9.45,9.45,9.25,9.29,6763858,63107390.0
2026-09-23,sh,600237,铜峰电子,10.12,9.9,10.0,9.65,9.85,60659437,595454323.0
2026-09-23,sh,600238,ST椰岛,4.3,4.26,4.26,4.06,4.08,8936672,37230234.0
2026-09-23,sh,600239,ST云城,1.44,1.43,1.49,1.43,1.44,26450912,38797760.0
2026-09-23,sh,600241,时代万恒,7.4,7.4,7.42,7.26,7.31,2384300,17477103.0
2026-09-23,sh,600243,*ST海华,3.44,3.44,3.78,3.44,3.66,12482800,45665251.0
2026-09-23,sh,600246,万通发展,14.64,14.75,15.28,14.31,14.78,151391882,2235281927.0
2026-09-23,sh,600248,陕建股份,2.86,2.86,2.91,2.83,2.83,17550838,50387252.0
2026-09-23,sh,600249,两面针,5.53,5.52,5.52,5.37,5.38,7210399,39095464.0
2026-09-23,sh,600250,南京商旅,9.15,9.12,9.32,9.01,9.05,8336201,76147957.0
2026-09-23,sh,600251,冠农股份,10.31,10.28,10.41,10.11,10.36,14334930,147213997.0
2026-09-23,sh,600252,中恒集团,2.21,2.21,2.23,2.16,2.16,53077367,116144149.0
2026-09-23,sh,600255,鑫科材料,3.64,3.63,3.64,3.52,3.54,68285899,243178823.0
2026-09-23,sh,600256,广汇能源,7.0,6.95,7.02,6.83,6.86,72940712,502240369.0
2026-09-23,sh,600257,大湖股份,5.69,5.67,5.67,5.51,5.54,10621658,59004813.0
2026-09-23,sh,600258,首旅酒店,11.35,11.33,11.44,11.15,11.18,22610455,254744614.0
2026-09-23,sh,600259,中稀有色,83.25,83.0,83.02,80.65,81.3,5718542,464856701.0
2026-09-23,sh,600261,阳光照明,3.46,3.44,3.45,3.33,3.35,25786500,87126433.0
2026-09-23,sh,600262,北方股份,15.3,15.02,15.02,14.5,14.83,5149220,76340254.0
2026-09-23,sh,600265,*ST景谷,22.71,22.69,23.44,22.64,23.27,823400,19046641.0
2026-09-23,sh,600266,城建发展,4.47,4.47,4.56,4.4,4.41,52588397,235455803.0
2026-09-23,sh,600267,海正药业,11.76,11.77,11.91,11.71,11.8,20469917,241776330.0
2026-09-23,sh,600268,国电南自,10.41,10.4,10.41,10.08,10.2,14941314,152127063.0
2026-09-23,sh,600269,赣粤高速,3.81,3.81,3.83,3.78,3.79,9360854,35583198.0
2026-09-23,sh,600271,航天信息,6.81,6.79,6.8,6.68,6.69,9437000,63477642.0
2026-09-23,sh,600272,开开实业,17.35,16.78,16.78,15.67,15.81,37207380,595595235.0
2026-09-23,sh,600273,嘉化能源,6.36,6.36,6.39,6.31,6.32,8460600,53635788.0
2026-09-23,sh,600276,恒瑞医药,45.72,45.59,46.09,45.41,45.58,43438412,1983663514.0
2026-09-23,sh,600278,东方创业,6.6,6.61,6.62,6.49,6.52,4296730,28132263.0
2026-09-23,sh,600279,重庆港,4.35,4.34,4.34,4.25,4.26,5857851,25160005.0
2026-09-23,sh,600280,中央商场,3.14,3.13,3.15,3.04,3.05,27976800,86532825.0
2026-09-23,sh,600281,华阳新材,4.87,4.87,4.91,4.66,4.73,32220700,153327814.0
2026-09-23,sh,600282,南钢股份,4.38,4.38,4.46,4.35,4.39,35401640,156080643.0
2026-09-23,sh,600283,钱江水利,8.06,8.06,8.18,8.0,8.05,2560270,20681521.0
2026-09-23,sh,600284,浦东建设,5.18,5.17,5.24,5.11,5.11,10661938,55081844.0
2026-09-23,sh,600285,羚锐制药,19.1,19.11,19.22,19.03,19.08,3902500,74656384.0
2026-09-23,sh,600287,苏豪时尚,5.01,5.03,5.03,4.95,4.98,2727300,13609233.0
2026-09-23,sh,600288,大恒科技,11.07,11.08,11.08,10.89,10.95,8292550,90732275.0
2026-09-23,sh,600289,ST信通,4.42,4.44,4.44,4.26,4.3,3052800,13186758.0
2026-09-23,sh,600292,电投水电,11.59,11.62,11.62,11.38,11.38,8579194,98085118.0
2026-09-23,sh,600293,三峡新材,3.36,3.31,3.7,3.25,3.7,63984474,232240321.0
2026-09-23,sh,600295,鄂尔多斯,13.02,13.02,13.1,12.82,12.84,7224269,93470666.0
2026-09-23,sh,600298,安琪酵母,39.42,39.4,40.25,39.23,39.76,4560408,181232157.0
2026-09-23,sh,600299,安迪苏,8.42,8.4,8.42,8.3,8.37,19298725,161407912.0
2026-09-23,sh,600300,维维股份,3.12,3.11,3.14,3.08,3.09,25012024,77667756.0
2026-09-23,sh,600301,华锡有色,48.87,48.52,48.89,47.8,47.94,17372558,837639483.0
2026-09-23,sh,600302,ST标准,6.89,6.85,7.1,6.78,7.1,3650300,25403421.0
2026-09-23,sh,600303,曙光股份,3.12,3.12,3.23,2.99,3.0,38709713,118521769.0
2026-09-23,sh,600305,恒顺醋业,6.73,6.72,6.9,6.7,6.78,8957575,61103567.0
2026-09-23,sh,600307,酒钢宏兴,1.48,1.47,1.55,1.46,1.47,88168498,131351864.0
2026-09-23,sh,600308,华泰股份,3.34,3.32,3.4,3.3,3.36,19137406,63828006.0
2026-09-23,sh,600309,万华化学,70.66,70.66,72.49,69.62,71.6,38983055,2769707529.0
2026-09-23,sh,600310,广西能源,4.64,4.63,4.65,4.4,4.42,44242310,197891814.0
2026-09-23,sh,600312,平高电气,19.3,19.25,19.32,18.88,18.93,10350373,196666589.0
2026-09-23,sh,600313,农发种业,7.18,7.12,7.18,6.9,6.99,41021568,287416843.0
2026-09-23,sh,600315,上海家化,18.48,18.43,18.95,18.38,18.54,5944811,111042529.0
2026-09-23,sh,600316,洪都航空,34.11,34.11,34.22,33.61,33.83,6175348,208944500.0
2026-09-23,sh,600318,新力金融,7.11,7.07,7.1,6.85,6.87,20743928,143522421.0
2026-09-23,sh,600319,亚星化学,6.28,6.25,6.34,6.21,6.25,3388800,21249464.0
2026-09-23,sh,600320,振华重工,4.12,4.12,4.14,4.06,4.07,36809823,150669903.0
2026-09-23,sh,600322,津投城开,2.79,2.79,2.85,2.74,2.76,35194410,98415427.0
2026-09-23,sh,600323,瀚蓝环境,28.81,28.71,29.25,28.61,28.9,2960800,85703705.0
2026-09-23,sh,600325,华发股份,2.82,2.81,2.99,2.76,2.8,222808132,638599660.0
2026-09-23,sh,600326,西藏天路,6.86,6.87,7.47,6.78,7.22,56914872,410670709.0
2026-09-23,sh,600327,大东方,3.92,3.91,3.95,3.76,3.77,16951501,64851417.0
2026-09-23,sh,600328,中盐化工,5.78,5.77,5.8,5.71,5.72,10822836,62113604.0
2026-09-23,sh,600329,达仁堂,35.1,35.11,35.68,34.99,35.39,1586212,56192941.0
2026-09-23,sh,600330,天通股份,29.71,29.5,30.38,29.33,29.98,86084381,2580711392.0
2026-09-23,sh,600331,宏达股份,11.92,11.92,12.18,11.88,12.12,28022873,337752710.0
2026-09-23,sh,600332,白云山,19.68,19.66,19.76,19.59,19.67,4163585,81961250.0
2026-09-23,sh,600333,长春燃气,6.85,6.85,6.86,6.76,6.78,7316000,49717122.0
2026-09-23,sh,600335,国机汽车,5.17,5.19,5.23,5.11,5.13,8024581,41469748.0
2026-09-23,sh,600336,澳柯玛,6.45,6.45,6.46,6.3,6.32,4595230,29194387.0
2026-09-23,sh,600337,ST美克,3.39,3.39,3.55,3.28,3.32,49162790,168242406.0
2026-09-23,sh,600338,西藏珠峰,12.79,12.79,12.8,12.41,12.42,21341798,266999821.0
2026-09-23,sh,600339,中油工程,3.34,3.33,3.34,3.23,3.25,44312700,144918637.0
2026-09-23,sh,600340,*ST华幸,1.12,1.12,1.23,1.12,1.15,161330969,188806052.0
2026-09-23,sh,600343,航天动力,20.29,20.22,20.36,19.77,19.87,24520746,488998279.0
2026-09-23,sh,600345,长江通信,54.41,54.45,54.76,53.11,53.93,7341827,396211430.0
2026-09-23,sh,600346,恒力石化,16.54,16.48,17.2,16.43,16.88,37530179,631861168.0
2026-09-23,sh,600348,华阳股份,9.24,9.19,9.26,8.98,8.98,18220495,165395386.0
2026-09-23,sh,600350,山东高速,10.0,10.05,10.09,9.98,10.03,8580800,86048293.0
2026-09-23,sh,600351,亚宝药业,6.84,6.83,6.87,6.72,6.73,15103400,102379771.0
2026-09-23,sh,600352,浙江龙盛,12.62,12.63,12.77,12.45,12.5,31105752,390714634.0
2026-09-23,sh,600353,旭光电子,33.32,33.2,34.55,32.55,33.45,51906663,1738895799.0
2026-09-23,sh,600354,敦煌种业,10.12,10.12,10.48,9.65,10.08,118301009,1196565757.0
2026-09-23,sh,600356,恒丰纸业,10.93,11.1,11.19,10.51,10.7,24829450,268378362.0
2026-09-23,sh,600358,国旅联合,5.14,5.16,5.32,5.12,5.2,6038000,31476060.0
2026-09-23,sh,600359,新农开发,8.04,7.96,7.98,7.71,7.84,23550759,184775744.0
2026-09-23,sh,600360,华微电子,11.38,11.35,11.58,11.15,11.39,63917520,726665759.0
2026-09-23,sh,600361,创新新材,3.53,3.53,3.54,3.49,3.49,24456826,85943637.0
2026-09-23,sh,600362,江西铜业,45.1,45.48,45.54,44.4,44.55,35090163,1570699302.0
2026-09-23,sh,600363,联创光电,15.98,15.8,15.89,15.02,15.1,34089597,520946058.0
2026-09-23,sh,600365,ST通葡,2.86,2.86,2.87,2.82,2.85,1491400,4242445.0
2026-09-23,sh,600366,宁波韵升,11.43,11.4,11.43,11.24,11.33,15744517,178093199.0
2026-09-23,sh,600367,红星发展,38.29,37.65,39.38,37.08,39.21,43434415,1680354427.0
2026-09-23,sh,600368,五洲交通,4.06,4.06,4.13,4.04,4.12,19227731,78832857.0
2026-09-23,sh,600369,西南证券,3.99,3.99,4.01,3.97,3.99,19357088,77188618.0
2026-09-23,sh,600370,*ST三房,1.5,1.5,1.52,1.49,1.49,11121200,16697215.0
2026-09-23,sh,600371,万向德农,15.71,15.39,17.28,14.7,17.28,81253578,1324585012.0
2026-09-23,sh,600372,中航机载,11.57,11.52,11.64,11.43,11.43,18459407,212405165.0
2026-09-23,sh,600373,中文传媒,7.66,7.68,7.76,7.46,7.46,18120900,136821064.0
2026-09-23,sh,600375,汉马科技,3.71,3.71,3.77,3.65,3.67,19907400,73782785.0
2026-09-23,sh,600376,首开股份,3.4,3.36,3.46,3.31,3.33,85203688,287556472.0
2026-09-23,sh,600377,宁沪高速,12.54,12.54,12.66,12.48,12.58,7008041,88258679.0
2026-09-23,sh,600378,昊华科技,47.07,46.91,47.56,46.6,46.8,28080367,1319478770.0
2026-09-23,sh,600379,宝光股份,14.69,14.89,15.41,14.53,14.95,15222822,227842233.0
2026-09-23,sh,600380,健康元,9.38,9.36,9.47,9.32,9.41,13586966,127728987.0
2026-09-23,sh,600381,*ST春天,4.26,4.25,4.45,4.22,4.34,8430101,36545560.0
2026-09-23,sh,600382,广东明珠,6.02,6.02,6.24,5.88,5.9,24577746,148672364.0
2026-09-23,sh,600383,金地集团,2.5,2.48,2.65,2.47,2.51,315949869,812019795.0
2026-09-23,sh,600386,北巴传媒,3.59,3.58,3.58,3.48,3.49,7441800,26216947.0
2026-09-23,sh,600388,紫金龙净,17.13,17.18,17.56,17.0,17.22,7611943,131992898.0
2026-09-23,sh,600389,江山股份,18.86,18.78,18.95,18.54,18.62,6964505,130142291.0
2026-09-23,sh,600390,五矿资本,4.91,4.91,4.96,4.86,4.87,28131700,137878772.0
2026-09-23,sh,600391,航发科技,42.84,42.4,44.45,42.15,42.98,14009904,606669561.0
2026-09-23,sh,600392,盛和资源,22.19,22.15,22.15,21.72,21.78,24646237,537800639.0
2026-09-23,sh,600395,盘江股份,5.17,5.15,5.21,5.03,5.04,23028924,116966412.0
2026-09-23,sh,600396,华电辽能,13.86,13.7,13.7,12.91,12.99,137306416,1805147895.0
2026-09-23,sh,600397,江钨装备,17.49,17.35,17.87,17.11,17.74,66217924,1165880748.0
2026-09-23,sh,600398,海澜之家,5.7,5.71,5.76,5.68,5.69,20781200,118834375.0
2026-09-23,sh,600399,抚顺特钢,4.38,4.37,4.42,4.32,4.37,23215202,101478978.0
2026-09-23,sh,600400,红豆股份,3.43,3.44,3.45,3.32,3.37,57381797,193193369.0
2026-09-23,sh,600403,大有能源,7.6,7.53,7.7,7.2,7.24,134112784,991246410.0
2026-09-23,sh,600405,动力源,5.01,5.02,5.16,4.98,5.05,10670314,54051168.0
2026-09-23,sh,600406,国电南瑞,22.23,22.25,22.43,22.12,22.38,30679442,684806456.0
2026-09-23,sh,600408,安泰集团,3.13,3.13,3.14,2.97,2.98,54781135,165224228.0
2026-09-23,sh,600409,三友化工,6.35,6.34,6.41,6.29,6.32,13149115,83287201.0
2026-09-23,sh,600410,华胜天成,16.48,16.15,16.28,15.77,15.87,106769633,1702926373.0
2026-09-23,sh,600415,小商品城,11.85,11.82,11.87,10.68,10.81,146665166,1622133012.0
2026-09-23,sh,600416,湘电股份,8.56,8.57,8.57,8.44,8.44,8816200,74877926.0
2026-09-23,sh,600418,江淮汽车,21.32,21.97,23.45,21.89,23.45,217062214,4935453759.0
2026-09-23,sh,600419,天润乳业,8.8,8.75,8.86,8.71,8.75,2528000,22155187.0
2026-09-23,sh,600420,国药现代,8.4,8.37,8.44,8.34,8.34,5109100,42787964.0
2026-09-23,sh,600422,昆药集团,8.25,8.25,8.28,8.14,8.14,4114380,33722494.0
2026-09-23,sh,600423,*ST柳化,2.73,2.73,2.74,2.7,2.71,2403200,6539747.0
2026-09-23,sh,600425,青松建化,3.63,3.63,3.85,3.6,3.66,28263835,104803776.0
2026-09-23,sh,600426,华鲁恒升,20.4,20.25,20.63,20.07,20.38,26239438,534440846.0
2026-09-23,sh,600428,中远海特,11.34,11.3,11.4,11.18,11.23,18894418,212547236.0
2026-09-23,sh,600429,三元股份,4.56,4.55,4.62,4.51,4.55,7794200,35534763.0
2026-09-23,sh,600433,冠豪高新,3.37,3.37,3.37,3.28,3.29,19180400,63626919.0
2026-09-23,sh,600435,北方导航,11.68,11.69,11.72,11.31,11.32,15913800,181527826.0
2026-09-23,sh,600436,片仔癀,120.82,120.2,121.88,119.75,120.1,1770835,214020445.0
2026-09-23,sh,600438,通威股份,11.72,11.72,11.82,11.55,11.58,25572024,298306201.0
2026-09-23,sh,600439,ST瑞贝卡,1.88,1.88,1.89,1.87,1.87,5690474,10659305.0
2026-09-23,sh,600444,国机通用,14.3,14.36,14.57,14.19,14.5,1856200,26757859.0
2026-09-23,sh,600446,金证股份,10.9,10.9,10.92,10.61,10.62,11461016,122620357.0
2026-09-23,sh,600448,华纺股份,3.58,3.47,3.55,3.23,3.26,189311897,633612781.0
2026-09-23,sh,600449,宁夏建材,13.1,13.1,13.18,13.0,13.11,6570989,86024229.0
2026-09-23,sh,600452,涪陵电力,9.03,9.03,9.04,8.91,8.93,28198297,252241041.0
2026-09-23,sh,600455,博通股份,24.23,24.4,24.65,23.75,24.37,1522200,36992913.0
2026-09-23,sh,600456,宝钛股份,25.64,25.64,25.73,25.43,25.45,2140164,54608310.0
2026-09-23,sh,600458,时代新材,11.21,11.23,11.28,11.09,11.23,10142835,113800547.0
2026-09-23,sh,600459,贵研铂业,19.23,19.29,19.4,19.03,19.09,8257606,157954215.0
2026-09-23,sh,600460,士兰微,33.4,33.53,33.89,32.9,33.67,68296878,2285966195.0
2026-09-23,sh,600461,洪城环境,8.83,8.82,8.87,8.79,8.84,7553850,66695741.0
2026-09-23,sh,600463,空港股份,8.29,8.36,8.39,8.16,8.26,3603600,29854392.0
2026-09-23,sh,600467,好当家,2.44,2.43,2.44,2.39,2.41,31478800,76042849.0
2026-09-23,sh,600468,百利电气,6.28,6.3,6.3,6.05,6.06,26765401,163675804.0
2026-09-23,sh,600469,风神股份,5.04,5.04,5.04,4.97,4.98,4846900,24243823.0
2026-09-23,sh,600470,六国化工,5.81,5.8,5.8,5.56,5.65,19883500,112331154.0
2026-09-23,sh,600475,华光环能,14.92,14.92,15.33,14.76,15.1,6715617,101431170.0
2026-09-23,sh,600476,*ST湘邮,10.59,10.62,10.62,10.17,10.24,1639600,17000718.0
2026-09-23,sh,600477,杭萧钢构,2.44,2.43,2.47,2.4,2.42,27777020,67616168.0
2026-09-23,sh,600478,科力远,4.58,4.58,4.61,4.48,4.48,22599500,102133701.0
2026-09-23,sh,600479,千金药业,13.57,13.09,14.52,12.8,13.19,111383142,1500597896.0
2026-09-23,sh,600480,凌云股份,7.74,7.71,7.88,7.7,7.78,9104324,70930635.0
2026-09-23,sh,600481,双良节能,4.1,4.08,4.28,4.04,4.05,61009697,251200649.0
2026-09-23,sh,600482,中国动力,35.34,35.64,35.64,34.6,34.73,10239061,357482920.0
2026-09-23,sh,600483,福能股份,10.73,10.7,10.79,10.62,10.67,9606370,102781811.0
2026-09-23,sh,600486,扬农化工,52.96,53.1,53.15,52.35,52.51,1758955,92577058.0
2026-09-23,sh,600487,亨通光电,73.0,73.07,73.5,69.58,69.94,157629984,11146720418.0
2026-09-23,sh,600488,津药药业,6.13,6.06,6.15,5.88,5.9,73595100,438551645.0
2026-09-23,sh,600489,中金黄金,23.47,23.6,23.7,23.33,23.4,39332943,924127837.0
2026-09-23,sh,600490,鹏欣资源,7.17,7.2,7.22,7.1,7.13,19011055,135702613.0
2026-09-23,sh,600491,ST龙元,1.64,1.63,1.69,1.6,1.67,51779855,85091332.0
2026-09-23,sh,600493,凤竹纺织,6.46,6.43,6.45,6.31,6.35,4468301,28451025.0
2026-09-23,sh,600495,晋西车轴,4.11,4.11,4.12,4.06,4.07,7110652,29052519.0
2026-09-23,sh,600496,精工钢构,3.31,3.3,3.4,3.29,3.34,29190221,97821796.0
2026-09-23,sh,600497,驰宏锌锗,9.79,9.81,9.84,9.6,9.63,57818011,558633980.0
2026-09-23,sh,600498,烽火通信,43.51,43.45,43.72,42.3,42.54,55966957,2394684614.0
2026-09-23,sh,600499,科达制造,12.06,11.85,11.99,11.4,11.66,77137996,895180273.0
2026-09-23,sh,600500,中化国际,5.77,5.75,5.91,5.72,5.8,98071612,570300904.0
2026-09-23,sh,600501,航天晨光,14.85,14.85,14.91,14.51,14.52,3687700,53843950.0
2026-09-23,sh,600502,安徽建工,4.13,4.13,4.19,4.11,4.13,31831242,132117408.0
2026-09-23,sh,600503,华丽家族,2.67,2.67,2.94,2.59,2.94,414325115,1181594383.0
2026-09-23,sh,600505,西昌电力,10.59,10.56,10.58,10.22,10.24,10751000,111038694.0
2026-09-23,sh,600506,统一股份,17.63,17.5,17.62,17.0,17.1,18227959,313992975.0
2026-09-23,sh,600507,方大特钢,4.07,4.07,4.12,4.04,4.04,15875141,64610068.0
2026-09-23,sh,600508,上海能源,11.0,10.92,11.05,10.79,10.83,16938142,184633382.0
2026-09-23,sh,600509,天富能源,7.34,7.32,7.36,7.22,7.26,12447572,90514671.0
2026-09-23,sh,600510,黑牡丹,6.76,6.76,6.89,6.65,6.78,6100601,41238767.0
2026-09-23,sh,600511,国药股份,26.12,26.13,26.26,26.03,26.11,2276101,59535263.0
2026-09-23,sh,600512,腾达建设,2.07,2.08,2.11,2.05,2.06,25451600,52834842.0
2026-09-23,sh,600513,联环药业,15.39,15.38,15.39,14.85,14.97,7422556,111834280.0
2026-09-23,sh,600515,海南机场,2.76,2.75,2.79,2.72,2.73,81287237,223252416.0
2026-09-23,sh,600516,方大炭素,5.49,5.46,5.49,5.37,5.42,47028625,254683669.0
2026-09-23,sh,600517,国网英大,4.99,4.98,4.99,4.91,4.93,15407000,76188149.0
2026-09-23,sh,600518,康美药业,1.36,1.36,1.38,1.35,1.35,105637899,143675976.0
2026-09-23,sh,600519,贵州茅台,1253.8,1255.03,1271.5,1250.89,1251.24,3098122,3894630783.0
2026-09-23,sh,600520,三佳科技,25.79,25.79,26.4,25.66,26.14,6032702,157220919.0
2026-09-23,sh,600521,华海药业,16.57,16.5,16.63,16.33,16.41,17316859,285133785.0
2026-09-23,sh,600522,中天科技,36.88,36.6,36.78,35.54,35.78,170381437,6118976370.0
2026-09-23,sh,600523,贵航股份,12.13,12.06,12.15,11.92,11.93,2590340,30989289.0
2026-09-23,sh,600525,长园集团,5.01,4.98,5.0,4.86,4.91,11980200,58781751.0
2026-09-23,sh,600526,XD菲达环,4.53,4.53,4.6,4.51,4.54,5885600,26869470.0
2026-09-23,sh,600527,江南高纤,2.2,2.2,2.22,2.18,2.19,30410160,66840101.0
2026-09-23,sh,600528,中铁工业,6.83,6.84,6.87,6.81,6.81,4781951,32685364.0
2026-09-23,sh,600529,XD山东药,18.4,18.46,18.58,18.33,18.5,3290099,60898681.0
2026-09-23,sh,600530,ST交昂,4.04,4.03,4.13,3.96,3.98,5369300,21681527.0
2026-09-23,sh,600531,豫光金铅,12.17,12.25,12.26,12.01,12.04,20931738,252540323.0
2026-09-23,sh,600533,栖霞建设,2.26,2.26,2.31,2.23,2.23,18739600,42496224.0
2026-09-23,sh,600535,天士力,13.95,13.94,13.98,13.85,13.89,7501498,104258536.0
2026-09-23,sh,600536,中国软件,32.1,31.96,32.02,31.3,31.39,9654999,305005364.0
2026-09-23,sh,600537,*ST亿晶,2.23,2.22,2.31,2.18,2.19,47440400,106363900.0
2026-09-23,sh,600538,国发股份,4.9,4.9,4.94,4.82,4.82,6423100,31253246.0
2026-09-23,sh,600539,狮头股份,13.8,13.77,14.84,13.77,14.62,25497626,369373148.0
2026-09-23,sh,600540,新赛股份,6.03,5.9,5.99,5.66,5.8,99522725,576120738.0
2026-09-23,sh,600543,*ST莫高,4.12,4.08,4.18,4.07,4.09,1605820,6582952.0
2026-09-23,sh,600545,卓郎智能,4.5,4.55,4.79,4.39,4.42,129874827,589776077.0
2026-09-23,sh,600546,山煤国际,13.64,13.51,13.73,13.29,13.37,12971269,174026488.0
2026-09-23,sh,600547,山东黄金,31.45,31.5,31.63,30.79,30.93,48471229,1508177076.0
2026-09-23,sh,600548,深高速,8.1,8.1,8.11,8.02,8.04,2360800,19013693.0
2026-09-23,sh,600549,厦门钨业,49.34,49.33,49.45,48.35,48.71,24818519,1209208634.0
2026-09-23,sh,600550,保变电气,10.74,10.7,10.73,10.37,10.4,23486984,245754851.0
2026-09-23,sh,600551,时代出版,7.9,7.82,7.85,7.55,7.75,30858452,237014321.0
2026-09-23,sh,600552,凯盛科技,17.9,17.89,18.77,17.89,18.56,100498124,1861869621.0
2026-09-23,sh,600556,天下秀,4.81,4.81,4.81,4.6,4.6,48594843,226335809.0
2026-09-23,sh,600557,康缘药业,12.41,12.42,12.51,12.35,12.38,3801750,47229627.0
2026-09-23,sh,600558,大西洋,4.84,4.82,4.85,4.73,4.75,11485570,54763387.0
2026-09-23,sh,600559,老白干酒,11.27,11.22,11.53,11.17,11.17,15411284,174711852.0
2026-09-23,sh,600560,金自天正,11.38,11.38,11.43,11.21,11.31,1939800,21925386.0
2026-09-23,sh,600561,江西长运,5.9,5.93,5.93,5.77,5.85,3567000,20829946.0
2026-09-23,sh,600562,国睿科技,28.78,28.55,28.55,27.84,27.95,7241577,203345355.0
2026-09-23,sh,600563,法拉电子,124.02,124.0,126.26,123.33,125.2,3372525,420986746.0
2026-09-23,sh,600566,济川药业,24.74,24.78,25.0,24.57,24.57,3205183,79340770.0
2026-09-23,sh,600567,山鹰国际,1.33,1.33,1.35,1.32,1.32,53753800,71603004.0
2026-09-23,sh,600568,ST中珠,2.39,2.36,2.42,2.36,2.37,4828800,11475861.0
2026-09-23,sh,600569,安阳钢铁,1.77,1.77,1.88,1.74,1.77,54180783,97593604.0
2026-09-23,sh,600570,恒生电子,20.5,20.45,20.48,20.19,20.2,11769109,238799111.0
2026-09-23,sh,600571,信雅达,10.6,10.58,10.6,10.3,10.3,6421531,66572694.0
2026-09-23,sh,600572,康恩贝,4.32,4.3,4.34,4.24,4.25,39037100,167159402.0
2026-09-23,sh,600573,惠泉啤酒,9.96,9.96,10.3,9.87,10.1,7287200,73795614.0
2026-09-23,sh,600575,淮河能源,3.19,3.19,3.2,3.15,3.15,25434600,80526512.0
2026-09-23,sh,600576,祥源文旅,5.45,5.45,5.48,5.39,5.41,5606800,30416860.0
2026-09-23,sh,600577,精达股份,8.9,8.9,8.98,8.75,8.9,65569735,581754738.0
2026-09-23,sh,600578,京能电力,5.34,5.34,5.35,5.22,5.23,49925759,262159900.0
2026-09-23,sh,600579,中化装备,7.25,7.24,7.32,7.15,7.16,4868179,35115514.0
2026-09-23,sh,600580,卧龙电驱,27.41,27.41,27.44,27.08,27.15,13580810,369202904.0
2026-09-23,sh,600581,*ST八钢,2.44,2.44,2.56,2.43,2.48,13091722,32683783.0
2026-09-23,sh,600582,天地科技,4.86,4.85,4.91,4.84,4.88,15856296,77435916.0
2026-09-23,sh,600583,海油工程,6.45,6.43,6.47,6.31,6.36,29895933,190372740.0
2026-09-23,sh,600584,长电科技,72.24,72.4,72.52,70.98,71.82,57705027,4141974258.0
2026-09-23,sh,600585,海螺水泥,17.12,17.09,17.67,17.05,17.3,25565887,444002083.0
2026-09-23,sh,600586,金晶科技,4.06,4.06,4.12,4.0,4.0,18623900,75362592.0
2026-09-23,sh,600587,新华医疗,13.44,13.43,13.5,12.98,13.0,28247206,370750591.0
2026-09-23,sh,600588,用友网络,9.9,9.82,9.86,9.5,9.5,52066168,499528651.0
2026-09-23,sh,600589,大位科技,8.25,8.19,8.19,7.91,7.91,71049857,566689556.0
2026-09-23,sh,600590,泰豪科技,8.62,8.62,8.62,8.4,8.46,18046109,153034213.0
2026-09-23,sh,600592,龙溪股份,14.51,14.5,14.61,14.4,14.5,3621700,52596538.0
2026-09-23,sh,600593,大连圣亚,47.12,47.98,51.2,46.28,49.79,18789755,923235892.0
2026-09-23,sh,600594,益佰制药,3.78,3.75,3.78,3.66,3.67,24958161,92295934.0
2026-09-23,sh,600595,中孚实业,6.04,6.04,6.06,5.96,5.96,46962100,281067194.0
2026-09-23,sh,600596,新安股份,11.8,11.77,11.89,11.61,11.83,43218704,508343496.0
2026-09-23,sh,600597,光明乳业,6.74,6.73,6.86,6.7,6.77,9718231,66009233.0
2026-09-23,sh,600598,北大荒,13.1,13.05,13.08,12.72,12.76,20260163,259830365.0
2026-09-23,sh,600600,青岛啤酒,50.15,50.12,51.0,49.97,50.46,4215246,213028656.0
2026-09-23,sh,600601,方正科技,15.36,15.36,15.54,15.01,15.06,135353603,2057247944.0
2026-09-23,sh,600602,云赛智联,17.21,17.21,17.22,16.91,16.92,13037007,221505399.0
2026-09-23,sh,600603,广汇物流,4.83,4.83,4.83,4.66,4.66,11199305,52781435.0
2026-09-23,sh,600604,市北高新,4.94,4.89,5.11,4.89,4.97,40356655,202615300.0
2026-09-23,sh,600605,汇通能源,28.74,28.93,31.61,28.56,31.61,14560875,452929962.0
2026-09-23,sh,600606,绿地控股,1.53,1.52,1.68,1.5,1.51,599737134,944457069.0
2026-09-23,sh,600609,金杯汽车,3.65,3.62,3.73,3.55,3.56,67913711,246936760.0
2026-09-23,sh,600610,中毅达,8.11,8.06,8.06,7.6,7.6,39025249,301628483.0
2026-09-23,sh,600611,大众交通,4.71,4.65,4.67,4.49,4.5,70276263,320155688.0
2026-09-23,sh,600612,老凤祥,31.74,31.75,31.99,31.6,31.95,1088065,34675988.0
2026-09-23,sh,600613,神奇制药,9.43,9.1,9.29,8.61,8.66,113484544,1008890905.0
2026-09-23,sh,600615,鑫源智造,9.49,9.5,9.52,9.34,9.41,1454995,13711838.0
2026-09-23,sh,600616,金枫酒业,5.21,5.18,5.73,5.16,5.38,119860280,660935094.0
2026-09-23,sh,600617,国新能源,3.34,3.35,3.36,3.23,3.23,25363920,83171871.0
2026-09-23,sh,600618,氯碱化工,9.89,9.88,9.95,9.82,9.93,4763354,47152018.0
2026-09-23,sh,600619,海立股份,13.65,13.51,13.8,13.34,13.37,22923596,309416339.0
2026-09-23,sh,600620,天宸股份,4.37,4.38,4.45,4.33,4.36,4951038,21725633.0
2026-09-23,sh,600621,华鑫股份,14.01,14.01,14.31,13.92,14.13,32974101,465012909.0
2026-09-23,sh,600622,光大嘉宝,2.49,2.49,2.57,2.46,2.5,50960570,128407372.0
2026-09-23,sh,600623,华谊集团,8.47,8.45,8.52,8.4,8.48,8753300,73987222.0
2026-09-23,sh,600624,ST复华,4.8,4.8,4.8,4.65,4.65,4944900,23218519.0
2026-09-23,sh,600626,申达股份,3.83,3.83,3.85,3.72,3.79,20101849,76101497.0
2026-09-23,sh,600628,新世界,6.38,6.36,6.41,6.3,6.31,6084241,38581654.0
2026-09-23,sh,600629,华建集团,16.8,16.79,16.79,16.23,16.35,17711278,291103431.0
2026-09-23,sh,600630,龙头股份,9.48,8.94,9.06,8.53,8.53,60312694,522523905.0
2026-09-23,sh,600633,浙数文化,10.52,10.45,10.51,10.32,10.33,11607800,120520412.0
2026-09-23,sh,600635,大众公用,4.57,4.56,4.57,4.45,4.46,23280902,104751657.0
2026-09-23,sh,600637,XD东方明,8.99,8.95,9.0,8.87,8.96,38469239,343719123.0
2026-09-23,sh,600638,新黄浦,5.12,5.08,5.26,5.08,5.15,18958040,98407417.0
2026-09-23,sh,600639,浦东金桥,9.65,9.63,9.85,9.6,9.73,7626225,74438982.0
2026-09-23,sh,600640,国脉文化,13.41,13.1,13.26,12.42,12.56,35512979,450722490.0
2026-09-23,sh,600641,先导基电,43.74,44.5,48.11,43.74,47.8,168434484,7955826713.0
2026-09-23,sh,600642,申能股份,8.73,8.7,8.78,8.67,8.73,13681802,119476995.0
2026-09-23,sh,600643,爱建集团,4.11,4.11,4.15,4.01,4.03,14923826,60825609.0
2026-09-23,sh,600644,乐山电力,9.78,9.66,9.67,8.93,8.96,56554336,518588276.0
2026-09-23,sh,600645,中源协和,19.29,19.2,19.49,19.16,19.25,7239400,139948256.0
2026-09-23,sh,600648,外高桥,9.4,9.43,9.52,9.33,9.45,2000116,18898409.0
2026-09-23,sh,600649,城投控股,4.07,4.07,4.23,4.06,4.11,42108234,175094647.0
2026-09-23,sh,600650,锦江在线,10.46,10.43,10.43,10.29,10.31,1941698,20097623.0
2026-09-23,sh,600651,飞乐音响,5.24,5.2,5.34,5.2,5.28,20158498,106263326.0
2026-09-23,sh,600653,申华控股,1.7,1.7,1.87,1.69,1.87,74601886,137067544.0
2026-09-23,sh,600654,中安科,3.09,3.08,3.09,3.0,3.01,53860900,163164220.0
2026-09-23,sh,600655,豫园股份,4.62,4.62,4.67,4.57,4.57,8672781,40043879.0
2026-09-23,sh,600657,信达地产,3.24,3.22,3.35,3.16,3.17,96913036,315348513.0
2026-09-23,sh,600658,电子城,4.15,4.16,4.24,4.13,4.13,15492974,64801150.0
2026-09-23,sh,600660,福耀玻璃,53.77,53.83,53.99,53.35,53.8,5882620,316255986.0
2026-09-23,sh,600661,昂立教育,8.94,8.95,9.12,8.77,9.03,7457700,66993200.0
2026-09-23,sh,600662,外服控股,4.29,4.27,4.3,4.22,4.23,7163673,30506402.0
2026-09-23,sh,600663,陆家嘴,8.85,8.8,9.32,8.8,9.15,26743611,244945048.0
2026-09-23,sh,600664,哈药股份,9.08,9.42,9.86,9.02,9.04,713530732,6732475008.0
2026-09-23,sh,600665,天地源,3.45,3.48,3.56,3.39,3.47,21271001,74035138.0
2026-09-23,sh,600666,奥瑞德,3.49,3.48,3.49,3.35,3.35,111057780,375718239.0
2026-09-23,sh,600667,太极实业,19.87,20.1,20.72,19.45,20.59,259140159,5231652502.0
2026-09-23,sh,600668,尖峰集团,7.39,7.38,7.57,7.31,7.39,3933239,29269200.0
2026-09-23,sh,600671,天目药业,23.9,23.76,23.85,23.2,23.3,1866000,43695365.0
2026-09-23,sh,600673,东阳光,32.16,32.3,32.48,31.8,32.12,17656958,567491072.0
2026-09-23,sh,600674,川投能源,15.93,15.93,16.06,15.84,16.05,18816032,299891087.0
2026-09-23,sh,600675,中华企业,2.42,2.41,2.66,2.4,2.51,177044061,455678080.0
2026-09-23,sh,600676,久事动娱,6.8,6.78,6.84,6.63,6.66,7442900,49900961.0
2026-09-23,sh,600678,ST金顶,5.76,5.75,5.93,5.72,5.73,7287919,42418128.0
2026-09-23,sh,600679,上海凤凰,10.92,10.88,11.33,10.59,10.69,11695228,127261660.0
2026-09-23,sh,600681,百川能源,3.45,3.44,3.45,3.39,3.39,16093539,54873412.0
2026-09-23,sh,600682,南京新百,5.91,5.89,5.94,5.84,5.85,11221758,65906955.0
2026-09-23,sh,600683,京投发展,9.93,9.88,10.05,9.61,9.62,23000636,226087504.0
2026-09-23,sh,600684,珠江股份,3.62,3.62,3.72,3.59,3.62,20910376,76548792.0
2026-09-23,sh,600685,中船防务,29.97,29.86,29.97,29.03,29.06,11765876,344594438.0
2026-09-23,sh,600686,金龙汽车,11.13,11.14,11.4,11.05,11.11,15169976,170149776.0
2026-09-23,sh,600688,上海石化,2.79,2.79,2.81,2.77,2.78,42089606,117397995.0
2026-09-23,sh,600689,上海三毛,12.0,12.0,12.17,11.89,12.11,3086300,37204611.0
2026-09-23,sh,600690,海尔智家,20.2,20.17,20.35,20.1,20.2,24645070,498555150.0
2026-09-23,sh,600691,潞化科技,2.91,2.89,2.9,2.75,2.76,62023132,173457222.0
2026-09-23,sh,600692,亚通股份,6.58,6.59,6.66,6.5,6.51,6259800,41051081.0
2026-09-23,sh,600693,东百集团,9.82,9.71,9.8,9.47,9.5,45712351,437570576.0
2026-09-23,sh,600694,大商股份,14.5,14.49,14.5,14.39,14.41,1603390,23132957.0
2026-09-23,sh,600697,欧亚集团,11.62,11.62,11.64,11.28,11.36,4851441,55378681.0
2026-09-23,sh,600698,湖南天雁,7.07,7.07,7.11,6.85,6.87,23153891,160071332.0
2026-09-23,sh,600699,均胜电子,20.8,20.88,21.79,20.68,21.53,73374691,1566621498.0
2026-09-23,sh,600702,舍得酒业,33.62,33.52,34.34,33.24,33.38,6710797,227005313.0
2026-09-23,sh,600703,三安光电,12.87,12.82,13.07,12.75,12.83,68209416,879309086.0
2026-09-23,sh,600704,物产中大,4.87,4.88,4.91,4.84,4.85,30557186,148788700.0
2026-09-23,sh,600706,曲江文旅,8.48,8.5,8.59,8.3,8.32,10602700,89004481.0
2026-09-23,sh,600707,彩虹股份,9.55,9.6,10.19,9.59,9.8,200783370,1992391151.0
2026-09-23,sh,600708,光明地产,3.12,3.14,3.25,3.1,3.1,30669104,97197930.0
2026-09-23,sh,600710,苏美达,11.31,11.26,11.49,11.21,11.37,7044180,80322615.0
2026-09-23,sh,600711,XD盛屯矿,11.01,11.13,11.13,10.84,10.9,38832137,424301184.0
2026-09-23,sh,600712,南宁百货,5.74,5.77,5.81,5.55,5.6,29124461,163981271.0
2026-09-23,sh,600713,南京医药,5.02,5.02,5.03,4.94,4.94,9221400,45936104.0
2026-09-23,sh,600714,金瑞矿业,19.07,19.07,19.67,18.74,19.46,28978307,562003516.0
2026-09-23,sh,600715,文投控股,1.69,1.68,1.69,1.63,1.65,50818000,83925718.0
2026-09-23,sh,600716,凤凰股份,3.76,3.75,3.85,3.73,3.73,7096300,26844346.0
2026-09-23,sh,600717,天津港,4.23,4.23,4.25,4.21,4.23,10868356,45982282.0
2026-09-23,sh,600718,东软集团,8.15,8.15,8.15,7.99,7.99,7429676,59805745.0
2026-09-23,sh,600719,大连热电,8.07,8.03,8.03,7.53,7.59,28451824,218638188.0
2026-09-23,sh,600720,中交设计,5.17,5.16,5.22,5.14,5.16,4505600,23334587.0
2026-09-23,sh,600721,百花医药,14.47,13.94,14.64,13.04,13.29,177291696,2422425630.0
2026-09-23,sh,600722,金牛化工,18.08,17.48,17.5,16.27,16.29,135359446,2263137709.0
2026-09-23,sh,600724,宁波富达,5.02,4.99,5.18,4.97,5.05,9478200,48221867.0
2026-09-23,sh,600725,云维股份,3.31,3.31,3.31,3.19,3.2,16677200,53792292.0
2026-09-23,sh,600726,华电能源,5.29,5.27,5.27,5.06,5.07,83021400,424192623.0
2026-09-23,sh,600727,鲁北化工,7.61,7.57,7.59,7.47,7.52,7025200,52838836.0
2026-09-23,sh,600728,佳都科技,4.57,4.56,4.57,4.46,4.47,18928760,85136214.0
2026-09-23,sh,600729,重百集团,18.48,18.52,18.66,18.37,18.38,2463424,45536643.0
2026-09-23,sh,600730,*ST高科,9.31,9.02,9.48,8.9,9.29,10334300,94984161.0
2026-09-23,sh,600731,湖南海利,5.88,5.88,5.9,5.84,5.88,2325700,13653242.0
2026-09-23,sh,600732,爱旭股份,10.93,10.96,11.08,10.84,10.86,15139511,165658358.0
2026-09-23,sh,600733,北汽蓝谷,4.78,4.76,4.93,4.72,4.77,119229589,572535749.0
2026-09-23,sh,600734,*ST实达,1.98,1.96,1.98,1.92,1.93,36566577,70740360.0
2026-09-23,sh,600735,ST新华锦,6.72,6.7,6.74,6.61,6.66,3346600,22287763.0
2026-09-23,sh,600736,苏州高新,6.66,6.63,6.79,6.63,6.66,20371302,136571988.0
2026-09-23,sh,600737,中粮糖业,15.01,14.98,15.26,14.57,15.03,71119216,1065797796.0
2026-09-23,sh,600738,丽尚国潮,4.27,4.27,4.29,4.19,4.19,14153700,59809632.0
2026-09-23,sh,600739,辽宁成大,10.48,10.49,10.54,10.42,10.43,6523600,68379064.0
2026-09-23,sh,600740,山西焦化,3.85,3.83,3.84,3.7,3.72,33420924,125320317.0
2026-09-23,sh,600741,华域汽车,14.92,14.91,14.93,14.77,14.82,9351373,138607712.0
2026-09-23,sh,600742,富维股份,7.72,7.72,7.82,7.68,7.71,4409034,34121408.0
2026-09-23,sh,600743,华远控股,2.56,2.8,2.82,2.71,2.82,98706648,276179433.0
2026-09-23,sh,600744,华银电力,6.54,6.46,6.5,6.16,6.18,110815082,694490795.0
2026-09-23,sh,600745,*ST闻泰,17.59,17.42,17.43,17.1,17.1,23332935,402089648.0
2026-09-23,sh,600746,江苏索普,7.18,7.12,7.12,6.87,6.87,13637235,94567084.0
2026-09-23,sh,600748,上实发展,3.97,3.97,4.17,3.92,3.99,24371300,98651339.0
2026-09-23,sh,600749,西藏旅游,13.69,13.66,13.66,13.46,13.49,5922500,80248904.0
2026-09-23,sh,600750,华润江中,22.32,22.29,22.52,22.26,22.45,2729233,61176246.0
2026-09-23,sh,600751,海航科技,2.92,2.92,2.96,2.89,2.89,25716466,75048324.0
2026-09-23,sh,600753,ST海钦,12.36,12.36,13.6,12.2,13.4,6495389,84799577.0
2026-09-23,sh,600754,锦江酒店,18.56,18.56,18.77,18.41,18.44,8952314,166158723.0
2026-09-23,sh,600755,厦门国贸,5.81,5.81,5.9,5.74,5.8,21272400,123667701.0
2026-09-23,sh,600756,浪潮软件,14.08,14.06,14.06,13.79,13.8,5069214,70093714.0
2026-09-23,sh,600757,长江传媒,7.5,7.44,7.49,7.33,7.39,9383300,69398125.0
2026-09-23,sh,600758,辽宁能源,3.75,3.7,3.71,3.5,3.51,59955718,214432427.0
2026-09-23,sh,600759,ST洲际,2.36,2.35,2.36,2.3,2.31,83667865,194342597.0
2026-09-23,sh,600760,中航沈飞,44.71,44.71,44.73,44.01,44.08,8314847,367693217.0
2026-09-23,sh,600761,安徽合力,15.37,15.37,15.43,15.25,15.31,6137225,94104369.0
2026-09-23,sh,600763,通策医疗,33.73,33.63,34.26,33.58,33.86,5371432,182087244.0
2026-09-23,sh,600764,中国海防,18.71,18.63,18.65,18.31,18.39,4942984,91128560.0
2026-09-23,sh,600765,中航重机,13.48,13.48,13.5,13.32,13.35,9363936,125274311.0
2026-09-23,sh,600768,富邦新材,14.85,14.9,15.09,14.68,15.04,2050600,30655971.0
2026-09-23,sh,600769,祥龙电业,16.15,16.1,16.48,16.05,16.4,7522900,122456038.0
2026-09-23,sh,600770,综艺股份,6.63,6.97,6.97,6.36,6.51,169079331,1131999948.0
2026-09-23,sh,600771,广誉远,14.05,14.04,14.12,13.82,13.82,5581211,77966425.0
2026-09-23,sh,600773,西藏城投,10.36,10.34,10.35,10.02,10.02,16568400,168370879.0
2026-09-23,sh,600774,汉商集团,7.92,7.92,7.93,7.74,7.77,3037900,23727925.0
2026-09-23,sh,600775,南京熊猫,9.93,9.93,9.93,9.6,9.61,10667400,103486546.0
2026-09-23,sh,600776,东方通信,13.66,13.58,13.6,13.03,13.03,23967768,315908221.0
2026-09-23,sh,600777,新潮能源,4.05,4.04,4.06,4.0,4.0,18510360,74513683.0
2026-09-23,sh,600778,友好集团,5.87,5.84,5.93,5.75,5.83,10135464,58828229.0
2026-09-23,sh,600779,水井坊,26.75,26.72,27.25,26.7,26.7,2897622,78233685.0
2026-09-23,sh,600780,通宝能源,6.17,6.18,6.2,6.12,6.13,7259500,44660890.0
2026-09-23,sh,600782,新钢股份,2.68,2.68,2.74,2.65,2.66,44888132,120541855.0
2026-09-23,sh,600783,鲁信创投,15.52,15.5,15.66,15.41,15.48,8067400,125162152.0
2026-09-23,sh,600784,鲁银投资,7.1,7.1,7.13,7.01,7.07,5412500,38310726.0
2026-09-23,sh,600785,新华百货,11.23,11.19,11.22,10.66,10.74,27321338,296741175.0
2026-09-23,sh,600787,中储股份,4.62,4.6,4.65,4.57,4.57,13076252,60169332.0
2026-09-23,sh,600789,鲁抗医药,7.85,7.89,7.93,7.76,7.76,19417710,152226549.0
2026-09-23,sh,600790,轻纺城,3.55,3.55,3.91,3.51,3.73,93441818,354149018.0
2026-09-23,sh,600791,京能置业,7.16,7.23,7.38,6.98,7.02,17544600,126094455.0
2026-09-23,sh,600792,云煤能源,5.75,5.58,5.69,5.18,5.18,133721100,714756192.0
2026-09-23,sh,600793,宜宾纸业,17.36,17.36,17.93,17.2,17.73,5644973,99619959.0
2026-09-23,sh,600794,保税科技,3.2,3.19,3.21,3.16,3.16,10346100,32888833.0
2026-09-23,sh,600795,国电电力,5.19,5.18,5.19,5.11,5.12,107758256,553252585.0
2026-09-23,sh,600796,钱江生化,5.09,5.09,5.12,5.05,5.08,3887450,19759624.0
2026-09-23,sh,600797,浙大网新,6.77,6.78,6.78,6.61,6.62,11159964,74292307.0
2026-09-23,sh,600798,宁波海运,3.42,3.42,3.42,3.33,3.35,19411147,65222756.0
2026-09-23,sh,600800,渤海化学,3.31,3.3,3.3,3.17,3.17,23180715,74633861.0
2026-09-23,sh,600801,华新建材,23.72,23.72,24.17,23.59,23.78,8412751,200506726.0
2026-09-23,sh,600802,福建水泥,5.47,5.45,6.02,5.36,6.02,36712750,213775487.0
2026-09-23,sh,600803,新奥股份,18.63,18.53,18.8,18.48,18.58,4649958,86438292.0
2026-09-23,sh,600805,悦达投资,4.57,4.57,4.7,4.53,4.55,7705821,35384282.0
2026-09-23,sh,600807,济高发展,2.67,2.67,2.7,2.61,2.62,12847120,34024254.0
2026-09-23,sh,600808,马钢股份,2.5,2.51,2.56,2.47,2.49,77198825,194082257.0
2026-09-23,sh,600809,山西汾酒,113.2,112.97,115.89,112.7,114.03,5811325,665006977.0
2026-09-23,sh,600810,神马股份,6.38,6.36,6.48,6.31,6.32,3676590,23412690.0
2026-09-23,sh,600812,华北制药,5.1,5.13,5.16,4.95,4.95,44443409,222941115.0
2026-09-23,sh,600814,杭州解百,7.03,6.99,7.1,6.93,6.97,8036300,56208086.0
2026-09-23,sh,600815,厦工股份,4.19,4.2,4.3,3.78,4.23,211922240,853976269.0
2026-09-23,sh,600816,建元信托,2.41,2.4,2.4,2.36,2.37,59541399,141613480.0
2026-09-23,sh,600817,宇通重工,9.64,9.57,9.71,9.49,9.51,1493103,14296101.0
2026-09-23,sh,600818,ST中路,9.01,8.77,9.45,8.76,9.34,5156703,47524077.0
2026-09-23,sh,600819,耀皮玻璃,5.62,5.62,5.76,5.58,5.67,8075535,45803326.0
2026-09-23,sh,600820,隧道股份,5.27,5.28,5.34,5.25,5.27,12308095,65211213.0
2026-09-23,sh,600821,金开新能,6.08,6.07,6.08,5.87,5.88,61989220,366699607.0
2026-09-23,sh,600822,上海物贸,9.44,9.4,9.6,9.05,9.09,11996901,110687621.0
2026-09-23,sh,600824,益民集团,3.68,3.68,3.75,3.63,3.67,10930300,40355682.0
2026-09-23,sh,600825,新华传媒,6.42,7.06,7.06,7.06,7.06,4579800,32333388.0
2026-09-23,sh,600826,兰生股份,7.9,7.84,8.35,7.82,7.94,11978453,96549970.0
2026-09-23,sh,600827,百联股份,7.81,7.8,8.0,7.76,7.79,11787700,92522595.0
2026-09-23,sh,600828,茂业商业,4.62,4.56,4.61,4.4,4.4,34660700,154850779.0
2026-09-23,sh,600829,人民同泰,10.1,10.04,10.07,9.67,9.69,11967700,117567774.0
2026-09-23,sh,600830,香溢融通,8.64,8.65,8.66,8.43,8.46,11515854,97758981.0
2026-09-23,sh,600831,广电网络,3.43,3.42,3.43,3.3,3.34,15942000,53282175.0
2026-09-23,sh,600833,第一医药,10.87,10.84,10.84,10.61,10.71,4160401,44538264.0
2026-09-23,sh,600834,申通地铁,7.65,7.68,7.71,7.58,7.58,1789600,13694170.0
2026-09-23,sh,600835,上海机电,18.33,18.27,19.09,18.15,18.88,10230096,190409023.0
2026-09-23,sh,600838,上海九百,8.6,8.57,8.62,8.47,8.56,14337700,122577980.0
2026-09-23,sh,600839,四川长虹,6.71,6.7,6.71,6.62,6.62,32948798,218995792.0
2026-09-23,sh,600841,动力新科,5.84,5.84,5.86,5.71,5.72,9163800,52836339.0
2026-09-23,sh,600843,上工申贝,6.92,7.25,7.61,7.21,7.61,25500624,193088616.0
2026-09-23,sh,600844,金煤科技,3.42,3.39,3.4,3.28,3.3,36406301,120847519.0
2026-09-23,sh,600845,宝信软件,18.45,18.45,18.53,18.27,18.34,15320602,281740986.0
2026-09-23,sh,600846,同济科技,10.86,10.92,11.03,10.79,10.96,2027063,22167079.0
2026-09-23,sh,600847,万里股份,13.35,13.34,13.45,12.87,12.87,6450507,83921153.0
2026-09-23,sh,600848,上海临港,8.68,8.68,8.82,8.64,8.72,9379600,82110498.0
2026-09-23,sh,600850,电科数字,14.19,14.23,14.31,14.08,14.16,7236465,102701222.0
2026-09-23,sh,600851,海欣股份,8.52,8.47,8.52,8.36,8.39,5451600,45883308.0
2026-09-23,sh,600853,龙建股份,3.27,3.27,3.31,3.24,3.26,7671236,25110440.0
2026-09-23,sh,600854,春兰股份,4.71,4.71,4.77,4.68,4.72,4426900,20946562.0
2026-09-23,sh,600855,航天长峰,13.15,13.1,13.18,12.86,12.86,6187000,80142112.0
2026-09-23,sh,600857,宁波中百,24.24,24.12,24.29,22.18,22.48,15271427,355777065.0
2026-09-23,sh,600858,银座股份,5.0,5.0,5.02,4.89,4.91,6695200,33080366.0
2026-09-23,sh,600859,王府井,9.9,9.88,10.04,9.83,9.84,10963975,108667014.0
2026-09-23,sh,600860,京城股份,7.69,7.64,7.75,7.56,7.56,6398200,48790194.0
2026-09-23,sh,600861,北京人力,12.78,12.81,12.81,12.67,12.71,858401,10920366.0
2026-09-23,sh,600862,中航高科,18.16,18.15,18.23,17.96,17.97,8974700,162091610.0
2026-09-23,sh,600863,华能蒙电,4.74,4.73,4.73,4.6,4.61,83008530,385535012.0
2026-09-23,sh,600864,哈投股份,5.86,5.86,5.87,5.75,5.82,37675253,218576829.0
2026-09-23,sh,600865,百大集团,11.55,11.48,11.77,11.01,11.08,36575699,409394579.0
2026-09-23,sh,600866,星湖科技,4.2,4.2,4.21,4.16,4.17,10442570,43661994.0
2026-09-23,sh,600867,通化东宝,7.87,7.91,7.98,7.83,7.85,10593900,83573321.0
2026-09-23,sh,600868,梅雁吉祥,2.79,2.78,2.79,2.72,2.73,34163446,93797215.0
2026-09-23,sh,600869,远东股份,22.03,21.96,22.0,20.8,21.03,180703047,3833646388.0
2026-09-23,sh,600871,石化油服,2.19,2.17,2.18,2.12,2.12,137173702,293077560.0
2026-09-23,sh,600872,中炬高新,17.35,17.31,17.61,17.2,17.39,8325840,145136948.0
2026-09-23,sh,600873,梅花生物,7.51,7.51,7.57,7.43,7.44,13140500,98453240.0
2026-09-23,sh,600874,创业环保,5.53,5.52,5.52,5.45,5.46,7348900,40288918.0
2026-09-23,sh,600875,东方电气,24.33,24.34,24.39,23.72,23.81,26267061,628701794.0
2026-09-23,sh,600876,凯盛新能,8.1,8.03,8.49,7.85,7.87,19471077,157648228.0
2026-09-23,sh,600877,电科芯片,12.14,12.11,12.19,11.95,12.12,9187401,110945752.0
2026-09-23,sh,600879,航天电子,14.62,14.63,14.64,14.28,14.3,47180566,677828796.0
2026-09-23,sh,600880,博瑞传播,4.83,4.78,4.8,4.37,4.41,98117353,442587186.0
2026-09-23,sh,600881,亚泰集团,1.91,1.9,1.92,1.86,1.88,125584200,237422170.0
2026-09-23,sh,600882,妙可蓝多,19.57,19.56,19.56,19.14,19.21,2532633,48907233.0
2026-09-23,sh,600883,博闻科技,8.12,8.15,8.21,8.02,8.16,3200772,26038976.0
2026-09-23,sh,600884,杉杉股份,11.26,11.45,12.36,11.37,11.92,96379537,1142752225.0
2026-09-23,sh,600885,宏发股份,33.8,33.83,33.98,33.28,33.3,8346316,279448894.0
2026-09-23,sh,600886,国投电力,14.3,14.25,14.61,14.24,14.57,24949948,360817100.0
2026-09-23,sh,600887,伊利股份,26.77,26.77,27.14,26.68,26.92,41139270,1109294055.0
2026-09-23,sh,600888,新疆众和,10.21,10.23,10.36,10.0,10.06,30290450,306440894.0
2026-09-23,sh,600889,*ST京化,13.41,13.48,13.79,13.44,13.7,1945600,26441400.0
2026-09-23,sh,600892,大晟文化,4.32,4.25,4.35,4.11,4.16,48169399,201512779.0
2026-09-23,sh,600893,航发动力,39.65,39.65,39.99,38.8,39.56,21951472,865054415.0
2026-09-23,sh,600894,广日股份,7.68,7.65,7.94,7.56,7.75,15507073,120717719.0
2026-09-23,sh,600895,张江高科,29.25,29.01,29.35,28.75,28.76,16114348,467383897.0
2026-09-23,sh,600897,厦门空港,15.17,15.1,15.27,15.02,15.05,1241500,18761407.0
2026-09-23,sh,600900,长江电力,28.02,28.01,28.12,27.94,28.08,71713506,2011921165.0
2026-09-23,sh,600901,江苏金租,6.76,6.75,6.76,6.67,6.67,18398986,123296089.0
2026-09-23,sh,600903,贵州燃气,6.89,6.99,7.07,6.61,6.64,46149866,310764351.0
2026-09-23,sh,600905,三峡能源,3.64,3.64,3.66,3.63,3.64,53570001,195376107.0
2026-09-23,sh,600906,财达证券,6.47,6.46,6.49,6.42,6.46,13369438,86311253.0
2026-09-23,sh,600908,无锡银行,5.77,5.74,5.78,5.71,5.75,11638972,66889925.0
2026-09-23,sh,600909,华安证券,8.15,8.18,8.21,8.06,8.09,53190064,431026876.0
2026-09-23,sh,600916,中国黄金,7.43,7.45,7.46,7.35,7.36,12945044,95587357.0
2026-09-23,sh,600917,重庆燃气,4.9,4.89,4.91,4.81,4.81,5719400,27684849.0
2026-09-23,sh,600918,中泰证券,5.55,5.56,5.58,5.49,5.51,21337543,117922579.0
2026-09-23,sh,600919,江苏银行,12.09,12.08,12.14,12.01,12.07,57151616,689784072.0
2026-09-23,sh,600925,苏能股份,4.14,4.12,4.13,4.05,4.06,9868700,40328660.0
2026-09-23,sh,600926,杭州银行,17.08,17.08,17.18,16.98,17.14,22906345,391329082.0
2026-09-23,sh,600927,永安期货,12.46,12.43,12.49,12.34,12.34,2736900,33934722.0
2026-09-23,sh,600928,西安银行,3.51,3.51,3.52,3.48,3.5,14737100,51610507.0
2026-09-23,sh,600929,雪天盐业,6.29,6.3,6.35,6.09,6.11,41035126,254589246.0
2026-09-23,sh,600930,华电新能,3.96,3.94,3.95,3.9,3.9,100138191,392229581.0
2026-09-23,sh,600933,爱柯迪,13.96,13.96,14.0,13.67,13.89,13802595,190848687.0
2026-09-23,sh,600935,华塑股份,2.35,2.34,2.34,2.3,2.31,22870699,53035877.0
2026-09-23,sh,600936,北投科技,4.49,4.5,4.5,4.34,4.35,40997299,179685323.0
2026-09-23,sh,600938,中国海油,33.09,32.8,33.09,32.2,32.29,28977469,942026097.0
2026-09-23,sh,600939,重庆建工,2.63,2.64,2.7,2.6,2.61,16102800,42631164.0
2026-09-23,sh,600941,中国移动,96.45,96.4,96.75,96.05,96.4,4367172,421524682.0
2026-09-23,sh,600955,维远股份,12.59,12.53,12.62,12.51,12.58,1950148,24501755.0
2026-09-23,sh,600956,新天绿能,7.18,7.15,7.16,7.02,7.04,6899980,48909808.0
2026-09-23,sh,600958,东方证券,8.97,8.97,8.99,8.93,8.93,19015755,170268429.0
2026-09-23,sh,600959,江苏有线,3.15,3.14,3.15,3.09,3.09,23950083,74547864.0
2026-09-23,sh,600960,渤海汽车,3.94,3.93,3.98,3.89,3.92,7919900,31139277.0
2026-09-23,sh,600961,株冶集团,24.92,25.0,25.14,24.4,24.47,18512755,455045517.0
2026-09-23,sh,600962,国投中鲁,27.3,27.3,27.83,26.03,26.35,9007725,239640427.0
2026-09-23,sh,600963,岳阳林纸,3.53,3.53,3.56,3.4,3.41,31329600,108961378.0
2026-09-23,sh,600965,*ST福成,2.75,2.75,2.75,2.69,2.69,3784331,10295185.0
2026-09-23,sh,600966,博汇纸业,4.97,4.97,4.98,4.88,4.88,7015800,34484975.0
2026-09-23,sh,600967,内蒙一机,13.46,13.41,13.46,12.9,12.94,55079087,719356902.0
2026-09-23,sh,600968,海油发展,3.91,3.91,3.92,3.84,3.85,29919188,115754419.0
2026-09-23,sh,600969,郴电国际,10.18,10.13,10.2,9.77,9.8,10210139,100851331.0
2026-09-23,sh,600970,中材国际,7.6,7.62,7.68,7.55,7.61,11114930,84722022.0
2026-09-23,sh,600971,恒源煤电,8.49,8.43,8.58,8.37,8.38,9214280,77670473.0
2026-09-23,sh,600973,宝胜股份,6.03,6.04,6.04,5.89,5.91,16262620,96440774.0
2026-09-23,sh,600975,新五丰,5.29,5.26,5.31,5.14,5.16,18040202,93823095.0
2026-09-23,sh,600976,健民集团,27.21,27.37,27.39,26.97,27.02,832200,22517531.0
2026-09-23,sh,600977,中国电影,13.55,13.5,13.6,13.23,13.5,22587657,303452296.0
2026-09-23,sh,600979,广安爱众,3.96,3.94,3.95,3.88,3.88,26913423,105016030.0
2026-09-23,sh,600980,北矿科技,19.8,19.98,19.98,19.38,19.54,2574010,50319674.0
2026-09-23,sh,600981,苏豪汇鸿,2.44,2.43,2.47,2.39,2.39,16187900,39204323.0
2026-09-23,sh,600982,宁波能源,5.03,5.02,5.02,4.83,4.85,32845000,160412752.0
2026-09-23,sh,600983,惠而浦,7.45,7.64,7.69,7.51,7.54,2746302,20833473.0
2026-09-23,sh,600984,建设机械,3.52,3.52,3.53,3.45,3.46,17238740,60035632.0
2026-09-23,sh,600985,淮北矿业,16.74,16.68,16.8,16.5,16.61,7816357,129827821.0
2026-09-23,sh,600986,浙文互联,7.39,7.45,7.46,7.06,7.06,61600131,440323899.0
2026-09-23,sh,600987,航民股份,6.35,6.35,6.37,6.32,6.33,2459711,15593069.0
2026-09-23,sh,600988,赤峰黄金,42.4,42.7,43.13,42.08,42.5,25876481,1104505212.0
2026-09-23,sh,600989,宝丰能源,23.21,23.01,23.06,22.47,22.58,55454806,1256260927.0
2026-09-23,sh,600990,四创电子,18.07,18.1,18.1,17.83,17.91,1586100,28400753.0
2026-09-23,sh,600992,贵绳股份,10.28,10.28,10.51,10.13,10.19,11051300,113265225.0
2026-09-23,sh,600993,马应龙,22.55,22.61,22.7,22.45,22.46,1679455,37885279.0
2026-09-23,sh,600995,XD南网储,12.05,12.11,12.11,11.98,11.99,6190200,74497508.0
2026-09-23,sh,600996,贵广网络,7.04,7.06,7.09,6.84,6.85,14920292,102900024.0
2026-09-23,sh,600997,开滦股份,5.26,5.25,5.3,5.12,5.13,9329100,48324099.0
2026-09-23,sh,600998,九州通,4.87,4.87,4.92,4.78,4.89,37628798,183377145.0
2026-09-23,sh,600999,招商证券,18.01,18.0,18.12,17.81,17.83,24434274,437240285.0
2026-09-23,sh,601000,唐山港,4.36,4.35,4.38,4.32,4.32,29617191,128581901.0
2026-09-23,sh,601001,晋控煤业,18.28,18.16,18.49,17.88,18.05,12347362,223995721.0
2026-09-23,sh,601002,晋亿实业,5.2,5.2,5.24,5.17,5.19,5921800,30838131.0
2026-09-23,sh,601003,柳钢股份,3.59,3.6,3.74,3.51,3.52,36686568,132483416.0
2026-09-23,sh,601005,重庆钢铁,1.21,1.21,1.28,1.2,1.23,172656895,213284894.0
2026-09-23,sh,601006,大秦铁路,4.71,4.71,4.72,4.68,4.69,72939920,342663718.0
2026-09-23,sh,601007,金陵饭店,6.81,6.81,6.87,6.7,6.78,5450430,37017855.0
2026-09-23,sh,601008,连云港,4.43,4.43,4.43,4.34,4.35,11251400,49123303.0
2026-09-23,sh,601009,南京银行,11.77,11.76,11.85,11.69,11.73,34048703,400041397.0
2026-09-23,sh,601010,ST文峰,1.47,1.47,1.47,1.44,1.46,11755800,17095573.0
2026-09-23,sh,601011,宝泰隆,3.01,3.01,3.01,2.88,2.88,46966425,136862150.0
2026-09-23,sh,601012,隆基绿能,11.38,11.38,11.56,11.32,11.41,62738966,719901435.0
2026-09-23,sh,601015,陕西黑猫,3.75,3.74,3.74,3.48,3.5,94500531,337308392.0
2026-09-23,sh,601016,节能风电,3.34,3.34,3.35,3.27,3.28,94879055,312471841.0
2026-09-23,sh,601018,宁波港,3.42,3.41,3.42,3.39,3.4,37773434,128458765.0
2026-09-23,sh,601019,山东出版,6.99,6.99,7.06,6.86,6.99,10963800,76312892.0
2026-09-23,sh,601020,华钰矿业,21.08,21.18,22.64,20.67,22.14,41499491,898611569.0
2026-09-23,sh,601021,春秋航空,41.88,42.0,42.29,41.84,41.94,5072128,213370180.0
2026-09-23,sh,601022,XD宁波远,8.55,8.56,8.56,8.42,8.46,7307000,61906551.0
2026-09-23,sh,601026,道生天合,15.43,15.4,15.49,15.3,15.35,4503981,69238931.0
2026-09-23,sh,601033,永兴股份,14.26,14.26,14.35,14.2,14.25,1818600,25962082.0
2026-09-23,sh,601038,一拖股份,13.77,13.73,14.05,13.62,13.89,10867500,150656186.0
2026-09-23,sh,601058,赛轮轮胎,13.75,13.85,14.02,13.75,13.92,30093159,418283708.0
2026-09-23,sh,601059,信达证券,15.56,0.0,0.0,0.0,15.56,0,0.0
2026-09-23,sh,601061,中信金属,11.6,11.7,11.8,11.32,11.35,11432800,130756232.0
2026-09-23,sh,601065,江盐集团,6.76,6.75,6.77,6.71,6.73,2292099,15437152.0
2026-09-23,sh,601066,中信建投,23.77,23.77,23.83,23.61,23.67,6919399,163943828.0
2026-09-23,sh,601068,中铝国际,4.4,4.42,4.78,4.37,4.5,37196877,167749730.0
2026-09-23,sh,601069,西部黄金,26.91,26.98,27.08,26.68,26.79,8658525,232552822.0
2026-09-23,sh,601077,渝农商行,6.58,6.56,6.58,6.5,6.54,43766630,285799034.0
2026-09-23,sh,601083,锦江航运,12.75,12.7,13.04,12.63,12.78,6413800,82366622.0
2026-09-23,sh,601086,国芳集团,18.16,18.16,18.5,16.52,17.02,85668898,1477716440.0
2026-09-23,sh,601088,中国神华,47.51,47.51,47.84,47.12,47.21,13238520,627168313.0
2026-09-23,sh,601089,福元医药,16.45,16.48,16.6,16.28,16.29,3235400,53170229.0
2026-09-23,sh,601091,C沈鼓,37.98,36.0,36.5,29.96,30.0,117992462,3891473193.0
2026-09-23,sh,601096,宏盛华源,4.14,4.12,4.13,4.08,4.08,13380600,54859671.0
2026-09-23,sh,601098,中南传媒,10.57,10.55,10.57,10.34,10.36,7597000,79107498.0
2026-09-23,sh,601099,太平洋,3.57,3.58,3.61,3.53,3.54,107795325,382995899.0
2026-09-23,sh,601100,恒立液压,92.39,92.39,93.25,91.05,91.6,6347926,583296290.0
2026-09-23,sh,601101,昊华能源,13.58,13.4,13.66,13.2,13.25,13125155,175493581.0
2026-09-23,sh,601106,中国一重,2.99,3.01,3.01,2.92,2.94,71351584,210972898.0
2026-09-23,sh,601107,四川成渝,5.98,5.95,6.04,5.92,6.01,6085576,36490007.0
2026-09-23,sh,601108,财通证券,8.6,8.64,8.68,8.54,8.56,30413151,261297526.0
2026-09-23,sh,601111,中国国航,5.93,5.93,6.01,5.93,5.96,63786811,381044934.0
2026-09-23,sh,601112,振石股份,16.78,16.7,16.79,16.41,16.42,6411672,106135417.0
2026-09-23,sh,601113,华鼎股份,3.49,3.5,3.58,3.47,3.52,11429075,40420040.0
2026-09-23,sh,601116,三江购物,10.43,10.46,10.49,10.2,10.21,10517690,108231843.0
2026-09-23,sh,601117,中国化学,7.23,7.21,7.23,7.16,7.16,27891875,200378915.0
2026-09-23,sh,601118,海南橡胶,6.54,6.54,6.7,6.4,6.66,107538793,706906758.0
2026-09-23,sh,601121,宝地矿业,7.22,7.28,7.28,7.18,7.26,6637215,48045087.0
2026-09-23,sh,601123,马矿股份,18.6,18.1,19.02,17.48,18.09,32636188,587117177.0
2026-09-23,sh,601126,四方股份,40.19,40.15,40.25,39.31,39.5,13742080,544601980.0
2026-09-23,sh,601127,赛力斯,47.78,47.8,48.44,47.2,47.2,17453118,832063249.0
2026-09-23,sh,601128,常熟银行,6.25,6.23,6.25,6.18,6.19,39482387,244805496.0
2026-09-23,sh,601133,柏诚股份,24.93,25.25,26.8,25.06,26.02,30290564,777666093.0
2026-09-23,sh,601136,首创证券,14.53,14.62,14.78,14.45,14.52,10625461,155042741.0
2026-09-23,sh,601137,博威合金,20.35,20.42,20.6,20.32,20.49,7164038,146868584.0
2026-09-23,sh,601138,工业富联,63.3,63.49,63.78,62.85,62.98,42412179,2676609035.0
2026-09-23,sh,601139,深圳燃气,6.28,6.28,6.29,6.21,6.23,10692925,66703489.0
2026-09-23,sh,601155,新城控股,12.92,12.8,13.32,12.71,12.95,29459730,385536075.0
2026-09-23,sh,601156,东航物流,18.13,18.13,18.51,18.07,18.4,4841407,88750520.0
2026-09-23,sh,601158,重庆水务,4.0,4.01,4.03,3.99,3.99,4739510,18989027.0
2026-09-23,sh,601162,天风证券,3.72,3.72,3.75,3.66,3.67,107442068,397395563.0
2026-09-23,sh,601163,三角轮胎,12.49,12.48,12.5,12.42,12.43,1375899,17140832.0
2026-09-23,sh,601166,兴业银行,17.89,17.85,17.94,17.82,17.87,39844639,712722077.0
2026-09-23,sh,601168,西部矿业,36.77,37.26,37.35,36.54,36.81,28007332,1033577980.0
2026-09-23,sh,601169,北京银行,5.52,5.5,5.53,5.45,5.47,115042308,630803878.0
2026-09-23,sh,601177,杭齿前进,13.69,13.69,13.88,13.51,13.73,4446024,60929959.0
2026-09-23,sh,601179,XD中国西,12.17,12.17,12.19,11.97,12.0,44178953,531655917.0
2026-09-23,sh,601186,中国铁建,6.04,6.03,6.08,6.01,6.03,27031366,163413362.0
2026-09-23,sh,601187,厦门银行,7.03,6.97,7.02,6.9,6.93,17794115,123436482.0
2026-09-23,sh,601188,龙江交通,2.87,2.87,2.88,2.83,2.84,11423330,32578499.0
2026-09-23,sh,601198,东兴证券,13.06,0.0,0.0,0.0,13.06,0,0.0
2026-09-23,sh,601199,江南水务,6.68,6.64,6.73,6.54,6.61,15264883,100962308.0
2026-09-23,sh,601200,上海环境,6.85,6.84,6.89,6.81,6.82,4298951,29416354.0
2026-09-23,sh,601208,东材科技,52.19,52.78,55.98,52.19,55.0,98237754,5365200236.0
2026-09-23,sh,601211,国泰海通,17.71,17.68,17.78,17.54,17.67,41678075,735708607.0
2026-09-23,sh,601212,白银有色,6.09,6.19,6.29,6.02,6.04,174974366,1068335118.0
2026-09-23,sh,601216,君正集团,4.55,4.53,4.55,4.47,4.51,46719313,210494876.0
2026-09-23,sh,601218,吉鑫科技,5.26,5.22,5.22,4.97,5.0,105213497,529534897.0
2026-09-23,sh,601222,林洋能源,5.96,5.95,6.0,5.93,5.97,13276100,79309505.0
2026-09-23,sh,601225,陕西煤业,26.03,25.89,26.22,25.5,25.68,22438084,577137983.0
2026-09-23,sh,601226,华电科工,6.75,6.72,6.75,6.64,6.68,9563600,63983971.0
2026-09-23,sh,601228,广州港,3.06,3.05,3.07,3.02,3.03,19449561,59140208.0
2026-09-23,sh,601229,上海银行,9.53,9.52,9.57,9.43,9.47,34373083,325525126.0
2026-09-23,sh,601231,环旭电子,26.89,27.06,27.18,26.53,26.94,24249069,652040907.0
2026-09-23,sh,601233,桐昆股份,23.92,23.8,24.28,23.68,24.08,15183936,365314595.0
2026-09-23,sh,601236,红塔证券,7.06,7.08,7.11,6.99,7.01,24688354,173766065.0
2026-09-23,sh,601238,广汽集团,5.09,0.0,0.0,0.0,5.09,0,0.0
2026-09-23,sh,601279,英利汽车,3.49,3.48,3.55,3.45,3.5,10842467,37880693.0
2026-09-23,sh,601288,农业银行,6.88,6.87,6.9,6.76,6.83,312223740,2125706149.0
2026-09-23,sh,601298,青岛港,9.77,9.76,9.8,9.69,9.69,5300920,51625994.0
2026-09-23,sh,601311,骆驼股份,7.44,7.44,7.47,7.4,7.43,6380241,47359345.0
2026-09-23,sh,601318,中国平安,54.46,54.35,54.47,53.85,53.87,39679222,2146103410.0
2026-09-23,sh,601319,中国人保,8.17,8.13,8.19,8.03,8.07,48776813,394441378.0
2026-09-23,sh,601326,秦港股份,3.48,3.49,3.51,3.47,3.5,14939397,52178531.0
2026-09-23,sh,601328,交通银行,7.55,7.55,7.62,7.48,7.52,102612058,771798823.0
2026-09-23,sh,601330,绿色动力,8.19,8.15,8.17,7.95,8.0,11584700,92786134.0
2026-09-23,sh,601333,广深铁路,3.02,3.03,3.06,3.0,3.05,66433509,201485014.0
2026-09-23,sh,601336,新华保险,58.68,58.5,58.66,57.85,57.88,8383247,487036123.0
2026-09-23,sh,601339,百隆东方,7.16,7.18,7.28,7.14,7.2,5980132,43224732.0
2026-09-23,sh,601360,三六零,9.18,9.13,9.14,8.95,9.03,80305729,723683467.0
2026-09-23,sh,601366,利群股份,3.64,3.63,3.66,3.57,3.57,10593836,38192188.0
2026-09-23,sh,601368,绿城水务,4.5,4.51,4.52,4.47,4.51,2084400,9370984.0
2026-09-23,sh,601369,陕鼓动力,8.99,8.91,9.14,8.91,8.95,11301752,102012100.0
2026-09-23,sh,601375,中原证券,4.04,4.05,4.06,3.99,4.0,25183000,101270753.0
2026-09-23,sh,601377,兴业证券,5.97,5.97,5.98,5.91,5.92,41543480,246519781.0
2026-09-23,sh,601388,怡球资源,3.25,3.24,3.25,3.18,3.19,25673683,82232527.0
2026-09-23,sh,601390,中国中铁,4.31,4.31,4.35,4.29,4.29,76029405,327883916.0
2026-09-23,sh,601398,工商银行,8.12,8.09,8.16,8.03,8.09,188066056,1517985288.0
2026-09-23,sh,601399,国机重装,3.16,3.15,3.16,3.08,3.09,76259439,236932744.0
2026-09-23,sh,601456,国联民生,8.69,8.68,8.7,8.64,8.65,8622625,74733607.0
2026-09-23,sh,601500,通用股份,3.89,3.89,3.93,3.85,3.91,10045872,39159370.0
2026-09-23,sh,601512,中新集团,8.49,8.45,8.66,8.45,8.49,2822649,24174498.0
2026-09-23,sh,601515,衢州东峰,3.29,3.29,3.29,3.22,3.24,11702007,37990439.0
2026-09-23,sh,601518,吉林高速,2.77,2.77,2.79,2.75,2.76,8690404,24058192.0
2026-09-23,sh,601519,大智慧,9.07,9.0,9.07,8.83,8.9,32805932,292780953.0
2026-09-23,sh,601528,瑞丰银行,4.96,4.96,5.02,4.94,5.0,11450960,57098277.0
2026-09-23,sh,601555,东吴证券,8.34,8.36,8.37,8.25,8.26,17715784,146939718.0
2026-09-23,sh,601566,九牧王,9.3,9.37,9.4,9.01,9.05,14060500,127802720.0
2026-09-23,sh,601567,三星电气,14.6,14.6,14.92,14.47,14.77,20764026,306419882.0
2026-09-23,sh,601568,北元化工,3.66,3.66,3.67,3.6,3.6,14614519,53131591.0
2026-09-23,sh,601577,长沙银行,9.7,9.71,9.75,9.68,9.69,13600959,131975007.0
2026-09-23,sh,601579,会稽山,37.46,37.83,41.21,35.56,36.75,69300523,2679425095.0
2026-09-23,sh,601588,北辰实业,1.79,1.78,1.85,1.77,1.79,60577749,109777790.0
2026-09-23,sh,601595,上海电影,24.64,24.23,24.23,23.28,23.53,11033531,260055482.0
2026-09-23,sh,601598,中国外运,6.44,6.42,6.53,6.42,6.48,8057280,52166719.0
2026-09-23,sh,601599,浙文影业,3.28,3.27,3.27,3.19,3.21,18291300,58907673.0
2026-09-23,sh,601600,中国铝业,9.27,9.27,9.38,9.1,9.12,144965078,1329182904.0
2026-09-23,sh,601601,中国太保,32.15,32.08,32.19,31.58,31.61,29701602,944006607.0
2026-09-23,sh,601606,长城军工,33.1,33.11,33.2,31.9,32.07,22524053,727263859.0
2026-09-23,sh,601607,上海医药,16.04,16.05,16.15,15.98,16.06,6910120,111113405.0
2026-09-23,sh,601608,中信重工,4.67,4.68,4.68,4.59,4.6,24781696,114511741.0
2026-09-23,sh,601609,金田股份,13.25,12.9,13.08,12.5,12.79,51960302,665575570.0
2026-09-23,sh,601611,中国核建,10.42,10.4,10.41,10.26,10.26,13447533,138435747.0
2026-09-23,sh,601615,明阳智能,9.69,9.7,9.78,9.62,9.72,27097201,263586860.0
2026-09-23,sh,601616,广电电气,3.86,3.87,3.87,3.74,3.76,11356156,42962477.0
2026-09-23,sh,601618,中国中冶,2.56,2.56,2.6,2.55,2.55,73838689,189947143.0
2026-09-23,sh,601619,嘉泽新能,4.04,4.04,4.06,4.0,4.01,23154677,93000294.0
2026-09-23,sh,601628,中国人寿,38.69,38.64,38.85,38.39,38.6,14794014,570992470.0
2026-09-23,sh,601633,长城汽车,14.13,14.08,14.28,14.04,14.11,13696672,193846083.0
2026-09-23,sh,601636,旗滨集团,5.68,5.66,5.89,5.66,5.71,84683970,490460193.0
2026-09-23,sh,601658,邮储银行,5.33,5.32,5.38,5.28,5.32,115429100,613832254.0
2026-09-23,sh,601665,齐鲁银行,6.82,6.83,6.89,6.8,6.88,37769630,258991586.0
2026-09-23,sh,601666,平煤股份,9.08,9.03,9.18,8.8,8.83,22643300,202051074.0
2026-09-23,sh,601668,中国建筑,4.3,4.3,4.35,4.27,4.28,215141220,927867438.0
2026-09-23,sh,601669,中国电建,4.61,4.61,4.63,4.59,4.59,45883400,211319776.0
2026-09-23,sh,601677,明泰铝业,17.06,17.05,17.14,16.71,16.75,20571643,347372095.0
2026-09-23,sh,601678,XD滨化股,6.05,6.02,6.04,5.9,5.96,44548492,265515209.0
2026-09-23,sh,601686,友发集团,5.05,5.05,5.09,5.0,5.02,4344438,21922672.0
2026-09-23,sh,601688,华泰证券,18.47,18.48,18.55,18.31,18.35,35353209,650052966.0
2026-09-23,sh,601689,拓普集团,45.71,45.71,46.46,45.25,45.89,16267743,745158698.0
2026-09-23,sh,601696,中银证券,11.39,11.4,11.45,11.27,11.28,18949413,214715218.0
2026-09-23,sh,601698,中国卫通,24.0,24.0,24.06,23.53,23.57,15617306,369450909.0
2026-09-23,sh,601699,潞安环能,15.75,15.62,15.79,15.35,15.38,15029222,233198141.0
2026-09-23,sh,601700,风范股份,6.75,6.64,6.65,6.27,6.31,77817796,500174450.0
2026-09-23,sh,601702,华峰铝业,15.61,15.62,15.78,15.28,15.28,3895188,60114962.0
2026-09-23,sh,601717,中创智领,13.65,13.66,13.68,13.55,13.57,9283379,126154658.0
2026-09-23,sh,601718,ST际华,1.98,1.97,1.99,1.95,1.95,10269400,20161114.0
2026-09-23,sh,601727,上海电气,6.68,6.69,6.7,6.62,6.65,51415701,341826306.0
2026-09-23,sh,601728,中国电信,6.12,6.12,6.16,6.1,6.1,54053292,330897774.0
2026-09-23,sh,601766,中国中车,5.98,5.98,6.01,5.91,5.92,99364637,592307957.0
2026-09-23,sh,601777,千里科技,7.78,7.77,7.84,7.71,7.71,13456853,104555910.0
2026-09-23,sh,601778,晶科科技,3.53,3.51,3.53,3.42,3.43,82994295,287571377.0
2026-09-23,sh,601788,光大证券,14.06,14.08,14.1,13.94,13.96,8672634,121382637.0
2026-09-23,sh,601789,宁波建工,4.26,4.23,4.43,4.19,4.36,59014627,255245396.0
2026-09-23,sh,601798,蓝科高新,7.59,7.55,7.61,7.53,7.55,2553300,19307622.0
2026-09-23,sh,601799,星宇股份,71.36,71.12,71.96,70.71,70.81,2800685,199201870.0
2026-09-23,sh,601800,中国交建,5.86,5.86,5.91,5.84,5.86,17830261,104742249.0
2026-09-23,sh,601801,皖新传媒,5.83,5.75,5.79,5.42,5.46,52384401,289015268.0
2026-09-23,sh,601808,中海油服,12.23,12.17,12.22,12.04,12.12,8808150,106767867.0
2026-09-23,sh,601811,新华文轩,16.82,18.46,18.5,18.01,18.5,16632489,306609578.0
2026-09-23,sh,601816,京沪高铁,4.74,4.74,4.75,4.71,4.71,87148427,411772827.0
2026-09-23,sh,601818,光大银行,3.01,3.01,3.02,3.0,3.0,108911415,327179050.0
2026-09-23,sh,601825,沪农商行,8.88,8.85,8.99,8.7,8.88,20011700,176849134.0
2026-09-23,sh,601827,三峰环境,7.84,7.85,7.91,7.82,7.86,3402500,26777570.0
2026-09-23,sh,601828,美凯龙,2.21,2.2,2.28,2.18,2.19,61608530,137127666.0
2026-09-23,sh,601838,成都银行,18.99,18.95,19.07,18.75,18.85,12077761,227441709.0
2026-09-23,sh,601857,中国石油,10.79,10.8,10.82,10.66,10.71,85547461,917859421.0
2026-09-23,sh,601858,中国科传,21.66,21.61,21.65,21.26,21.36,8893200,190509908.0
2026-09-23,sh,601860,紫金银行,2.56,2.55,2.57,2.54,2.55,42291900,108049710.0
2026-09-23,sh,601865,福莱特,9.36,9.38,9.51,9.33,9.38,9370276,88442049.0
2026-09-23,sh,601866,中远海发,2.45,2.45,2.46,2.42,2.42,48137501,117185829.0
2026-09-23,sh,601868,中国能建,2.43,2.43,2.45,2.41,2.41,175655363,426433553.0
2026-09-23,sh,601869,长飞光纤,456.6,450.8,465.88,445.83,457.89,10492015,4796508102.0
2026-09-23,sh,601872,招商轮船,21.48,20.8,21.08,20.52,20.78,121522623,2525525890.0
2026-09-23,sh,601877,正泰电器,25.39,25.39,25.59,25.15,25.18,8147293,206048789.0
2026-09-23,sh,601878,浙商证券,9.14,9.15,9.18,9.11,9.14,13316788,121810212.0
2026-09-23,sh,601880,辽港股份,1.46,1.46,1.47,1.45,1.46,51994139,75899681.0
2026-09-23,sh,601881,中国银河,12.18,12.18,12.19,12.09,12.09,13286348,161158334.0
2026-09-23,sh,601882,海天精工,23.4,23.34,24.08,23.24,23.93,5810946,138579733.0
2026-09-23,sh,601886,江河集团,13.39,13.43,13.74,13.25,13.64,11246357,151843943.0
2026-09-23,sh,601888,中国中免,52.27,52.12,52.8,51.95,52.19,13348311,699027336.0
2026-09-23,sh,601890,XD亚星锚,9.73,9.73,9.78,9.31,9.34,45551361,429682687.0
2026-09-23,sh,601898,中煤能源,14.23,14.15,14.22,13.87,13.92,17910517,250259889.0
2026-09-23,sh,601899,紫金矿业,31.41,31.65,31.77,31.32,31.41,102959649,3240525743.0
2026-09-23,sh,601900,南方传媒,12.68,12.58,12.67,12.17,12.57,19456600,241911116.0
2026-09-23,sh,601901,方正证券,6.9,6.89,6.93,6.86,6.87,22607392,155716254.0
2026-09-23,sh,601908,京运通,2.97,2.97,2.99,2.93,2.94,26517626,78247764.0
2026-09-23,sh,601916,浙商银行,2.88,2.88,2.89,2.86,2.86,93170400,267512146.0
2026-09-23,sh,601918,新集能源,10.95,10.88,10.99,10.7,10.87,22435004,243774524.0
2026-09-23,sh,601919,中远海控,16.56,16.5,16.55,16.29,16.36,47349279,775272798.0
2026-09-23,sh,601921,浙版传媒,7.69,7.67,7.77,7.6,7.64,9723706,74629114.0
2026-09-23,sh,601928,凤凰传媒,8.47,8.41,8.44,8.24,8.28,13802551,114728606.0
2026-09-23,sh,601929,吉视传媒,2.54,2.52,2.54,2.39,2.4,148416414,362080765.0
2026-09-23,sh,601933,永辉超市,3.06,3.05,3.06,3.01,3.01,78266022,237056373.0
2026-09-23,sh,601939,建设银行,10.92,10.89,10.97,10.76,10.83,84684225,915953308.0
2026-09-23,sh,601949,中国出版,6.62,6.51,6.55,6.03,6.12,126534439,780349408.0
2026-09-23,sh,601952,苏垦农发,9.55,9.52,9.58,9.23,9.36,19804600,185773397.0
2026-09-23,sh,601956,东贝集团,4.92,4.95,5.01,4.87,4.95,4447580,21970488.0
2026-09-23,sh,601958,金钼股份,20.99,21.08,21.16,20.6,20.7,14544638,301650858.0
2026-09-23,sh,601963,重庆银行,10.93,10.89,10.93,10.8,10.81,6486062,70245664.0
2026-09-23,sh,601965,中国汽研,12.99,12.96,13.38,12.77,13.26,7567203,99596761.0
2026-09-23,sh,601966,玲珑轮胎,10.49,10.52,10.66,10.47,10.55,6725026,71100282.0
2026-09-23,sh,601968,XD宝钢包,4.46,4.5,4.54,4.46,4.47,4921100,22118841.0
2026-09-23,sh,601969,海南矿业,9.35,9.34,9.36,9.1,9.11,10054149,92341245.0
2026-09-23,sh,601975,招商南油,4.58,4.54,4.55,4.36,4.42,183162654,810836114.0
2026-09-23,sh,601985,中国核电,8.86,8.85,8.88,8.83,8.85,60483602,535582665.0
2026-09-23,sh,601988,中国银行,6.65,6.62,6.67,6.5,6.58,236708492,1553552290.0
2026-09-23,sh,601990,南京证券,6.74,6.72,6.77,6.7,6.7,11006883,73977778.0
2026-09-23,sh,601991,大唐发电,5.57,5.56,5.56,5.4,5.41,206234567,1122875841.0
2026-09-23,sh,601992,金隅集团,1.41,1.41,1.48,1.4,1.42,97892300,140907583.0
2026-09-23,sh,601995,中金公司,31.8,32.18,33.28,31.8,32.65,47213719,1546556175.0
2026-09-23,sh,601996,丰林集团,3.0,3.0,3.01,2.94,2.99,23297600,69188452.0
2026-09-23,sh,601997,贵阳银行,5.54,5.54,5.56,5.51,5.52,26017179,143744298.0
2026-09-23,sh,601998,中信银行,9.04,9.04,9.11,8.93,9.05,35163459,317355832.0
2026-09-23,sh,601999,出版传媒,7.19,7.19,7.46,6.78,6.9,38058451,266899767.0
2026-09-23,sh,603000,人民网,17.39,17.3,17.47,17.04,17.09,20115900,345504414.0
2026-09-23,sh,603001,奥康国际,11.62,11.62,12.2,11.58,12.12,25072550,298841670.0
2026-09-23,sh,603002,宏昌电子,19.8,19.86,20.63,19.5,20.11,85013200,1710558277.0
2026-09-23,sh,603004,鼎龙科技,19.05,19.0,19.2,18.92,19.18,1323700,25285963.0
2026-09-23,sh,603005,晶方科技,30.32,30.33,30.65,29.9,30.25,21964851,664042644.0
2026-09-23,sh,603006,联明股份,10.88,10.86,10.9,10.73,10.8,1711000,18475922.0
2026-09-23,sh,603007,顺景科技,4.71,4.71,4.72,4.58,4.59,13092799,60475669.0
2026-09-23,sh,603008,ST喜临门,10.19,10.1,10.2,10.02,10.1,6703301,67695782.0
2026-09-23,sh,603009,北特科技,48.53,48.67,49.15,47.94,48.15,5729001,277260983.0
2026-09-23,sh,603010,万盛股份,12.5,12.5,12.57,12.24,12.45,5564159,69182726.0
2026-09-23,sh,603011,合锻智能,27.06,27.0,27.47,26.69,27.1,32245002,874485310.0
2026-09-23,sh,603012,创力集团,9.19,9.18,9.24,9.07,9.11,9249100,84354270.0
2026-09-23,sh,603013,亚普股份,14.38,14.38,14.47,14.3,14.38,1556064,22381182.0
2026-09-23,sh,603014,威高血净,31.48,31.48,31.88,31.4,31.58,1191678,37686949.0
2026-09-23,sh,603015,弘讯科技,10.62,10.62,10.64,10.37,10.4,3550300,37115366.0
2026-09-23,sh,603016,新宏泰,31.89,32.0,32.98,31.99,32.7,4706300,153467388.0
2026-09-23,sh,603017,中衡设计,10.04,10.09,10.18,9.94,9.97,3486600,34901802.0
2026-09-23,sh,603018,华设集团,5.24,5.24,5.32,5.19,5.19,7120657,37366641.0
2026-09-23,sh,603019,中科曙光,84.67,84.36,84.67,83.43,83.5,17228854,1445660914.0
2026-09-23,sh,603020,爱普股份,13.83,13.83,14.14,13.21,13.34,37279000,509730083.0
2026-09-23,sh,603021,*ST华鹏,5.45,5.38,5.44,5.15,5.24,8348964,44146943.0
2026-09-23,sh,603022,新通联,8.93,8.99,8.99,8.82,8.92,2933300,26184314.0
2026-09-23,sh,603023,威帝股份,4.14,4.13,4.14,4.04,4.07,8394700,34248401.0
2026-09-23,sh,603025,大豪科技,13.46,13.46,13.53,13.37,13.46,4474088,60146768.0
2026-09-23,sh,603026,石大胜华,59.78,59.7,59.78,58.9,58.99,3497696,206721963.0
2026-09-23,sh,603027,千禾味业,7.35,7.33,7.52,7.32,7.43,15595275,116159985.0
2026-09-23,sh,603028,赛福天,7.13,7.1,7.22,7.05,7.13,3454270,24670033.0
2026-09-23,sh,603029,天鹅股份,16.9,16.9,16.94,16.58,16.71,1689400,28211270.0
2026-09-23,sh,603030,全筑股份,2.09,2.1,2.13,2.05,2.06,30723800,63951088.0
2026-09-23,sh,603031,安孚科技,41.59,41.3,41.99,40.25,40.37,8227755,335409478.0
2026-09-23,sh,603032,德新科技,18.46,18.6,18.6,18.35,18.36,2586800,47680120.0
2026-09-23,sh,603033,三维股份,7.93,7.83,8.07,7.8,7.84,6919888,54613622.0
2026-09-23,sh,603035,常熟汽饰,10.35,10.39,10.41,10.26,10.35,1395110,14446098.0
2026-09-23,sh,603036,如通股份,13.84,13.83,13.93,13.64,13.66,3276532,45003009.0
2026-09-23,sh,603037,凯众股份,10.04,10.08,10.15,9.95,10.03,2620361,26296817.0
2026-09-23,sh,603038,华立股份,17.57,17.54,17.75,17.32,17.39,6904300,120828661.0
2026-09-23,sh,603039,泛微网络,39.7,39.7,39.99,37.77,37.86,25744073,991812052.0
2026-09-23,sh,603040,新坐标,46.96,46.96,50.66,46.43,48.68,4758154,229913832.0
2026-09-23,sh,603041,美思德,11.42,11.35,11.7,11.26,11.53,3045960,35208412.0
2026-09-23,sh,603042,华脉科技,17.7,17.44,17.6,16.8,17.03,39040837,667632070.0
2026-09-23,sh,603043,广州酒家,13.08,13.08,13.28,13.03,13.09,2924956,38467113.0
2026-09-23,sh,603045,福达合金,50.33,50.38,50.85,49.59,49.67,4278370,213995953.0
2026-09-23,sh,603048,浙江黎明,25.7,25.81,26.33,24.86,25.5,3349100,86071955.0
2026-09-23,sh,603049,中策橡胶,45.11,45.1,45.21,44.81,45.06,1324324,59621150.0
2026-09-23,sh,603050,科林电气,17.28,17.28,17.35,17.04,17.28,1831603,31533279.0
2026-09-23,sh,603051,鹿山新材,25.25,25.13,26.0,25.0,25.57,5948460,152159590.0
2026-09-23,sh,603052,可川科技,59.23,59.0,60.64,58.23,58.74,3510827,206628558.0
2026-09-23,sh,603053,成都燃气,8.74,8.74,8.77,8.68,8.68,1212300,10565502.0
2026-09-23,sh,603055,台华新材,9.29,9.29,9.34,9.22,9.26,3764849,34954459.0
2026-09-23,sh,603057,紫燕食品,18.65,18.67,18.84,18.33,18.34,2984582,55551354.0
2026-09-23,sh,603058,永吉股份,9.03,9.01,9.53,9.01,9.09,12285800,113600766.0
2026-09-23,sh,603059,倍加洁,25.63,25.77,25.93,25.25,25.49,1312800,33636673.0
2026-09-23,sh,603060,国检集团,5.46,5.5,5.52,5.44,5.46,3050650,16700273.0
2026-09-23,sh,603061,金海通,344.3,346.34,347.2,339.2,342.1,1975035,676854228.0
2026-09-23,sh,603062,麦加芯彩,38.8,38.73,39.15,38.28,38.85,417400,16182400.0
2026-09-23,sh,603063,禾望电气,30.19,30.2,30.35,29.91,30.03,7366102,221718374.0
2026-09-23,sh,603065,宿迁联盛,14.94,14.8,14.88,14.21,14.79,24080400,349674776.0
2026-09-23,sh,603066,音飞储存,9.36,9.45,9.45,9.23,9.26,3248000,30146989.0
2026-09-23,sh,603067,振华股份,36.24,36.3,39.86,35.88,39.86,45544139,1761104658.0
2026-09-23,sh,603068,博通集成,48.17,47.48,48.1,45.18,45.87,31146579,1442796801.0
2026-09-23,sh,603069,海汽集团,13.94,14.09,14.09,13.36,13.37,4392700,59516744.0
2026-09-23,sh,603070,万控智造,11.56,11.57,11.6,11.43,11.45,1399500,16080050.0
2026-09-23,sh,603071,物产环能,12.45,12.51,12.51,12.3,12.3,1397600,17273623.0
2026-09-23,sh,603072,天和磁材,31.06,31.0,31.1,30.7,30.85,1290349,39863272.0
2026-09-23,sh,603073,彩蝶实业,17.36,17.4,18.6,17.3,18.1,3968632,71723578.0
2026-09-23,sh,603075,热威股份,19.94,19.83,20.55,19.8,20.49,4743106,96371597.0
2026-09-23,sh,603076,乐惠国际,20.39,20.25,20.66,20.07,20.38,1775841,36140980.0
2026-09-23,sh,603077,和邦生物,2.28,2.27,2.28,2.24,2.25,96099793,216624893.0
2026-09-23,sh,603078,江化微,32.51,32.51,33.19,32.23,32.71,11134954,363746403.0
2026-09-23,sh,603079,圣达生物,13.45,13.43,13.45,13.2,13.28,3150996,41981259.0
2026-09-23,sh,603080,新疆火炬,19.99,19.99,20.06,19.68,19.9,1314600,26122355.0
2026-09-23,sh,603081,大丰实业,9.48,9.57,9.6,9.45,9.46,2082000,19822767.0
2026-09-23,sh,603082,北自科技,51.6,51.84,51.9,48.7,48.99,9424543,469446693.0
2026-09-23,sh,603083,剑桥科技,219.0,221.0,222.0,214.56,218.17,15277112,3332242572.0
2026-09-23,sh,603085,天成自控,9.81,9.83,9.88,9.68,9.82,3733280,36590789.0
2026-09-23,sh,603086,先达股份,5.91,5.9,5.91,5.79,5.82,6259500,36499276.0
2026-09-23,sh,603087,甘李药业,70.69,70.97,74.68,70.31,74.56,16535899,1211726642.0
2026-09-23,sh,603088,宁波精达,10.44,10.46,10.53,10.33,10.36,4327327,44998637.0
2026-09-23,sh,603089,正裕工业,9.65,9.69,9.77,9.54,9.77,3761802,36428198.0
2026-09-23,sh,603090,宏盛股份,39.68,39.97,40.1,38.95,39.08,3183852,124979171.0
2026-09-23,sh,603091,众鑫股份,48.14,48.14,49.13,47.6,47.75,624540,29971415.0
2026-09-23,sh,603092,德力佳,43.68,43.68,43.99,43.28,43.75,1247100,54450513.0
2026-09-23,sh,603093,南华期货,13.76,13.88,13.92,13.5,13.6,13101445,178515979.0
2026-09-23,sh,603095,越剑智能,14.62,14.6,15.28,14.48,14.76,7460380,110453680.0
2026-09-23,sh,603096,新经典,16.12,16.08,16.13,15.71,15.92,1674200,26697147.0
2026-09-23,sh,603097,江苏华辰,18.44,18.43,18.61,18.24,18.55,1353078,24922772.0
2026-09-23,sh,603098,森特股份,10.78,10.78,10.82,10.64,10.74,2579366,27651512.0
2026-09-23,sh,603099,长白山,39.97,39.98,41.6,39.28,40.49,14355748,584804415.0
2026-09-23,sh,603100,川仪股份,18.35,18.38,18.9,18.31,18.71,4459325,83205859.0
2026-09-23,sh,603101,汇嘉时代,7.51,7.5,7.52,7.33,7.36,4431200,32812421.0
2026-09-23,sh,603102,百合股份,37.26,37.26,37.88,36.88,37.65,1396392,52399203.0
2026-09-23,sh,603103,横店影视,16.5,16.45,16.45,16.1,16.27,4198127,68256764.0
2026-09-23,sh,603105,芯能科技,8.53,8.45,8.45,8.16,8.19,23572303,194386066.0
2026-09-23,sh,603106,恒银科技,7.7,7.63,7.65,7.34,7.36,14961400,111071179.0
2026-09-23,sh,603107,上海汽配,12.19,12.2,12.27,12.1,12.19,1505561,18358290.0
2026-09-23,sh,603108,润达医疗,10.17,10.16,10.23,9.99,10.0,11520144,115908040.0
2026-09-23,sh,603109,神驰机电,17.31,17.22,17.59,17.22,17.45,1500900,26183219.0
2026-09-23,sh,603110,东方材料,25.4,25.44,25.44,24.86,25.1,6945300,174169100.0
2026-09-23,sh,603111,康尼机电,6.12,6.14,6.17,6.06,6.08,3387350,20654811.0
2026-09-23,sh,603112,华翔股份,17.64,17.68,17.8,17.47,17.61,8167521,143870761.0
2026-09-23,sh,603113,金能科技,4.98,4.98,4.99,4.88,4.9,11038100,54282962.0
2026-09-23,sh,603115,海星股份,84.17,84.17,84.17,76.1,77.1,14302050,1129095347.0
2026-09-23,sh,603116,红蜻蜓,6.7,6.7,6.82,6.65,6.75,6400135,43136171.0
2026-09-23,sh,603117,万林物流,3.97,3.97,3.98,3.87,3.87,8447000,33130755.0
2026-09-23,sh,603118,共进股份,18.2,18.2,18.78,17.88,18.34,88351743,1609683907.0
2026-09-23,sh,603119,浙江荣泰,56.28,56.28,57.8,55.5,56.61,10257909,581723758.0
2026-09-23,sh,603120,肯特催化,61.6,61.29,61.44,59.79,60.09,4045015,244969628.0
2026-09-23,sh,603121,华培动力,12.64,12.39,12.7,12.33,12.64,4607856,57832776.0
2026-09-23,sh,603122,合富中国,13.9,13.9,14.02,13.49,13.57,35768949,489834341.0
2026-09-23,sh,603123,翠微股份,10.18,10.03,10.05,9.54,9.56,37707435,365196174.0
2026-09-23,sh,603124,江南新材,131.82,131.91,145.0,131.58,145.0,7402845,1025805762.0
2026-09-23,sh,603125,常青科技,23.78,24.5,24.7,23.94,24.52,12760909,310098220.0
2026-09-23,sh,603126,中材节能,6.39,6.36,6.45,6.31,6.35,5419037,34542284.0
2026-09-23,sh,603127,昭衍新药,46.12,46.15,49.5,46.0,47.77,49956315,2397503909.0
2026-09-23,sh,603128,华贸物流,5.33,5.31,5.34,5.23,5.25,12731521,67205420.0
2026-09-23,sh,603129,春风动力,306.36,307.94,309.0,295.45,296.97,1189300,355108042.0
2026-09-23,sh,603130,云中马,38.35,38.56,39.18,37.83,38.71,781485,30184807.0
2026-09-23,sh,603131,上海沪工,13.96,13.99,14.08,13.86,13.95,3872580,54078473.0
2026-09-23,sh,603132,金徽股份,18.77,18.81,18.87,18.53,18.78,3623988,68018135.0
2026-09-23,sh,603135,中重科技,8.83,8.83,8.92,8.7,8.88,5260360,46442715.0
2026-09-23,sh,603136,天目湖,9.32,9.33,9.4,9.16,9.19,8172425,75574858.0
2026-09-23,sh,603137,恒尚节能,20.7,20.78,21.46,19.71,20.06,16804302,340925892.0
2026-09-23,sh,603138,海量数据,15.41,15.4,15.4,14.99,15.04,15864795,239560878.0
2026-09-23,sh,603139,康惠股份,36.54,36.83,37.95,36.5,36.57,2508800,92719524.0
2026-09-23,sh,603150,万朗磁塑,73.46,73.9,78.0,71.68,75.98,4254696,321350671.0
2026-09-23,sh,603151,邦基科技,18.1,18.16,18.57,17.62,18.31,4431992,80933117.0
2026-09-23,sh,603153,上海建科,13.36,13.39,13.8,13.31,13.41,2173383,29406631.0
2026-09-23,sh,603155,新亚强,15.29,15.23,15.74,15.16,15.58,15583784,241386727.0
2026-09-23,sh,603156,XD养元饮,44.87,45.05,46.54,44.61,45.2,11582372,527413767.0
2026-09-23,sh,603158,腾龙股份,10.85,10.82,10.89,10.61,10.62,8824192,94400991.0
2026-09-23,sh,603159,上海亚虹,22.58,22.82,23.7,22.6,23.44,6547760,152439202.0
2026-09-23,sh,603160,汇顶科技,56.0,55.42,55.81,54.91,55.15,4091240,226105976.0
2026-09-23,sh,603161,科华控股,15.3,15.22,15.28,14.76,14.95,4285790,64047369.0
2026-09-23,sh,603162,海通发展,14.15,14.01,14.1,13.44,13.48,32799095,447962147.0
2026-09-23,sh,603163,圣晖集成,83.23,83.6,84.4,82.22,83.5,1898146,158115943.0
2026-09-23,sh,603165,荣晟环保,13.61,13.69,13.69,13.45,13.5,3169500,42976139.0
2026-09-23,sh,603166,福达股份,11.06,11.04,11.15,10.97,11.04,4462100,49337273.0
2026-09-23,sh,603167,渤海轮渡,8.1,8.08,8.11,8.06,8.08,1358799,10984715.0
2026-09-23,sh,603168,莎普爱思,5.94,5.97,6.0,5.84,5.86,7107900,42007694.0
2026-09-23,sh,603169,兰石重装,6.13,6.13,6.14,6.03,6.05,8477900,51532824.0
2026-09-23,sh,603170,宝立食品,12.08,12.11,12.11,11.92,11.96,2039800,24474449.0
2026-09-23,sh,603171,税友股份,41.8,41.16,41.85,40.5,40.5,6407015,261654649.0
2026-09-23,sh,603172,万丰股份,19.86,19.83,20.18,19.51,19.82,2374300,47089061.0
2026-09-23,sh,603173,福斯达,29.71,29.84,30.15,29.55,29.99,594699,17757124.0
2026-09-23,sh,603175,超颖电子,113.08,111.88,117.0,111.49,114.58,2704496,310901439.0
2026-09-23,sh,603176,汇通集团,5.29,5.28,5.36,5.23,5.3,2267000,12021197.0
2026-09-23,sh,603177,德创环保,11.39,11.34,11.34,10.98,11.05,3087400,34317410.0
2026-09-23,sh,603178,圣龙股份,16.22,16.21,16.22,15.87,16.02,5650900,90354687.0
2026-09-23,sh,603179,新泉股份,40.35,40.5,41.7,40.08,40.91,14940692,614052507.0
2026-09-23,sh,603180,金牌家居,15.8,15.74,16.0,15.53,15.76,749895,11857517.0
2026-09-23,sh,603181,皇马科技,12.71,12.71,12.85,12.7,12.84,2557600,32708814.0
2026-09-23,sh,603182,嘉华股份,13.63,13.55,13.75,13.45,13.61,1964500,26739920.0
2026-09-23,sh,603183,建研院,5.05,5.04,5.05,4.87,4.99,14802700,73243171.0
2026-09-23,sh,603185,弘元绿能,14.36,14.38,14.57,14.3,14.3,5734592,82577069.0
2026-09-23,sh,603186,华正新材,226.5,229.78,232.9,224.5,227.7,13571900,3103628015.0
2026-09-23,sh,603187,海容冷链,10.82,10.82,10.86,10.72,10.74,2210260,23841554.0
2026-09-23,sh,603188,亚邦股份,4.61,4.61,4.61,4.53,4.54,8858200,40383268.0
2026-09-23,sh,603189,*ST网达,9.92,10.02,10.03,9.6,9.62,1901600,18517301.0
2026-09-23,sh,603190,亚通精工,16.44,16.47,16.54,16.28,16.38,955460,15659331.0
2026-09-23,sh,603191,望变电气,13.6,13.6,13.68,13.36,13.42,5532827,74494525.0
2026-09-23,sh,603192,汇得科技,21.03,21.02,22.4,20.61,21.9,6406016,138051459.0
2026-09-23,sh,603193,润本股份,20.65,20.65,20.71,20.38,20.39,1409400,28918237.0
2026-09-23,sh,603194,中力股份,33.95,33.99,34.26,33.75,33.76,552700,18797601.0
2026-09-23,sh,603195,公牛集团,37.99,38.0,38.34,37.88,38.03,2147323,81829979.0
2026-09-23,sh,603196,璞源材料,19.09,19.1,19.29,18.84,18.85,1605400,30487135.0
2026-09-23,sh,603197,XD保隆科,29.09,29.11,29.48,29.0,29.3,1751573,51351108.0
2026-09-23,sh,603198,迎驾贡酒,38.9,38.79,39.86,38.51,39.14,4190740,164057325.0
2026-09-23,sh,603199,九华旅游,33.0,33.0,33.18,32.69,32.8,792700,26084322.0
2026-09-23,sh,603200,上海洗霸,39.42,39.18,39.9,38.8,39.58,4105200,161377618.0
2026-09-23,sh,603201,常润股份,15.69,15.68,15.97,15.6,15.94,2734759,43347171.0
2026-09-23,sh,603202,天有为,52.27,52.2,53.08,52.12,52.87,1074432,56676274.0
2026-09-23,sh,603203,快克智能,46.99,46.82,49.18,46.82,47.85,10195967,488236605.0
2026-09-23,sh,603205,健尔康,21.83,21.81,21.87,21.62,21.62,914188,19844833.0
2026-09-23,sh,603206,嘉环科技,14.08,13.99,14.24,13.83,13.91,3263900,45478896.0
2026-09-23,sh,603207,小方制药,25.35,25.1,25.33,24.81,24.84,3415320,85334567.0
2026-09-23,sh,603208,江山欧派,11.33,11.3,11.52,11.11,11.28,2146440,24335110.0
2026-09-23,sh,603209,兴通股份,14.66,14.6,14.78,14.51,14.61,2545518,37279398.0
2026-09-23,sh,603210,泰鸿万立,13.55,13.48,13.74,13.42,13.64,2802656,38227760.0
2026-09-23,sh,603211,晋拓股份,20.03,20.19,20.19,19.76,20.08,3251600,65281068.0
2026-09-23,sh,603212,赛伍技术,11.94,11.89,12.09,11.82,11.85,7601317,90494983.0
2026-09-23,sh,603213,镇洋发展,13.71,13.71,13.82,13.66,13.76,1915200,26317116.0
2026-09-23,sh,603214,爱婴室,13.57,13.57,13.68,13.35,13.43,2368800,31906279.0
2026-09-23,sh,603215,比依股份,15.24,15.25,15.26,14.72,14.82,4544900,67634753.0
2026-09-23,sh,603216,梦天家居,22.75,23.5,24.5,23.26,23.53,18653284,443373202.0
2026-09-23,sh,603217,元利科技,28.44,28.3,29.0,28.29,28.8,2040900,58750596.0
2026-09-23,sh,603218,日月股份,9.33,9.33,9.33,9.23,9.24,5202600,48227538.0
2026-09-23,sh,603219,富佳股份,12.88,12.88,12.95,12.74,12.76,1807300,23180865.0
2026-09-23,sh,603220,中贝通信,18.76,18.66,18.79,18.44,18.47,9589606,177944046.0
2026-09-23,sh,603221,爱丽家居,33.55,33.57,33.87,31.23,32.69,21528327,697717899.0
2026-09-23,sh,603222,济民健康,8.13,8.08,8.94,8.04,8.94,32990382,287170470.0
2026-09-23,sh,603223,恒通股份,10.06,10.06,10.06,9.97,10.01,3256620,32592110.0
2026-09-23,sh,603225,新凤鸣,17.75,17.7,17.86,17.49,17.64,5922042,104638060.0
2026-09-23,sh,603226,菲林格尔,32.91,30.6,33.58,29.62,32.59,11976244,374656027.0
2026-09-23,sh,603227,雪峰科技,7.55,7.55,7.65,7.51,7.52,4236200,32021872.0
2026-09-23,sh,603228,景旺电子,106.12,106.12,110.78,105.3,107.45,29172796,3175747744.0
2026-09-23,sh,603229,奥翔药业,8.11,8.07,8.89,8.05,8.4,27888379,238190463.0
2026-09-23,sh,603230,内蒙新华,16.31,15.51,17.42,14.83,16.79,73551671,1192507582.0
2026-09-23,sh,603231,索宝蛋白,17.23,17.1,17.3,17.0,17.17,1603438,27495992.0
2026-09-23,sh,603232,格尔软件,16.22,16.42,17.1,16.09,16.99,31822021,530699418.0
2026-09-23,sh,603233,大参林,17.75,17.74,18.24,17.69,17.97,8475656,152508714.0
2026-09-23,sh,603235,天新药业,25.19,25.25,25.25,24.95,25.19,291610,7327819.0
2026-09-23,sh,603236,移远通信,76.15,76.0,76.14,74.43,74.58,9937726,745141910.0
2026-09-23,sh,603237,五芳斋,15.26,15.3,15.37,15.05,15.17,1618140,24568933.0
2026-09-23,sh,603238,诺邦股份,12.42,12.42,12.69,12.31,12.54,2583445,32381794.0
2026-09-23,sh,603239,浙江仙通,13.96,14.03,14.36,13.91,14.18,2700200,38239763.0
2026-09-23,sh,603248,锡华科技,23.88,22.62,22.63,21.49,21.49,23113677,501187872.0
2026-09-23,sh,603255,鼎际得,33.69,33.37,34.22,32.51,32.51,3092788,103786665.0
2026-09-23,sh,603256,宏和科技,159.22,160.02,160.88,154.98,156.8,30643490,4829603546.0
2026-09-23,sh,603257,中国瑞林,69.0,68.86,70.58,68.6,70.37,1820432,126786688.0
2026-09-23,sh,603258,电魂网络,14.77,14.6,14.6,14.0,14.05,9632200,137205040.0
2026-09-23,sh,603259,药明康德,167.85,167.18,170.33,166.7,167.95,26922445,4528482397.0
2026-09-23,sh,603260,合盛硅业,32.78,32.78,33.03,32.52,32.9,5393232,177124186.0
2026-09-23,sh,603261,立航科技,54.35,54.35,54.9,51.72,52.0,2101700,110733657.0
2026-09-23,sh,603262,技源集团,18.14,18.2,18.76,18.13,18.61,3553455,65587189.0
2026-09-23,sh,603266,天龙股份,18.22,18.31,18.31,17.89,18.16,6570599,119020766.0
2026-09-23,sh,603267,鸿远电子,51.45,51.22,52.09,51.01,51.63,5638107,290964629.0
2026-09-23,sh,603268,松发股份,219.0,219.6,223.97,215.0,215.32,5406000,1176287313.0
2026-09-23,sh,603269,海鸥股份,26.92,27.35,27.35,26.38,26.88,15997944,427980012.0
2026-09-23,sh,603270,金帝股份,36.88,37.05,37.83,36.63,37.37,6122582,228404744.0
2026-09-23,sh,603271,永杰新材,40.38,40.3,40.3,39.4,39.59,1154058,45798428.0
2026-09-23,sh,603272,*ST联翔,16.7,16.46,17.1,16.1,16.1,3237800,53703947.0
2026-09-23,sh,603273,天元智能,14.73,14.8,14.84,14.67,14.73,1314600,19399309.0
2026-09-23,sh,603275,众辰科技,36.78,36.99,37.15,36.66,37.05,507900,18779107.0
2026-09-23,sh,603276,恒兴新材,18.16,18.16,18.45,17.8,18.34,3501640,63768273.0
2026-09-23,sh,603277,银都股份,11.41,11.41,11.57,11.36,11.56,2165710,24921327.0
2026-09-23,sh,603278,大业股份,9.06,9.07,9.07,8.81,8.91,5431400,48400491.0
2026-09-23,sh,603279,景津装备,11.18,11.18,11.27,11.14,11.22,3753070,42051679.0
2026-09-23,sh,603280,南方路机,25.94,25.83,26.81,25.69,26.75,2095300,55228818.0
2026-09-23,sh,603281,江瀚新材,18.9,18.91,19.96,18.76,19.72,8124419,158352122.0
2026-09-23,sh,603282,亚光股份,17.0,17.0,17.44,16.74,17.35,1554600,26820096.0
2026-09-23,sh,603283,赛腾股份,45.85,45.96,47.34,45.9,46.9,12861808,599631308.0
2026-09-23,sh,603284,林平发展,41.35,41.2,42.35,41.06,42.0,1581413,65909346.0
2026-09-23,sh,603285,键邦股份,38.3,38.25,38.4,37.63,38.19,2790749,106196831.0
2026-09-23,sh,603286,日盈电子,43.61,44.05,46.38,43.22,45.97,5622500,256319357.0
2026-09-23,sh,603288,海天味业,34.29,34.22,34.67,34.1,34.27,9402489,323115521.0
2026-09-23,sh,603289,泰瑞机器,11.05,10.99,11.28,10.8,11.16,16242370,179697575.0
2026-09-23,sh,603290,斯达半导,87.14,87.01,88.82,86.85,88.03,3784591,332537503.0
2026-09-23,sh,603291,联合水务,8.95,8.92,8.97,8.72,8.9,4076923,35998655.0
2026-09-23,sh,603293,埃泰克,37.32,37.46,37.49,36.75,36.79,1167540,43247735.0
2026-09-23,sh,603296,华勤技术,79.93,79.67,80.88,79.67,79.89,8821667,707146401.0
2026-09-23,sh,603297,永新光学,115.38,115.25,117.36,115.25,115.58,858446,99808007.0
2026-09-23,sh,603298,杭叉集团,23.45,23.55,23.85,23.25,23.29,4870881,114670706.0
2026-09-23,sh,603299,苏盐井神,8.75,8.75,8.84,8.74,8.76,2857800,25104938.0
2026-09-23,sh,603300,海南华铁,4.68,4.67,4.67,4.59,4.59,25402900,117363259.0
2026-09-23,sh,603301,振德医疗,79.99,80.05,81.11,78.15,80.95,2197214,174937983.0
2026-09-23,sh,603303,得邦照明,29.5,29.44,29.8,28.89,29.35,3136288,92041879.0
2026-09-23,sh,603305,旭升集团,11.27,11.3,11.33,11.12,11.22,11450202,128373247.0
2026-09-23,sh,603306,华懋科技,83.45,83.5,84.11,81.6,83.29,7702928,639761691.0
2026-09-23,sh,603307,扬州金泉,25.61,25.48,26.45,25.48,26.43,1448677,37798694.0
2026-09-23,sh,603308,应流股份,41.03,41.03,41.11,39.8,40.15,21529032,864153038.0
2026-09-23,sh,603309,维力医疗,11.06,11.09,11.09,11.01,11.05,1624984,17966670.0
2026-09-23,sh,603310,巍华新材,14.84,14.79,14.9,14.65,14.88,1254700,18590498.0
2026-09-23,sh,603311,金海高科,25.84,25.75,25.87,25.35,25.46,2922000,74712701.0
2026-09-23,sh,603312,西典新能,31.95,32.0,32.17,31.51,31.8,340675,10789719.0
2026-09-23,sh,603313,梦百合,6.95,7.01,7.01,6.49,6.57,24662616,165215665.0
2026-09-23,sh,603315,福鞍股份,10.98,11.0,11.35,10.9,11.04,6495600,72186765.0
2026-09-23,sh,603316,诚邦股份,18.22,17.27,18.0,17.17,17.27,40166865,701966642.0
2026-09-23,sh,603317,天味食品,12.85,12.86,13.05,12.77,12.8,5922545,76378605.0
2026-09-23,sh,603318,水发燃气,9.37,9.36,9.42,8.97,8.98,37678797,343127286.0
2026-09-23,sh,603319,美湖股份,31.76,31.76,31.8,31.15,31.2,11493576,360694604.0
2026-09-23,sh,603320,迪贝电气,18.64,18.66,18.83,18.36,18.36,1622100,30092506.0
2026-09-23,sh,603321,梅轮电梯,7.34,7.27,7.37,6.96,7.06,13314400,94973731.0
2026-09-23,sh,603322,超讯科技,32.75,32.98,33.14,32.25,32.36,4512731,147245853.0
2026-09-23,sh,603323,苏农银行,4.4,4.39,4.41,4.36,4.38,22488295,98667718.0
2026-09-23,sh,603324,盛剑科技,26.69,26.72,27.15,26.56,26.98,1966340,52889732.0
2026-09-23,sh,603325,博隆技术,52.73,52.74,53.65,52.51,53.52,296099,15762623.0
2026-09-23,sh,603326,我乐家居,7.65,7.53,7.68,7.41,7.56,3883240,29374433.0
2026-09-23,sh,603327,福蓉科技,8.5,8.47,8.54,8.34,8.38,11341809,95558900.0
2026-09-23,sh,603328,依顿电子,13.82,13.82,15.2,13.75,15.2,66100243,971213427.0
2026-09-23,sh,603329,上海雅仕,10.17,10.18,10.2,10.07,10.09,1648440,16690256.0
2026-09-23,sh,603330,天洋新材,10.07,10.05,10.07,9.8,9.86,29037088,287521941.0
2026-09-23,sh,603331,百达精工,12.91,12.98,12.98,12.57,12.62,2701400,34241874.0
2026-09-23,sh,603332,苏州龙杰,11.91,11.84,12.21,11.71,12.1,3614100,43390529.0
2026-09-23,sh,603333,福华尚纬,9.44,9.41,9.47,9.35,9.43,6138500,57798672.0
2026-09-23,sh,603334,丰倍生物,32.33,32.16,32.58,32.06,32.17,827114,26669544.0
2026-09-23,sh,603335,迪生力,6.29,6.29,6.34,6.22,6.22,5492523,34370261.0
2026-09-23,sh,603336,宏辉果蔬,10.88,10.88,10.96,10.57,10.61,18467583,197386995.0
2026-09-23,sh,603337,杰克科技,37.47,37.41,38.15,37.27,37.65,2372738,89494230.0
2026-09-23,sh,603338,浙江鼎力,53.55,53.55,54.43,53.33,54.28,2973734,160873479.0
2026-09-23,sh,603339,四方科技,12.92,12.91,13.0,12.73,12.75,6140426,78633150.0
2026-09-23,sh,603341,龙旗科技,39.3,39.29,39.3,38.23,38.43,13252620,511083329.0
2026-09-23,sh,603344,星德胜,23.85,23.81,23.91,22.45,22.52,4400027,100483593.0
2026-09-23,sh,603345,安井食品,79.66,79.89,81.66,79.03,79.48,3619834,290225310.0
2026-09-23,sh,603348,文灿股份,14.39,14.81,14.88,14.36,14.41,2329700,33795140.0
2026-09-23,sh,603350,安乃达,28.21,28.38,28.58,28.05,28.4,355200,10069297.0
2026-09-23,sh,603351,威尔药业,28.0,27.86,28.18,27.44,27.55,1991300,55202708.0
2026-09-23,sh,603352,至信股份,25.73,25.75,25.85,25.6,25.79,708865,18251595.0
2026-09-23,sh,603353,和顺石油,49.49,49.0,50.6,46.0,46.23,10146950,480356643.0
2026-09-23,sh,603355,莱克电气,32.44,32.0,33.05,32.0,32.38,5151558,167167438.0
2026-09-23,sh,603356,华菱精工,17.09,17.05,18.29,16.93,17.38,4746293,83501352.0
2026-09-23,sh,603357,设计总院,5.95,5.96,6.03,5.93,5.96,2368694,14150338.0
2026-09-23,sh,603358,华达科技,46.3,46.26,47.02,45.47,46.43,6334648,293816627.0
2026-09-23,sh,603359,*ST东珠,2.25,2.24,2.25,2.18,2.18,7183800,15866764.0
2026-09-23,sh,603360,百傲化学,12.99,13.01,13.04,12.82,12.84,6548500,84544607.0
2026-09-23,sh,603363,傲农生物,2.93,2.93,2.93,2.85,2.86,27027800,77783764.0
2026-09-23,sh,603365,水星家纺,16.19,16.21,16.27,16.0,16.06,1495708,24062663.0
2026-09-23,sh,603366,日出东方,7.4,7.34,7.45,7.25,7.33,15919500,117018894.0
2026-09-23,sh,603367,辰欣药业,14.6,14.52,14.69,14.47,14.48,5679000,82758486.0
2026-09-23,sh,603368,柳药集团,15.45,15.41,15.47,15.22,15.24,3183442,48774027.0
2026-09-23,sh,603369,今世缘,28.35,28.29,28.94,27.1,27.26,17326914,482625608.0
2026-09-23,sh,603370,华新精科,27.62,27.51,27.89,27.32,27.44,1398167,38537439.0
2026-09-23,sh,603373,安邦护卫,43.6,43.77,47.96,43.6,47.96,3586217,165873876.0
2026-09-23,sh,603375,盛景微,48.42,47.94,47.95,44.76,44.77,8651119,396655758.0
2026-09-23,sh,603376,大明电子,27.41,27.41,27.75,27.18,27.23,1260600,34507098.0
2026-09-23,sh,603377,ST东时,3.24,3.23,3.23,3.14,3.17,4245500,13455157.0
2026-09-23,sh,603378,*ST亚士,5.31,5.0,5.17,4.8,4.9,24364781,121128990.0
2026-09-23,sh,603379,三美股份,51.76,51.99,51.99,50.08,51.31,6344360,323552468.0
2026-09-23,sh,603380,易德龙,35.35,35.5,35.97,35.13,35.66,2473283,88270359.0
2026-09-23,sh,603381,永臻股份,14.99,15.01,15.23,14.91,15.08,2785701,42084067.0
2026-09-23,sh,603382,海阳科技,18.94,18.94,19.1,18.76,18.97,1655962,31402906.0
2026-09-23,sh,603383,顶点软件,27.68,27.68,27.68,27.18,27.18,1423292,38833543.0
2026-09-23,sh,603385,惠达卫浴,5.66,5.68,5.7,5.57,5.65,2688530,15195402.0
2026-09-23,sh,603386,骏亚科技,18.95,18.93,19.56,18.81,19.37,19896291,383127120.0
2026-09-23,sh,603387,基蛋生物,10.09,10.0,10.12,9.9,9.95,11017375,109981212.0
2026-09-23,sh,603389,亚振家居,45.01,44.98,45.27,43.93,44.3,1815800,80781588.0
2026-09-23,sh,603390,通达电气,10.9,10.9,11.1,10.71,11.07,14624600,160883689.0
2026-09-23,sh,603391,力聚热能,67.47,66.98,68.47,66.52,68.21,951109,64094928.0
2026-09-23,sh,603392,万泰生物,26.22,26.19,27.3,26.06,26.93,8545502,229623533.0
2026-09-23,sh,603393,新天然气,25.58,25.4,25.58,24.88,25.19,5518402,138656298.0
2026-09-23,sh,603395,红四方,27.58,27.58,27.6,26.63,26.78,8688117,234145553.0
2026-09-23,sh,603396,金辰股份,29.45,29.45,32.4,29.43,32.4,5648257,178691597.0
2026-09-23,sh,603398,*ST沐邦,8.66,8.66,8.78,8.46,8.63,3766600,32625859.0
2026-09-23,sh,603399,永杉锂业,13.99,14.02,14.08,13.49,13.54,26542430,361379515.0
2026-09-23,sh,603400,华之杰,54.67,0.0,0.0,0.0,54.67,0,0.0
2026-09-23,sh,603402,陕西旅游,62.6,62.66,63.39,61.97,62.01,1961479,122563319.0
2026-09-23,sh,603406,天富龙,28.48,28.48,28.72,28.22,28.4,1741747,49510835.0
2026-09-23,sh,603407,长裕集团,60.76,60.76,63.0,60.09,62.73,6277744,387154091.0
2026-09-23,sh,603408,建霖家居,11.77,11.77,11.93,11.68,11.69,1275700,14995870.0
2026-09-23,sh,603409,汇通控股,17.91,18.0,18.1,17.77,17.89,1627946,29192073.0
2026-09-23,sh,603416,信捷电气,46.88,46.81,47.05,46.44,46.71,973850,45586780.0
2026-09-23,sh,603418,友升股份,44.79,44.88,47.47,44.5,44.72,4372734,201771955.0
2026-09-23,sh,603421,鼎信通讯,6.81,6.81,6.82,6.45,6.5,31716421,207938283.0
2026-09-23,sh,603429,*ST集友,8.7,8.7,8.82,8.58,8.6,1005000,8667197.0
2026-09-23,sh,603435,嘉德利,49.25,49.03,49.5,48.9,49.25,1515127,74631430.0
2026-09-23,sh,603439,三力制药,14.46,14.38,14.38,13.86,13.88,15080324,210963986.0
2026-09-23,sh,603444,吉比特,350.4,352.0,352.0,343.86,344.58,1031460,357605329.0
2026-09-23,sh,603448,天博智能,61.6,61.46,63.19,61.2,61.3,3459110,214363465.0
2026-09-23,sh,603456,九洲药业,16.2,16.18,16.96,16.11,16.66,29666372,493523758.0
2026-09-23,sh,603458,勘设股份,11.02,10.96,11.09,10.82,10.89,6601815,72292588.0
2026-09-23,sh,603459,红板科技,89.8,89.0,89.92,88.18,88.78,6880622,610996840.0
2026-09-23,sh,603466,风语筑,13.14,13.08,13.14,12.41,12.69,62710505,793077489.0
2026-09-23,sh,603468,津富士达,22.52,22.6,22.95,22.36,22.38,2265784,51111988.0
2026-09-23,sh,603477,巨星农牧,14.61,14.56,14.66,14.23,14.24,9318615,134026181.0
2026-09-23,sh,603486,科沃斯,50.94,51.05,51.28,50.52,50.75,3003341,153055063.0
2026-09-23,sh,603488,展鹏科技,8.1,8.1,8.14,7.93,7.98,4537401,36386750.0
2026-09-23,sh,603489,八方股份,29.42,29.54,29.77,29.18,29.46,1574884,46487479.0
2026-09-23,sh,603496,恒为科技,23.23,23.24,23.39,22.93,23.0,4517616,104055994.0
2026-09-23,sh,603499,翔港科技,13.44,13.48,13.51,13.26,13.35,2576200,34525301.0
2026-09-23,sh,603500,祥和实业,9.45,9.41,9.56,9.25,9.47,8531093,80080302.0
2026-09-23,sh,603501,豪威集团,82.88,82.89,83.22,82.05,82.77,7891466,651984015.0
2026-09-23,sh,603505,金石资源,15.42,15.4,15.47,15.17,15.22,5805650,88569659.0
2026-09-23,sh,603506,南都物业,12.2,12.14,12.4,12.05,12.21,4700576,57517857.0
2026-09-23,sh,603507,振江股份,26.79,27.09,28.1,26.69,27.74,17737301,491275414.0
2026-09-23,sh,603508,思维列控,21.0,21.0,21.05,20.94,20.94,1326300,27827600.0
2026-09-23,sh,603511,爱慕股份,12.31,12.55,12.58,12.12,12.42,1402300,17380508.0
2026-09-23,sh,603515,欧普照明,14.81,14.95,14.95,14.63,14.66,1115600,16455501.0
2026-09-23,sh,603516,淳中科技,85.56,85.85,86.0,84.24,84.99,2786800,237061093.0
2026-09-23,sh,603517,ST绝味,11.63,11.59,11.61,11.37,11.38,3402100,39014607.0
2026-09-23,sh,603518,锦泓集团,7.79,7.77,7.82,7.7,7.74,3786400,29367977.0
2026-09-23,sh,603519,立霸股份,16.29,16.3,17.37,16.09,17.22,11615720,196320113.0
2026-09-23,sh,603520,司太立,8.66,8.64,8.74,8.57,8.64,5260500,45584515.0
2026-09-23,sh,603527,众源新材,10.0,10.06,10.1,9.89,9.93,4654600,46316451.0
2026-09-23,sh,603528,多伦科技,6.59,6.6,6.7,6.52,6.58,10120800,66875527.0
2026-09-23,sh,603529,爱玛科技,21.46,21.42,21.77,21.25,21.66,3973500,85625997.0
2026-09-23,sh,603530,神马电力,46.72,46.71,47.39,45.66,46.01,2404233,111294136.0
2026-09-23,sh,603533,掌阅科技,23.7,23.67,23.67,22.48,22.55,26234702,597581061.0
2026-09-23,sh,603535,嘉诚国际,6.29,6.31,6.31,6.19,6.22,2816449,17557068.0
2026-09-23,sh,603536,惠发食品,10.01,9.99,10.02,9.78,9.87,3998100,39571683.0
2026-09-23,sh,603538,美诺华,28.82,28.3,29.0,27.5,27.78,45607453,1279217661.0
2026-09-23,sh,603551,奥普科技,9.34,9.33,9.4,9.25,9.29,1720400,16037286.0
2026-09-23,sh,603556,海兴电力,23.37,23.37,23.5,23.12,23.16,2850883,66250705.0
2026-09-23,sh,603557,*ST起步,3.35,3.36,3.36,3.21,3.25,5794700,18972650.0
2026-09-23,sh,603558,健盛集团,12.79,12.78,13.27,12.75,13.05,4879900,63843181.0
2026-09-23,sh,603559,中通国脉,9.75,9.72,9.77,9.21,9.22,12759800,119430238.0
2026-09-23,sh,603565,中谷物流,11.78,11.76,11.89,11.68,11.82,10020423,118338064.0
2026-09-23,sh,603566,普莱柯,10.32,10.31,10.31,10.19,10.22,1674400,17154778.0
2026-09-23,sh,603567,珍宝岛,5.51,5.5,5.51,5.3,5.31,18104985,97563275.0
2026-09-23,sh,603568,伟明环保,13.61,13.65,13.83,13.61,13.77,5955863,81852883.0
2026-09-23,sh,603569,长久物流,5.81,5.82,5.83,5.72,5.78,2653200,15320610.0
2026-09-23,sh,603577,汇金通,9.64,9.66,9.75,9.5,9.66,2900230,27816709.0
2026-09-23,sh,603578,三星新材,14.06,14.0,14.09,13.8,13.9,3431780,47735084.0
2026-09-23,sh,603579,荣泰健康,18.2,18.2,18.28,17.73,17.85,2709300,48424168.0
2026-09-23,sh,603580,艾艾精工,78.68,81.0,86.48,77.01,77.56,16042350,1298757326.0
2026-09-23,sh,603583,捷昌驱动,28.12,27.98,28.88,27.91,28.64,6195585,176990340.0
2026-09-23,sh,603585,苏利股份,10.49,10.46,10.54,10.4,10.47,2544364,26612384.0
2026-09-23,sh,603586,金麒麟,13.74,13.85,13.85,13.56,13.71,1229300,16840395.0
2026-09-23,sh,603587,地素时尚,12.2,12.13,12.31,12.03,12.16,2026300,24636785.0
2026-09-23,sh,603588,高能环境,16.86,16.82,17.58,16.52,17.46,74023080,1268694368.0
2026-09-23,sh,603589,口子窖,17.97,17.9,18.63,17.85,18.0,9651080,176050094.0
2026-09-23,sh,603590,康辰药业,29.96,29.96,30.2,29.75,29.92,1265300,37931205.0
2026-09-23,sh,603595,ST东尼,33.39,33.41,33.85,32.92,33.3,1750500,58397659.0
2026-09-23,sh,603596,伯特利,29.15,29.01,29.13,28.65,28.72,9593218,276534907.0
2026-09-23,sh,603598,引力传媒,18.96,19.8,20.86,19.12,19.12,60374629,1199241308.0
2026-09-23,sh,603599,广信股份,10.68,10.69,10.73,10.56,10.6,6224437,66230686.0
2026-09-23,sh,603600,永艺股份,10.27,10.25,10.4,10.22,10.3,2914800,30024850.0
2026-09-23,sh,603601,再升科技,10.45,10.39,10.53,10.11,10.12,83082760,850788011.0
2026-09-23,sh,603602,纵横通信,11.66,11.63,11.66,11.42,11.49,2496290,28739430.0
2026-09-23,sh,603605,珀莱雅,56.48,56.5,57.77,56.1,56.79,5775341,328897858.0
2026-09-23,sh,603606,东方电缆,35.93,35.81,35.97,35.5,35.56,7023439,250563369.0
2026-09-23,sh,603607,京华激光,24.03,24.04,24.05,23.26,23.53,5336400,125807690.0
2026-09-23,sh,603608,天创时尚,21.55,21.57,21.59,21.0,21.13,10635000,225494168.0
2026-09-23,sh,603609,禾丰股份,6.41,6.39,6.41,6.33,6.34,3443900,21920333.0
2026-09-23,sh,603610,麒盛科技,13.91,13.91,13.94,13.68,13.73,3655400,50400136.0
2026-09-23,sh,603611,诺力股份,15.83,15.84,15.84,15.6,15.71,1074742,16877562.0
2026-09-23,sh,603612,索通发展,16.65,16.68,17.09,16.55,16.87,10142200,170688127.0
2026-09-23,sh,603613,国联股份,21.01,21.0,21.0,20.41,20.47,9227225,190471162.0
2026-09-23,sh,603615,茶花股份,19.1,19.11,19.36,18.7,19.11,3922337,74816884.0
2026-09-23,sh,603616,韩建河山,5.61,5.61,5.79,5.54,5.59,10902500,61630389.0
2026-09-23,sh,603617,君禾股份,6.82,6.86,6.86,6.73,6.78,3440000,23320963.0
2026-09-23,sh,603618,杭电股份,38.79,38.55,38.9,37.55,37.74,54926409,2087048801.0
2026-09-23,sh,603619,中曼石油,22.22,22.02,22.3,21.55,21.6,15875315,345571374.0
2026-09-23,sh,603626,科森科技,22.93,23.15,23.3,22.54,22.88,27734538,632463706.0
2026-09-23,sh,603628,清源股份,10.33,10.39,10.55,10.3,10.31,4285258,44527721.0
2026-09-23,sh,603629,利通电子,115.96,114.0,114.54,111.5,111.57,22641448,2546939921.0
2026-09-23,sh,603630,拉芳家化,13.96,14.19,14.44,13.78,14.38,6887800,97650641.0
2026-09-23,sh,603633,徕木股份,6.48,6.45,6.49,6.3,6.37,6890100,44010445.0
2026-09-23,sh,603636,南威软件,8.01,8.81,8.81,8.31,8.81,73231060,642502981.0
2026-09-23,sh,603637,镇海股份,14.55,14.55,14.76,14.39,14.45,4870100,70680256.0
2026-09-23,sh,603638,艾迪精密,18.39,18.43,19.28,18.18,18.83,14730785,278711086.0
2026-09-23,sh,603639,海利尔,10.46,10.45,10.47,10.39,10.43,674900,7037101.0
2026-09-23,sh,603648,畅联股份,9.58,9.61,9.65,9.48,9.65,2267673,21665167.0
2026-09-23,sh,603650,彤程新材,69.01,69.61,69.68,68.34,69.23,12671647,874202082.0
2026-09-23,sh,603655,朗博科技,34.6,34.66,34.74,32.12,32.8,3186700,104594243.0
2026-09-23,sh,603656,泰禾智能,17.38,17.36,17.58,17.26,17.57,1662600,29075094.0
2026-09-23,sh,603657,春光科技,37.3,38.0,38.49,35.6,36.64,5719440,210224652.0
2026-09-23,sh,603658,安图生物,34.97,34.84,35.35,34.44,34.44,9172406,320107773.0
2026-09-23,sh,603659,璞泰来,22.21,22.2,22.25,21.92,22.04,10329250,227535236.0
2026-09-23,sh,603660,苏州科达,9.88,9.87,9.96,9.62,9.75,13055900,127475774.0
2026-09-23,sh,603661,恒林股份,34.07,33.89,35.88,33.89,35.63,5555448,196690995.0
2026-09-23,sh,603662,柯力传感,49.82,49.82,50.12,49.35,49.71,2247067,111678198.0
2026-09-23,sh,603663,三祥新材,48.16,48.0,48.13,46.69,47.0,19927632,939932687.0
2026-09-23,sh,603665,康隆达,21.67,21.7,22.32,21.61,22.1,3488600,76620438.0
2026-09-23,sh,603666,亿嘉和,27.4,27.5,28.43,27.19,27.74,5374297,149523492.0
2026-09-23,sh,603667,五洲新春,50.03,50.1,50.49,49.45,49.69,6163808,306417947.0
2026-09-23,sh,603668,天马科技,12.63,12.54,12.67,12.28,12.28,6260120,77550696.0
2026-09-23,sh,603669,灵康药业,6.01,5.93,6.15,5.87,6.02,39957118,239422211.0
2026-09-23,sh,603676,卫信康,9.04,9.08,9.08,8.93,8.94,940000,8461422.0
2026-09-23,sh,603677,奇精机械,14.44,14.4,14.79,14.34,14.41,1788900,25998374.0
2026-09-23,sh,603678,火炬电子,49.51,49.68,51.25,49.31,49.98,16144937,806480727.0
2026-09-23,sh,603679,华体科技,26.11,26.08,26.11,23.5,23.5,22559400,547065374.0
2026-09-23,sh,603680,今创集团,10.51,10.49,10.55,10.21,10.21,4338767,44750262.0
2026-09-23,sh,603681,永冠新材,19.28,19.22,19.9,19.03,19.86,11566998,228210614.0
2026-09-23,sh,603682,锦和商管,10.0,10.1,10.1,9.73,9.76,10050300,99377044.0
2026-09-23,sh,603683,晶华新材,16.4,16.32,16.65,16.32,16.58,12103600,199473867.0
2026-09-23,sh,603685,晨丰科技,26.76,26.68,26.85,25.96,25.98,2335698,61337579.0
2026-09-23,sh,603686,福龙马,14.78,14.6,14.77,14.11,14.13,38532125,551699207.0
2026-09-23,sh,603687,大胜达,15.46,15.39,15.68,15.25,15.31,11507474,177002117.0
2026-09-23,sh,603688,石英股份,49.31,49.31,50.63,49.3,50.1,12827887,642815520.0
2026-09-23,sh,603689,皖天然气,7.69,7.67,7.69,7.58,7.59,2432500,18523236.0
2026-09-23,sh,603690,至纯科技,24.03,24.07,24.48,23.85,24.24,13786556,333170206.0
2026-09-23,sh,603693,江苏新能,12.11,12.0,12.0,11.59,11.61,10674466,124981762.0
2026-09-23,sh,603696,安记食品,14.56,14.42,14.47,13.77,13.82,16919620,237050178.0
2026-09-23,sh,603697,有友食品,9.14,9.11,9.14,8.97,9.06,4699500,42453704.0
2026-09-23,sh,603698,航天工程,21.65,21.65,21.66,21.1,21.2,7407300,157361995.0
2026-09-23,sh,603699,纽威股份,44.6,44.63,45.49,44.16,44.66,3178410,142395355.0
2026-09-23,sh,603700,宁水集团,11.73,11.74,11.82,11.54,11.57,3048794,35499132.0
2026-09-23,sh,603701,德宏股份,19.66,19.66,19.8,19.15,19.29,2756086,53494846.0
2026-09-23,sh,603703,盛洋科技,10.59,10.59,10.88,10.41,10.43,13054640,137419403.0
2026-09-23,sh,603706,东方环宇,17.21,17.21,17.42,17.02,17.11,957100,16450006.0
2026-09-23,sh,603707,健友股份,7.94,7.95,8.06,7.9,7.91,10549500,84135980.0
2026-09-23,sh,603708,家家悦,9.03,8.99,9.03,8.91,8.91,3248463,29076600.0
2026-09-23,sh,603709,中源家居,12.6,12.62,12.85,12.47,12.7,3042166,38609168.0
2026-09-23,sh,603711,香飘飘,12.06,12.06,12.09,11.78,11.8,3001599,35773081.0
2026-09-23,sh,603712,七一二,11.82,11.8,11.8,11.49,11.54,11080385,128580712.0
2026-09-23,sh,603713,密尔克卫,67.61,67.8,68.55,67.56,67.63,931810,63375331.0
2026-09-23,sh,603716,塞力医疗,17.57,17.52,17.52,16.75,16.81,15453313,262040653.0
2026-09-23,sh,603717,天域生物,5.94,5.92,5.99,5.82,5.87,5220120,30621642.0
2026-09-23,sh,603718,*ST海利,3.09,3.09,3.12,3.05,3.07,3987000,12263615.0
2026-09-23,sh,603719,良品铺子,9.21,9.23,9.34,9.09,9.15,3243800,29803398.0
2026-09-23,sh,603721,中广天择,18.96,18.96,18.97,18.13,18.23,6661000,122169843.0
2026-09-23,sh,603722,阿科力,29.78,29.81,30.06,29.5,29.88,784725,23451877.0
2026-09-23,sh,603725,天安新材,11.83,11.8,12.3,11.68,11.97,13698210,165372240.0
2026-09-23,sh,603726,朗迪集团,24.13,24.11,24.92,24.1,24.74,3655900,89804724.0
2026-09-23,sh,603727,博迈科,18.62,18.73,18.73,17.95,18.23,3099416,56411449.0
2026-09-23,sh,603728,鸣志电器,50.55,50.54,50.76,50.22,50.23,2743600,138346243.0
2026-09-23,sh,603729,ST龙韵,12.71,12.72,12.72,12.56,12.62,667300,8447065.0
2026-09-23,sh,603730,岱美股份,9.66,9.67,9.79,9.59,9.72,6831628,66342490.0
2026-09-23,sh,603733,仙鹤股份,19.03,19.19,19.19,18.83,18.88,3441138,65278310.0
2026-09-23,sh,603737,三棵树,21.83,22.09,22.55,21.46,21.83,9863927,218180677.0
2026-09-23,sh,603738,泰晶科技,37.86,37.97,38.72,37.61,38.23,19272774,738044770.0
2026-09-23,sh,603739,蔚蓝生物,13.2,13.1,13.3,12.97,13.03,4528200,59150779.0
2026-09-23,sh,603755,日辰股份,24.38,24.44,24.58,24.02,24.16,1002700,24344119.0
2026-09-23,sh,603757,大元泵业,68.7,70.11,71.56,69.08,69.9,6693377,470210061.0
2026-09-23,sh,603758,秦安股份,11.03,10.96,11.17,10.93,11.03,6150400,67934314.0
2026-09-23,sh,603759,海天股份,7.82,7.77,8.03,7.74,7.93,5551006,43878435.0
2026-09-23,sh,603766,隆鑫通用,14.39,14.35,14.8,14.29,14.56,14907600,217269243.0
2026-09-23,sh,603767,中马传动,13.51,13.51,13.51,13.25,13.4,1657900,22153093.0
2026-09-23,sh,603768,常青股份,11.62,11.63,11.7,11.43,11.57,1628800,18897533.0
2026-09-23,sh,603773,沃格光电,93.18,96.0,102.5,96.0,102.5,49301584,4992896853.0
2026-09-23,sh,603776,永安行,20.64,20.56,21.01,20.1,20.83,3742100,76672874.0
2026-09-23,sh,603777,来伊份,14.19,14.12,15.17,14.12,14.5,11684360,171648368.0
2026-09-23,sh,603778,国晟科技,9.4,9.37,9.4,8.52,8.6,101156575,897296410.0
2026-09-23,sh,603779,威龙股份,8.33,8.27,8.54,8.21,8.3,13700900,114745886.0
2026-09-23,sh,603786,科博达,37.77,37.8,38.34,37.61,37.92,1485300,56385832.0
2026-09-23,sh,603787,新日股份,10.33,10.39,10.44,10.22,10.4,1802200,18667026.0
2026-09-23,sh,603788,宁波高发,13.8,13.8,13.9,13.71,13.77,607000,8356763.0
2026-09-23,sh,603789,ST星农,6.06,6.02,6.03,5.95,5.95,1969900,11769436.0
2026-09-23,sh,603790,雅运股份,24.93,24.93,26.29,24.91,25.98,4141140,106981025.0
2026-09-23,sh,603797,联泰环保,4.95,4.97,4.98,4.85,4.94,7446100,36587204.0
2026-09-23,sh,603798,康普顿,13.48,13.7,13.82,13.2,13.56,2820630,38143233.0
2026-09-23,sh,603799,华友钴业,36.66,37.0,37.09,36.02,36.17,29762111,1079656412.0
2026-09-23,sh,603800,洪田股份,58.57,58.03,59.91,58.03,58.81,3529768,207848848.0
2026-09-23,sh,603801,志邦家居,6.21,6.21,6.4,6.11,6.19,10687592,66932593.0
2026-09-23,sh,603803,瑞斯康达,11.7,11.67,12.87,11.34,12.87,21255158,260172843.0
2026-09-23,sh,603806,福斯特,14.38,14.38,14.49,14.28,14.3,14369212,206328408.0
2026-09-23,sh,603808,歌力思,8.73,8.73,8.87,8.6,8.76,3049600,26692727.0
2026-09-23,sh,603809,豪能股份,8.63,8.67,8.72,8.56,8.68,5033970,43463053.0
2026-09-23,sh,603810,XD丰山集,12.0,12.01,12.08,11.86,11.95,1439300,17249945.0
2026-09-23,sh,603811,诚意药业,7.01,7.01,7.04,6.95,6.96,2809260,19618570.0
2026-09-23,sh,603813,原尚股份,27.12,26.96,27.29,25.5,25.5,1041200,27215572.0
2026-09-23,sh,603815,交建股份,5.24,5.23,5.25,5.1,5.11,7210200,37206250.0
2026-09-23,sh,603816,顾家家居,22.41,22.42,23.02,22.33,22.44,6543397,147995809.0
2026-09-23,sh,603817,海峡环保,5.88,5.87,5.91,5.78,5.79,9413700,54756108.0
2026-09-23,sh,603818,曲美家居,3.98,3.96,3.98,3.81,3.82,31714200,122562938.0
2026-09-23,sh,603819,神力股份,16.58,16.6,16.6,15.9,16.07,7822700,126203390.0
2026-09-23,sh,603822,ST嘉澳,64.25,64.01,64.84,62.62,62.65,447900,28459579.0
2026-09-23,sh,603823,百合花,56.08,55.05,55.2,50.47,50.47,25601319,1333330598.0
2026-09-23,sh,603825,ST华扬,7.87,7.85,7.85,7.77,7.8,776000,6059837.0
2026-09-23,sh,603826,坤彩科技,16.36,16.66,17.57,16.55,17.08,30237904,519373885.0
2026-09-23,sh,603828,*ST利达,6.11,6.11,6.18,6.04,6.16,2386949,14610497.0
2026-09-23,sh,603829,洛凯股份,15.91,15.91,15.92,15.5,15.59,2086800,32672665.0
2026-09-23,sh,603833,欧派家居,29.56,29.45,31.21,29.32,30.0,5252646,159710501.0
2026-09-23,sh,603836,海程邦达,9.66,9.6,9.65,9.49,9.55,1865940,17841434.0
2026-09-23,sh,603838,*ST四通,13.86,13.93,13.99,13.54,13.78,1138700,15713354.0
2026-09-23,sh,603839,安正时尚,7.03,7.03,7.03,6.87,6.9,4411000,30561785.0
2026-09-23,sh,603843,*ST正平,6.42,6.33,6.75,6.18,6.6,19682268,127519965.0
2026-09-23,sh,603848,好太太,13.52,13.45,13.89,13.42,13.55,2276800,31101981.0
2026-09-23,sh,603855,华荣股份,16.8,16.83,16.89,16.68,16.76,599600,10041050.0
2026-09-23,sh,603856,东宏股份,11.66,11.62,11.81,11.6,11.71,1553400,18211416.0
2026-09-23,sh,603858,步长制药,14.77,14.73,14.85,14.68,14.68,2950900,43539771.0
2026-09-23,sh,603859,能科科技,40.4,40.4,41.66,39.86,41.09,7843388,322109198.0
2026-09-23,sh,603860,中公高科,25.91,26.04,26.53,25.7,26.3,1050600,27530620.0
2026-09-23,sh,603861,白云电器,11.18,11.18,11.18,10.97,10.99,4425370,48769486.0
2026-09-23,sh,603863,松炀资源,12.76,12.75,13.05,12.56,12.61,5201100,66498075.0
2026-09-23,sh,603866,桃李面包,4.2,4.2,4.25,4.13,4.14,15207051,63502042.0
2026-09-23,sh,603867,新化股份,33.51,33.4,36.5,33.3,36.07,12539216,440495160.0
2026-09-23,sh,603868,飞科电器,31.62,31.31,31.6,31.09,31.26,1024500,32094447.0
2026-09-23,sh,603869,ST智知,8.58,8.61,8.61,8.51,8.54,310500,2655463.0
2026-09-23,sh,603871,嘉友国际,12.16,12.15,12.27,12.01,12.17,6488100,78998613.0
2026-09-23,sh,603876,鼎胜新材,18.46,18.5,18.56,18.25,18.36,10371737,190462305.0
2026-09-23,sh,603877,太平鸟,11.92,11.92,12.04,11.8,11.84,1212501,14416788.0
2026-09-23,sh,603878,武进不锈,4.93,4.93,4.98,4.86,4.86,8151980,39962022.0
2026-09-23,sh,603879,永悦科技,4.94,4.95,4.97,4.85,4.87,5550400,27178596.0
2026-09-23,sh,603880,南卫股份,9.28,9.25,9.36,8.99,9.3,9091920,83211680.0
2026-09-23,sh,603881,数据港,25.14,24.75,24.93,24.5,24.51,23842643,587995005.0
2026-09-23,sh,603882,金域医学,29.06,29.06,29.35,28.87,29.07,7261366,211303020.0
2026-09-23,sh,603883,老百姓,12.94,12.91,13.02,12.77,12.9,8543175,110340810.0
2026-09-23,sh,603885,吉祥航空,10.1,10.14,10.3,10.07,10.2,13828382,141212871.0
2026-09-23,sh,603886,元祖股份,12.7,12.6,12.75,12.32,12.63,5779800,72597498.0
2026-09-23,sh,603887,城地香江,9.04,9.05,9.08,8.78,8.8,12854649,113810063.0
2026-09-23,sh,603888,新华网,18.45,18.18,18.63,17.74,17.79,29689599,533659364.0
2026-09-23,sh,603889,新澳股份,6.06,6.06,6.11,5.95,6.05,5883250,35585855.0
2026-09-23,sh,603890,春秋电子,17.39,17.2,17.32,16.68,16.73,24779679,418367380.0
2026-09-23,sh,603893,瑞芯微,217.8,218.79,227.3,215.81,223.01,31278120,6974832079.0
2026-09-23,sh,603895,天永智能,26.23,26.23,26.39,25.61,26.28,781700,20449859.0
2026-09-23,sh,603896,寿仙谷,14.86,14.95,14.95,14.69,14.7,1359400,20073981.0
2026-09-23,sh,603897,XD长城科,30.78,30.68,30.89,30.03,30.36,4725589,143370412.0
2026-09-23,sh,603898,好莱客,11.28,11.38,11.77,11.16,11.58,3347500,38598591.0
2026-09-23,sh,603899,晨光股份,22.1,22.12,22.57,22.02,22.33,2672200,59746271.0
2026-09-23,sh,603900,莱绅通灵,6.77,6.77,6.83,6.49,6.53,16378000,107830085.0
2026-09-23,sh,603901,永创智能,9.32,9.31,9.55,9.28,9.49,8334802,78736548.0
2026-09-23,sh,603903,中持股份,15.27,15.71,16.06,14.62,15.12,23649872,356602925.0
2026-09-23,sh,603906,龙蟠科技,18.18,18.17,18.18,17.85,18.02,7216466,129564652.0
2026-09-23,sh,603908,牧高笛,19.54,19.46,19.8,19.22,19.5,1425680,27822601.0
2026-09-23,sh,603909,建发合诚,9.83,9.79,9.93,9.65,9.89,1952382,19183856.0
2026-09-23,sh,603912,佳力图,8.81,8.87,9.16,8.73,9.13,18862181,169083134.0
2026-09-23,sh,603915,国茂股份,13.26,13.29,13.35,13.17,13.18,4336100,57460328.0
2026-09-23,sh,603916,苏博特,10.79,10.72,10.85,10.66,10.68,4207200,45246393.0
2026-09-23,sh,603917,合力科技,14.36,14.38,14.5,14.12,14.35,3397466,48737170.0
2026-09-23,sh,603918,金桥信息,10.99,10.9,10.96,10.54,10.56,11355394,121069045.0
2026-09-23,sh,603919,金徽酒,16.71,16.7,17.05,16.32,16.33,7014500,116866216.0
2026-09-23,sh,603920,世运电路,46.15,45.99,46.73,45.3,45.96,28891161,1328717724.0
2026-09-23,sh,603922,ST金鸿顺,12.66,12.63,12.85,12.51,12.7,664800,8412698.0
2026-09-23,sh,603926,铁流股份,17.49,17.58,17.66,17.3,17.58,2473600,43269513.0
2026-09-23,sh,603927,中科软,13.98,13.96,14.01,13.79,13.79,4924313,68302404.0
2026-09-23,sh,603928,兴业股份,12.05,11.97,12.46,11.97,12.32,10883290,133058676.0
2026-09-23,sh,603929,亚翔集成,159.87,161.04,161.49,158.1,158.73,2259691,359869496.0
2026-09-23,sh,603931,格林达,35.91,35.91,36.85,35.82,36.69,4149500,151192157.0
2026-09-23,sh,603933,睿能科技,19.5,19.4,19.65,19.25,19.4,3137000,60954435.0
2026-09-23,sh,603936,博敏电子,22.62,22.62,22.77,21.94,22.23,65586476,1458820969.0
2026-09-23,sh,603937,丽岛新材,11.79,11.83,12.97,11.65,12.97,10682010,133715694.0
2026-09-23,sh,603938,三孚股份,49.25,49.88,51.55,49.5,51.5,31998989,1630236180.0
2026-09-23,sh,603939,益丰药房,22.2,22.21,22.34,22.05,22.09,3901820,86569418.0
2026-09-23,sh,603948,建业股份,19.65,19.68,19.87,19.55,19.6,976900,19209963.0
2026-09-23,sh,603949,雪龙集团,13.96,13.91,15.36,13.8,15.36,3888094,58430518.0
2026-09-23,sh,603950,长源东谷,59.12,59.7,59.88,58.58,58.59,3623722,214565853.0
2026-09-23,sh,603955,大千生态,24.85,25.35,25.51,24.53,24.8,3177300,79594769.0
2026-09-23,sh,603956,威派格,7.26,7.24,7.39,7.07,7.11,18067565,129252973.0
2026-09-23,sh,603958,哈森股份,18.53,18.57,19.37,18.18,18.93,17208678,324822111.0
2026-09-23,sh,603959,ST百利,4.47,4.45,4.48,4.39,4.39,3518400,15553111.0
2026-09-23,sh,603960,克来机电,19.48,19.29,19.88,18.07,18.23,15871591,294470803.0
2026-09-23,sh,603966,法兰泰克,7.55,7.55,7.8,7.43,7.67,10283411,78515061.0
2026-09-23,sh,603967,中创物流,11.67,11.67,11.72,11.52,11.54,1262100,14642888.0
2026-09-23,sh,603968,醋化股份,11.01,10.91,10.96,10.61,10.63,6531250,70074589.0
2026-09-23,sh,603969,银龙股份,7.49,7.53,7.63,7.45,7.53,7077810,53479328.0
2026-09-23,sh,603970,中农立华,11.15,11.1,11.19,10.97,11.06,1812100,20062064.0
2026-09-23,sh,603976,正川股份,32.06,31.94,33.3,31.1,32.9,6012452,194075297.0
2026-09-23,sh,603977,国泰集团,11.43,11.4,11.42,11.25,11.26,3129500,35426557.0
2026-09-23,sh,603978,深圳新星,26.2,26.21,26.45,25.26,25.72,21838844,563940474.0
2026-09-23,sh,603979,金诚信,74.88,75.65,76.9,74.99,76.04,3590194,273066508.0
2026-09-23,sh,603980,吉华集团,8.95,8.95,9.08,8.61,8.68,58517680,515183666.0
2026-09-23,sh,603982,泉峰汽车,6.29,6.26,6.47,6.25,6.33,4478138,28415608.0
2026-09-23,sh,603983,丸美生物,32.04,32.03,32.2,30.64,31.08,4792294,150422347.0
2026-09-23,sh,603985,恒润股份,17.15,17.18,17.26,16.86,17.07,6997100,119450037.0
2026-09-23,sh,603986,兆易创新,402.1,406.3,408.06,397.44,398.72,26195721,10521759467.0
2026-09-23,sh,603987,康德莱,7.62,7.64,7.64,7.55,7.57,2320700,17620869.0
2026-09-23,sh,603988,中电电机,18.18,18.28,18.28,17.91,17.94,2641570,47547775.0
2026-09-23,sh,603989,艾华集团,34.15,33.7,34.07,33.03,33.27,19670002,656433550.0
2026-09-23,sh,603990,麦迪科技,19.91,20.0,20.08,19.29,19.34,18382708,359099181.0
2026-09-23,sh,603991,领先股份,168.7,169.51,185.57,165.71,185.57,5369833,959033607.0
2026-09-23,sh,603992,松霖科技,20.41,20.38,20.5,20.13,20.3,2241700,45608408.0
2026-09-23,sh,603993,洛阳钼业,17.81,18.0,18.02,17.51,17.66,120591537,2135568609.0
2026-09-23,sh,603995,甬金股份,25.95,25.95,26.32,25.63,25.7,3159044,81985188.0
2026-09-23,sh,603997,继峰股份,14.11,14.29,14.42,13.83,14.33,29426726,418205173.0
2026-09-23,sh,603998,方盛制药,10.52,10.46,10.56,10.43,10.45,6443600,67542809.0
2026-09-23,sh,603999,读者传媒,6.82,6.7,6.77,6.41,6.46,22825840,149179755.0
2026-09-23,sh,605001,威奥股份,5.81,5.88,5.88,5.75,5.79,3840370,22265518.0
2026-09-23,sh,605003,众望布艺,24.72,24.8,25.2,24.44,24.9,1558000,38637505.0
2026-09-23,sh,605005,合兴股份,16.35,16.26,16.35,16.16,16.23,711500,11570756.0
2026-09-23,sh,605006,山东玻纤,17.46,17.15,17.41,16.61,16.79,44182092,749027228.0
2026-09-23,sh,605007,五洲特纸,15.21,15.22,15.35,15.14,15.16,2063096,31438351.0
2026-09-23,sh,605008,长鸿高科,14.26,14.28,14.35,14.11,14.25,1395800,19873456.0
2026-09-23,sh,605009,豪悦护理,24.81,24.82,25.15,24.68,24.82,806039,20098703.0
2026-09-23,sh,605011,杭州热电,18.32,18.2,18.46,17.55,17.58,7330757,130351486.0
2026-09-23,sh,605016,百龙创园,20.53,20.53,21.77,20.47,21.55,5175529,110344737.0
2026-09-23,sh,605018,长华集团,11.95,11.86,11.9,11.53,11.58,3368000,39289848.0
2026-09-23,sh,605020,XD永和股,31.26,31.39,32.01,31.03,31.77,5640080,177914014.0
2026-09-23,sh,605028,世茂能源,23.45,23.4,25.18,23.25,24.7,3302531,80636970.0
2026-09-23,sh,605033,美邦股份,19.96,19.94,19.94,19.51,19.53,2042899,40022875.0
2026-09-23,sh,605050,福然德,10.2,10.18,10.2,10.08,10.1,959100,9717910.0
2026-09-23,sh,605055,迎丰股份,9.01,9.07,9.07,8.71,8.77,4388000,38663277.0
2026-09-23,sh,605056,咸亨国际,14.29,14.35,14.4,13.91,14.0,11642300,164111876.0
2026-09-23,sh,605058,澳弘电子,53.27,52.63,58.6,52.47,58.6,21897816,1243558857.0
2026-09-23,sh,605060,联德股份,39.87,39.87,41.08,39.74,40.44,3551100,143798978.0
2026-09-23,sh,605066,天正电气,6.83,6.83,6.84,6.73,6.75,3892775,26308678.0
2026-09-23,sh,605068,明新旭腾,20.7,20.52,21.71,20.44,20.88,7495700,158232926.0
2026-09-23,sh,605069,正和生态,12.15,11.81,12.04,11.47,11.64,12946030,151283256.0
2026-09-23,sh,605077,华康股份,11.77,11.73,12.04,11.54,11.88,13158892,155590653.0
2026-09-23,sh,605080,浙江自然,22.82,22.8,23.29,22.6,23.02,1138800,26246657.0
2026-09-23,sh,605086,龙高股份,23.65,23.64,24.05,23.54,23.76,916300,21778126.0
2026-09-23,sh,605088,冠盛股份,24.61,24.85,27.07,24.4,25.91,26354982,675847887.0
2026-09-23,sh,605089,味知香,21.12,21.01,21.41,20.66,20.83,1096538,22932059.0
2026-09-23,sh,605090,九丰能源,32.49,32.49,32.54,31.75,31.79,6095122,194902035.0
2026-09-23,sh,605098,行动教育,53.24,53.22,54.19,52.76,53.4,710700,38037951.0
2026-09-23,sh,605099,共创草坪,29.27,29.32,29.32,28.92,29.08,762999,22172622.0
2026-09-23,sh,605100,华丰股份,34.29,34.05,35.18,34.04,34.86,4451802,154429902.0
2026-09-23,sh,605108,同庆楼,12.25,12.25,12.59,12.14,12.3,2922472,36090715.0
2026-09-23,sh,605111,新洁能,60.45,60.62,63.75,60.16,62.38,19507337,1213056289.0
2026-09-23,sh,605116,奥锐特,20.08,20.03,20.23,19.95,19.96,1452400,29153395.0
2026-09-23,sh,605117,德业股份,82.38,82.35,82.39,76.25,78.01,24191040,1905211638.0
2026-09-23,sh,605118,力鼎光电,34.14,34.15,34.8,33.44,34.54,6993899,239221318.0
2026-09-23,sh,605122,四方新材,11.94,11.88,12.39,11.78,12.2,3763900,45906538.0
2026-09-23,sh,605123,派克新材,80.75,80.95,82.12,80.11,81.6,1100910,89351657.0
2026-09-23,sh,605128,上海沿浦,22.89,23.0,24.38,22.74,23.86,7665955,183094693.0
2026-09-23,sh,605133,嵘泰股份,24.58,24.69,25.13,24.11,24.75,4730160,116340125.0
2026-09-23,sh,605136,丽人丽妆,8.62,8.58,8.59,8.4,8.43,5580400,47256700.0
2026-09-23,sh,605138,盛泰集团,6.15,6.14,6.21,6.06,6.21,2650200,16217825.0
2026-09-23,sh,605151,西上海,18.43,18.44,18.78,18.32,18.68,1230900,22883913.0
2026-09-23,sh,605155,西大门,14.64,14.6,14.73,14.45,14.46,1114827,16210118.0
2026-09-23,sh,605158,华达新材,7.76,7.72,7.82,7.64,7.77,3958010,30719086.0
2026-09-23,sh,605162,新中港,11.82,11.8,12.61,11.56,12.41,50091248,612385367.0
2026-09-23,sh,605166,聚合顺,8.71,8.72,8.87,8.61,8.8,3251100,28404778.0
2026-09-23,sh,605167,利柏特,16.44,16.46,16.57,16.1,16.16,4294682,69713433.0
2026-09-23,sh,605168,三人行,56.18,56.43,57.2,53.65,53.73,6180824,340286170.0
2026-09-23,sh,605169,洪通燃气,13.0,12.95,12.98,12.73,12.95,2389702,30822149.0
2026-09-23,sh,605177,东亚药业,24.7,24.68,25.87,24.25,24.89,8087300,203292762.0
2026-09-23,sh,605178,时空科技,74.79,76.8,77.54,71.05,73.9,8117240,590727449.0
2026-09-23,sh,605179,一鸣食品,30.04,29.3,31.48,27.04,27.09,42787527,1244307672.0
2026-09-23,sh,605180,华生科技,13.93,13.87,14.05,13.56,13.69,2735000,37662550.0
2026-09-23,sh,605183,确成股份,16.26,16.26,16.6,16.12,16.46,1797700,29608903.0
2026-09-23,sh,605186,健麾信息,27.11,27.11,27.71,26.7,26.72,2555500,69031625.0
2026-09-23,sh,605188,国光连锁,13.27,13.23,13.23,12.92,12.97,10135999,132118530.0
2026-09-23,sh,605189,富春染织,14.05,13.96,14.34,13.9,14.15,5597255,79198809.0
2026-09-23,sh,605196,华通线缆,35.51,35.5,36.87,35.0,36.73,16625700,598317444.0
2026-09-23,sh,605198,安德利,70.69,71.8,72.71,69.98,70.51,5476660,389076785.0
2026-09-23,sh,605199,ST葫芦娃,5.82,5.8,5.87,5.8,5.85,715300,4180152.0
2026-09-23,sh,605208,永茂泰,14.89,14.89,15.14,14.62,14.99,8690330,130120531.0
2026-09-23,sh,605218,伟时电子,15.94,15.46,15.46,14.74,14.9,23118754,346570143.0
2026-09-23,sh,605222,起帆电缆,22.68,22.68,22.82,22.16,22.63,5389757,121073168.0
2026-09-23,sh,605228,神通科技,11.12,11.18,11.41,11.04,11.39,5591900,63290270.0
2026-09-23,sh,605255,天普股份,61.56,61.55,62.6,60.07,60.07,737169,45053823.0
2026-09-23,sh,605258,协和电子,42.16,43.02,45.77,42.39,43.65,14435364,630360609.0
2026-09-23,sh,605259,绿田机械,17.53,17.62,17.66,17.37,17.61,438100,7696518.0
2026-09-23,sh,605266,健之佳,15.76,15.82,15.82,15.66,15.76,1024380,16107079.0
2026-09-23,sh,605268,王力安防,9.87,9.87,10.86,9.81,10.33,19368213,204224339.0
2026-09-23,sh,605277,新亚电子,17.64,17.64,17.79,17.28,17.43,8580128,149834488.0
2026-09-23,sh,605286,同力天启,25.62,25.8,25.85,25.06,25.3,2130300,53922956.0
2026-09-23,sh,605287,德才股份,36.47,36.53,36.61,35.96,36.25,1319300,47776671.0
2026-09-23,sh,605288,凯迪股份,68.25,68.1,71.11,67.7,67.92,1752912,120824734.0
2026-09-23,sh,605289,罗曼股份,102.58,102.58,103.35,101.36,102.14,1446260,147543719.0
2026-09-23,sh,605296,神农集团,34.13,33.9,34.14,33.33,33.6,1982770,66907466.0
2026-09-23,sh,605298,必得科技,43.88,43.68,45.97,43.39,45.61,1269611,56933003.0
2026-09-23,sh,605299,舒华体育,12.62,12.55,12.6,12.34,12.41,7150193,88775492.0
2026-09-23,sh,605300,佳禾食品,10.58,10.56,10.69,10.44,10.46,5054289,53237669.0
2026-09-23,sh,605303,园林股份,23.68,0.0,0.0,0.0,23.68,0,0.0
2026-09-23,sh,605305,中际联合,30.93,31.16,31.16,30.71,30.73,2178993,67052723.0
2026-09-23,sh,605318,法狮龙,78.25,77.76,81.49,77.76,79.68,1107600,88441497.0
2026-09-23,sh,605319,无锡振华,23.6,23.5,23.76,23.02,23.16,3205798,74678523.0
2026-09-23,sh,605333,沪光股份,16.6,16.66,16.98,16.53,16.93,2202899,37022662.0
2026-09-23,sh,605336,*ST帅电,11.75,11.62,11.9,11.6,11.63,763100,8955099.0
2026-09-23,sh,605337,李子园,9.13,9.13,9.19,9.03,9.03,2075770,18873212.0
2026-09-23,sh,605338,巴比食品,17.93,17.9,18.06,17.73,17.78,1249400,22300578.0
2026-09-23,sh,605339,南侨食品,13.19,13.18,13.24,13.0,13.04,830700,10888835.0
2026-09-23,sh,605358,立昂微,46.9,47.28,48.65,46.28,48.03,43133053,2053911412.0
2026-09-23,sh,605365,立达信,14.64,14.58,14.68,14.36,14.46,4531900,65771119.0
2026-09-23,sh,605366,宏柏新材,8.62,8.59,9.18,8.53,8.75,46155785,409249793.0
2026-09-23,sh,605368,蓝天燃气,6.69,6.69,6.77,6.65,6.71,2568000,17236954.0
2026-09-23,sh,605369,拱东医疗,17.66,17.57,18.06,17.51,17.96,1959044,34971219.0
2026-09-23,sh,605376,博迁新材,141.33,140.76,143.76,137.8,139.15,14670860,2053179899.0
2026-09-23,sh,605377,华旺科技,8.19,8.17,8.24,8.1,8.14,3940755,32196875.0
2026-09-23,sh,605378,野马电池,15.2,15.21,15.21,14.88,15.07,3349280,50290451.0
2026-09-23,sh,605388,均瑶健康,6.27,6.21,6.31,6.13,6.14,12678920,78691555.0
2026-09-23,sh,605389,长龄液压,66.76,66.76,67.34,65.89,65.98,456450,30312862.0
2026-09-23,sh,605398,新炬网络,23.63,23.6,23.6,22.51,22.66,9739379,222644442.0
2026-09-23,sh,605399,晨光新材,11.43,11.45,11.67,11.31,11.56,2816800,32628766.0
2026-09-23,sh,605488,福莱新材,30.0,29.93,31.19,29.61,31.01,7734672,236228961.0
2026-09-23,sh,605499,东鹏饮料,115.45,115.45,116.45,113.66,114.45,3520623,404045095.0
2026-09-23,sh,605500,森林包装,7.45,7.49,7.49,7.38,7.42,2818500,20951359.0
2026-09-23,sh,605507,国邦医药,18.26,18.29,18.88,18.21,18.83,16231634,301817193.0
2026-09-23,sh,605555,德昌股份,12.85,12.77,12.85,12.53,12.63,2889917,36616047.0
2026-09-23,sh,605566,福莱蒽特,31.66,31.52,33.76,31.08,33.32,9845039,316899257.0
2026-09-23,sh,605567,春雪食品,9.43,9.43,9.48,9.31,9.42,2627700,24692241.0
2026-09-23,sh,605577,龙版传媒,17.69,17.01,17.29,15.92,15.92,26757779,440713229.0
2026-09-23,sh,605580,恒盛能源,22.65,22.5,23.4,22.31,22.86,13158728,301073397.0
2026-09-23,sh,605588,冠石科技,47.21,47.03,49.19,47.03,48.37,1702340,81984255.0
2026-09-23,sh,605589,圣泉集团,40.58,40.34,41.65,40.34,41.23,30186154,1243207746.0
2026-09-23,sh,605598,上海港湾,25.04,25.3,25.3,24.7,24.7,1710900,42505614.0
2026-09-23,sh,605599,菜百股份,14.0,14.0,14.1,13.66,13.8,4629046,63987931.0
2026-09-23,sh,688001,华兴源创,73.36,73.14,76.26,70.36,70.74,15332364,1115270476.0
2026-09-23,sh,688002,睿创微纳,186.8,186.88,187.99,182.2,184.06,5225733,965081794.0
2026-09-23,sh,688003,天准科技,81.85,82.3,84.37,81.36,82.8,3875830,321574836.0
2026-09-23,sh,688004,博汇科技,34.74,34.7,34.95,33.01,33.5,12271875,414119056.0
2026-09-23,sh,688005,容百科技,23.89,23.89,23.99,23.7,23.85,5267936,125594894.0
2026-09-23,sh,688006,杭可科技,21.02,21.1,21.28,20.9,21.2,6209810,130982628.0
2026-09-23,sh,688007,光峰科技,11.22,11.2,11.35,11.06,11.19,8945170,100069308.0
2026-09-23,sh,688008,澜起科技,221.83,225.5,230.0,223.0,223.37,35364117,7987384308.0
2026-09-23,sh,688009,中国通号,4.68,4.69,4.69,4.65,4.66,13727333,64054034.0
2026-09-23,sh,688010,福光股份,28.07,28.08,29.25,27.91,28.71,4861414,139744907.0
2026-09-23,sh,688011,新光光电,76.01,75.29,77.1,73.45,73.57,3337085,249091310.0
2026-09-23,sh,688012,中微公司,350.06,350.23,354.55,347.03,349.35,8627344,3018035750.0
2026-09-23,sh,688013,天臣医疗,24.7,24.6,25.73,24.18,25.37,1856732,46427289.0
2026-09-23,sh,688015,交控科技,16.75,16.59,16.92,16.59,16.83,1307336,21942607.0
2026-09-23,sh,688016,心脉医疗,85.58,85.98,86.55,85.5,86.24,882463,76103847.0
2026-09-23,sh,688017,绿的谐波,288.91,290.0,291.45,285.51,286.9,3075441,883235314.0
2026-09-23,sh,688018,乐鑫科技,123.6,123.95,124.88,120.96,122.23,6655644,818846900.0
2026-09-23,sh,688019,安集科技,232.88,233.33,234.82,231.11,232.4,3338971,776095119.0
2026-09-23,sh,688020,方邦股份,156.3,157.52,163.5,156.57,157.62,4327072,691148731.0
2026-09-23,sh,688021,奥福科技,20.02,20.08,20.49,19.76,20.36,1032975,20826498.0
2026-09-23,sh,688022,ST瀚川,8.9,8.85,9.12,8.85,8.9,1821390,16350757.0
2026-09-23,sh,688023,安恒信息,48.89,48.02,49.37,47.16,47.44,3405363,162544897.0
2026-09-23,sh,688025,杰普特,440.11,440.0,457.83,433.23,449.79,2286598,1020244663.0
2026-09-23,sh,688026,洁特生物,27.03,27.3,28.33,26.63,27.78,15210690,417794365.0
2026-09-23,sh,688027,国盾量子,355.88,363.6,391.6,357.5,387.84,4393077,1657285350.0
2026-09-23,sh,688028,沃尔德,124.22,124.13,135.55,124.13,130.14,12112196,1578459234.0
2026-09-23,sh,688029,南微医学,85.23,84.89,86.76,84.26,84.9,1568926,133935913.0
2026-09-23,sh,688030,山石网科,19.44,19.32,19.5,18.9,19.0,4404730,84089640.0
2026-09-23,sh,688031,星环科技,111.31,110.53,112.5,108.0,109.0,5157874,564859337.0
2026-09-23,sh,688032,禾迈股份,69.92,69.92,71.12,69.45,70.33,603659,42619244.0
2026-09-23,sh,688033,*ST天宜,7.29,7.33,7.37,7.23,7.35,2001457,14645245.0
2026-09-23,sh,688035,德邦科技,82.62,83.0,88.0,82.0,84.54,8782591,745912399.0
2026-09-23,sh,688036,传音控股,56.8,56.6,56.7,54.9,55.65,8254886,458935276.0
2026-09-23,sh,688037,芯源微,361.5,366.03,366.03,350.0,351.57,2863871,1016462335.0
2026-09-23,sh,688038,中科通达,19.73,19.65,19.84,19.38,19.57,1174716,22939700.0
2026-09-23,sh,688039,当虹科技,34.12,34.12,34.48,33.33,33.39,1822836,61138732.0
2026-09-23,sh,688041,海光信息,256.0,258.5,259.8,251.38,251.66,19508103,4965873506.0
2026-09-23,sh,688045,必易微,60.23,60.44,62.7,60.2,62.2,1727574,106339768.0
2026-09-23,sh,688046,药康生物,37.73,37.72,40.3,37.08,38.61,12226088,473451289.0
2026-09-23,sh,688047,龙芯中科,107.1,107.61,108.3,105.22,105.85,4867731,516708658.0
2026-09-23,sh,688048,长光华芯,351.89,357.0,358.9,346.01,348.9,6941189,2438430413.0
2026-09-23,sh,688049,炬芯科技,44.98,45.25,46.85,44.76,46.11,12922635,595446904.0
2026-09-23,sh,688050,爱博医疗,38.95,38.86,39.85,38.68,39.41,2135172,84174842.0
2026-09-23,sh,688051,佳华科技,26.24,26.44,27.57,25.55,25.55,2233594,58212702.0
2026-09-23,sh,688052,纳芯微,255.5,258.44,258.44,252.3,254.29,1493046,380860437.0
2026-09-23,sh,688053,ST思科瑞,40.05,40.05,40.21,39.5,39.8,434708,17301139.0
2026-09-23,sh,688055,龙腾光电,3.78,3.78,3.86,3.77,3.8,8581354,32723718.0
2026-09-23,sh,688056,莱伯泰科,44.1,44.09,52.92,44.09,52.92,2606154,127254776.0
2026-09-23,sh,688057,金达莱,18.25,18.16,19.61,17.6,19.56,7940789,149267144.0
2026-09-23,sh,688058,宝兰德,25.97,25.84,26.0,25.51,25.72,1207541,31022382.0
2026-09-23,sh,688059,华锐精密,90.15,91.61,92.0,88.61,91.02,2415277,219364019.0
2026-09-23,sh,688060,云涌科技,38.2,38.27,38.44,37.56,38.08,414533,15779546.0
2026-09-23,sh,688061,灿瑞科技,45.45,46.2,48.81,45.36,47.5,3413714,161000795.0
2026-09-23,sh,688062,迈威生物,28.2,28.26,28.3,27.57,27.8,5905774,164994111.0
2026-09-23,sh,688063,派能科技,41.67,41.59,41.97,41.3,41.33,3165513,131453887.0
2026-09-23,sh,688065,凯赛生物,38.6,38.7,39.69,38.51,39.32,4190371,164547633.0
2026-09-23,sh,688066,*ST航图,8.5,8.0,8.2,7.97,8.18,15376107,124568268.0
2026-09-23,sh,688067,爱威科技,23.7,23.57,24.2,23.57,24.02,826611,19789397.0
2026-09-23,sh,688068,热景生物,96.65,97.23,97.23,93.81,95.46,2708524,258141156.0
2026-09-23,sh,688069,德林海,38.9,38.88,39.55,37.74,37.84,2753401,105358700.0
2026-09-23,sh,688070,纵横股份,35.86,35.9,37.4,35.43,36.62,2957427,108565710.0
2026-09-23,sh,688071,华依科技,36.04,36.05,36.27,35.69,35.75,1998028,71902761.0
2026-09-23,sh,688072,拓荆科技,722.46,726.66,745.0,715.8,730.3,3838738,2795285581.0
2026-09-23,sh,688073,毕得医药,76.1,74.85,80.8,73.99,80.76,6806319,529626152.0
2026-09-23,sh,688075,安旭生物,30.12,30.3,30.49,29.98,30.41,788089,23849741.0
2026-09-23,sh,688076,ST诺泰,28.54,28.5,29.4,28.41,29.06,2825902,81927314.0
2026-09-23,sh,688077,大地熊,30.4,29.67,29.73,28.13,28.24,5097663,145328648.0
2026-09-23,sh,688078,龙软科技,31.2,31.69,31.98,31.05,31.33,2162264,68269918.0
2026-09-23,sh,688079,美迪凯,17.08,17.3,18.8,17.3,18.06,35861378,650134657.0
2026-09-23,sh,688080,映翰通,38.78,39.0,39.05,38.19,38.52,712342,27379326.0
2026-09-23,sh,688081,兴图新科,26.65,26.65,27.02,26.33,26.67,1080628,28850622.0
2026-09-23,sh,688082,盛美上海,288.61,289.0,293.78,285.55,291.33,2890836,839837362.0
2026-09-23,sh,688083,中望软件,52.54,52.31,52.66,52.0,52.57,1077432,56500525.0
2026-09-23,sh,688084,晶品特装,44.8,44.98,44.98,43.73,44.47,1139706,50483059.0
2026-09-23,sh,688085,三友医疗,13.14,13.13,13.31,12.98,13.21,2288197,30173351.0
2026-09-23,sh,688087,英科再生,34.28,34.31,34.65,33.75,34.38,1610667,55179510.0
2026-09-23,sh,688088,虹软科技,30.39,30.3,30.43,30.01,30.07,2986354,89906032.0
2026-09-23,sh,688089,ST嘉必优,8.65,8.65,8.68,8.51,8.51,998641,8569112.0
2026-09-23,sh,688090,瑞松科技,86.26,86.26,87.3,84.5,84.8,6045185,516865482.0
2026-09-23,sh,688091,上海谊众,41.41,41.36,41.82,40.81,40.85,2219116,91519176.0
2026-09-23,sh,688092,爱科科技,21.87,21.88,22.83,21.72,22.83,950428,21185721.0
2026-09-23,sh,688093,世华科技,23.21,23.19,24.17,22.93,23.94,2675724,63227355.0
2026-09-23,sh,688095,福昕软件,59.65,59.62,59.65,58.13,58.72,2380132,140043990.0
2026-09-23,sh,688096,京源环保,7.58,7.61,7.63,7.46,7.5,5443407,40941842.0
2026-09-23,sh,688097,博众精工,45.75,45.66,47.8,45.56,46.9,5347566,250560771.0
2026-09-23,sh,688098,申联生物,8.82,8.7,8.91,8.67,8.68,3985697,34769599.0
2026-09-23,sh,688099,晶晨股份,94.65,94.65,94.94,92.5,92.89,8996484,840050722.0
2026-09-23,sh,688100,威胜信息,25.13,25.13,25.25,24.88,25.09,1635839,41015166.0
2026-09-23,sh,688101,三达膜,14.63,14.7,14.79,14.61,14.69,1514127,22275894.0
2026-09-23,sh,688102,斯瑞新材,32.14,32.27,32.27,31.14,31.58,9744337,308556117.0
2026-09-23,sh,688103,国力电子,82.66,81.83,85.25,81.83,84.72,1588335,133977009.0
2026-09-23,sh,688105,诺唯赞,26.45,26.93,28.3,26.67,27.59,30739374,841670458.0
2026-09-23,sh,688106,金宏气体,27.14,27.14,27.5,26.84,27.02,10423437,282530472.0
2026-09-23,sh,688107,安路科技,30.61,30.69,31.27,30.48,31.0,4412684,136506114.0
2026-09-23,sh,688108,赛诺医疗,16.08,16.09,16.13,15.73,15.76,6950434,110186597.0
2026-09-23,sh,688109,品茗科技,73.4,73.51,74.28,72.57,72.6,429741,31414163.0
2026-09-23,sh,688110,东芯股份,123.45,124.12,125.7,122.4,122.65,10921102,1352100299.0
2026-09-23,sh,688111,金山办公,231.32,229.01,229.99,226.5,226.6,3868662,879938506.0
2026-09-23,sh,688112,鼎阳科技,105.01,105.0,118.44,101.92,114.98,13998236,1554657624.0
2026-09-23,sh,688113,联测科技,36.4,36.5,38.38,36.22,38.07,1271301,47714992.0
2026-09-23,sh,688114,华大智造,74.0,73.9,76.74,73.51,75.34,6936513,522032792.0
2026-09-23,sh,688115,思林杰,62.96,62.99,67.53,62.33,66.9,3797383,249546783.0
2026-09-23,sh,688116,天奈科技,33.88,33.85,34.44,33.75,34.3,4607016,157543457.0
2026-09-23,sh,688117,圣诺生物,19.99,19.06,20.19,18.87,19.75,26235242,507887314.0
2026-09-23,sh,688118,普元信息,20.41,20.46,20.46,20.1,20.4,1871041,37949010.0
2026-09-23,sh,688119,中钢洛耐,3.87,3.88,3.92,3.85,3.87,8477107,32898872.0
2026-09-23,sh,688120,华海清科,254.95,256.08,257.83,253.01,254.01,4948105,1260792303.0
2026-09-23,sh,688121,*ST卓然,1.32,1.23,1.27,1.16,1.16,20434060,24779181.0
2026-09-23,sh,688122,西部超导,50.94,50.6,52.88,50.1,52.79,13856526,714528475.0
2026-09-23,sh,688123,聚辰股份,171.2,171.41,174.3,166.66,168.11,10840404,1843877854.0
2026-09-23,sh,688125,安达智能,127.71,129.13,131.6,127.5,128.68,713481,92227504.0
2026-09-23,sh,688126,沪硅产业,24.74,24.8,25.05,24.47,24.88,42534267,1054868680.0
2026-09-23,sh,688127,蓝特光学,68.12,68.92,71.12,68.22,69.05,8839209,616481400.0
2026-09-23,sh,688128,中国电研,22.12,22.14,22.5,22.0,22.28,1628964,36275603.0
2026-09-23,sh,688129,东来技术,24.59,24.43,25.49,24.0,24.43,2296331,56193553.0
2026-09-23,sh,688130,晶华微,27.4,27.14,28.56,26.98,28.51,3266333,90854801.0
2026-09-23,sh,688131,皓元医药,100.48,102.3,111.0,101.1,110.37,10577932,1144537559.0
2026-09-23,sh,688132,邦彦技术,16.36,16.31,16.83,16.1,16.72,1462743,24060620.0
2026-09-23,sh,688133,泰坦科技,22.02,22.0,23.48,21.91,23.17,8685734,198553717.0
2026-09-23,sh,688135,利扬芯片,38.5,38.78,40.5,38.27,40.3,18748338,739979914.0
2026-09-23,sh,688136,科兴制药,25.2,25.0,25.08,24.48,24.59,10276093,253714374.0
2026-09-23,sh,688137,近岸蛋白,124.5,119.01,130.07,119.01,122.84,8950843,1111970255.0
2026-09-23,sh,688138,清溢光电,39.5,39.5,42.68,38.79,41.8,15127601,619680041.0
2026-09-23,sh,688139,海尔生物,34.79,35.0,35.66,34.11,35.07,5945702,209314943.0
2026-09-23,sh,688141,杰华特,116.46,116.46,120.6,115.7,119.29,12313257,1465516681.0
2026-09-23,sh,688143,长盈通,197.02,195.05,197.85,189.03,193.59,8785949,1695307699.0
2026-09-23,sh,688146,中船特气,214.61,216.24,219.57,213.0,217.4,12127876,2628746420.0
2026-09-23,sh,688147,微导纳米,115.5,117.01,118.36,115.17,115.4,4574711,532477733.0
2026-09-23,sh,688148,芳源股份,6.04,6.14,6.14,5.88,5.96,13892698,82823200.0
2026-09-23,sh,688150,莱特光电,44.59,44.79,45.47,44.04,44.69,8392990,376140893.0
2026-09-23,sh,688151,华强科技,17.22,17.26,17.27,16.96,17.0,2632335,44888923.0
2026-09-23,sh,688152,麒麟信安,37.32,37.02,37.15,36.37,36.55,2334624,85474754.0
2026-09-23,sh,688153,唯捷创芯,26.62,26.62,27.33,26.46,26.92,3244244,87398218.0
2026-09-23,sh,688155,先惠技术,53.3,53.51,54.21,52.89,53.63,1783149,95839666.0
2026-09-23,sh,688156,路德科技,23.67,23.68,23.76,23.2,23.3,2345085,55000492.0
2026-09-23,sh,688157,松井股份,19.74,19.74,19.95,19.5,19.87,2391825,47376102.0
2026-09-23,sh,688158,优刻得,30.83,30.83,30.92,30.11,30.21,12310054,373928311.0
2026-09-23,sh,688159,有方科技,37.6,37.61,38.13,37.03,37.9,4548603,171352463.0
2026-09-23,sh,688160,步科股份,97.2,97.48,98.49,96.68,97.5,750487,73186463.0
2026-09-23,sh,688161,威高骨科,21.98,22.09,22.09,21.73,21.93,720468,15765006.0
2026-09-23,sh,688162,巨一科技,25.03,25.03,25.12,24.85,25.04,763628,19088938.0
2026-09-23,sh,688163,赛伦生物,38.7,38.99,39.27,38.09,38.27,1170595,45147800.0
2026-09-23,sh,688165,埃夫特,15.11,15.13,15.15,14.84,15.03,3993408,59837239.0
2026-09-23,sh,688166,博瑞医药,36.81,37.16,38.3,36.2,36.3,9758152,358325555.0
2026-09-23,sh,688167,炬光科技,295.74,296.05,312.93,295.01,308.9,7435707,2273468006.0
2026-09-23,sh,688168,安博通,45.55,45.71,46.71,44.6,45.3,6121026,277984078.0
2026-09-23,sh,688169,石头科技,117.5,117.34,117.87,115.81,116.38,3532569,412309319.0
2026-09-23,sh,688170,德龙激光,67.66,68.6,73.49,67.67,72.0,8132114,583100068.0
2026-09-23,sh,688171,纬德信息,22.65,22.63,25.39,22.41,24.03,4120649,98454257.0
2026-09-23,sh,688172,燕东微,46.98,47.3,48.15,46.56,46.96,6922885,326863024.0
2026-09-23,sh,688173,希荻微,13.35,13.43,13.93,13.31,13.81,10487606,143142469.0
2026-09-23,sh,688175,高凌信息,23.24,23.24,27.77,23.12,26.79,14802115,379713986.0
2026-09-23,sh,688176,亚虹医药,14.92,14.92,15.18,14.67,14.69,16050398,238554409.0
2026-09-23,sh,688177,百奥泰,21.1,21.0,21.93,20.81,21.27,10792189,231519004.0
2026-09-23,sh,688178,万德斯,29.68,29.79,30.98,29.3,30.35,1316562,39906265.0
2026-09-23,sh,688179,阿拉丁,23.1,23.0,24.45,22.62,24.13,30257170,718675589.0
2026-09-23,sh,688180,君实生物,35.43,35.58,36.27,35.2,35.78,12565288,450241598.0
2026-09-23,sh,688181,八亿时空,44.27,44.88,47.09,43.81,46.78,9330500,426245681.0
2026-09-23,sh,688182,灿勤科技,29.19,29.19,29.87,29.02,29.62,3597942,106144064.0
2026-09-23,sh,688183,生益电子,118.19,118.18,121.82,117.51,119.0,15549126,1857290962.0
2026-09-23,sh,688184,ST帕瓦,10.8,10.65,10.92,10.65,10.8,402409,4338888.0
2026-09-23,sh,688185,康希诺,79.74,79.99,86.86,78.01,85.25,14132419,1175438350.0
2026-09-23,sh,688186,广大特材,14.26,14.28,14.93,14.05,14.72,6218082,90259674.0
2026-09-23,sh,688187,时代电气,46.04,46.0,46.26,45.75,45.77,2243504,103183107.0
2026-09-23,sh,688188,柏楚电子,97.13,96.97,98.04,96.5,97.31,1571533,152946122.0
2026-09-23,sh,688189,ST南新,6.62,6.58,6.7,6.52,6.53,3690036,24349203.0
2026-09-23,sh,688190,云路股份,73.56,73.87,74.02,72.82,73.51,659356,48381970.0
2026-09-23,sh,688191,智洋创新,23.15,23.35,24.15,22.9,23.6,8846135,209138931.0
2026-09-23,sh,688192,迪哲医药,61.36,61.28,61.5,60.07,60.25,4432814,269215420.0
2026-09-23,sh,688193,仁度生物,48.38,48.62,49.11,48.0,48.9,345938,16851562.0
2026-09-23,sh,688195,腾景科技,194.76,195.49,201.49,193.22,194.4,7724897,1514126246.0
2026-09-23,sh,688196,卓越新能,35.7,35.5,35.8,34.4,34.66,1656918,57828161.0
2026-09-23,sh,688197,首药控股,39.08,38.89,40.2,38.4,39.46,2401316,95058005.0
2026-09-23,sh,688198,佰仁医疗,72.87,72.43,74.85,72.43,73.41,307097,22690531.0
2026-09-23,sh,688199,久日新材,25.23,25.29,25.59,25.13,25.5,3260778,82936843.0
2026-09-23,sh,688200,华峰测控,389.59,392.99,405.8,385.08,397.32,3565043,1420305087.0
2026-09-23,sh,688201,ST信安,7.9,7.9,7.95,7.8,7.9,2397947,18907759.0
2026-09-23,sh,688202,美迪西,109.86,109.86,120.0,108.51,117.08,7844896,914378600.0
2026-09-23,sh,688203,海正生材,20.88,21.24,24.8,20.82,24.3,22723283,528322035.0
2026-09-23,sh,688205,德科立,224.21,224.0,233.31,217.13,229.66,13380527,3001553722.0
2026-09-23,sh,688206,概伦电子,38.05,38.22,38.48,37.72,37.84,3904801,148514655.0
2026-09-23,sh,688207,格灵深瞳,20.37,20.4,21.17,20.16,20.85,12796186,265666953.0
2026-09-23,sh,688208,道通科技,26.13,25.93,26.19,25.8,25.98,4518772,117219894.0
2026-09-23,sh,688209,英集芯,36.07,36.15,37.7,35.13,36.63,19958250,722295696.0
2026-09-23,sh,688210,统联精密,30.41,30.2,30.76,29.55,29.71,3359044,100546311.0
2026-09-23,sh,688211,中科微至,32.54,32.54,33.32,32.5,33.19,1194228,39403071.0
2026-09-23,sh,688212,澳华内镜,28.89,29.49,29.49,28.6,28.88,1590234,45963043.0
2026-09-23,sh,688213,思特威,96.94,98.11,98.11,95.22,95.63,4433611,425345565.0
2026-09-23,sh,688215,瑞晟智能,47.87,47.87,48.75,47.48,47.79,739279,35529024.0
2026-09-23,sh,688216,气派科技,40.88,40.6,42.2,40.58,41.5,7435278,307453773.0
2026-09-23,sh,688217,睿昂基因,25.38,25.51,25.99,25.14,25.79,930961,23927525.0
2026-09-23,sh,688218,江苏北人,41.03,40.8,41.52,40.3,40.34,2287475,93502711.0
2026-09-23,sh,688219,会通股份,10.34,10.35,10.49,10.35,10.43,3509754,36577772.0
2026-09-23,sh,688220,翱捷科技,101.43,102.72,103.07,99.28,99.68,7116465,713269956.0
2026-09-23,sh,688221,前沿生物,17.47,17.47,17.58,17.23,17.48,11428326,199104466.0
2026-09-23,sh,688222,成都先导,44.4,44.48,47.58,43.51,46.02,34039474,1567182121.0
2026-09-23,sh,688223,晶科能源,3.88,3.88,3.92,3.83,3.85,63582884,245925460.0
2026-09-23,sh,688225,亚信安全,14.77,14.63,14.88,14.46,14.68,6253346,91611689.0
2026-09-23,sh,688226,威腾电气,29.58,29.68,32.12,29.6,32.07,10380855,321821193.0
2026-09-23,sh,688227,品高股份,77.92,77.82,80.03,76.08,78.96,3507345,273308602.0
2026-09-23,sh,688228,开普云,85.27,85.27,90.0,84.51,88.67,2374199,209716644.0
2026-09-23,sh,688229,博睿数据,63.34,62.78,63.59,61.73,62.17,427644,26685454.0
2026-09-23,sh,688230,芯导科技,61.99,61.8,63.26,61.8,62.85,1129768,70964489.0
2026-09-23,sh,688231,隆达股份,34.77,34.48,35.88,33.9,35.61,5624523,198001167.0
2026-09-23,sh,688232,新点软件,17.85,17.88,17.9,17.67,17.72,1826127,32456707.0
2026-09-23,sh,688233,神工股份,102.0,102.2,103.88,101.51,103.08,4708876,484238081.0
2026-09-23,sh,688234,天岳先进,109.4,109.41,115.88,109.41,114.07,11997254,1358862412.0
2026-09-23,sh,688235,百济神州,268.66,267.9,270.98,265.65,266.49,2305864,618165597.0
2026-09-23,sh,688236,春立医疗,14.15,14.21,14.75,14.09,14.58,2696225,38888802.0
2026-09-23,sh,688237,超卓航科,59.56,59.7,59.75,58.38,59.33,1165355,68753629.0
2026-09-23,sh,688238,和元生物,7.84,7.83,8.87,7.79,8.68,71636067,596618926.0
2026-09-23,sh,688239,航宇科技,57.48,57.54,57.84,56.36,56.88,4233533,241389816.0
2026-09-23,sh,688244,永信至诚,17.41,17.28,18.8,16.7,16.74,8513088,146073748.0
2026-09-23,sh,688246,嘉和美康,18.13,18.3,18.3,17.64,17.74,2643274,47203721.0
2026-09-23,sh,688247,宣泰医药,10.01,10.02,10.49,9.9,10.25,8915571,91222530.0
2026-09-23,sh,688248,南网科技,50.55,50.71,50.71,49.33,49.55,2926169,145782447.0
2026-09-23,sh,688249,晶合集成,36.61,36.62,37.1,36.25,36.36,12855742,470937087.0
2026-09-23,sh,688251,井松智能,19.11,19.1,19.37,18.85,19.15,2196979,42043005.0
2026-09-23,sh,688252,天德钰,21.66,21.66,22.02,21.5,21.9,3454411,75319683.0
2026-09-23,sh,688253,英诺特,57.67,58.85,58.85,56.81,57.79,882975,50713425.0
2026-09-23,sh,688255,凯尔达,26.66,26.64,26.97,26.56,26.79,2229223,59719711.0
2026-09-23,sh,688256,寒武纪,1121.0,1121.0,1126.0,1100.56,1103.08,5364219,5941319933.0
2026-09-23,sh,688257,新锐股份,58.42,59.03,62.5,58.21,60.91,15972744,966574019.0
2026-09-23,sh,688258,卓易信息,94.33,93.43,94.14,91.0,91.37,3259870,300151985.0
2026-09-23,sh,688259,创耀科技,32.38,32.4,33.26,32.32,33.08,1243545,40879843.0
2026-09-23,sh,688260,昀冢科技,117.0,114.01,118.66,114.01,116.37,6140545,712998719.0
2026-09-23,sh,688261,东微半导,78.74,78.73,80.88,77.77,79.82,6154633,488491534.0
2026-09-23,sh,688262,国芯科技,28.6,28.6,31.09,28.6,30.65,19398327,581279922.0
2026-09-23,sh,688265,南模生物,52.0,51.12,54.96,51.12,53.42,3653372,194455816.0
2026-09-23,sh,688266,泽璟制药,118.58,118.58,118.98,114.88,116.05,3346438,391704767.0
2026-09-23,sh,688267,中触媒,22.6,23.13,23.13,22.22,22.3,2845155,64016966.0
2026-09-23,sh,688268,华特气体,134.68,135.01,136.03,133.28,134.87,2637159,355626361.0
2026-09-23,sh,688269,凯立新材,27.74,27.99,27.99,27.23,27.37,1077183,29559347.0
2026-09-23,sh,688270,ST臻镭,57.48,57.49,57.55,56.88,57.13,2576473,147297859.0
2026-09-23,sh,688271,联影医疗,102.36,102.01,102.98,101.7,102.2,2219308,226993720.0
2026-09-23,sh,688272,富吉瑞,29.46,29.55,30.49,29.13,30.0,1275099,38058519.0
2026-09-23,sh,688273,麦澜德,30.41,31.01,31.01,29.7,30.07,951656,28589760.0
2026-09-23,sh,688275,万润新能,69.8,69.97,70.07,68.4,68.97,1888097,130338308.0
2026-09-23,sh,688276,百克生物,18.24,18.3,18.8,18.0,18.24,6952695,126960684.0
2026-09-23,sh,688277,天智航,15.8,15.72,16.07,15.63,15.83,4467786,70905964.0
2026-09-23,sh,688278,特宝生物,52.14,52.01,53.44,51.86,53.1,2700322,142663036.0
2026-09-23,sh,688279,峰岹科技,215.95,217.0,219.85,212.61,215.42,1197033,259369626.0
2026-09-23,sh,688280,精进电动,5.0,5.03,5.2,4.96,5.1,13401941,68173237.0
2026-09-23,sh,688281,华秦科技,51.8,51.8,52.3,51.21,51.48,2025044,104627056.0
2026-09-23,sh,688282,理工导航,53.62,53.85,53.85,52.81,53.42,540067,28740156.0
2026-09-23,sh,688283,坤恒顺维,30.39,30.39,33.68,29.78,33.1,4883279,156744707.0
2026-09-23,sh,688285,高铁电气,7.68,7.63,7.69,7.6,7.68,1757328,13457190.0
2026-09-23,sh,688286,敏芯股份,49.73,49.72,52.49,49.37,51.15,4437845,226384945.0
2026-09-23,sh,688288,鸿泉技术,19.65,19.66,20.18,19.3,19.95,2652134,52560876.0
2026-09-23,sh,688289,圣湘生物,16.63,16.64,16.8,16.5,16.57,4748162,79064351.0
2026-09-23,sh,688290,景业智能,63.33,63.66,65.26,62.7,63.04,709314,44944531.0
2026-09-23,sh,688291,金橙子,41.25,41.88,42.52,40.4,42.45,2372926,98628701.0
2026-09-23,sh,688292,浩瀚深度,22.37,22.39,23.36,21.84,23.0,8902343,200836964.0
2026-09-23,sh,688293,奥浦迈,75.43,75.55,88.54,75.23,85.0,8817369,729784887.0
2026-09-23,sh,688295,中复神鹰,37.86,37.97,38.21,37.3,37.36,3352769,126261214.0
2026-09-23,sh,688296,和达科技,27.86,28.3,28.92,27.31,28.65,6580713,186855527.0
2026-09-23,sh,688297,中无人机,43.7,43.43,43.58,42.46,43.03,7135856,305424054.0
2026-09-23,sh,688298,东方生物,18.99,19.1,19.59,18.88,19.38,2117456,40924413.0
2026-09-23,sh,688299,长阳科技,13.81,13.8,13.86,13.54,13.75,5233272,71663543.0
2026-09-23,sh,688300,联瑞新材,177.21,177.0,186.0,175.0,183.1,11038091,2008086375.0
2026-09-23,sh,688301,奕瑞科技,96.27,95.74,98.88,93.07,95.95,9270168,886227501.0
2026-09-23,sh,688302,海创药业,33.6,33.45,34.11,33.41,33.65,1263666,42648213.0
2026-09-23,sh,688303,大全能源,16.46,16.43,16.72,16.22,16.25,10111854,166255075.0
2026-09-23,sh,688305,科德数控,57.66,57.64,57.94,57.31,57.69,1314935,75811660.0
2026-09-23,sh,688306,均普智能,9.86,9.75,10.03,9.75,9.91,13201801,130891284.0
2026-09-23,sh,688307,中润光学,48.37,48.33,49.17,48.0,48.7,2291053,111605380.0
2026-09-23,sh,688308,欧科亿,87.54,87.25,89.73,86.37,88.77,6939841,612183888.0
2026-09-23,sh,688309,恒誉科技,78.01,77.4,78.58,74.74,77.21,1599994,122439505.0
2026-09-23,sh,688310,迈得医疗,15.88,15.88,16.2,15.61,16.02,1765513,28151876.0
2026-09-23,sh,688311,盟升电子,24.55,24.62,25.17,24.19,25.02,4756737,118017247.0
2026-09-23,sh,688312,燕麦科技,56.03,57.09,63.08,56.14,60.6,16131854,969922397.0
2026-09-23,sh,688313,仕佳光子,164.8,165.89,166.49,162.76,163.68,11825213,1943713687.0
2026-09-23,sh,688314,康拓医疗,31.65,31.18,32.0,31.18,31.8,1816080,57558348.0
2026-09-23,sh,688315,诺禾致源,19.02,18.98,19.67,18.41,19.39,27589940,525873640.0
2026-09-23,sh,688316,青云科技,47.3,47.27,47.3,45.76,46.39,2063246,95499596.0
2026-09-23,sh,688317,之江生物,18.31,18.3,19.87,18.03,19.39,9876890,189148283.0
2026-09-23,sh,688318,财富趋势,82.15,82.0,82.48,81.0,81.68,3285550,268215575.0
2026-09-23,sh,688319,欧林生物,30.02,30.0,34.18,29.72,33.92,16339833,528643682.0
2026-09-23,sh,688320,禾川科技,36.6,36.67,37.8,36.16,37.19,4790676,176983341.0
2026-09-23,sh,688321,微芯生物,26.31,26.54,26.62,26.15,26.18,7537794,198731771.0
2026-09-23,sh,688322,奥比中光,90.49,90.6,91.7,90.09,91.21,4507730,409664146.0
2026-09-23,sh,688323,瑞华泰,26.36,26.46,27.97,26.12,27.3,13735778,373462404.0
2026-09-23,sh,688325,赛微微电,106.9,106.62,108.94,106.11,107.85,540780,58192865.0
2026-09-23,sh,688326,经纬恒润,59.45,59.65,59.65,58.57,58.74,574509,33833905.0
2026-09-23,sh,688327,云从科技,10.23,10.21,10.31,10.05,10.07,13100525,132576553.0
2026-09-23,sh,688328,深科达,83.56,83.9,85.15,83.06,84.67,3801970,320139272.0
2026-09-23,sh,688329,艾隆科技,23.28,23.18,23.74,22.86,23.25,2152033,50110856.0
2026-09-23,sh,688330,宏力达,38.08,38.18,38.5,37.7,38.1,2230852,85189245.0
2026-09-23,sh,688331,荣昌生物,125.11,125.67,127.33,123.5,124.75,5620632,703740792.0
2026-09-23,sh,688332,中科蓝讯,97.37,97.39,98.78,96.96,97.7,3745154,366514255.0
2026-09-23,sh,688333,铂力特,105.2,105.77,114.68,103.01,113.61,17097237,1887143147.0
2026-09-23,sh,688334,西高院,18.05,18.12,18.16,17.99,18.11,693050,12528780.0
2026-09-23,sh,688335,复洁科技,18.28,18.18,18.18,17.85,17.91,1413754,25446617.0
2026-09-23,sh,688336,三生国健,41.65,41.41,42.19,41.24,41.36,6600965,274586683.0
2026-09-23,sh,688337,普源精电,47.65,47.67,57.18,46.9,57.18,14203398,753270316.0
2026-09-23,sh,688338,赛科希德,32.2,32.36,32.76,32.0,32.51,1507869,48993959.0
2026-09-23,sh,688339,亿华通,18.91,18.85,18.87,18.21,18.22,8139990,149771459.0
2026-09-23,sh,688343,云天励飞,66.5,66.92,67.57,65.38,65.48,7678654,506343736.0
2026-09-23,sh,688345,博力威,48.58,49.55,49.8,48.46,49.2,793298,38912846.0
2026-09-23,sh,688347,华虹宏力,231.05,232.0,234.5,229.15,229.52,8579949,1983938462.0
2026-09-23,sh,688348,昱能科技,30.54,30.46,31.2,30.46,30.9,913773,28216769.0
2026-09-23,sh,688349,三一重能,13.11,13.19,13.33,13.05,13.2,6189324,81877629.0
2026-09-23,sh,688350,富淼科技,28.85,29.36,29.88,28.6,29.45,2894066,84996241.0
2026-09-23,sh,688351,微电生理,17.73,17.75,17.97,17.68,17.93,2411363,43084770.0
2026-09-23,sh,688352,颀中科技,19.88,19.89,20.17,19.7,19.81,18080265,360054161.0
2026-09-23,sh,688353,华盛锂电,82.87,82.01,82.96,81.44,82.1,2100927,172517017.0
2026-09-23,sh,688355,明志科技,17.06,16.97,17.18,16.91,17.12,725978,12391477.0
2026-09-23,sh,688356,键凯科技,99.4,99.39,105.49,96.0,102.34,7092229,720327221.0
2026-09-23,sh,688357,建龙微纳,26.49,26.5,27.16,26.5,26.94,723399,19448834.0
2026-09-23,sh,688358,祥生医疗,28.97,29.29,29.5,28.83,29.35,875447,25578585.0
2026-09-23,sh,688359,三孚新科,109.64,111.92,115.96,108.73,115.29,4229873,482527335.0
2026-09-23,sh,688360,德马科技,15.85,16.0,16.47,15.8,16.36,5404733,87551975.0
2026-09-23,sh,688361,中科飞测,378.84,382.0,386.99,376.0,381.32,5507665,2101527740.0
2026-09-23,sh,688362,甬矽电子,63.38,63.36,64.0,62.61,62.87,13797711,871837180.0
2026-09-23,sh,688363,华熙生物,35.01,35.0,35.61,34.89,35.05,2738308,96428661.0
2026-09-23,sh,688365,光云科技,16.7,16.87,17.0,16.2,16.5,38285321,634151085.0
2026-09-23,sh,688366,昊海生科,30.1,30.4,30.5,29.88,30.4,432777,13118677.0
2026-09-23,sh,688367,工大高科,30.2,30.1,31.17,29.71,30.83,1413109,43297351.0
2026-09-23,sh,688368,晶丰明源,145.93,146.98,150.0,144.28,146.97,4173568,617419517.0
2026-09-23,sh,688369,致远互联,20.33,20.33,20.33,19.86,19.96,3106293,62201300.0
2026-09-23,sh,688370,丛麟科技,26.77,26.72,28.71,26.61,28.4,2058741,57309948.0
2026-09-23,sh,688371,菲沃泰,24.82,25.25,26.59,24.83,25.47,8932707,230223977.0
2026-09-23,sh,688372,伟测科技,115.58,115.8,118.62,115.0,116.8,4934733,577899395.0
2026-09-23,sh,688373,盟科药业,6.15,6.03,6.15,5.89,6.02,33991175,204143528.0
2026-09-23,sh,688375,国博电子,70.87,70.4,71.47,69.89,70.08,1724617,121335982.0
2026-09-23,sh,688376,美埃科技,64.02,64.45,65.48,63.82,65.14,885322,57490329.0
2026-09-23,sh,688377,迪威尔,17.58,17.66,17.66,17.1,17.27,1867468,32341321.0
2026-09-23,sh,688378,奥来德,52.2,52.4,54.9,52.06,52.49,11523994,614083477.0
2026-09-23,sh,688379,华光新材,56.3,56.68,64.5,56.35,64.17,8658117,528723108.0
2026-09-23,sh,688380,中微半导,42.68,42.92,43.73,42.5,43.51,8831895,381860428.0
2026-09-23,sh,688381,帝奥微,43.88,44.24,47.93,43.77,47.28,16735715,774737483.0
2026-09-23,sh,688382,益方生物,20.23,20.03,20.6,19.88,19.91,9037266,182758213.0
2026-09-23,sh,688383,新益昌,139.64,141.01,144.68,136.53,141.61,2281907,321488670.0
2026-09-23,sh,688385,复旦微电,60.13,60.13,61.57,59.32,60.87,12143547,734003403.0
2026-09-23,sh,688386,泛亚微透,47.7,47.51,52.8,47.08,51.73,5535609,278552913.0
2026-09-23,sh,688387,信科移动,12.57,12.65,12.7,12.4,12.43,19753743,247199171.0
2026-09-23,sh,688388,嘉元科技,29.9,29.87,31.78,29.71,31.26,58665208,1816884935.0
2026-09-23,sh,688389,普门科技,11.13,11.16,11.33,11.13,11.19,2239537,25139009.0
2026-09-23,sh,688390,固德威,59.79,60.23,60.45,58.61,58.87,4835292,286435510.0
2026-09-23,sh,688391,钜泉科技,26.77,26.89,27.43,26.76,27.34,1559405,42297661.0
2026-09-23,sh,688392,骄成超声,182.1,182.89,185.21,176.5,177.35,3941165,707701686.0
2026-09-23,sh,688393,安必平,22.38,22.38,22.82,21.93,22.53,3865236,86735305.0
2026-09-23,sh,688395,正弦电气,25.55,25.55,26.81,25.29,26.76,2183182,57593474.0
2026-09-23,sh,688396,华润微,61.46,61.46,61.97,60.47,61.21,14502852,887716594.0
2026-09-23,sh,688398,赛特新材,23.18,23.2,23.78,22.32,23.46,2708000,62287388.0
2026-09-23,sh,688399,硕世生物,27.3,27.88,28.09,27.13,27.89,2532909,70223742.0
2026-09-23,sh,688400,凌云光,46.94,46.9,47.88,46.7,47.44,7611121,360730939.0
2026-09-23,sh,688401,路维光电,70.51,70.09,74.06,70.08,73.17,6998188,510532624.0
2026-09-23,sh,688403,汇成股份,25.93,26.0,26.25,25.51,25.79,24652686,638469755.0
2026-09-23,sh,688408,中信博,22.82,22.98,23.65,22.76,23.17,3648151,84883367.0
2026-09-23,sh,688409,富创精密,191.89,192.74,195.77,190.76,192.6,4344987,840996479.0
2026-09-23,sh,688410,山外山,10.02,10.01,10.01,9.86,9.94,5954563,59215772.0
2026-09-23,sh,688411,海博思创,166.03,165.11,167.11,164.41,165.48,1168723,193287457.0
2026-09-23,sh,688416,恒烁股份,81.67,82.51,84.88,82.43,83.32,5563143,464493024.0
2026-09-23,sh,688418,震有科技,31.98,32.09,32.6,31.7,32.26,2132935,68689425.0
2026-09-23,sh,688419,耐科装备,52.7,52.98,54.0,52.41,53.55,2469081,132066764.0
2026-09-23,sh,688420,美腾科技,23.15,23.09,23.41,22.85,23.31,716126,16583444.0
2026-09-23,sh,688425,铁建重工,3.98,3.98,4.02,3.96,3.96,9602435,38297316.0
2026-09-23,sh,688426,康为世纪,22.03,22.03,25.66,21.69,23.79,5895341,141220155.0
2026-09-23,sh,688428,诺诚健华,32.0,31.94,34.12,31.6,33.4,21003924,692903463.0
2026-09-23,sh,688429,时创能源,9.9,9.5,10.12,9.5,9.99,1412163,14085837.0
2026-09-23,sh,688432,有研硅,52.56,52.71,55.84,52.12,55.0,64962376,3525575972.0
2026-09-23,sh,688433,华曙高科,89.8,89.99,92.29,89.61,90.47,3962029,360149987.0
2026-09-23,sh,688435,英方软件,31.04,31.04,31.04,30.09,30.8,2420525,73963750.0
2026-09-23,sh,688439,振华风光,38.17,38.18,38.61,37.89,38.49,1700012,65061257.0
2026-09-23,sh,688443,智翔金泰,25.19,25.1,25.93,25.0,25.49,4340379,110901786.0
2026-09-23,sh,688448,磁谷科技,69.3,69.78,69.78,66.0,68.4,1891696,127732144.0
2026-09-23,sh,688449,联芸科技,64.19,64.8,65.58,64.0,64.36,4224712,273713495.0
2026-09-23,sh,688450,光格科技,33.29,33.33,34.15,32.94,33.88,1052229,35187439.0
2026-09-23,sh,688455,科捷智能,17.83,17.85,18.16,17.67,18.0,2286010,40945563.0
2026-09-23,sh,688456,有研粉材,76.28,76.28,79.26,75.76,78.4,7353363,573009113.0
2026-09-23,sh,688458,美芯晟,38.36,38.55,40.37,38.33,39.83,2607243,102864181.0
2026-09-23,sh,688459,哈铁科技,8.21,8.24,8.24,8.18,8.2,525432,4314149.0
2026-09-23,sh,688466,金科环境,14.03,14.03,14.23,13.89,14.12,1058502,14906555.0
2026-09-23,sh,688468,科美诊断,6.58,6.58,6.61,6.52,6.59,3337332,21952100.0
2026-09-23,sh,688469,芯联集成,8.79,8.79,8.88,8.7,8.83,58206495,512082418.0
2026-09-23,sh,688472,阿特斯,8.6,8.6,8.67,8.52,8.53,19594198,168303133.0
2026-09-23,sh,688475,萤石网络,27.83,27.82,28.28,27.66,28.18,3172057,88679793.0
2026-09-23,sh,688478,晶升股份,48.37,48.4,55.7,48.08,53.18,11926544,623823740.0
2026-09-23,sh,688479,友车科技,36.5,36.33,38.06,36.0,37.74,3832126,143468688.0
2026-09-23,sh,688480,赛恩斯,71.2,71.5,71.77,70.2,70.6,602940,42627439.0
2026-09-23,sh,688484,南芯科技,34.77,34.85,35.3,34.63,34.7,3957843,138100004.0
2026-09-23,sh,688485,九州一轨,120.5,120.0,129.8,117.99,128.02,8487070,1064962542.0
2026-09-23,sh,688486,龙迅股份,50.15,50.0,50.88,48.89,50.0,6159902,307176174.0
2026-09-23,sh,688488,艾迪药业,16.59,16.5,16.94,16.41,16.7,6557517,109388739.0
2026-09-23,sh,688489,三未信安,26.03,26.15,30.07,25.67,28.92,6734361,188911218.0
2026-09-23,sh,688496,*ST清越,0.58,0.0,0.0,0.0,0.58,0,0.0
2026-09-23,sh,688498,源杰科技,1753.1,1764.82,1810.0,1720.0,1734.98,3467391,6095040847.0
2026-09-23,sh,688499,利元亨,36.05,36.49,38.88,36.09,38.43,8920431,338476346.0
2026-09-23,sh,688500,慧辰股份,32.5,33.38,33.43,31.12,31.18,3332805,106326053.0
2026-09-23,sh,688501,青达环保,15.99,15.97,16.25,15.52,15.93,4567868,72353081.0
2026-09-23,sh,688502,茂莱光学,436.05,442.0,445.81,435.19,440.23,1014280,447454797.0
2026-09-23,sh,688503,聚和材料,81.2,81.64,85.64,79.16,80.6,19686253,1605264677.0
2026-09-23,sh,688505,复旦张江,8.48,8.43,8.71,8.39,8.56,15004083,128842504.0
2026-09-23,sh,688506,百利天恒,250.82,251.0,251.0,245.32,248.28,1746459,432794997.0
2026-09-23,sh,688507,索辰科技,144.8,145.63,146.0,142.02,144.08,1890678,273353950.0
2026-09-23,sh,688508,芯朋微,89.58,89.6,90.8,88.65,89.67,3983155,356755410.0
2026-09-23,sh,688509,正元地信,4.21,4.21,4.26,4.15,4.17,4835957,20299415.0
2026-09-23,sh,688510,航亚科技,25.35,25.35,25.38,24.52,24.97,6118231,152609664.0
2026-09-23,sh,688511,天微电子,22.72,22.76,23.08,22.45,22.9,970907,22093237.0
2026-09-23,sh,688512,慧智微,14.43,14.46,17.32,14.46,17.32,57972767,951464312.0
2026-09-23,sh,688513,苑东生物,51.25,51.07,52.25,50.08,52.0,2211575,113761007.0
2026-09-23,sh,688515,裕太微,151.9,153.2,161.28,150.95,158.0,3462512,540698181.0
2026-09-23,sh,688516,奥特维,44.35,44.27,46.8,44.0,45.9,7314022,336601923.0
2026-09-23,sh,688517,金冠电气,16.4,16.4,16.5,16.18,16.29,1423603,23218162.0
2026-09-23,sh,688518,联赢激光,20.87,21.0,21.97,20.78,21.59,14048414,301832446.0
2026-09-23,sh,688519,南亚新材,312.9,312.14,317.63,306.8,309.5,5226938,1631009190.0
2026-09-23,sh,688520,神州细胞,36.81,36.81,37.73,36.54,37.22,4175593,155824871.0
2026-09-23,sh,688521,芯原股份,208.03,208.6,214.87,207.55,210.2,13434102,2831506267.0
2026-09-23,sh,688522,纳睿雷达,18.34,18.26,18.75,18.24,18.6,3137659,58091776.0
2026-09-23,sh,688523,航天环宇,40.19,40.12,40.2,39.48,39.74,2102000,83593865.0
2026-09-23,sh,688525,佰维存储,217.22,221.98,228.56,221.96,222.69,27334742,6124251553.0
2026-09-23,sh,688526,科前生物,12.45,12.5,12.5,12.29,12.36,862736,10654994.0
2026-09-23,sh,688528,秦川物联,10.21,10.21,10.3,10.04,10.24,1683523,17148936.0
2026-09-23,sh,688529,豪森智能,14.86,14.87,15.45,14.62,15.39,1623541,24527191.0
2026-09-23,sh,688530,欧莱新材,61.79,61.8,64.9,61.38,63.98,9647907,612445747.0
2026-09-23,sh,688531,日联科技,145.0,145.22,151.0,145.0,148.16,3051729,453017298.0
2026-09-23,sh,688533,上声电子,20.29,20.3,20.83,20.06,20.65,1775755,36292381.0
2026-09-23,sh,688535,华海诚科,109.04,111.0,116.88,108.47,116.0,9617134,1082585151.0
2026-09-23,sh,688536,思瑞浦,355.71,353.08,360.85,350.48,357.97,1670636,595159826.0
2026-09-23,sh,688538,和辉光电,2.09,2.09,2.1,2.07,2.07,32736054,68281571.0
2026-09-23,sh,688539,高华科技,24.93,24.8,25.35,24.71,25.15,1667136,41860251.0
2026-09-23,sh,688543,国科军工,43.85,43.67,43.85,42.95,43.22,4044715,175034585.0
2026-09-23,sh,688545,兴福电子,77.33,76.9,81.19,76.9,79.19,9050105,718772957.0
2026-09-23,sh,688548,广钢气体,33.34,33.25,34.37,32.85,33.54,19513310,654287527.0
2026-09-23,sh,688549,中巨芯,23.53,23.56,24.14,23.45,23.78,40113225,954370309.0
2026-09-23,sh,688550,瑞联新材,38.22,38.2,39.67,38.19,38.92,3310947,129222372.0
2026-09-23,sh,688551,科威尔,40.4,40.38,44.32,40.38,43.25,5476318,233786651.0
2026-09-23,sh,688552,航天南湖,31.16,30.99,31.15,30.46,30.7,1864836,57242977.0
2026-09-23,sh,688553,汇宇制药,12.77,12.71,12.95,12.59,12.73,13671050,174073483.0
2026-09-23,sh,688556,高测股份,7.83,7.81,8.03,7.79,7.94,15414578,122633370.0
2026-09-23,sh,688557,兰剑智能,21.18,21.03,21.65,20.98,21.42,1339806,28571581.0
2026-09-23,sh,688558,国盛智科,33.59,33.76,34.3,33.52,34.19,1243894,42326380.0
2026-09-23,sh,688559,海目星,57.66,58.09,60.94,58.07,59.19,13273192,797198441.0
2026-09-23,sh,688560,明冠新材,12.69,12.72,13.1,12.65,12.88,2579147,33323430.0
2026-09-23,sh,688561,奇安信,29.99,29.98,29.98,29.29,29.36,7951366,234725558.0
2026-09-23,sh,688562,航天软件,14.54,14.5,14.55,14.37,14.46,1824725,26403050.0
2026-09-23,sh,688563,航材股份,54.52,54.5,54.73,53.71,54.21,2053748,111175755.0
2026-09-23,sh,688565,力源科技,11.37,11.4,11.59,11.22,11.54,1881096,21492550.0
2026-09-23,sh,688566,吉贝尔,26.9,26.88,28.45,26.82,27.97,3888678,107696782.0
2026-09-23,sh,688567,孚能科技,9.07,9.06,9.12,9.01,9.02,4821001,43611118.0
2026-09-23,sh,688568,中科星图,31.31,31.17,31.26,30.8,30.8,5173471,160154823.0
2026-09-23,sh,688569,铁科轨道,18.55,18.7,18.7,18.42,18.54,649141,12085659.0
2026-09-23,sh,688570,天玛智控,14.72,14.74,14.83,14.63,14.74,535934,7903089.0
2026-09-23,sh,688571,杭华股份,8.66,8.68,8.94,8.59,8.85,7015363,61632933.0
2026-09-23,sh,688573,信宇人,15.57,15.68,17.77,15.41,17.15,7684211,128446937.0
2026-09-23,sh,688575,亚辉龙,10.44,10.47,10.59,10.3,10.49,10859553,113895279.0
2026-09-23,sh,688576,西山科技,40.33,40.5,41.48,39.99,41.15,530711,21728185.0
2026-09-23,sh,688577,浙海德曼,42.2,42.25,42.49,41.62,41.93,670259,28167006.0
2026-09-23,sh,688578,艾力斯,102.81,102.5,113.83,102.4,112.42,13356643,1468116222.0
2026-09-23,sh,688579,地纬智能,8.0,8.04,8.04,7.89,7.94,2039565,16217154.0
2026-09-23,sh,688580,伟思医疗,44.2,44.0,44.42,43.61,44.11,1073476,47202622.0
2026-09-23,sh,688581,安杰思,56.2,56.2,56.69,55.77,56.31,665981,37361119.0
2026-09-23,sh,688582,芯动联科,39.55,39.42,39.85,38.83,39.55,2793542,109685122.0
2026-09-23,sh,688583,思看科技,82.83,82.83,91.66,82.15,89.22,4491531,390344584.0
2026-09-23,sh,688584,上海合晶,28.26,28.18,29.54,28.13,29.2,11612075,336001170.0
2026-09-23,sh,688585,上纬新材,141.37,140.01,142.08,138.08,138.66,2528767,352916472.0
2026-09-23,sh,688586,江航装备,11.28,11.26,11.33,11.13,11.26,3703684,41638975.0
2026-09-23,sh,688588,凌志软件,9.27,9.26,9.27,9.09,9.14,2353989,21546189.0
2026-09-23,sh,688589,力合微,21.0,20.93,21.45,20.82,21.35,2905621,61657986.0
2026-09-23,sh,688590,新致软件,12.71,12.7,12.7,12.4,12.48,5631380,70302301.0
2026-09-23,sh,688591,泰凌微,31.28,31.34,33.65,31.3,33.16,11428814,374217035.0
2026-09-23,sh,688592,司南导航,23.67,23.6,23.82,23.3,23.41,793660,18639347.0
2026-09-23,sh,688593,新相微,31.18,31.2,33.17,31.18,32.87,18581860,603825258.0
2026-09-23,sh,688595,芯海科技,31.95,31.95,32.38,31.65,32.18,2684388,86047984.0
2026-09-23,sh,688596,正帆科技,65.18,65.13,67.72,65.0,66.8,10551512,701291667.0
2026-09-23,sh,688597,煜邦电力,6.42,6.42,6.45,6.24,6.29,5617368,35596165.0
2026-09-23,sh,688598,金博股份,35.23,35.23,36.88,35.01,36.4,11812202,426834414.0
2026-09-23,sh,688599,天合光能,11.14,11.13,11.32,11.08,11.2,22693457,254515297.0
2026-09-23,sh,688600,皖仪科技,37.0,37.0,39.29,36.55,38.59,6487905,247667516.0
2026-09-23,sh,688601,力芯微,61.08,61.08,63.88,60.93,62.86,3770321,237308891.0
2026-09-23,sh,688602,康鹏科技,6.95,6.96,7.02,6.9,6.9,3698606,25666790.0
2026-09-23,sh,688603,天承科技,120.5,121.0,130.0,120.68,128.64,8393595,1062872161.0
2026-09-23,sh,688605,先锋精科,85.55,85.85,87.68,85.45,86.51,2601803,224891955.0
2026-09-23,sh,688606,奥泰生物,46.98,46.75,47.84,46.67,47.59,271260,12878314.0
2026-09-23,sh,688607,康众科技,39.13,39.63,39.63,38.57,38.99,893702,34916066.0
2026-09-23,sh,688608,恒玄科技,112.97,113.5,116.8,111.6,113.5,7728401,880138652.0
2026-09-23,sh,688609,九联科技,9.7,9.65,9.69,9.48,9.56,10850363,103659788.0
2026-09-23,sh,688610,埃科光电,172.07,175.51,176.0,169.3,172.46,1213674,208664923.0
2026-09-23,sh,688611,杭州柯林,69.28,69.0,70.55,68.07,68.7,1150191,79892172.0
2026-09-23,sh,688612,威迈斯,36.54,36.54,37.01,36.3,36.5,3573800,130646216.0
2026-09-23,sh,688613,奥精医疗,20.4,20.24,21.3,20.24,21.29,11064909,230800992.0
2026-09-23,sh,688615,合合信息,93.49,93.95,94.35,90.58,90.74,4920724,450215586.0
2026-09-23,sh,688616,西力科技,10.97,11.0,11.0,10.82,10.95,1313247,14298393.0
2026-09-23,sh,688617,惠泰医疗,243.42,243.95,249.5,241.23,245.56,1105051,271497553.0
2026-09-23,sh,688618,三旺通信,30.41,30.41,30.58,29.86,30.0,1317259,39622923.0
2026-09-23,sh,688619,罗普特,14.9,14.9,14.95,14.14,14.84,2293909,33890500.0
2026-09-23,sh,688620,安凯微,18.15,18.08,18.54,17.85,18.36,18286273,332856921.0
2026-09-23,sh,688621,阳光诺和,74.55,74.18,76.46,73.67,75.26,2119587,159371062.0
2026-09-23,sh,688622,*ST禾信,138.06,138.18,140.8,135.03,136.82,696113,96058702.0
2026-09-23,sh,688623,双元科技,59.4,59.39,63.95,58.91,63.4,1647858,102908547.0
2026-09-23,sh,688625,呈和科技,69.62,69.55,73.33,69.29,72.11,7266751,519830412.0
2026-09-23,sh,688626,翔宇医疗,44.0,44.3,44.78,43.57,44.22,3356521,148187487.0
2026-09-23,sh,688627,精智达,477.88,483.79,483.79,472.06,475.0,1726274,823061082.0
2026-09-23,sh,688628,优利德,95.37,98.49,114.44,95.45,114.44,13252679,1408430447.0
2026-09-23,sh,688629,华丰科技,125.28,125.52,126.4,122.7,123.15,7868014,974980553.0
2026-09-23,sh,688630,芯碁微装,427.69,430.0,448.88,426.5,440.68,3496148,1538312614.0
2026-09-23,sh,688631,莱斯信息,37.78,37.94,38.65,37.5,38.07,1304097,49744923.0
2026-09-23,sh,688633,星球石墨,22.51,22.51,22.67,22.41,22.62,1483871,33484903.0
2026-09-23,sh,688635,长进光子,284.52,284.63,291.94,281.1,288.8,1361176,391354560.0
2026-09-23,sh,688636,智明达,21.17,21.14,21.55,20.83,21.01,4866919,102600299.0
2026-09-23,sh,688638,誉辰智能,33.72,33.77,34.38,33.3,34.22,474233,16123860.0
2026-09-23,sh,688639,华恒生物,18.58,18.5,18.68,18.25,18.29,5256662,96706797.0
2026-09-23,sh,688646,逸飞激光,79.73,79.57,80.08,76.75,77.59,1873134,145981551.0
2026-09-23,sh,688648,中邮科技,29.52,29.69,29.69,29.23,29.39,859106,25247010.0
2026-09-23,sh,688651,盛邦安全,25.14,25.13,25.95,24.58,25.51,2973353,75675027.0
2026-09-23,sh,688652,京仪装备,148.0,148.99,149.4,146.62,147.42,2708889,400170862.0
2026-09-23,sh,688653,康希通信,15.26,15.3,15.82,15.13,15.68,12814044,198732798.0
2026-09-23,sh,688655,迅捷兴,77.21,77.58,80.78,76.1,78.15,12715986,991928996.0
2026-09-23,sh,688656,浩欧博,117.53,116.72,141.04,116.34,141.04,1799434,245564931.0
2026-09-23,sh,688657,浩辰软件,33.92,33.92,34.55,33.53,34.39,965777,32960439.0
2026-09-23,sh,688658,悦康药业,13.84,13.94,13.97,13.6,13.8,11704815,161585876.0
2026-09-23,sh,688659,元琛科技,9.28,9.28,9.39,9.17,9.31,2277827,21163422.0
2026-09-23,sh,688660,电气风电,9.1,9.07,9.17,8.92,8.92,20959670,188990474.0
2026-09-23,sh,688661,和林微纳,106.15,107.68,109.48,105.96,108.29,2731493,294722653.0
2026-09-23,sh,688662,富信科技,112.39,118.87,134.86,115.3,130.61,20729278,2599490321.0
2026-09-23,sh,688663,新风光,57.65,57.57,58.8,56.95,57.05,1865826,107800737.0
2026-09-23,sh,688665,四方光电,42.96,43.06,47.13,42.97,46.98,1839229,84054794.0
2026-09-23,sh,688667,菱电电控,98.2,97.84,104.77,97.84,103.61,955686,97153256.0
2026-09-23,sh,688668,鼎通科技,254.0,255.02,256.89,242.77,244.89,4784398,1194446833.0
2026-09-23,sh,688669,聚石化学,70.0,70.5,72.38,68.75,69.07,2987929,210983415.0
2026-09-23,sh,688670,金迪克,19.0,19.0,19.51,18.7,18.89,2289954,43704911.0
2026-09-23,sh,688671,碧兴物联,26.7,26.89,27.0,26.31,26.81,1248461,33293763.0
2026-09-23,sh,688676,金盘科技,64.67,64.73,65.0,63.71,64.2,5007974,321206846.0
2026-09-23,sh,688677,海泰新光,79.28,79.55,89.4,78.76,87.48,9521193,807054102.0
2026-09-23,sh,688678,福立旺,27.8,27.9,32.32,27.9,31.43,49341804,1489629573.0
2026-09-23,sh,688679,通源环境,40.43,40.99,42.69,40.17,41.8,4376274,182919582.0
2026-09-23,sh,688680,海优新材,38.43,38.0,39.34,37.8,38.57,3031534,117010250.0
2026-09-23,sh,688681,科汇股份,15.52,15.49,15.61,15.29,15.51,1388857,21477971.0
2026-09-23,sh,688682,霍莱沃,31.51,31.64,31.7,31.02,31.62,819242,25717777.0
2026-09-23,sh,688683,莱尔科技,32.11,32.14,32.44,31.79,31.95,1134301,36320997.0
2026-09-23,sh,688685,迈信林,35.65,35.27,35.36,33.4,34.87,4856985,166300042.0
2026-09-23,sh,688686,奥普特,141.15,140.68,143.39,140.24,141.79,917109,130301389.0
2026-09-23,sh,688687,凯因科技,18.6,18.52,18.79,18.52,18.7,3424617,63951051.0
2026-09-23,sh,688689,银河微电,41.92,42.05,42.94,41.33,42.69,8450663,356355992.0
2026-09-23,sh,688690,纳微科技,47.87,47.6,50.26,47.6,49.21,12817017,633002724.0
2026-09-23,sh,688691,灿芯股份,65.55,65.95,66.37,64.86,65.49,2442431,160174544.0
2026-09-23,sh,688692,达梦数据,209.87,208.01,209.44,206.3,206.62,635769,131802838.0
2026-09-23,sh,688693,锴威特,76.91,78.0,79.66,76.21,79.05,1361934,106981148.0
2026-09-23,sh,688695,中创股份,19.77,19.8,20.0,19.58,19.93,921709,18272756.0
2026-09-23,sh,688696,极米科技,88.75,90.2,90.2,85.88,86.71,1048291,91390484.0
2026-09-23,sh,688697,纽威数控,14.93,15.08,15.27,14.93,15.27,5915727,89681866.0
2026-09-23,sh,688698,伟创电气,44.37,44.14,44.95,43.8,44.45,2534317,112677843.0
2026-09-23,sh,688699,明微电子,69.77,69.35,71.5,69.35,70.54,3960516,279861133.0
2026-09-23,sh,688700,东威科技,64.7,64.7,69.0,64.12,67.88,15630217,1054642990.0
2026-09-23,sh,688701,卓锦股份,8.69,8.73,8.83,8.57,8.7,1443294,12540877.0
2026-09-23,sh,688702,盛科通信,328.0,328.0,349.0,323.89,335.0,9165512,3095329734.0
2026-09-23,sh,688707,振华新材,10.24,10.29,10.33,10.15,10.28,2641838,27123733.0
2026-09-23,sh,688708,佳驰科技,40.62,40.62,41.07,40.32,40.76,853088,34692365.0
2026-09-23,sh,688709,成都华微,25.7,25.58,26.16,25.43,25.98,3351663,86407854.0
2026-09-23,sh,688710,益诺思,91.57,92.05,105.5,92.05,104.77,6916653,699425869.0
2026-09-23,sh,688711,宏微科技,28.12,28.29,30.45,28.13,29.8,15468983,454525874.0
2026-09-23,sh,688712,北芯生命,31.88,31.7,32.58,31.61,32.28,2187228,70660527.0
2026-09-23,sh,688716,中研股份,27.5,26.9,27.41,26.72,26.86,2049861,55375676.0
2026-09-23,sh,688717,艾罗能源,44.26,44.38,44.45,42.97,43.29,6055616,263710548.0
2026-09-23,sh,688718,唯赛勃,15.31,15.28,15.59,15.0,15.43,2632191,40474565.0
2026-09-23,sh,688719,爱科赛博,56.45,56.0,63.28,56.0,62.05,7982098,480718316.0
2026-09-23,sh,688720,艾森股份,67.59,67.93,70.72,67.9,70.03,3702814,257819858.0
2026-09-23,sh,688721,龙图光罩,40.92,40.8,42.98,40.77,42.4,3640120,152589153.0
2026-09-23,sh,688722,同益中,14.44,14.5,14.67,14.37,14.57,2721431,39494556.0
2026-09-23,sh,688726,拉普拉斯,45.1,45.0,48.88,45.0,47.85,12400139,591108314.0
2026-09-23,sh,688727,恒坤新材,48.51,48.66,49.49,48.0,49.14,2428747,118563185.0
2026-09-23,sh,688728,格科微,14.84,14.85,14.89,14.66,14.74,18722552,276297326.0
2026-09-23,sh,688729,屹唐股份,24.76,24.81,25.05,24.56,24.65,22437114,555200932.0
2026-09-23,sh,688733,壹石通,29.17,29.11,30.24,28.88,29.85,4532112,134752963.0
2026-09-23,sh,688737,中自科技,17.16,17.16,17.75,16.98,17.58,1545995,26865459.0
2026-09-23,sh,688739,成大生物,20.98,21.04,21.14,20.9,20.92,1888910,39698914.0
2026-09-23,sh,688750,金天钛业,14.22,14.34,14.34,14.13,14.16,1312646,18610354.0
2026-09-23,sh,688755,汉邦科技,29.9,30.34,31.8,29.7,31.45,6525164,201136336.0
2026-09-23,sh,688757,胜科纳米,31.16,31.28,33.38,31.1,33.09,14227139,462093291.0
2026-09-23,sh,688758,赛分科技,33.96,33.52,34.79,32.67,33.63,14316669,480156561.0
2026-09-23,sh,688759,必贝特,23.62,23.8,23.96,23.0,23.4,4328232,101355681.0
2026-09-23,sh,688765,禾元生物,39.53,39.5,45.47,39.09,42.55,11628997,495958142.0
2026-09-23,sh,688766,普冉股份,428.4,437.0,443.0,428.52,431.0,7874940,3426601944.0
2026-09-23,sh,688767,博拓生物,43.12,42.87,44.38,42.72,43.4,3464338,151888075.0
2026-09-23,sh,688768,容知日新,48.83,48.59,49.5,47.47,47.64,895978,43236123.0
2026-09-23,sh,688772,珠海冠宇,13.81,13.79,13.83,13.59,13.62,12521955,170937411.0
2026-09-23,sh,688775,影石创新,94.68,95.49,97.19,94.6,95.0,4757007,455995795.0
2026-09-23,sh,688776,国光电气,47.15,47.09,53.43,46.6,52.0,4508435,225746371.0
2026-09-23,sh,688777,中控技术,81.72,81.85,82.01,79.96,81.29,10432384,844533377.0
2026-09-23,sh,688778,厦钨新能,43.18,43.28,43.57,42.85,43.33,3156391,136407311.0
2026-09-23,sh,688779,五矿新能,7.57,7.56,7.67,7.53,7.63,15368413,117149828.0
2026-09-23,sh,688781,视涯科技,51.95,51.94,53.02,50.0,51.56,9920460,513115932.0
2026-09-23,sh,688783,西安奕材,29.78,29.99,30.5,29.06,30.0,22533320,672621564.0
2026-09-23,sh,688785,恒运昌,375.62,369.95,401.0,365.0,381.0,818016,316144626.0
2026-09-23,sh,688786,悦安新材,28.79,29.19,29.35,28.36,28.96,3098555,89651499.0
2026-09-23,sh,688787,海天瑞声,92.98,93.38,93.8,91.28,92.56,1410540,130370542.0
2026-09-23,sh,688788,科思科技,29.71,29.91,30.05,29.09,29.62,1681804,49801409.0
2026-09-23,sh,688789,宏华数科,46.05,46.3,52.43,46.01,51.01,5602343,279524566.0
2026-09-23,sh,688790,昂瑞微,109.58,109.15,112.77,108.05,110.13,2788402,306685374.0
2026-09-23,sh,688793,倍轻松,18.56,18.4,18.71,18.16,18.49,1637003,30213257.0
2026-09-23,sh,688795,摩尔线程,443.0,443.0,449.0,432.03,435.0,4453623,1952016681.0
2026-09-23,sh,688796,百奥赛图,134.13,133.47,140.98,132.2,135.5,3058614,418277164.0
2026-09-23,sh,688797,臻宝科技,284.0,285.0,286.0,280.48,281.88,2104247,595942237.0
2026-09-23,sh,688798,艾为电子,58.76,58.98,58.98,57.39,58.06,3222421,186853282.0
2026-09-23,sh,688799,华纳药厂,58.9,58.3,60.4,57.95,58.08,2903617,170967875.0
2026-09-23,sh,688800,瑞可达,68.66,68.67,69.3,66.51,66.88,7926507,536049981.0
2026-09-23,sh,688801,燧原科技,509.83,510.0,515.97,487.51,493.5,1910299,950352830.0
2026-09-23,sh,688802,沐曦股份,581.0,582.86,585.65,561.5,566.42,3141399,1799658883.0
2026-09-23,sh,688805,健信超导,40.57,40.57,41.8,40.21,41.18,1245023,51118354.0
2026-09-23,sh,688806,泰诺麦博,25.54,25.3,27.0,25.2,26.46,9788622,258235871.0
2026-09-23,sh,688807,优迅股份,347.0,349.0,372.0,343.13,361.32,2008449,718917172.0
2026-09-23,sh,688808,联讯仪器,2316.0,2320.0,2333.0,2270.0,2280.02,703307,1611689865.0
2026-09-23,sh,688809,强一股份,507.1,509.07,511.99,504.03,505.01,593722,301436091.0
2026-09-23,sh,688811,有研复材,20.75,20.6,20.93,20.39,20.82,3824626,79156768.0
2026-09-23,sh,688813,泰金新能,144.0,146.0,169.66,142.01,161.24,8905557,1372117043.0
2026-09-23,sh,688816,易思维,47.85,48.08,48.98,47.7,48.44,347206,16814251.0
2026-09-23,sh,688818,电科蓝天,43.29,43.03,43.3,42.42,42.76,3854423,164834871.0
2026-09-23,sh,688819,天能股份,20.84,20.79,21.05,20.73,20.95,1557209,32598056.0
2026-09-23,sh,688820,盛合晶微,134.86,135.16,136.28,133.07,133.57,7129931,957929656.0
2026-09-23,sh,688825,长鑫科技,57.86,58.5,59.83,58.2,58.62,206428074,12149442188.0
2026-09-23,sh,688826,频准激光,794.2,813.0,862.35,813.0,858.78,1351630,1144876363.0
2026-09-23,sh,688828,国仪公司,92.0,96.22,98.72,93.8,95.86,4316204,415743685.0
2026-09-23,sh,688835,高凯技术,360.08,359.3,364.92,347.36,354.88,1672927,593986983.0
2026-09-23,sh,688836,宇树科技,489.2,488.46,495.0,483.11,490.97,1686742,828074690.0
2026-09-23,sh,688837,信诺维,52.88,52.0,56.9,52.0,53.6,20373897,1110246149.0
2026-09-23,sh,688981,中芯国际,122.41,122.4,122.41,120.8,121.39,18342178,2229438568.0
2026-09-23,sh,689009,九号公司,37.91,37.92,38.27,37.42,37.48,4199328,158318883.0
2026-09-23,sz,000001,平安银行,11.71,11.68,11.71,11.55,11.6,90672565,1052015092.48
2026-09-23,sz,000002,万 科Ａ,3.81,3.81,4.19,3.75,3.92,1066284665,4292102816.88
2026-09-23,sz,000006,深振业Ａ,7.29,7.22,7.53,7.18,7.24,31283274,230403326.72
2026-09-23,sz,000007,全新好,11.75,11.7,11.76,11.5,11.61,5834000,67579488.0
2026-09-23,sz,000008,神州高铁,2.42,2.42,2.44,2.37,2.38,28440200,68324689.0
2026-09-23,sz,000009,中国宝安,7.04,7.01,7.08,6.99,7.0,10562095,74316011.12
2026-09-23,sz,000010,*ST美丽,1.57,1.56,1.56,1.49,1.52,17512207,26594966.5
2026-09-23,sz,000011,深物业A,9.62,9.59,9.92,9.52,9.59,19456843,188716951.55
2026-09-23,sz,000012,南 玻Ａ,3.76,3.75,3.83,3.74,3.77,25602580,97169483.95
2026-09-23,sz,000014,沙河股份,10.87,10.95,11.18,10.77,10.82,7269500,79625309.0
2026-09-23,sz,000017,深中华A,8.1,8.0,8.09,7.62,7.69,67510485,527136069.95
2026-09-23,sz,000019,深粮控股,6.98,7.09,7.1,6.92,6.96,14563980,101880143.2
2026-09-23,sz,000020,深华发Ａ,14.04,14.27,14.3,13.51,13.59,9256401,127689343.93
2026-09-23,sz,000021,深科技,37.01,37.2,37.3,36.5,36.91,50475372,1862319124.08
2026-09-23,sz,000025,特 力Ａ,15.05,15.07,15.3,15.0,15.04,4488125,67901929.0
2026-09-23,sz,000026,飞亚达,19.95,20.0,20.1,19.76,19.9,4040100,80373023.0
2026-09-23,sz,000027,深圳能源,6.28,6.29,6.29,6.22,6.23,12811904,79984841.92
2026-09-23,sz,000028,国药一致,19.9,19.9,19.95,19.71,19.72,1930585,38220498.77
2026-09-23,sz,000029,深深房Ａ,22.26,22.04,22.23,21.68,21.88,7104927,155976706.59
2026-09-23,sz,000030,富奥股份,3.95,3.95,3.97,3.92,3.93,7229245,28513359.4
2026-09-23,sz,000031,大悦城,2.4,2.37,2.47,2.35,2.35,83197717,200523723.92
2026-09-23,sz,000032,深桑达Ａ,14.5,14.45,14.73,14.32,14.53,24940554,361649786.22
2026-09-23,sz,000034,神州数码,23.64,23.51,23.62,23.24,23.28,11699690,273706961.69
2026-09-23,sz,000035,中国天楹,4.95,4.96,4.96,4.89,4.91,18955700,93219459.0
2026-09-23,sz,000036,华联控股,4.05,4.03,4.33,4.02,4.06,68437290,285293450.79
2026-09-23,sz,000037,深南电A,9.4,9.41,9.41,8.96,9.01,22563300,205070217.0
2026-09-23,sz,000039,中集集团,9.02,9.05,9.05,8.78,8.79,22482792,199241707.54
2026-09-23,sz,000042,中洲控股,8.41,8.4,8.87,8.37,8.41,8928310,76465027.04
2026-09-23,sz,000045,深纺织Ａ,11.18,11.12,11.47,11.12,11.25,3552100,40106033.0
2026-09-23,sz,000048,京基智农,19.47,19.47,19.73,18.6,19.1,19967213,379898352.18
2026-09-23,sz,000049,德赛电池,22.48,22.43,22.63,22.25,22.46,3947584,88470726.75
2026-09-23,sz,000050,深天马Ａ,6.65,6.65,6.77,6.58,6.59,18776400,125224787.0
2026-09-23,sz,000055,方大集团,3.76,3.76,3.93,3.72,3.81,27567049,105839408.68
2026-09-23,sz,000056,*ST皇庭,2.75,2.72,2.82,2.66,2.69,32115800,88012132.0
2026-09-23,sz,000058,深 赛 格,7.34,7.31,7.38,7.11,7.14,9947108,71860302.88
2026-09-23,sz,000059,华锦股份,5.7,5.64,5.71,5.58,5.65,37663043,212403203.24
2026-09-23,sz,000060,中金岭南,6.2,6.23,6.23,6.13,6.13,44315285,272729624.4
2026-09-23,sz,000061,农 产 品,6.05,6.05,6.14,6.0,6.03,15170642,91831084.19
2026-09-23,sz,000062,深圳华强,23.47,23.6,23.71,23.2,23.29,14822195,346855815.05
2026-09-23,sz,000063,中兴通讯,32.91,32.81,33.02,32.21,32.28,74746039,2428308316.21
2026-09-23,sz,000065,北方国际,10.08,10.2,10.3,10.03,10.12,21630309,220381565.6
2026-09-23,sz,000066,中国长城,15.87,15.61,15.72,15.09,15.14,299629214,4602639369.88
2026-09-23,sz,000068,华控赛格,3.32,3.32,3.35,3.23,3.25,11032800,36258769.0
2026-09-23,sz,000069,华侨城Ａ,1.91,1.9,1.99,1.89,1.9,125603717,243850397.77
2026-09-23,sz,000070,特发信息,18.63,18.57,18.7,17.79,17.99,80875810,1460545086.96
2026-09-23,sz,000078,ST海王,1.53,1.54,1.6,1.54,1.57,64319928,100827107.2
2026-09-23,sz,000088,盐 田 港,4.55,4.53,4.55,4.49,4.51,16879893,76237419.3
2026-09-23,sz,000089,深圳机场,6.58,6.58,6.64,6.56,6.56,9173144,60541251.4
2026-09-23,sz,000090,天健集团,3.6,3.57,3.69,3.56,3.56,27243500,98603559.0
2026-09-23,sz,000096,广聚能源,8.01,7.97,7.99,7.88,7.9,2797598,22163534.18
2026-09-23,sz,000099,中信海直,13.08,13.08,13.18,12.96,13.06,4674000,61273278.0
2026-09-23,sz,000100,TCL科技,5.03,5.04,5.12,4.92,4.93,397566597,1986954291.37
2026-09-23,sz,000151,中成股份,10.17,10.17,10.19,9.91,9.98,7278401,72846997.95
2026-09-23,sz,000153,丰原药业,6.22,6.2,6.36,6.14,6.17,11274620,70320240.6
2026-09-23,sz,000155,川能动力,11.58,11.59,11.61,11.25,11.26,15411500,175406695.0
2026-09-23,sz,000156,华数传媒,7.3,7.26,7.28,7.06,7.08,15370500,109521312.0
2026-09-23,sz,000157,中联重科,6.17,6.16,6.17,6.1,6.1,43304785,265499242.75
2026-09-23,sz,000158,常山北明,13.19,13.1,13.14,12.72,12.72,27210018,349437710.12
2026-09-23,sz,000159,国际实业,5.51,5.5,5.53,5.42,5.42,7198891,39258354.04
2026-09-23,sz,000166,申万宏源,4.49,4.49,4.5,4.46,4.47,36483806,163487554.43
2026-09-23,sz,000301,东方盛虹,13.7,13.65,13.86,13.53,13.73,14725478,201820450.6
2026-09-23,sz,000333,美的集团,82.54,82.51,82.84,82.05,82.47,17023657,1402962202.63
2026-09-23,sz,000338,潍柴动力,27.03,26.98,27.15,25.61,25.89,108819011,2830381302.06
2026-09-23,sz,000400,许继电气,20.42,20.38,20.45,20.21,20.3,6196731,125839466.61
2026-09-23,sz,000401,金隅冀东,3.55,3.55,3.72,3.54,3.62,20550863,74833253.06
2026-09-23,sz,000402,金 融 街,2.78,2.76,2.87,2.7,2.7,119068784,332133434.18
2026-09-23,sz,000403,派林生物,10.04,10.0,10.21,9.98,10.11,6558569,66291986.02
2026-09-23,sz,000404,长虹华意,6.93,6.94,6.94,6.82,6.83,4484450,30810537.0
2026-09-23,sz,000407,胜利股份,4.19,4.19,4.19,4.09,4.1,11709000,48342589.0
2026-09-23,sz,000408,藏格矿业,73.5,74.44,74.77,73.49,73.85,6732155,497937040.0
2026-09-23,sz,000409,云鼎科技,9.05,9.08,9.1,8.93,8.96,4242000,38040786.0
2026-09-23,sz,000410,沈阳机床,5.34,5.33,5.34,5.26,5.27,18668356,98595087.76
2026-09-23,sz,000411,英特集团,9.98,10.01,10.06,9.85,9.88,2966838,29508223.47
2026-09-23,sz,000415,渤海租赁,4.17,4.18,4.21,4.15,4.17,39879502,166610456.36
2026-09-23,sz,000417,合百集团,5.77,5.76,5.76,5.64,5.69,21326852,121105458.87
2026-09-23,sz,000419,通程控股,5.07,5.05,5.07,5.0,5.0,4803500,24131994.0
2026-09-23,sz,000420,吉林化纤,3.57,3.56,3.57,3.53,3.56,23893100,84732934.0
2026-09-23,sz,000421,南京公用,5.81,5.76,5.8,5.68,5.69,6794557,38861129.73
2026-09-23,sz,000422,湖北宜化,12.19,12.1,12.18,11.93,11.97,11955790,143483908.26
2026-09-23,sz,000423,东阿阿胶,45.75,45.7,46.44,45.54,46.05,5408339,249086494.38
2026-09-23,sz,000425,徐工机械,7.3,7.27,7.34,7.21,7.23,105022304,762117972.45
2026-09-23,sz,000426,兴业银锡,34.46,34.9,34.96,34.28,34.37,25010496,861379571.67
2026-09-23,sz,000428,华天酒店,4.3,4.43,4.5,4.14,4.18,50458100,213947528.0
2026-09-23,sz,000429,粤高速Ａ,12.53,12.53,12.6,12.47,12.58,4495917,56398667.36
2026-09-23,sz,000430,张家界,6.89,6.89,7.18,6.83,7.0,15961800,111894324.0
2026-09-23,sz,000488,ST晨鸣,2.11,2.09,2.17,2.09,2.12,12709382,27112977.52
2026-09-23,sz,000498,山东路桥,5.1,5.1,5.16,5.07,5.14,9870672,50656949.04
2026-09-23,sz,000501,武商集团,7.23,7.2,7.24,7.14,7.16,4957060,35552547.6
2026-09-23,sz,000503,国新健康,7.03,7.09,7.09,6.86,6.87,9327500,64677637.0
2026-09-23,sz,000504,南华生物,12.11,12.11,13.32,12.0,12.76,104631017,1347971787.53
2026-09-23,sz,000505,京粮控股,6.78,6.74,6.76,6.58,6.6,24483401,162199067.63
2026-09-23,sz,000506,招金黄金,18.58,18.61,18.7,17.94,18.1,35419596,647198984.32
2026-09-23,sz,000507,珠海港,5.01,5.0,5.04,4.95,4.95,8713493,43425526.35
2026-09-23,sz,000509,华塑控股,3.98,3.88,3.92,3.74,3.76,69501200,264151414.0
2026-09-23,sz,000510,新金路,19.08,19.04,19.76,18.68,19.23,48055394,924040745.56
2026-09-23,sz,000513,丽珠集团,26.75,26.75,27.9,26.6,27.73,10309352,282038439.23
2026-09-23,sz,000514,渝 开 发,4.42,4.42,4.54,4.38,4.4,14555700,64944301.0
2026-09-23,sz,000516,国际医学,4.32,4.32,4.33,4.26,4.27,14691800,62838550.0
2026-09-23,sz,000517,荣安地产,2.04,2.04,2.1,2.0,2.01,45171500,92751280.0
2026-09-23,sz,000518,四环生物,3.78,3.78,3.79,3.67,3.68,25361801,93996395.69
2026-09-23,sz,000519,中兵红箭,15.32,15.25,15.4,14.98,15.01,41699087,630439321.4
2026-09-23,sz,000520,凤凰航运,4.14,4.12,4.14,4.01,4.02,22999342,93280575.36
2026-09-23,sz,000521,长虹美菱,4.42,4.43,4.43,4.4,4.4,4012812,17702078.8
2026-09-23,sz,000523,红棉股份,3.49,3.45,3.48,3.37,3.42,121792804,416538537.24
2026-09-23,sz,000524,岭南控股,9.04,9.01,9.16,8.95,8.99,6790000,61400940.0
2026-09-23,sz,000525,红太阳,4.67,4.66,4.67,4.52,4.54,17749557,81140078.0
2026-09-23,sz,000526,学大教育,36.25,36.12,36.6,35.88,36.16,1636200,59163521.0
2026-09-23,sz,000528,柳 工,7.66,7.66,7.7,7.61,7.61,17753913,135626601.28
2026-09-23,sz,000529,广弘控股,5.03,5.03,5.06,4.96,4.96,2307100,11557072.0
2026-09-23,sz,000530,冰山冷热,5.22,5.23,5.42,5.16,5.18,16630591,87289045.29
2026-09-23,sz,000531,穗恒运Ａ,5.65,5.65,5.65,5.59,5.6,5072700,28436325.0
2026-09-23,sz,000532,华金资本,13.61,13.34,14.2,12.89,13.5,56191014,759805427.66
2026-09-23,sz,000533,顺钠股份,10.93,10.9,10.95,10.34,10.44,39131888,411749174.4
2026-09-23,sz,000534,万泽股份,23.19,23.08,23.23,22.25,22.92,14958118,339501954.56
2026-09-23,sz,000536,华映科技,3.63,3.6,3.69,3.51,3.51,65343823,233689523.76
2026-09-23,sz,000537,绿发电力,7.51,7.48,7.5,7.34,7.34,16681752,123291245.25
2026-09-23,sz,000538,云南白药,51.32,51.25,51.75,51.03,51.36,7675991,395005307.31
2026-09-23,sz,000539,粤电力Ａ,5.18,5.17,5.17,5.01,5.02,56538138,285876881.38
2026-09-23,sz,000541,佛山照明,4.94,4.93,4.95,4.9,4.91,5055357,24857951.15
2026-09-23,sz,000543,皖能电力,7.22,7.23,7.23,7.15,7.15,14721258,105665783.18
2026-09-23,sz,000544,中原环保,7.26,7.26,7.27,7.15,7.2,2197651,15867848.75
2026-09-23,sz,000545,金浦钛业,2.23,2.22,2.23,2.17,2.17,26802634,58720479.12
2026-09-23,sz,000546,金圆股份,4.45,4.44,4.45,4.35,4.37,10263700,45097407.0
2026-09-23,sz,000547,航天发展,14.75,14.66,14.7,14.3,14.31,35575373,512274640.41
2026-09-23,sz,000548,湖南投资,4.64,4.64,4.66,4.57,4.58,3476700,16016504.0
2026-09-23,sz,000550,江铃汽车,16.5,16.44,16.47,16.25,16.26,3422305,55926850.96
2026-09-23,sz,000551,创元科技,12.33,12.32,12.34,12.24,12.33,6232032,76589103.88
2026-09-23,sz,000552,甘肃能化,2.52,2.5,2.52,2.45,2.46,56121292,139186285.3
2026-09-23,sz,000553,安道麦A,5.61,5.61,5.61,5.44,5.46,6443500,35372850.0
2026-09-23,sz,000554,泰山石油,6.4,6.35,6.37,6.2,6.23,13929992,87069749.65
2026-09-23,sz,000555,神州信息,10.54,10.72,11.19,10.53,11.01,57156243,620177940.86
2026-09-23,sz,000557,西部创业,3.68,3.68,3.7,3.64,3.64,5144600,18864049.0
2026-09-23,sz,000558,天府文旅,3.62,3.62,3.69,3.57,3.61,24594273,89287456.26
2026-09-23,sz,000559,万向钱潮,11.43,11.33,11.41,11.05,11.16,60466384,676943485.83
2026-09-23,sz,000560,我爱我家,3.51,3.74,3.86,3.74,3.86,315166460,1210342786.41
2026-09-23,sz,000561,烽火电子,7.84,7.8,7.83,7.69,7.74,8793495,67974661.15
2026-09-23,sz,000563,陕国投Ａ,2.94,2.94,2.95,2.91,2.91,38805600,113545870.0
2026-09-23,sz,000564,供销大集,1.52,1.52,1.53,1.48,1.48,199198011,297785140.48
2026-09-23,sz,000565,渝三峡Ａ,6.79,6.77,6.78,6.56,6.61,14081057,93391470.18
2026-09-23,sz,000566,海南海药,4.98,4.95,4.97,4.78,4.8,80581511,391545605.91
2026-09-23,sz,000567,海德股份,6.12,6.11,6.13,5.98,6.0,15412516,92902353.48
2026-09-23,sz,000568,泸州老窖,71.48,71.61,73.18,71.55,72.11,10485981,757852788.72
2026-09-23,sz,000570,苏常柴Ａ,5.31,5.31,5.31,5.23,5.26,6356450,33466570.5
2026-09-23,sz,000571,新大洲A,6.63,6.6,6.77,6.5,6.73,26185086,173392494.57
2026-09-23,sz,000572,海马汽车,4.19,4.19,4.31,4.0,4.02,167972353,692968517.84
2026-09-23,sz,000573,粤宏远Ａ,3.82,3.84,3.89,3.77,3.78,12777901,48933297.78
2026-09-23,sz,000576,甘化科工,8.42,8.42,8.42,8.26,8.34,6281100,52245147.0
2026-09-23,sz,000581,威孚高科,17.96,17.93,18.22,17.93,18.16,5906288,107138186.64
2026-09-23,sz,000582,北部湾港,9.78,9.71,9.76,9.37,9.39,54807996,520446842.8
2026-09-23,sz,000586,汇源通信,13.88,13.93,13.96,13.5,13.62,5415100,73807304.0
2026-09-23,sz,000589,贵州轮胎,4.24,4.25,4.26,4.22,4.22,12216656,51758126.9
2026-09-23,sz,000590,古汉医药,9.15,9.16,9.2,9.03,9.05,1859300,16916022.0
2026-09-23,sz,000591,太阳能,4.27,4.25,4.26,4.19,4.2,43907960,185128915.4
2026-09-23,sz,000592,平潭发展,8.6,8.49,8.59,7.9,7.98,270335893,2231608168.18
2026-09-23,sz,000593,德龙汇能,22.89,23.48,24.85,22.8,24.19,31834144,753778342.8
2026-09-23,sz,000595,新能股份,5.85,5.84,5.85,5.59,5.61,52533500,298421421.0
2026-09-23,sz,000596,古井贡酒,95.86,95.21,100.5,95.2,96.8,4004441,391177496.32
2026-09-23,sz,000597,东北制药,4.83,4.85,4.85,4.76,4.78,8836200,42342426.0
2026-09-23,sz,000598,兴蓉环境,7.06,7.05,7.09,7.04,7.06,8341992,58931628.61
2026-09-23,sz,000599,青岛双星,4.53,4.53,4.54,4.46,4.48,8093400,36363141.0
2026-09-23,sz,000600,建投能源,7.32,7.3,7.32,7.21,7.21,9690300,70165591.0
2026-09-23,sz,000601,韶能股份,6.19,6.15,6.17,6.0,6.01,36924398,223499499.0
2026-09-23,sz,000603,盛达资源,33.4,33.8,34.26,33.48,33.78,21366627,722650304.49
2026-09-23,sz,000605,渤海股份,5.91,5.91,5.96,5.84,5.88,2916021,17197166.32
2026-09-23,sz,000607,华媒控股,4.98,4.98,4.98,4.48,4.48,134915815,619572568.95
2026-09-23,sz,000608,阳光股份,7.2,7.1,7.19,7.0,7.0,14528000,102674694.0
2026-09-23,sz,000609,*ST中迪,9.82,9.75,10.29,9.75,10.01,5900800,59486728.0
2026-09-23,sz,000610,*ST西旅,7.58,7.31,8.17,7.31,7.57,18052600,140619841.0
2026-09-23,sz,000612,焦作万方,11.18,11.18,11.25,10.9,10.94,32672548,359568099.6
2026-09-23,sz,000615,*ST美谷,3.25,3.25,3.25,3.2,3.22,4326120,13962480.7
2026-09-23,sz,000617,中油资本,6.9,6.89,6.89,6.75,6.75,51349349,348929547.24
2026-09-23,sz,000619,海螺新材,5.3,5.27,5.35,5.22,5.25,7387936,39010412.8
2026-09-23,sz,000620,盈新发展,3.37,3.37,3.5,3.26,3.28,425288022,1429201130.66
2026-09-23,sz,000623,吉林敖东,17.77,17.71,17.86,17.71,17.73,4045732,71894175.76
2026-09-23,sz,000625,长安汽车,7.18,7.16,7.21,7.11,7.12,44209167,315953557.12
2026-09-23,sz,000626,远大控股,9.23,9.19,9.49,9.08,9.37,17779200,165573424.0
2026-09-23,sz,000628,高新发展,60.09,59.6,60.33,59.36,59.47,5509259,328870388.25
2026-09-23,sz,000629,钒钛股份,2.9,2.89,2.93,2.89,2.89,62752532,182376629.48
2026-09-23,sz,000630,铜陵有色,6.16,6.2,6.22,6.11,6.12,131759666,809544888.79
2026-09-23,sz,000631,顺发恒能,3.09,3.09,3.16,3.04,3.05,18506832,57272034.92
2026-09-23,sz,000632,ST三木,3.75,3.7,3.81,3.65,3.71,14712978,54944684.72
2026-09-23,sz,000633,合金投资,5.31,5.27,5.31,5.22,5.24,6685200,35193278.0
2026-09-23,sz,000635,英 力 特,7.46,7.43,7.46,7.32,7.44,8183201,60481693.37
2026-09-23,sz,000636,风华高科,57.75,58.43,58.98,57.13,58.74,92764416,5394790973.69
2026-09-23,sz,000637,茂化实华,4.2,4.22,4.25,4.13,4.16,6885000,28760829.0
2026-09-23,sz,000639,ST西王,1.59,1.58,1.59,1.51,1.53,42483800,65480598.0
2026-09-23,sz,000650,仁和药业,5.27,5.25,5.29,5.18,5.19,15156900,79226688.0
2026-09-23,sz,000651,格力电器,38.18,38.2,38.43,38.15,38.36,17229342,660324220.59
2026-09-23,sz,000652,泰达股份,3.39,3.4,3.4,3.33,3.33,11900100,39941649.0
2026-09-23,sz,000655,金岭矿业,7.22,7.23,7.24,7.13,7.15,5061900,36386546.0
2026-09-23,sz,000656,金科股份,1.25,1.25,1.32,1.24,1.26,362595063,463961110.89
2026-09-23,sz,000657,中钨高新,60.26,60.26,60.26,58.71,59.16,44790555,2655353218.84
2026-09-23,sz,000659,珠海中富,2.81,2.81,2.82,2.7,2.71,24220200,66496184.0
2026-09-23,sz,000661,长春高新,73.6,73.5,74.1,73.03,73.25,3870388,284759262.14
2026-09-23,sz,000663,永安林业,6.07,6.07,6.08,5.92,5.92,4419800,26388430.0
2026-09-23,sz,000665,湖北广电,4.17,4.18,4.18,4.04,4.04,18433643,75046247.72
2026-09-23,sz,000668,荣丰控股,17.42,17.1,18.35,16.9,17.44,8133690,142482031.7
2026-09-23,sz,000669,ST金鸿,4.15,4.15,4.24,4.13,4.2,3427380,14314303.2
2026-09-23,sz,000670,盈方微,7.69,7.67,7.72,7.47,7.56,42008135,318080288.55
2026-09-23,sz,000672,上峰材料,15.44,15.44,15.61,15.26,15.46,12504109,193071978.35
2026-09-23,sz,000676,智度股份,7.45,7.75,7.99,7.23,7.25,242300473,1856723034.14
2026-09-23,sz,000677,ST海龙,1.83,1.82,1.84,1.77,1.77,18582600,33480597.0
2026-09-23,sz,000678,襄阳轴承,8.89,8.89,8.93,8.77,8.8,4831200,42691471.0
2026-09-23,sz,000679,大连友谊,6.6,6.63,6.63,6.43,6.49,6134500,39925641.0
2026-09-23,sz,000680,山推股份,9.24,9.2,9.5,9.18,9.28,26208168,245373789.62
2026-09-23,sz,000681,视觉中国,16.82,16.59,16.7,16.24,16.24,20626850,338091021.56
2026-09-23,sz,000682,东方电子,10.76,10.8,10.8,10.64,10.64,6157691,65912029.75
2026-09-23,sz,000683,博源化工,5.71,5.69,5.72,5.61,5.62,36569606,206478551.72
2026-09-23,sz,000685,中山公用,10.94,10.95,10.97,10.85,10.85,6264776,68281855.3
2026-09-23,sz,000686,东北证券,7.8,7.79,7.83,7.74,7.74,8841887,68699077.08
2026-09-23,sz,000688,国城矿业,26.58,26.68,26.74,25.5,25.54,17408308,448375281.48
2026-09-23,sz,000690,宝新能源,5.13,5.11,5.14,5.0,5.02,48102751,243083229.32
2026-09-23,sz,000691,亚太实业,9.24,9.24,9.78,9.08,9.28,13506500,126864908.0
2026-09-23,sz,000692,惠天热电,4.18,4.19,4.19,4.1,4.12,7738800,31981235.0
2026-09-23,sz,000695,滨海能源,13.16,13.1,13.16,12.88,12.91,3951300,51210571.0
2026-09-23,sz,000697,炼石航空,9.12,9.13,9.18,9.02,9.07,5104000,46373617.0
2026-09-23,sz,000698,ST沈化,3.66,3.66,3.67,3.63,3.63,2174200,7921879.0
2026-09-23,sz,000700,模塑科技,12.17,12.32,12.32,11.94,12.06,24764360,298531230.37
2026-09-23,sz,000701,厦门信达,5.25,5.25,5.28,5.12,5.13,8320601,43006618.13
2026-09-23,sz,000702,正虹科技,5.79,5.83,5.83,5.64,5.67,6990588,39845410.08
2026-09-23,sz,000703,恒逸石化,16.81,16.9,17.46,16.72,17.39,81542212,1399576492.56
2026-09-23,sz,000705,浙江震元,7.16,7.13,7.17,7.0,7.01,5349250,37770748.5
2026-09-23,sz,000707,双环科技,4.51,4.51,4.54,4.46,4.5,4632600,20843907.0
2026-09-23,sz,000708,中信特钢,12.86,12.87,12.99,12.75,12.96,9138692,118022642.41
2026-09-23,sz,000709,河钢股份,2.05,2.04,2.09,2.03,2.03,108252648,222609226.49
2026-09-23,sz,000710,贝瑞基因,9.52,9.52,10.46,9.38,10.01,52661925,516266124.78
2026-09-23,sz,000711,京蓝科技,5.0,4.95,4.95,4.8,4.82,79727300,386777613.0
2026-09-23,sz,000712,锦龙股份,10.33,10.3,10.36,10.17,10.28,34791652,356306730.3
2026-09-23,sz,000713,国投丰乐,6.79,6.73,6.83,6.55,6.59,25630420,170173266.0
2026-09-23,sz,000715,中兴商业,5.42,5.42,5.42,5.28,5.3,5590300,29771728.0
2026-09-23,sz,000716,黑芝麻,5.18,5.16,5.17,5.0,5.01,20973063,106356018.28
2026-09-23,sz,000717,中南股份,2.16,2.17,2.24,2.14,2.15,33234937,72276740.55
2026-09-23,sz,000718,苏宁环球,2.07,2.07,2.13,2.06,2.07,41649470,87275871.1
2026-09-23,sz,000719,中原传媒,12.35,12.25,12.32,12.02,12.21,4806835,58334518.75
2026-09-23,sz,000720,新能泰山,3.92,3.91,3.91,3.64,3.65,60088255,223504387.75
2026-09-23,sz,000721,西安饮食,6.31,6.28,6.46,6.22,6.27,19255500,122017324.0
2026-09-23,sz,000722,湖南发展,14.2,14.12,14.15,13.46,13.46,21553717,294886896.48
2026-09-23,sz,000723,美锦能源,3.67,3.65,3.66,3.52,3.52,61598028,220269482.56
2026-09-23,sz,000725,京东方Ａ,6.0,6.09,6.31,5.99,6.02,1579428056,9648283014.34
2026-09-23,sz,000726,鲁 泰Ａ,6.1,6.09,6.11,6.01,6.02,6072901,36752250.09
2026-09-23,sz,000727,冠捷科技,2.25,2.25,2.28,2.2,2.2,65250700,145464286.0
2026-09-23,sz,000728,国元证券,7.49,7.48,7.5,7.41,7.41,15258347,113635089.24
2026-09-23,sz,000729,燕京啤酒,11.04,11.02,11.27,10.98,11.0,28800881,319654849.94
2026-09-23,sz,000731,四川美丰,8.28,8.21,8.28,8.15,8.18,11281330,92566527.56
2026-09-23,sz,000733,振华科技,41.33,41.24,41.65,41.18,41.4,7474985,309344063.71
2026-09-23,sz,000735,罗 牛 山,6.0,5.97,5.99,5.79,5.8,53300115,311689471.92
2026-09-23,sz,000736,中交发展,4.73,4.73,4.91,4.68,4.74,31211613,149656224.53
2026-09-23,sz,000737,北方铜业,15.11,15.4,15.48,14.76,14.82,75833458,1136155148.0
2026-09-23,sz,000738,航发控制,19.2,19.16,19.45,18.87,19.19,8699195,166319035.6
2026-09-23,sz,000739,普洛药业,24.0,24.14,25.5,24.06,25.32,19674914,492558304.38
2026-09-23,sz,000750,国海证券,3.69,3.69,3.7,3.66,3.66,23928244,87999071.95
2026-09-23,sz,000751,锌业股份,4.67,4.66,4.68,4.57,4.58,18983230,87243029.7
2026-09-23,sz,000752,*ST西发,8.67,8.64,8.92,8.64,8.73,1601591,14055706.16
2026-09-23,sz,000753,漳州发展,5.18,5.13,5.15,4.85,4.86,51645800,257070533.18
2026-09-23,sz,000755,山西高速,4.67,4.67,4.67,4.62,4.64,3142170,14573450.77
2026-09-23,sz,000756,新华制药,16.14,15.74,16.44,14.53,14.53,87032355,1333044248.47
2026-09-23,sz,000757,浩物股份,4.42,4.38,4.43,4.34,4.34,10005100,43773150.0
2026-09-23,sz,000758,中色股份,6.06,6.09,6.1,5.98,5.99,17609578,106039346.34
2026-09-23,sz,000759,中百集团,6.75,6.73,6.75,6.5,6.52,71003379,466342551.82
2026-09-23,sz,000761,本钢板材,2.27,2.26,2.33,2.21,2.22,30809737,69726090.16
2026-09-23,sz,000762,西藏矿业,22.08,22.01,22.06,21.46,21.54,7621307,164778202.13
2026-09-23,sz,000766,通化金马,15.9,15.9,15.97,15.4,15.43,9608973,150039946.66
2026-09-23,sz,000767,晋控电力,3.4,3.39,3.39,3.3,3.3,86823463,288848741.9
2026-09-23,sz,000768,中航西飞,22.84,22.9,22.96,22.47,22.71,15413600,349334308.84
2026-09-23,sz,000776,广发证券,20.96,20.96,20.98,20.7,20.83,26929310,560424443.65
2026-09-23,sz,000777,中核科技,16.65,16.65,16.65,16.46,16.47,2915074,48144197.92
2026-09-23,sz,000778,新兴铸管,3.61,3.61,3.64,3.59,3.59,36212300,130847213.0
2026-09-23,sz,000779,甘咨询,9.12,9.05,9.15,8.67,8.69,37583800,332370309.55
2026-09-23,sz,000782,恒申新材,8.27,8.3,8.36,8.2,8.33,12331800,102496434.0
2026-09-23,sz,000783,长江证券,8.51,8.49,8.54,8.43,8.46,34576256,292659493.85
2026-09-23,sz,000785,居然智家,2.28,2.29,2.37,2.25,2.26,74371063,171429223.79
2026-09-23,sz,000786,北新建材,16.05,16.01,16.47,15.98,16.05,17774882,288415610.23
2026-09-23,sz,000788,北大医药,5.55,5.56,5.58,5.4,5.41,12136100,66169474.0
2026-09-23,sz,000789,万年青,4.13,4.13,4.32,4.11,4.18,10866687,45861554.75
2026-09-23,sz,000790,华神科技,4.4,4.37,4.42,4.23,4.25,34653815,149645849.85
2026-09-23,sz,000791,甘肃能源,7.21,7.21,7.21,7.12,7.13,12570969,89852319.89
2026-09-23,sz,000792,盐湖股份,24.87,24.88,24.88,24.31,24.48,43303061,1059711316.78
2026-09-23,sz,000793,ST华闻,2.08,2.07,2.08,2.04,2.05,8499500,17471022.0
2026-09-23,sz,000795,英洛华,8.49,8.35,8.43,8.3,8.32,10735200,89660817.87
2026-09-23,sz,000796,凯撒旅业,3.75,3.75,3.85,3.68,3.7,50695400,189098481.0
2026-09-23,sz,000797,中国武夷,2.69,2.69,2.76,2.66,2.68,51343913,139351147.97
2026-09-23,sz,000798,中水渔业,10.4,10.38,10.39,10.05,10.09,16787301,170177108.09
2026-09-23,sz,000799,酒鬼酒,37.72,37.71,38.5,37.59,37.68,6120060,232638496.01
2026-09-23,sz,000800,一汽解放,5.93,5.92,6.0,5.91,5.93,9183100,54696917.0
2026-09-23,sz,000801,四川九洲,12.11,12.09,12.15,11.86,11.87,8069583,96666940.21
2026-09-23,sz,000802,北京文化,4.08,4.06,4.06,3.87,3.89,66593016,261414890.4
2026-09-23,sz,000803,山高环能,7.13,7.1,7.23,7.05,7.09,5651200,40308507.0
2026-09-23,sz,000807,云铝股份,26.95,27.09,27.12,26.47,26.58,35008440,932254267.83
2026-09-23,sz,000809,和展能源,3.45,3.43,3.46,3.33,3.35,19299316,65039677.68
2026-09-23,sz,000810,创维数字,9.7,9.69,9.72,9.5,9.51,12359225,118255578.75
2026-09-23,sz,000811,冰轮环境,39.95,39.98,40.6,39.29,39.83,27967461,1111680819.33
2026-09-23,sz,000812,陕西金叶,3.9,3.89,3.89,3.67,3.67,37875027,141585361.81
2026-09-23,sz,000813,德展健康,3.31,3.3,3.32,3.23,3.23,29808666,97219569.18
2026-09-23,sz,000815,美利云,16.14,16.0,16.48,15.62,15.82,47456705,755707976.06
2026-09-23,sz,000816,智慧农业,3.03,2.98,2.99,2.86,2.88,72687193,210545649.24
2026-09-23,sz,000818,航锦科技,12.25,12.17,12.24,11.91,12.01,10239199,122978580.02
2026-09-23,sz,000819,岳阳兴长,12.35,12.34,12.4,12.22,12.28,2624600,32271394.92
2026-09-23,sz,000820,神雾节能,3.52,3.52,3.6,3.47,3.58,20272500,71782215.0
2026-09-23,sz,000821,ST京机,7.5,7.47,7.77,7.47,7.57,6206903,47321861.98
2026-09-23,sz,000822,山东海化,4.28,4.26,4.28,4.2,4.21,8987803,37979542.63
2026-09-23,sz,000823,超声电子,25.22,25.15,27.74,24.66,27.2,223684895,5853080478.68
2026-09-23,sz,000825,太钢不锈,3.41,3.4,3.46,3.37,3.38,39189081,133637777.82
2026-09-23,sz,000826,*ST启环,1.86,1.85,1.87,1.72,1.84,36014832,64959021.24
2026-09-23,sz,000828,东莞控股,10.04,10.09,10.16,10.05,10.11,4383736,44344243.38
2026-09-23,sz,000829,天音控股,9.38,9.38,9.39,9.04,9.06,28582501,261266621.04
2026-09-23,sz,000830,鲁西化工,11.9,11.86,11.92,11.76,11.85,14233000,168441826.05
2026-09-23,sz,000831,中国稀土,54.62,54.4,54.4,53.4,53.63,12305794,660408550.66
2026-09-23,sz,000833,粤桂股份,19.81,19.71,19.8,19.29,19.3,21104395,409995686.88
2026-09-23,sz,000837,秦川机床,9.76,9.75,9.76,9.65,9.66,6776118,65701069.34
2026-09-23,sz,000838,*ST发展,2.27,2.28,2.44,2.25,2.39,44785950,104804621.5
2026-09-23,sz,000839,国安股份,2.94,2.92,2.92,2.81,2.82,79404080,225618309.6
2026-09-23,sz,000848,承德露露,8.1,8.09,8.27,8.06,8.26,14492410,118778289.56
2026-09-23,sz,000850,华茂股份,4.23,4.21,4.65,4.2,4.65,26118249,119337289.05
2026-09-23,sz,000852,石化机械,5.54,5.51,5.54,5.37,5.38,11188800,60620227.0
2026-09-23,sz,000856,冀东装备,8.77,8.79,8.84,8.65,8.8,3528700,30929795.0
2026-09-23,sz,000858,五 粮 液,70.54,70.31,71.07,70.25,70.34,17357425,1225210230.26
2026-09-23,sz,000859,国风新材,9.54,9.53,9.67,9.28,9.35,45267764,425926817.6
2026-09-23,sz,000860,顺鑫农业,10.58,10.6,10.84,10.43,10.44,11434425,121164116.25
2026-09-23,sz,000862,银星能源,5.48,5.47,5.47,5.25,5.26,18408806,97779136.62
2026-09-23,sz,000863,三湘印象,4.68,4.68,4.71,4.43,4.45,22211023,100845392.44
2026-09-23,sz,000868,安凯客车,3.94,3.93,4.33,3.89,4.13,101624299,425253102.33
2026-09-23,sz,000869,张 裕Ａ,16.83,16.95,17.89,16.89,17.39,5544379,96647387.06
2026-09-23,sz,000875,电投绿能,4.8,4.81,4.81,4.72,4.72,30617170,145413010.9
2026-09-23,sz,000876,新 希 望,7.22,7.2,7.2,7.02,7.03,42990420,304946783.78
2026-09-23,sz,000877,天山股份,3.69,3.68,4.06,3.67,3.94,81232440,322369382.38
2026-09-23,sz,000878,云南铜业,17.36,17.56,17.58,17.04,17.28,41479995,716220343.88
2026-09-23,sz,000880,潍柴重机,25.78,25.88,25.98,25.22,25.29,9279790,235702756.26
2026-09-23,sz,000881,中广核技,6.67,6.67,6.67,6.54,6.55,4763064,31278918.84
2026-09-23,sz,000882,华联股份,1.58,1.56,1.62,1.53,1.54,82574301,129936625.56
2026-09-23,sz,000883,湖北能源,4.41,4.4,4.41,4.35,4.36,22254320,97379892.4
2026-09-23,sz,000885,城发环境,11.74,11.73,11.87,11.71,11.79,2111950,24860370.6
2026-09-23,sz,000886,海南高速,4.71,4.69,4.72,4.63,4.66,10365117,48438000.05
2026-09-23,sz,000887,中鼎股份,19.87,19.83,19.95,19.7,19.8,13838251,274218470.07
2026-09-23,sz,000888,峨眉山Ａ,9.4,9.4,9.45,9.32,9.34,5995799,56162922.67
2026-09-23,sz,000889,中嘉博创,3.94,3.94,3.94,3.71,3.74,55478960,208934059.8
2026-09-23,sz,000890,法尔胜,7.83,7.8,7.85,7.41,7.42,22413900,168712289.96
2026-09-23,sz,000892,欢瑞世纪,4.83,4.74,4.74,4.47,4.55,113026991,515080346.17
2026-09-23,sz,000893,亚钾国际,39.75,39.74,39.92,38.86,38.98,9255093,362049824.51
2026-09-23,sz,000895,双汇发展,23.38,23.38,23.54,23.28,23.33,7496060,175417446.91
2026-09-23,sz,000897,津滨发展,1.92,1.91,1.98,1.9,1.9,48144175,93304792.49
2026-09-23,sz,000898,鞍钢股份,2.02,2.03,2.09,2.0,2.01,55541816,113202022.48
2026-09-23,sz,000899,赣能股份,9.32,9.32,9.32,9.1,9.1,10578883,97010638.12
2026-09-23,sz,000900,现代投资,3.57,3.57,3.59,3.54,3.56,10104145,36026927.95
2026-09-23,sz,000901,航天科技,14.39,14.36,14.41,14.03,14.05,9054482,127992865.87
2026-09-23,sz,000902,新洋丰,13.79,13.79,13.9,13.66,13.81,4485800,61855476.0
2026-09-23,sz,000903,ST云动,2.03,2.03,2.05,1.97,1.97,21060440,42120767.8
2026-09-23,sz,000905,厦门港务,9.34,9.27,9.3,8.83,8.92,25447500,229493938.0
2026-09-23,sz,000906,浙商中拓,6.19,6.21,6.26,6.13,6.14,6646700,41075883.0
2026-09-23,sz,000908,石药景峰,6.1,6.08,6.08,6.0,6.02,11047500,66689137.0
2026-09-23,sz,000909,*ST数源,5.7,5.69,5.69,5.42,5.46,7231700,40005376.0
2026-09-23,sz,000910,大亚圣象,6.89,7.3,7.58,7.1,7.58,30162534,224213587.38
2026-09-23,sz,000911,*ST广糖,5.3,5.27,5.32,5.13,5.16,8765070,45743734.0
2026-09-23,sz,000912,泸天化,4.22,4.18,4.18,3.98,4.0,52015560,210047743.54
2026-09-23,sz,000913,钱江摩托,10.79,10.8,10.8,10.63,10.66,2912958,31145197.28
2026-09-23,sz,000915,华特达因,24.2,24.25,24.41,24.11,24.22,1417600,34346417.0
2026-09-23,sz,000917,电广传媒,7.11,7.09,7.13,6.93,6.93,19944284,139354338.57
2026-09-23,sz,000919,金陵药业,6.64,6.64,6.64,6.49,6.49,10000700,65482139.0
2026-09-23,sz,000920,沃顿科技,12.77,12.65,12.75,12.35,12.41,18479510,230163462.95
2026-09-23,sz,000921,海信家电,26.7,26.61,26.93,26.41,26.47,4541127,120951669.69
2026-09-23,sz,000922,佳电股份,12.21,12.22,12.33,12.12,12.32,5691552,69704026.36
2026-09-23,sz,000923,河钢资源,16.6,16.82,16.87,16.25,16.36,12148272,200075337.04
2026-09-23,sz,000925,众合科技,8.16,8.14,8.17,8.01,8.02,13848400,111494982.0
2026-09-23,sz,000926,福星股份,2.15,2.14,2.26,2.13,2.19,57711037,126414711.19
2026-09-23,sz,000927,中国铁物,2.48,2.48,2.49,2.44,2.44,39560268,97387933.96
2026-09-23,sz,000928,中钢国际,5.41,5.41,5.46,5.34,5.36,12598200,67927785.0
2026-09-23,sz,000929,兰州黄河,9.28,9.35,9.47,9.13,9.2,3170600,29342511.0
2026-09-23,sz,000930,中粮科技,5.41,5.36,5.53,5.3,5.42,59301727,321066716.9
2026-09-23,sz,000931,中 关 村,4.69,4.65,4.69,4.57,4.57,19054002,87734938.67
2026-09-23,sz,000932,华菱钢铁,3.57,3.56,3.61,3.53,3.54,72026111,256449649.43
2026-09-23,sz,000933,神火股份,26.38,26.39,26.48,25.99,26.12,24270202,633625495.89
2026-09-23,sz,000935,四川双马,20.45,20.4,20.75,20.25,20.6,4665718,95984656.14
2026-09-23,sz,000936,华西股份,5.56,5.55,5.69,5.52,5.54,20847200,116838630.0
2026-09-23,sz,000937,冀中能源,4.48,4.47,4.48,4.38,4.39,31641490,139446204.2
2026-09-23,sz,000938,紫光股份,33.77,33.58,34.1,33.1,33.66,96179071,3230513621.92
2026-09-23,sz,000948,南天信息,13.82,13.73,13.78,13.38,13.38,7830636,105919557.88
2026-09-23,sz,000949,新乡化纤,6.93,6.9,7.06,6.86,6.94,21526365,149023291.2
2026-09-23,sz,000950,重药控股,5.29,5.27,5.3,5.22,5.22,12925377,67891623.21
2026-09-23,sz,000951,中国重汽,20.24,20.25,20.46,20.12,20.26,7730941,156923984.03
2026-09-23,sz,000952,广济药业,6.69,6.77,6.77,6.46,6.56,7036420,46209652.6
2026-09-23,sz,000953,中哲精化,6.17,6.2,6.23,6.08,6.08,6149700,37678375.0
2026-09-23,sz,000955,欣龙控股,4.12,4.1,4.14,3.96,3.96,14336902,57519547.16
2026-09-23,sz,000957,中通客车,10.0,10.0,10.14,9.84,9.85,11286300,112435822.64
2026-09-23,sz,000958,电投产融,5.08,5.08,5.09,5.03,5.03,9011845,45547664.25
2026-09-23,sz,000959,首钢股份,3.52,3.51,3.57,3.47,3.47,21873520,76838921.4
2026-09-23,sz,000960,锡业股份,33.69,33.85,33.91,33.18,33.28,17805819,594877966.08
2026-09-23,sz,000962,东方钽业,60.53,60.94,61.16,59.0,61.04,14024677,847850476.25
2026-09-23,sz,000963,华东医药,26.62,26.52,26.68,26.44,26.5,7707867,204567868.55
2026-09-23,sz,000965,天保基建,3.39,3.37,3.48,3.36,3.37,31151330,106514755.54
2026-09-23,sz,000966,长源电力,4.03,4.01,4.02,3.89,3.9,49142071,193774395.03
2026-09-23,sz,000967,盈峰环境,8.17,8.12,8.15,8.0,8.1,45816357,369818001.5
2026-09-23,sz,000968,蓝焰控股,7.09,7.05,7.08,6.83,6.85,16653685,115102328.11
2026-09-23,sz,000969,安泰科技,17.26,17.3,17.44,17.09,17.42,13017436,224992611.36
2026-09-23,sz,000970,中科三环,11.76,11.71,11.71,11.56,11.57,14070161,163232390.44
2026-09-23,sz,000972,中基健康,4.1,4.13,4.18,4.07,4.07,14784700,60845611.0
2026-09-23,sz,000973,佛塑科技,11.97,11.91,11.92,11.76,11.76,20294613,239508580.7
2026-09-23,sz,000975,山金国际,24.2,24.32,24.49,24.09,24.28,21391720,519208835.49
2026-09-23,sz,000977,浪潮信息,72.15,71.86,72.19,70.9,71.27,38142759,2725577362.34
2026-09-23,sz,000978,桂林旅游,8.4,8.42,9.07,8.21,8.79,142697492,1235059404.49
2026-09-23,sz,000980,众泰汽车,2.18,2.17,2.32,2.13,2.2,519606760,1159469694.92
2026-09-23,sz,000981,山子高科,2.88,2.86,2.94,2.78,2.81,632473375,1804709765.97
2026-09-23,sz,000983,山西焦煤,6.62,6.58,6.62,6.47,6.49,41239358,268839649.34
2026-09-23,sz,000985,大庆华科,17.69,17.65,17.68,17.22,17.33,1798600,31273583.0
2026-09-23,sz,000987,越秀资本,7.46,7.48,7.52,7.39,7.41,15136777,112633188.69
2026-09-23,sz,000988,华工科技,107.09,107.14,107.65,105.6,106.06,26730645,2845267232.31
2026-09-23,sz,000989,九芝堂,8.83,8.85,8.85,8.64,8.67,12206765,106375307.55
2026-09-23,sz,000990,诚志股份,6.6,6.59,6.59,6.42,6.44,25461660,165272331.8
2026-09-23,sz,000993,闽东电力,20.91,18.82,18.92,18.82,18.82,40599900,764107467.0
2026-09-23,sz,000995,皇台酒业,11.74,11.7,12.86,11.61,11.81,32928187,398553941.74
2026-09-23,sz,000997,新 大 陆,19.76,19.78,19.78,19.45,19.7,8443287,165873145.02
2026-09-23,sz,000998,隆平高科,9.01,8.95,9.01,8.79,8.89,26308513,233963706.85
2026-09-23,sz,000999,华润三九,23.84,23.7,23.9,23.52,23.76,6328609,150206792.18
2026-09-23,sz,001201,东瑞股份,16.3,16.36,16.68,15.92,16.02,11609612,189267201.83
2026-09-23,sz,001202,炬申股份,15.14,15.1,15.1,14.79,15.04,1821147,27186028.17
2026-09-23,sz,001203,大中矿业,24.54,24.55,24.59,23.38,23.58,14763368,349744913.69
2026-09-23,sz,001205,盛航股份,14.6,14.6,14.63,14.42,14.52,1635878,23756650.46
2026-09-23,sz,001206,依依股份,17.27,17.32,17.32,16.96,17.04,1952956,33318267.8
2026-09-23,sz,001207,联科科技,18.64,18.51,18.55,18.15,18.21,3787557,69260754.26
2026-09-23,sz,001208,华菱线缆,13.96,14.02,14.05,13.45,13.48,13447092,182659455.24
2026-09-23,sz,001209,洪兴股份,18.92,19.0,19.4,18.77,19.08,3822401,73089907.07
2026-09-23,sz,001210,金房能源,29.72,29.72,29.92,29.01,29.1,3129000,91858215.4
2026-09-23,sz,001211,双枪科技,25.59,25.63,26.62,25.42,26.06,5205954,135997918.51
2026-09-23,sz,001212,中旗新材,38.65,38.55,39.08,37.83,38.83,7023174,271394767.82
2026-09-23,sz,001213,中铁特货,3.51,3.51,3.53,3.48,3.49,3465900,12146823.0
2026-09-23,sz,001215,千味央厨,33.48,33.67,34.0,33.09,33.71,2773260,93168758.74
2026-09-23,sz,001216,华瓷股份,26.47,27.66,29.12,27.66,28.31,57037092,1626331871.11
2026-09-23,sz,001217,华尔泰,10.97,10.97,11.17,10.83,11.0,4814700,53045177.0
2026-09-23,sz,001218,丽臣实业,24.23,24.16,24.41,23.95,24.18,1334160,32296321.6
2026-09-23,sz,001219,青岛食品,12.76,12.76,12.8,12.63,12.75,1369483,17434811.35
2026-09-23,sz,001220,世盟股份,32.03,31.97,32.38,31.81,31.95,878495,28174562.91
2026-09-23,sz,001221,悍高集团,35.71,35.66,36.08,35.31,35.8,1963974,70085101.15
2026-09-23,sz,001222,源飞宠物,16.03,16.03,16.04,15.72,15.75,3124000,49419533.0
2026-09-23,sz,001223,欧克科技,44.54,44.93,45.7,44.5,44.56,1948400,87542046.4
2026-09-23,sz,001225,和泰机电,36.37,36.37,37.8,36.37,37.03,2300460,85352028.4
2026-09-23,sz,001226,拓山重工,46.15,46.15,47.44,45.46,46.5,992792,46013512.04
2026-09-23,sz,001227,兰州银行,2.11,2.11,2.12,2.1,2.1,35684452,75163998.2
2026-09-23,sz,001228,永泰运,34.94,34.97,37.78,34.58,37.35,4899526,180865176.06
2026-09-23,sz,001229,魅视科技,39.89,39.64,39.69,38.6,39.15,3403320,132983667.66
2026-09-23,sz,001230,劲旅环境,19.41,19.6,19.6,19.13,19.35,2329424,44918102.2
2026-09-23,sz,001231,农心科技,22.64,22.55,22.96,22.44,22.77,1119800,25488029.0
2026-09-23,sz,001232,嘉立创,197.43,196.63,208.88,196.63,205.85,5239299,1071566230.94
2026-09-23,sz,001233,海安集团,46.49,46.87,47.0,45.91,46.01,2101984,97333814.24
2026-09-23,sz,001234,泰慕士,29.25,32.18,32.18,32.18,32.18,2784430,89602957.4
2026-09-23,sz,001236,弘业期货,8.06,8.05,8.08,7.78,7.79,9966490,78291306.2
2026-09-23,sz,001237,惠康科技,51.14,51.18,51.4,50.91,51.02,731700,37385279.54
2026-09-23,sz,001238,浙江正特,26.13,26.28,27.42,25.92,26.42,1742300,46232531.1
2026-09-23,sz,001239,永达股份,12.09,12.15,12.17,11.97,12.08,1661304,20093871.08
2026-09-23,sz,001248,华润新能,11.95,11.94,11.95,11.81,11.81,29286101,347305958.45
2026-09-23,sz,001255,博菲电气,27.12,27.24,27.25,26.7,27.0,620500,16708388.0
2026-09-23,sz,001256,炜冈科技,21.83,21.94,22.23,21.78,22.21,1633100,36062328.0
2026-09-23,sz,001257,盛龙股份,23.31,23.21,23.33,22.81,22.84,6236990,143026312.46
2026-09-23,sz,001258,立新能源,11.71,11.4,11.5,10.6,10.62,108808746,1180075109.43
2026-09-23,sz,001259,利仁科技,48.88,48.05,48.88,45.89,46.0,1818800,85566295.0
2026-09-23,sz,001260,坤泰股份,20.28,20.28,20.58,19.13,19.28,10435053,204960635.89
2026-09-23,sz,001266,宏英智能,37.75,37.35,39.17,36.86,37.62,10040270,381255339.4
2026-09-23,sz,001267,汇绿生态,38.19,38.64,38.85,37.46,37.81,20557301,783748470.28
2026-09-23,sz,001268,联合精密,26.57,27.0,27.21,25.72,27.17,13758250,366584836.0
2026-09-23,sz,001269,欧晶科技,19.31,19.21,19.74,19.21,19.49,1922504,37462554.52
2026-09-23,sz,001270,铖昌科技,99.99,100.0,100.18,97.72,99.19,3360149,332523553.12
2026-09-23,sz,001277,速达股份,30.76,30.99,30.99,30.3,30.63,858930,26240379.17
2026-09-23,sz,001278,一彬科技,16.62,16.63,16.76,16.46,16.71,2379400,39610993.0
2026-09-23,sz,001279,强邦新材,26.63,26.89,26.89,26.38,26.43,564700,14956770.0
2026-09-23,sz,001280,中国铀业,63.11,63.2,63.34,62.81,62.92,1670776,105187359.29
2026-09-23,sz,001282,三联锻造,16.46,16.44,16.81,16.26,16.52,5586972,92152287.1
2026-09-23,sz,001283,豪鹏科技,48.85,48.5,48.78,47.52,47.57,3078739,147930583.02
2026-09-23,sz,001285,瑞立科密,42.76,42.7,43.28,42.52,42.78,563098,24146357.4
2026-09-23,sz,001286,陕西能源,9.58,9.58,9.59,9.42,9.43,15613958,148083281.26
2026-09-23,sz,001287,中电港,24.97,24.97,25.35,24.87,25.2,13799505,346633007.43
2026-09-23,sz,001288,运机集团,31.79,31.79,33.98,31.35,33.69,8816361,289394169.39
2026-09-23,sz,001289,龙源电力,15.14,15.14,15.14,14.99,14.99,2569438,38618107.62
2026-09-23,sz,001296,长江材料,20.09,20.3,20.63,19.86,20.62,4467840,90891278.2
2026-09-23,sz,001298,好上好,17.09,17.1,17.26,16.98,17.13,6324030,108261063.55
2026-09-23,sz,001299,美能能源,10.45,10.45,10.45,10.26,10.32,5567374,57585137.63
2026-09-23,sz,001300,三柏硕,12.69,12.75,12.85,12.28,12.42,5383400,67136436.0
2026-09-23,sz,001301,尚太科技,50.08,49.83,50.08,48.12,48.63,5426154,264597534.2
2026-09-23,sz,001306,夏厦精密,57.07,57.0,57.0,56.0,56.82,887634,50131188.44
2026-09-23,sz,001308,康冠科技,18.16,18.06,18.35,18.06,18.25,1868112,34120286.2
2026-09-23,sz,001309,德明利,411.57,419.01,419.8,409.38,410.32,7966492,3291952914.17
2026-09-23,sz,001311,多利科技,17.22,17.22,17.41,17.03,17.14,2492187,42824052.91
2026-09-23,sz,001312,福恩股份,18.12,18.05,18.19,18.0,18.02,1740400,31461276.0
2026-09-23,sz,001313,粤海饲料,7.44,7.44,7.55,7.36,7.46,10151400,75710420.0
2026-09-23,sz,001314,亿道信息,54.95,54.74,56.6,54.74,56.02,3708800,206895732.0
2026-09-23,sz,001316,润贝航科,28.9,28.69,28.84,28.08,28.44,3341933,94917666.2
2026-09-23,sz,001317,三羊马,65.96,63.98,64.12,59.36,59.36,11840379,718069028.89
2026-09-23,sz,001318,阳光乳业,11.83,11.77,11.83,11.6,11.7,2429200,28421990.0
2026-09-23,sz,001319,铭科精技,22.33,22.44,22.54,22.03,22.03,1623700,36150143.0
2026-09-23,sz,001322,箭牌家居,6.95,7.1,7.55,6.69,6.71,27810746,194509560.52
2026-09-23,sz,001323,慕思股份,17.76,17.82,18.37,17.62,17.98,2137212,38694737.44
2026-09-23,sz,001324,长青科技,21.64,21.6,21.86,21.13,21.18,3640296,77932543.96
2026-09-23,sz,001325,元创股份,37.24,37.13,37.32,36.58,36.9,830575,30657514.0
2026-09-23,sz,001326,联域股份,98.55,100.32,108.41,99.0,107.0,4443102,469831577.96
2026-09-23,sz,001328,登康口腔,30.32,30.33,30.45,29.68,29.76,557944,16710073.24
2026-09-23,sz,001330,博纳影业,5.52,5.48,5.85,5.17,5.75,191242290,1052904921.36
2026-09-23,sz,001331,胜通能源,45.55,45.55,46.47,42.61,42.78,11687317,517046887.68
2026-09-23,sz,001332,锡装股份,28.04,27.9,28.1,27.49,27.49,2355820,65114341.6
2026-09-23,sz,001333,光华股份,20.13,20.05,20.99,19.89,20.6,2844800,58074517.0
2026-09-23,sz,001335,信凯科技,33.65,33.79,33.94,33.31,33.67,509867,17126812.45
2026-09-23,sz,001336,楚环科技,19.74,19.74,19.8,19.1,19.44,2189219,42463434.23
2026-09-23,sz,001337,四川黄金,49.41,49.58,49.7,48.6,48.73,5827699,286018777.0
2026-09-23,sz,001338,永顺泰,9.11,9.1,9.45,9.0,9.18,10680922,98669757.22
2026-09-23,sz,001339,智微智能,81.3,81.36,81.36,79.51,79.7,3717111,297587032.84
2026-09-23,sz,001356,富岭股份,9.55,9.6,9.65,9.44,9.46,3329100,31590084.0
2026-09-23,sz,001358,兴欣新材,25.0,24.89,25.24,24.44,24.73,1605100,39572318.0
2026-09-23,sz,001359,平安电工,90.1,90.1,92.99,89.2,92.15,2321113,213514700.05
2026-09-23,sz,001360,南矿集团,21.06,21.04,21.22,20.22,20.25,3997900,82166087.03
2026-09-23,sz,001365,天海电子,36.58,36.59,36.69,36.11,36.5,4958345,180525066.46
2026-09-23,sz,001366,播恩集团,13.39,13.31,13.48,13.05,13.09,4150000,54609747.0
2026-09-23,sz,001367,海森药业,21.48,21.74,22.88,21.52,22.05,3421318,75836638.1
2026-09-23,sz,001368,通达创智,34.44,34.48,37.88,33.98,37.53,8879112,325440771.95
2026-09-23,sz,001369,双欣材料,12.52,12.52,12.61,12.43,12.45,3913169,48904054.51
2026-09-23,sz,001373,翔腾新材,31.12,31.12,32.23,30.62,31.39,5201410,163373816.46
2026-09-23,sz,001376,百通能源,12.92,12.8,13.0,12.08,12.42,33213325,412274519.7
2026-09-23,sz,001378,德冠新材,23.4,23.6,23.66,23.0,23.48,6410012,149656069.4
2026-09-23,sz,001379,腾达科技,15.87,15.95,15.95,15.76,15.83,1070213,16959908.79
2026-09-23,sz,001380,华纬科技,18.61,18.62,18.84,18.56,18.82,1332176,24968165.28
2026-09-23,sz,001382,新亚电缆,16.58,16.58,16.63,16.4,16.42,1427204,23510054.6
2026-09-23,sz,001386,马可波罗,16.4,16.27,16.64,16.2,16.38,3565970,58455215.19
2026-09-23,sz,001387,雪祺电气,11.95,12.0,12.25,11.91,12.25,3525290,42705256.3
2026-09-23,sz,001388,信通电子,20.92,20.98,21.1,20.27,20.38,2971828,60824465.56
2026-09-23,sz,001389,广合科技,198.65,196.2,203.31,191.0,192.25,20355267,4010925726.77
2026-09-23,sz,001390,古麒绒材,17.55,17.49,17.98,17.49,17.76,2741005,48856526.53
2026-09-23,sz,001391,国货航,3.93,3.92,3.93,3.84,3.85,34411545,133216084.66
2026-09-23,sz,001393,维通利,42.3,42.3,44.41,42.3,43.41,4523304,195918172.16
2026-09-23,sz,001395,亚联机械,30.12,30.12,31.12,29.97,30.95,2158725,66080265.24
2026-09-23,sz,001396,誉帆科技,32.67,32.56,33.02,32.39,32.76,484569,15858132.68
2026-09-23,sz,001399,惠科股份,23.52,23.63,23.97,23.38,23.77,32204753,765075365.86
2026-09-23,sz,001400,江顺科技,76.96,76.95,79.84,75.16,78.38,2332573,180434317.51
2026-09-23,sz,001696,宗申动力,15.91,15.85,16.6,15.7,16.42,61876355,1004879407.27
2026-09-23,sz,001872,招商港口,22.91,22.78,23.0,22.73,22.81,1260804,28861061.12
2026-09-23,sz,001896,豫能控股,12.14,12.13,12.13,11.33,11.34,101475236,1171324983.61
2026-09-23,sz,001914,招商积余,9.14,9.1,9.43,9.08,9.13,13715600,127095181.5
2026-09-23,sz,001965,招商公路,9.8,9.78,9.89,9.74,9.86,8000590,78640272.84
2026-09-23,sz,001979,招商蛇口,7.27,7.22,7.54,7.21,7.25,158287698,1166390670.44
2026-09-23,sz,002001,新 和 成,26.66,26.56,26.72,26.24,26.34,13597509,358992147.6
2026-09-23,sz,002003,伟星股份,11.29,11.26,11.38,11.21,11.25,7105730,80210033.8
2026-09-23,sz,002004,华邦健康,4.41,4.41,4.44,4.36,4.37,20351500,89622774.0
2026-09-23,sz,002005,德豪润达,2.68,2.69,2.73,2.63,2.66,32115701,85786193.67
2026-09-23,sz,002006,精工科技,13.48,13.49,13.6,13.38,13.49,3711001,50106660.47
2026-09-23,sz,002007,华兰生物,13.27,13.3,13.45,13.25,13.3,10732329,143353352.99
2026-09-23,sz,002008,大族激光,94.26,94.73,95.83,92.66,92.98,30957864,2902665552.61
2026-09-23,sz,002009,天奇股份,15.62,15.63,15.75,15.46,15.66,6003666,93556923.08
2026-09-23,sz,002010,传化智联,4.58,4.58,4.6,4.55,4.55,9768335,44639392.97
2026-09-23,sz,002011,盾安环境,14.76,14.64,14.75,14.21,14.33,40651117,585616707.71
2026-09-23,sz,002012,凯恩股份,7.21,7.16,7.26,7.07,7.1,8163300,58296788.0
2026-09-23,sz,002014,永新股份,10.94,10.91,10.98,10.89,10.9,930111,10166483.79
2026-09-23,sz,002015,协鑫能科,16.06,15.98,15.98,15.27,15.27,68867984,1069533668.96
2026-09-23,sz,002016,世荣兆业,4.77,4.77,4.9,4.74,4.77,13589668,65500946.67
2026-09-23,sz,002017,东信和平,14.94,14.88,14.89,14.4,14.46,16637090,241466425.41
2026-09-23,sz,002019,亿帆医药,9.59,9.56,9.65,9.54,9.55,5307201,50847096.56
2026-09-23,sz,002020,京新药业,11.63,11.63,11.73,11.58,11.68,7690934,89792502.46
2026-09-23,sz,002021,中捷资源,2.62,2.61,2.63,2.57,2.57,20968092,54417006.46
2026-09-23,sz,002022,科华生物,6.19,6.17,6.21,5.98,6.05,26136517,159043225.57
2026-09-23,sz,002023,海特高新,10.06,10.03,10.08,9.78,9.83,16240532,160735144.02
2026-09-23,sz,002024,ST易购,1.17,1.17,1.17,1.16,1.16,13075379,15193277.64
2026-09-23,sz,002025,航天电器,73.2,73.37,74.25,72.2,72.29,7407095,540489816.39
2026-09-23,sz,002026,山东威达,11.0,11.2,11.76,10.82,11.37,22867985,259563466.1
2026-09-23,sz,002027,分众传媒,4.75,4.73,4.79,4.71,4.75,87350441,415151005.64
2026-09-23,sz,002028,思源电气,128.4,129.68,129.68,125.7,128.56,15962003,2038961195.68
2026-09-23,sz,002029,七 匹 狼,9.11,9.09,9.09,8.41,8.42,37028284,317881151.27
2026-09-23,sz,002030,达安基因,5.58,5.6,5.68,5.58,5.6,20599644,116015636.44
2026-09-23,sz,002031,巨轮智能,5.28,5.25,5.36,5.12,5.27,84050755,440202654.05
2026-09-23,sz,002032,苏 泊 尔,39.3,39.3,39.74,39.06,39.1,1300400,51227367.0
2026-09-23,sz,002033,丽江股份,8.41,8.41,8.46,8.37,8.38,10953688,92019825.4
2026-09-23,sz,002034,旺能环境,14.5,14.47,14.52,14.38,14.4,3105500,44842411.0
2026-09-23,sz,002035,华帝股份,4.61,4.61,4.88,4.58,4.68,28731717,136287408.14
2026-09-23,sz,002036,联创电子,6.37,6.36,6.43,6.25,6.26,18928234,119453411.05
2026-09-23,sz,002037,保利联合,7.03,7.02,7.03,6.89,6.9,4113008,28604003.6
2026-09-23,sz,002038,双鹭药业,5.91,5.86,5.91,5.76,5.78,19559136,113735942.08
2026-09-23,sz,002039,黔源电力,19.18,19.18,19.24,18.96,19.03,4291884,81869937.22
2026-09-23,sz,002040,南 京 港,9.29,9.23,9.25,9.0,9.04,16970890,153676586.7
2026-09-23,sz,002041,登海种业,10.47,10.41,10.48,10.13,10.24,24567701,252561715.68
2026-09-23,sz,002042,华孚时尚,4.04,4.0,4.02,3.87,3.9,57691843,225564222.34
2026-09-23,sz,002043,兔 宝 宝,11.34,11.27,12.0,11.27,11.66,18652785,219044783.96
2026-09-23,sz,002044,美年健康,4.59,4.57,4.58,4.48,4.48,56197041,253769506.35
2026-09-23,sz,002045,国光电器,9.4,9.37,9.39,9.01,9.09,22168706,202451279.28
2026-09-23,sz,002046,国机精工,64.29,64.34,68.8,64.0,66.1,18811648,1245737497.68
2026-09-23,sz,002047,宝鹰股份,3.37,3.39,3.39,3.23,3.24,24832700,81251609.0
2026-09-23,sz,002048,宁波华翔,18.55,18.55,18.58,18.2,18.45,8387312,154294905.32
2026-09-23,sz,002049,紫光国微,61.86,61.86,61.86,61.0,61.37,8853274,543917635.11
2026-09-23,sz,002050,三花智控,36.2,36.3,36.39,35.85,35.99,26333785,948088978.14
2026-09-23,sz,002051,中工国际,8.99,9.42,9.57,9.1,9.13,45603042,419465451.41
2026-09-23,sz,002052,同洲电子,8.47,8.47,8.52,8.35,8.44,5612500,47339433.25
2026-09-23,sz,002053,云南能投,9.55,9.53,9.53,9.33,9.35,6319900,59339076.0
2026-09-23,sz,002054,德美化工,7.14,7.17,7.27,7.09,7.21,7752000,55853436.0
2026-09-23,sz,002055,ST得润,6.99,7.0,7.05,6.85,6.9,18477400,128066665.0
2026-09-23,sz,002056,横店东磁,20.33,20.39,20.55,20.08,20.41,13490888,274009276.78
2026-09-23,sz,002057,中钢天源,9.13,9.1,9.17,9.06,9.13,7146475,65159071.5
2026-09-23,sz,002058,紫竹高科,17.77,17.79,17.91,17.24,17.34,2276800,39665460.0
2026-09-23,sz,002059,云南旅游,4.59,4.62,4.68,4.51,4.55,72387400,331741281.0
2026-09-23,sz,002060,广东建工,3.05,3.04,3.07,3.03,3.04,14282992,43520276.76
2026-09-23,sz,002061,浙江交科,3.35,3.34,3.38,3.32,3.33,15540700,52035493.6
2026-09-23,sz,002062,宏润建设,9.59,9.61,9.68,9.42,9.58,14579125,138933908.7
2026-09-23,sz,002063,远光软件,5.38,5.4,5.41,5.29,5.29,17102958,91196864.05
2026-09-23,sz,002064,华峰化学,9.94,9.95,10.02,9.81,9.83,22998572,227411745.16
2026-09-23,sz,002065,东华软件,6.8,6.76,6.76,6.66,6.66,23393641,156684004.88
2026-09-23,sz,002066,瑞泰科技,20.3,20.33,20.48,19.96,20.25,1990300,40164542.0
2026-09-23,sz,002067,景兴纸业,4.1,4.13,4.13,4.01,4.02,19107469,77406566.69
2026-09-23,sz,002068,黑猫股份,10.35,9.98,10.18,9.78,9.86,60437180,600958153.81
2026-09-23,sz,002069,獐子岛,3.74,3.72,3.74,3.65,3.68,11938800,44020639.0
2026-09-23,sz,002072,凯瑞德,7.31,7.33,7.4,7.13,7.33,8752900,63375149.0
2026-09-23,sz,002073,软控股份,5.74,5.77,5.78,5.67,5.67,7750800,44298723.0
2026-09-23,sz,002074,国轩高科,27.73,27.62,27.81,27.0,27.28,32002861,874271601.64
2026-09-23,sz,002075,沙钢股份,3.57,3.56,3.63,3.52,3.53,28643960,102096968.4
2026-09-23,sz,002076,星光股份,2.16,2.16,2.16,2.09,2.11,22584000,47806725.0
2026-09-23,sz,002077,大港股份,14.09,14.0,14.28,13.69,14.19,45089855,630045921.01
2026-09-23,sz,002078,太阳纸业,13.68,13.72,13.84,13.61,13.74,12629446,173836674.44
2026-09-23,sz,002079,苏州固锝,9.06,9.06,9.14,9.0,9.08,17762443,161233974.15
2026-09-23,sz,002080,中材科技,62.5,61.41,63.1,60.26,60.7,61730305,3790896130.08
2026-09-23,sz,002081,金 螳 螂,5.23,5.25,5.66,5.15,5.32,400020167,2167347584.26
2026-09-23,sz,002082,ST万邦,11.12,11.28,11.9,11.21,11.37,24744803,285164304.61
2026-09-23,sz,002083,孚日股份,9.83,9.81,9.81,9.51,9.58,22435500,215529393.0
2026-09-23,sz,002084,海鸥住工,6.4,6.3,6.6,6.18,6.47,125093533,801172026.45
2026-09-23,sz,002085,万丰奥威,9.63,9.61,9.67,9.51,9.52,21319539,204370139.57
2026-09-23,sz,002086,东方海洋,2.07,2.08,2.08,2.0,2.05,55136135,112219128.79
2026-09-23,sz,002088,鲁阳节能,8.13,8.15,8.24,8.09,8.18,2091300,17110951.97
2026-09-23,sz,002090,金智科技,9.17,9.15,9.2,9.04,9.05,4422900,40267283.0
2026-09-23,sz,002091,江苏国泰,7.55,7.57,7.6,7.53,7.53,6462200,48838289.0
2026-09-23,sz,002092,中泰化学,4.52,4.5,4.51,4.4,4.41,30645200,136204902.0
2026-09-23,sz,002093,国脉科技,7.75,7.68,7.71,7.4,7.58,33075056,249233136.89
2026-09-23,sz,002094,青岛金王,5.38,5.38,5.42,5.1,5.13,31640234,164253132.08
2026-09-23,sz,002095,生 意 宝,16.22,16.06,16.11,15.56,15.7,10224985,160793191.9
2026-09-23,sz,002096,易普力,9.38,9.38,9.47,9.3,9.34,2515100,23600746.0
2026-09-23,sz,002097,山河智能,7.13,7.13,7.16,6.98,6.99,16255802,114864920.2
2026-09-23,sz,002098,浔兴股份,8.24,8.2,8.31,8.14,8.18,3947800,32387902.0
2026-09-23,sz,002099,海翔药业,5.63,5.6,5.95,5.53,5.94,44485034,257454997.03
2026-09-23,sz,002100,天康生物,7.85,7.85,7.91,7.73,7.74,12097600,94097273.0
2026-09-23,sz,002101,广东鸿图,8.73,8.73,8.77,8.63,8.63,2620519,22743465.63
2026-09-23,sz,002102,ST能特,2.76,2.76,2.8,2.71,2.71,9561000,26268326.0
2026-09-23,sz,002103,广博股份,6.9,6.84,6.88,6.63,6.74,12457300,83704990.0
2026-09-23,sz,002104,恒宝股份,11.68,11.63,11.68,10.9,10.93,59868198,663661114.78
2026-09-23,sz,002105,信隆健康,6.09,6.05,6.17,5.96,6.11,7428800,45142465.0
2026-09-23,sz,002106,莱宝高科,13.23,13.0,13.9,12.9,13.9,67532591,914291547.35
2026-09-23,sz,002107,沃华医药,7.33,7.29,7.38,7.2,7.21,16600180,120630072.4
2026-09-23,sz,002108,沧州明珠,4.39,4.38,4.4,4.35,4.36,11393478,49713195.5
2026-09-23,sz,002109,ST兴化,2.81,2.8,2.81,2.76,2.77,3860900,10739298.0
2026-09-23,sz,002110,三钢闽光,2.9,2.9,2.96,2.86,2.88,33870908,98272784.04
2026-09-23,sz,002111,威海广泰,9.45,9.45,9.5,9.37,9.39,4773720,44906685.0
2026-09-23,sz,002112,三变科技,14.6,14.66,14.66,14.08,14.13,9241303,131329070.28
2026-09-23,sz,002114,罗平锌电,7.37,7.33,7.4,7.2,7.24,4721500,34269745.0
2026-09-23,sz,002115,三维通信,10.22,10.19,10.19,9.99,10.0,27658333,277500343.46
2026-09-23,sz,002116,中国海诚,7.2,7.22,7.25,7.13,7.15,2199840,15774730.6
2026-09-23,sz,002117,东港股份,8.0,8.0,8.08,7.9,7.99,5804538,46356011.38
2026-09-23,sz,002119,康强电子,24.47,24.87,26.92,24.12,26.92,57324356,1478905678.29
2026-09-23,sz,002120,韵达股份,6.87,6.86,6.94,6.84,6.88,23112800,159288200.0
2026-09-23,sz,002121,科陆电子,4.39,4.49,4.6,4.37,4.41,48750929,217034888.22
2026-09-23,sz,002122,ST汇洲,2.78,2.79,2.79,2.74,2.74,5513200,15187953.0
2026-09-23,sz,002123,梦网科技,8.31,8.26,8.3,7.95,7.97,26949900,216664292.0
2026-09-23,sz,002124,天邦食品,2.17,2.14,2.15,2.03,2.04,178402369,370486351.6
2026-09-23,sz,002125,湘潭电化,12.23,12.23,12.28,12.1,12.14,6230684,75771522.76
2026-09-23,sz,002126,银轮股份,38.54,38.3,38.75,38.22,38.33,7702992,295859475.07
2026-09-23,sz,002127,南极电商,3.05,3.03,3.06,2.89,2.92,55925187,165127442.8
2026-09-23,sz,002128,电投能源,28.24,28.14,28.37,27.73,28.08,9767700,273525524.0
2026-09-23,sz,002129,TCL中环,9.61,9.6,9.69,9.49,9.61,92531440,888187657.29
2026-09-23,sz,002130,沃尔核材,16.84,16.76,17.04,16.55,16.57,25920304,432545784.62
2026-09-23,sz,002131,利欧股份,4.66,4.62,4.62,4.4,4.41,345218340,1543475342.86
2026-09-23,sz,002132,恒星科技,4.21,4.2,4.23,4.14,4.15,29637144,123491602.66
2026-09-23,sz,002133,广宇集团,2.89,2.9,2.96,2.85,2.87,17718020,51427738.4
2026-09-23,sz,002134,天津普林,26.95,26.78,28.7,26.78,27.47,28634828,797263734.27
2026-09-23,sz,002135,东南网架,6.18,6.15,6.26,6.1,6.17,10541639,65254707.68
2026-09-23,sz,002136,安 纳 达,11.87,11.87,11.92,11.69,11.78,3779700,44490783.0
2026-09-23,sz,002137,实益达,8.5,8.43,8.48,8.24,8.27,35447800,294724357.0
2026-09-23,sz,002138,顺络电子,54.35,54.26,55.2,53.21,54.66,25439519,1381660073.12
2026-09-23,sz,002139,拓邦股份,9.64,9.6,9.75,9.58,9.63,8571256,82833356.61
2026-09-23,sz,002140,东华科技,9.48,9.41,9.46,9.35,9.4,4571897,42928571.68
2026-09-23,sz,002141,贤丰控股,7.43,7.39,7.47,7.05,7.1,254030303,1830041777.27
2026-09-23,sz,002142,宁波银行,34.72,34.69,34.87,34.31,34.72,17732962,613013492.74
2026-09-23,sz,002144,宏达高科,10.9,10.95,10.97,10.75,10.84,2786800,30229587.0
2026-09-23,sz,002145,钛能化学,4.7,4.77,4.9,4.75,4.86,100624915,487586625.52
2026-09-23,sz,002146,荣盛发展,1.24,1.25,1.36,1.24,1.27,485827759,635563207.06
2026-09-23,sz,002148,北纬科技,6.62,6.7,6.7,6.34,6.37,20712713,133239725.68
2026-09-23,sz,002149,西部材料,33.59,33.59,33.65,32.82,32.91,9906680,327594415.6
2026-09-23,sz,002150,正泰电源,21.7,21.71,22.19,21.18,21.88,8163400,177271935.52
2026-09-23,sz,002151,北斗星通,29.75,30.3,30.75,29.75,29.84,26698618,805054851.99
2026-09-23,sz,002152,广电运通,9.33,9.31,9.34,9.17,9.18,17761925,163927266.0
2026-09-23,sz,002153,石基信息,7.91,7.83,7.9,7.66,7.66,19775391,152512975.16
2026-09-23,sz,002154,报 喜 鸟,3.85,3.84,3.86,3.81,3.82,16686102,63976854.62
2026-09-23,sz,002155,湖南黄金,25.0,25.12,25.18,24.77,24.82,29147735,726983644.68
2026-09-23,sz,002156,通富微电,63.52,63.56,65.0,62.7,62.8,74530121,4738870755.69
2026-09-23,sz,002157,正邦科技,3.01,3.01,3.02,2.95,2.96,125964403,374473012.97
2026-09-23,sz,002158,汉钟精机,28.06,28.0,28.46,27.93,28.28,5228799,147634676.39
2026-09-23,sz,002159,三特索道,13.52,13.45,13.65,13.38,13.46,2193000,29582569.0
2026-09-23,sz,002160,常铝股份,3.92,3.93,3.94,3.87,3.88,8312100,32415681.0
2026-09-23,sz,002161,远 望 谷,6.93,6.88,6.93,6.71,6.74,41404387,280776830.48
2026-09-23,sz,002162,悦心健康,4.21,4.22,4.26,4.15,4.15,17224558,72059134.5
2026-09-23,sz,002163,海南发展,7.92,7.88,7.91,7.6,7.6,28569571,219837669.44
2026-09-23,sz,002164,宁波东力,11.74,11.63,11.98,11.2,11.87,43345763,497952168.03
2026-09-23,sz,002165,红 宝 丽,7.38,7.27,7.3,7.0,7.01,68817151,488851570.96
2026-09-23,sz,002166,莱茵生物,6.78,6.77,6.8,6.71,6.75,5370405,36279425.8
2026-09-23,sz,002167,东方锆业,16.59,16.67,16.68,16.16,16.36,29823359,486075559.21
2026-09-23,sz,002168,ST惠程,3.69,3.69,3.7,3.58,3.58,5896500,21355672.0
2026-09-23,sz,002169,智光电气,14.49,14.52,14.6,13.85,13.88,37482280,526944087.52
2026-09-23,sz,002170,芭田股份,10.82,10.8,10.83,10.71,10.81,8985300,96842796.0
2026-09-23,sz,002171,楚江新材,10.62,10.63,10.92,10.45,10.65,45238926,482348390.99
2026-09-23,sz,002172,澳洋健康,5.6,5.58,5.63,5.33,5.35,152564991,827656442.43
2026-09-23,sz,002173,创新医疗,18.68,18.45,18.54,18.05,18.06,22113560,402853607.61
2026-09-23,sz,002174,游族网络,14.4,14.31,14.5,14.1,14.33,34340848,491094761.8
2026-09-23,sz,002175,*ST东智,2.55,2.55,2.56,2.51,2.51,7722320,19513913.2
2026-09-23,sz,002176,江特电机,8.6,8.55,8.58,8.37,8.4,33258917,280760199.89
2026-09-23,sz,002177,御银股份,5.75,5.72,5.74,5.48,5.5,24906388,138273646.12
2026-09-23,sz,002178,延华智能,5.59,5.21,5.4,5.04,5.1,114847676,597498834.09
2026-09-23,sz,002179,中航光电,35.18,35.18,35.22,34.75,34.77,13362452,466221941.33
2026-09-23,sz,002180,奔图科技,17.72,17.6,17.67,17.08,17.13,12491439,215955739.68
2026-09-23,sz,002181,粤 传 媒,9.72,9.67,9.69,9.08,9.12,69397937,642053276.23
2026-09-23,sz,002182,宝武镁业,11.63,11.61,11.73,11.52,11.66,7362103,85637753.89
2026-09-23,sz,002183,怡 亚 通,4.42,4.39,4.42,4.3,4.3,44906226,195175906.8
2026-09-23,sz,002184,海得控制,9.98,10.01,10.01,9.87,9.93,2034485,20174595.05
2026-09-23,sz,002185,华天科技,18.28,18.28,18.62,17.82,18.37,331465357,6037596524.74
2026-09-23,sz,002186,全 聚 德,9.57,9.58,9.65,9.46,9.51,3244800,30911886.0
2026-09-23,sz,002187,广百股份,5.61,5.58,5.62,5.48,5.49,8962540,49650059.2
2026-09-23,sz,002188,中天服务,5.61,5.57,5.96,5.54,5.71,13726482,78471561.68
2026-09-23,sz,002189,中光学,19.33,19.48,19.48,19.0,19.21,1809201,34617839.14
2026-09-23,sz,002190,成飞集成,24.29,24.29,24.29,23.74,23.75,3967248,94734638.81
2026-09-23,sz,002191,劲嘉股份,3.67,3.65,3.68,3.61,3.62,9336300,33976270.0
2026-09-23,sz,002192,融捷股份,62.69,62.7,62.75,60.69,60.83,9140829,559476266.04
2026-09-23,sz,002193,ST如意,4.66,4.65,4.76,4.6,4.66,3017400,14125008.0
2026-09-23,sz,002194,武汉凡谷,10.97,10.95,10.96,10.56,10.67,27048343,289021888.96
2026-09-23,sz,002195,岩山科技,6.21,6.2,6.21,6.09,6.09,56883170,348285180.19
2026-09-23,sz,002196,方正电机,10.21,10.26,10.26,10.04,10.09,9690770,97970221.7
2026-09-23,sz,002197,证通电子,6.73,6.73,6.73,6.46,6.52,16252700,106395059.99
2026-09-23,sz,002198,ST嘉应,3.7,3.67,3.68,3.62,3.63,2211000,8060106.93
2026-09-23,sz,002199,东晶电子,12.79,12.75,12.89,12.37,12.45,6889447,86308912.39
2026-09-23,sz,002200,交投生态,6.57,6.61,6.63,6.47,6.5,2513400,16403216.0
2026-09-23,sz,002201,九鼎新材,10.52,10.37,10.46,10.01,10.04,48931321,496694426.59
2026-09-23,sz,002202,金风科技,17.97,17.91,18.05,17.75,17.83,46873809,837164400.49
2026-09-23,sz,002203,海亮股份,18.15,18.2,18.96,17.95,18.53,23541473,435601752.7
2026-09-23,sz,002204,大连重工,5.45,5.45,5.48,5.36,5.38,28014542,151534685.88
2026-09-23,sz,002205,国统股份,10.87,10.83,11.96,10.67,11.62,10726551,125544343.96
2026-09-23,sz,002206,海 利 得,4.97,4.97,5.0,4.95,4.98,5325303,26510537.97
2026-09-23,sz,002207,*ST准油,5.55,5.53,5.54,5.4,5.45,3979606,21741578.76
2026-09-23,sz,002208,合肥城建,10.42,10.38,10.69,10.32,10.34,32788460,343442861.64
2026-09-23,sz,002209,达 意 隆,13.46,13.46,13.62,13.31,13.62,3366700,45338210.0
2026-09-23,sz,002210,飞马国际,2.16,2.16,2.16,2.09,2.09,62826749,132996330.39
2026-09-23,sz,002211,ST宏达,3.82,3.81,3.85,3.8,3.81,3217001,12290127.81
2026-09-23,sz,002212,天融信,7.32,7.25,7.3,7.05,7.06,90499039,645273825.89
2026-09-23,sz,002213,大为股份,29.09,29.17,29.42,28.85,29.34,9334171,272368754.51
2026-09-23,sz,002214,大立科技,18.63,18.63,18.82,18.5,18.54,4753080,88579991.8
2026-09-23,sz,002215,诺 普 信,9.8,9.8,9.86,9.73,9.76,9679587,94740151.93
2026-09-23,sz,002216,三全食品,11.7,11.72,11.8,11.56,11.57,3628980,42322006.0
2026-09-23,sz,002217,ST合力泰,1.61,1.61,1.62,1.55,1.55,140922800,221411837.0
2026-09-23,sz,002218,拓日新能,4.17,4.13,4.14,3.81,3.89,114863173,450295623.51
2026-09-23,sz,002219,新里程,2.16,2.15,2.16,2.07,2.08,115900300,244216744.0
2026-09-23,sz,002221,东华能源,5.75,5.73,5.79,5.66,5.7,10316499,58879551.85
2026-09-23,sz,002222,福晶科技,71.15,71.43,71.85,68.81,69.93,22604879,1578335564.23
2026-09-23,sz,002223,鱼跃医疗,26.57,26.55,26.97,26.45,26.78,7676716,205460855.15
2026-09-23,sz,002224,三 力 士,3.78,3.76,3.77,3.7,3.71,8307000,30972242.0
2026-09-23,sz,002225,濮耐股份,3.57,3.54,3.58,3.48,3.49,22318400,78532295.0
2026-09-23,sz,002226,江南化工,5.45,5.44,5.49,5.12,5.15,45552656,239846046.76
2026-09-23,sz,002227,*ST特迅,6.46,6.48,6.52,6.44,6.46,630000,4074843.0
2026-09-23,sz,002228,合兴包装,3.23,3.21,3.24,3.17,3.17,16299180,52102760.4
2026-09-23,sz,002229,鸿博股份,11.14,11.15,11.15,10.61,10.62,30457977,327215943.22
2026-09-23,sz,002230,科大讯飞,39.12,39.13,39.15,38.71,38.72,13706550,531733324.16
2026-09-23,sz,002232,启明信息,15.62,15.6,15.87,15.13,15.16,11210795,171557659.64
2026-09-23,sz,002233,塔牌集团,7.14,7.14,7.26,7.08,7.12,23352647,166933683.43
2026-09-23,sz,002234,民和股份,7.94,7.92,7.94,7.82,7.83,3028174,23795758.92
2026-09-23,sz,002235,安妮股份,8.08,8.03,8.08,7.83,7.84,18519900,146452865.98
2026-09-23,sz,002236,大华股份,15.89,15.86,15.91,15.8,15.85,15156079,240200882.29
2026-09-23,sz,002237,恒邦股份,13.59,13.56,13.6,13.28,13.33,17849363,238854401.87
2026-09-23,sz,002238,天威视讯,6.96,7.66,7.66,7.66,7.66,11440613,87635095.58
2026-09-23,sz,002239,奥特佳,2.51,2.5,2.54,2.48,2.48,45371161,113690370.03
2026-09-23,sz,002240,盛新锂能,27.45,27.45,27.46,26.53,26.62,19406914,519302439.96
2026-09-23,sz,002241,歌尔股份,24.64,24.84,25.08,24.4,24.45,105604911,2602324382.65
2026-09-23,sz,002242,九阳股份,9.54,9.53,10.03,9.49,9.76,24492173,238756025.42
2026-09-23,sz,002243,力合科创,7.15,7.15,7.18,7.04,7.05,7680810,54588987.7
2026-09-23,sz,002244,滨江集团,8.75,8.68,8.96,8.57,8.6,51884821,454084304.46
2026-09-23,sz,002245,蔚蓝锂芯,16.87,16.88,16.93,16.6,16.86,41013995,688666787.29
2026-09-23,sz,002246,北化股份,27.33,27.33,28.3,25.41,25.59,66353025,1756763919.51
2026-09-23,sz,002247,聚力文化,2.46,2.45,2.47,2.42,2.44,17220000,42094498.0
2026-09-23,sz,002248,华东数控,9.6,9.59,9.61,9.38,9.54,14035445,133234984.25
2026-09-23,sz,002249,大洋电机,6.5,6.5,6.51,6.42,6.44,21394518,137931702.41
2026-09-23,sz,002250,联化科技,14.45,14.45,14.82,14.34,14.74,11348029,166573205.46
2026-09-23,sz,002251,步步高,3.56,3.55,3.56,3.46,3.48,67503518,236605455.47
2026-09-23,sz,002252,上海莱士,4.98,4.97,5.03,4.96,4.97,30474338,152099753.0
2026-09-23,sz,002253,川大智胜,10.27,9.24,9.24,9.24,9.24,1816300,16782612.0
2026-09-23,sz,002254,泰和新材,12.57,12.52,12.79,12.51,12.75,14689391,186538025.97
2026-09-23,sz,002255,海陆重工,7.65,7.65,7.69,7.59,7.59,5163302,39311653.22
2026-09-23,sz,002256,兆新股份,3.25,3.23,3.24,3.17,3.17,28708000,91554609.0
2026-09-23,sz,002258,利尔化学,14.86,14.86,14.95,14.51,14.74,20389844,299329574.09
2026-09-23,sz,002259,升达林业,4.97,4.91,5.14,4.72,4.78,67340334,329318549.52
2026-09-23,sz,002261,拓维信息,25.88,25.73,25.82,25.24,25.24,30564155,776401841.54
2026-09-23,sz,002262,恩华药业,21.84,21.72,22.12,21.72,22.0,3685609,81081847.28
2026-09-23,sz,002263,大东南,3.2,3.19,3.28,3.16,3.17,44230608,141318485.44
2026-09-23,sz,002264,新 华 都,7.97,7.6,7.76,7.38,7.44,82164405,620268668.55
2026-09-23,sz,002265,建设工业,19.79,19.6,19.77,19.36,19.62,11492617,224676993.3
2026-09-23,sz,002266,浙富控股,4.99,4.99,5.01,4.79,4.79,71699951,347667732.46
2026-09-23,sz,002267,陕天然气,7.18,7.17,7.19,7.12,7.12,3274300,23385853.0
2026-09-23,sz,002268,电科网安,15.11,15.05,15.08,14.86,14.92,11451961,170978347.99
2026-09-23,sz,002269,美邦服饰,1.42,1.41,1.44,1.39,1.39,57323900,80708745.0
2026-09-23,sz,002270,华明装备,18.23,18.24,18.45,17.87,17.93,8677760,155796002.49
2026-09-23,sz,002271,东方雨虹,10.72,10.72,10.95,10.68,10.7,41128572,444597811.82
2026-09-23,sz,002272,川润股份,16.42,16.41,16.7,16.0,16.02,20473113,332876640.81
2026-09-23,sz,002273,水晶光电,25.85,25.86,26.4,25.7,26.19,34591569,905493898.1
2026-09-23,sz,002274,华昌化工,6.18,6.14,6.16,6.01,6.14,22414590,136481774.38
2026-09-23,sz,002275,桂林三金,12.28,12.28,12.32,12.2,12.23,936812,11474320.4
2026-09-23,sz,002276,万马股份,10.02,10.03,10.04,9.9,9.91,10454700,103998702.0
2026-09-23,sz,002277,友阿股份,5.45,5.43,5.46,5.35,5.36,15928000,85768821.0
2026-09-23,sz,002278,神开股份,8.04,8.09,8.3,7.89,7.91,9983647,80023796.77
2026-09-23,sz,002279,久其软件,7.01,6.94,7.01,6.66,6.66,43710153,295428730.4
2026-09-23,sz,002281,光迅科技,190.37,192.75,192.75,187.08,190.0,19675627,3736563218.56
2026-09-23,sz,002282,博深股份,6.1,6.09,6.13,6.07,6.07,2569101,15639808.07
2026-09-23,sz,002283,天润工业,8.11,8.14,8.16,7.93,7.99,13211510,105732592.8
2026-09-23,sz,002284,亚太股份,9.81,9.86,9.86,9.57,9.59,16994846,164175655.42
2026-09-23,sz,002285,世联行,3.2,3.21,3.52,3.12,3.17,411094484,1373545065.7
2026-09-23,sz,002286,保龄宝,7.95,7.91,8.75,7.86,8.75,39475286,335566643.66
2026-09-23,sz,002287,奇正藏药,19.71,19.78,19.84,19.55,19.55,1057108,20815282.44
2026-09-23,sz,002289,宇顺电子,36.81,36.55,36.78,35.72,35.94,3464000,125212894.0
2026-09-23,sz,002290,禾盛新材,77.85,74.8,78.07,74.51,74.65,17219814,1302813052.16
2026-09-23,sz,002291,遥望科技,5.71,5.7,5.7,5.47,5.49,33654739,186341147.41
2026-09-23,sz,002292,奥飞娱乐,9.13,9.06,9.1,8.68,8.71,46732367,412366607.45
2026-09-23,sz,002293,罗莱生活,10.75,10.77,10.83,10.68,10.78,1756788,18908964.1
2026-09-23,sz,002294,信立泰,31.18,31.21,31.28,30.93,30.98,7222982,224386580.72
2026-09-23,sz,002295,精艺股份,10.49,10.65,10.8,10.11,10.18,12189680,125600951.93
2026-09-23,sz,002296,辉煌科技,9.48,9.52,9.59,9.43,9.55,9085634,86421712.36
2026-09-23,sz,002297,博云新材,21.86,22.2,22.33,21.06,21.3,57194132,1228641791.33
2026-09-23,sz,002298,中电鑫龙,8.97,8.96,8.97,8.62,8.62,41872423,365367063.43
2026-09-23,sz,002299,圣农发展,16.12,16.14,16.15,15.91,15.91,5133033,82156762.36
2026-09-23,sz,002300,太阳电缆,8.31,8.14,8.22,7.88,7.98,60071229,479929689.67
2026-09-23,sz,002301,齐心集团,9.27,9.45,9.45,8.61,8.76,60556553,539274246.36
2026-09-23,sz,002302,西部建设,4.71,4.72,4.96,4.68,4.79,14004558,67480133.59
2026-09-23,sz,002303,美盈森,6.9,6.56,7.01,6.55,6.7,220666509,1503633461.5
2026-09-23,sz,002304,洋河股份,38.35,38.35,38.76,37.97,38.03,5566784,213428058.05
2026-09-23,sz,002305,*ST南置,2.04,2.03,2.09,2.02,2.02,26675713,54854403.66
2026-09-23,sz,002306,ST云网,2.22,2.22,2.22,2.16,2.19,8249200,18062748.0
2026-09-23,sz,002307,北新路桥,3.02,3.02,3.07,2.97,2.99,25143848,75831281.88
2026-09-23,sz,002309,中利集团,2.96,2.94,2.95,2.81,2.82,124334700,355517730.03
2026-09-23,sz,002310,东方新能,2.28,2.27,2.28,2.22,2.23,89713770,201028029.22
2026-09-23,sz,002311,海大集团,42.1,42.09,42.09,41.2,41.44,8462670,351175815.55
2026-09-23,sz,002312,川发龙蟒,8.65,8.66,8.67,8.41,8.41,25825000,219197453.7
2026-09-23,sz,002313,日海智能,9.3,9.67,9.98,9.17,9.31,59557314,566787080.48
2026-09-23,sz,002314,南山控股,2.32,2.31,2.49,2.31,2.34,62792719,149990685.73
2026-09-23,sz,002315,焦点科技,25.87,25.73,26.16,25.33,25.6,11597938,298340062.2
2026-09-23,sz,002316,亚联发展,4.38,4.4,4.42,4.23,4.25,14507800,62277144.0
2026-09-23,sz,002317,众生药业,25.51,25.76,25.77,24.85,24.92,17804200,448540920.8
2026-09-23,sz,002318,久立特材,18.24,18.23,18.36,18.1,18.31,3817600,69579577.0
2026-09-23,sz,002319,乐通股份,10.17,10.07,10.38,10.01,10.06,5194800,52755224.0
2026-09-23,sz,002320,海峡股份,6.67,6.66,6.66,6.4,6.41,36909379,239452209.64
2026-09-23,sz,002321,华英农业,2.22,2.17,2.2,2.05,2.06,135304610,284886384.13
2026-09-23,sz,002322,理工能科,12.14,12.12,12.14,11.95,12.0,3808000,45742843.53
2026-09-23,sz,002323,*ST雅博,1.27,1.26,1.27,1.25,1.25,31706310,39875711.73
2026-09-23,sz,002324,普利特,9.19,9.18,9.23,9.09,9.13,10063295,92042054.35
2026-09-23,sz,002326,永太科技,17.18,17.17,17.18,16.88,16.96,12523406,212691512.43
2026-09-23,sz,002327,富安娜,6.12,6.11,6.13,6.08,6.12,2004300,12244518.0
2026-09-23,sz,002328,新朋股份,8.77,8.8,9.19,8.8,8.92,78595408,703360472.02
2026-09-23,sz,002329,皇氏集团,3.7,3.69,3.71,3.58,3.63,25166851,91449817.52
2026-09-23,sz,002330,得利斯,4.13,4.09,4.13,4.04,4.08,8461300,34585750.0
2026-09-23,sz,002331,皖通科技,6.9,6.9,6.91,6.72,6.84,6301000,42861551.0
2026-09-23,sz,002332,仙琚制药,8.74,8.75,8.8,8.71,8.73,9178650,80369102.5
2026-09-23,sz,002333,罗普斯金,5.62,5.63,5.89,5.55,5.79,16765500,96723873.0
2026-09-23,sz,002334,英威腾,6.59,6.59,6.75,6.51,6.54,14173510,93519039.24
2026-09-23,sz,002335,科华数据,30.26,30.27,33.29,29.86,32.63,75007476,2400854768.1
2026-09-23,sz,002337,赛象科技,4.77,4.76,4.96,4.68,4.87,23041180,111386080.2
2026-09-23,sz,002338,奥普光电,45.15,44.71,47.2,44.65,46.7,10494585,486966702.11
2026-09-23,sz,002339,积成电子,7.8,7.77,7.8,7.41,7.49,37279879,281127298.65
2026-09-23,sz,002340,格林美,6.26,6.27,6.28,6.21,6.22,33798308,210776270.62
2026-09-23,sz,002342,巨力索具,7.86,7.81,7.84,7.53,7.54,41104002,313538677.24
2026-09-23,sz,002343,慈文传媒,5.86,5.78,5.84,5.61,5.8,19691501,112657789.64
2026-09-23,sz,002344,海宁皮城,4.01,4.01,4.07,3.98,3.98,6953619,27983807.19
2026-09-23,sz,002345,潮宏基,8.7,8.78,8.78,8.6,8.61,9904916,85727409.93
2026-09-23,sz,002346,柘中股份,19.08,18.98,19.04,18.41,18.52,7528782,139930868.92
2026-09-23,sz,002347,泰尔股份,5.9,5.9,5.93,5.75,5.76,9192100,53263397.0
2026-09-23,sz,002348,高乐股份,10.95,11.0,11.0,10.72,10.86,8858100,95885517.0
2026-09-23,sz,002349,精华制药,8.74,8.78,8.8,8.54,8.57,58147427,501684253.12
2026-09-23,sz,002350,北京科锐,14.11,14.21,14.24,13.81,13.94,7402449,103379441.47
2026-09-23,sz,002351,漫步者,10.18,10.15,10.21,10.03,10.03,5224595,52867454.6
2026-09-23,sz,002352,顺丰控股,30.94,30.94,31.06,30.8,30.89,8667834,268335095.7
2026-09-23,sz,002353,杰瑞股份,118.92,118.95,118.95,110.51,116.84,27089112,3072368582.82
2026-09-23,sz,002354,天娱数科,8.11,8.01,8.01,7.53,7.53,246737754,1902783706.29
2026-09-23,sz,002355,兴民智通,4.75,4.74,4.74,4.6,4.61,9154354,42613392.02
2026-09-23,sz,002356,鹏飞绿能,2.74,2.72,2.74,2.68,2.69,14918770,40352853.7
2026-09-23,sz,002357,富临运业,12.15,12.15,12.18,11.92,11.95,6669100,80162510.0
2026-09-23,sz,002358,森源电气,5.33,5.33,5.33,5.14,5.17,22604500,117630384.0
2026-09-23,sz,002360,ST同德,5.39,5.3,5.47,5.3,5.34,4286500,23020159.0
2026-09-23,sz,002361,神剑股份,10.42,10.34,10.38,10.08,10.1,43691994,444242161.04
2026-09-23,sz,002362,汉王科技,16.53,16.46,16.51,15.82,15.93,8076885,129248409.53
2026-09-23,sz,002363,隆基机械,6.85,6.86,6.93,6.81,6.87,3202900,21997681.0
2026-09-23,sz,002364,中恒电气,36.6,36.59,37.03,36.18,36.34,13781423,502224259.95
2026-09-23,sz,002365,永安药业,14.43,14.31,14.35,13.8,13.84,16539600,230870469.0
2026-09-23,sz,002366,融发核电,5.78,5.77,5.77,5.58,5.58,29538132,166626582.54
2026-09-23,sz,002367,康力电梯,6.05,6.06,6.55,5.98,6.19,59838936,374222138.11
2026-09-23,sz,002368,太极股份,13.41,13.41,13.41,13.11,13.12,7186946,94664044.59
2026-09-23,sz,002369,卓翼科技,5.78,5.77,5.78,5.59,5.64,8802600,49784287.67
2026-09-23,sz,002370,亚太药业,5.39,5.39,5.39,5.23,5.24,15603690,82480794.7
2026-09-23,sz,002371,北方华创,672.92,675.01,677.0,666.12,668.15,3663621,2455113729.67
2026-09-23,sz,002372,伟星新材,8.18,8.18,8.38,8.15,8.26,8970501,74282353.33
2026-09-23,sz,002373,千方科技,7.49,7.47,7.49,7.37,7.38,9821345,72748888.55
2026-09-23,sz,002374,中锐股份,3.18,3.19,3.31,3.15,3.24,34289411,111430748.3
2026-09-23,sz,002375,亚厦股份,3.81,3.81,4.16,3.78,3.95,43303936,173293773.54
2026-09-23,sz,002376,新北洋,6.82,6.79,6.81,6.69,6.73,8275930,55757849.4
2026-09-23,sz,002377,国创高新,3.05,3.07,3.1,2.97,2.99,54071099,163092126.02
2026-09-23,sz,002378,章源钨业,23.6,23.62,23.62,23.09,23.19,14830456,344904349.45
2026-09-23,sz,002379,宏桥控股,17.1,17.06,17.1,16.45,16.51,34408710,571519111.02
2026-09-23,sz,002380,科远智慧,27.51,27.51,27.55,27.08,27.46,2430500,66376266.0
2026-09-23,sz,002381,双箭股份,5.59,5.62,5.62,5.54,5.57,2500100,13948959.0
2026-09-23,sz,002382,蓝帆医疗,5.96,5.96,5.96,5.85,5.86,7553700,44448170.0
2026-09-23,sz,002383,合众思壮,8.21,8.2,8.68,7.97,8.52,57578794,481232239.68
2026-09-23,sz,002384,东山精密,198.12,197.01,198.56,192.1,193.0,48486143,9439565548.25
2026-09-23,sz,002385,大北农,3.2,3.2,3.2,3.14,3.14,59965978,189388841.92
2026-09-23,sz,002386,天原股份,6.09,6.06,6.12,6.01,6.03,13054445,78843810.06
2026-09-23,sz,002387,维信诺,7.0,7.01,7.09,6.92,6.94,8537519,59706114.24
2026-09-23,sz,002388,新亚制程,7.95,7.93,8.21,7.75,7.96,57753456,459936890.72
2026-09-23,sz,002389,航天彩虹,18.94,18.87,18.9,18.58,18.66,11860405,221549452.52
2026-09-23,sz,002390,信邦制药,3.02,3.02,3.03,2.96,2.96,23326900,69826443.0
2026-09-23,sz,002391,长青股份,5.26,5.22,5.24,5.13,5.14,8137100,42069573.0
2026-09-23,sz,002392,北京利尔,7.72,7.72,7.78,7.64,7.64,7867600,60583614.0
2026-09-23,sz,002393,力生制药,14.01,14.02,14.07,13.91,13.93,1443528,20143410.96
2026-09-23,sz,002394,联发股份,10.41,10.35,10.45,10.28,10.33,2561600,26468683.0
2026-09-23,sz,002395,双象股份,12.64,12.64,12.98,12.43,12.77,5778650,73395551.0
2026-09-23,sz,002396,星网锐捷,37.72,37.98,37.99,36.44,36.52,70428196,2604531403.49
2026-09-23,sz,002397,梦洁股份,3.65,3.63,3.66,3.59,3.61,11151770,40340351.7
2026-09-23,sz,002398,垒知集团,4.23,4.21,4.27,4.18,4.2,8923600,37630333.0
2026-09-23,sz,002399,海普瑞,9.75,9.73,9.88,9.71,9.73,3278200,32093254.0
2026-09-23,sz,002400,省广集团,6.76,6.75,6.8,6.52,6.53,61896821,408449595.95
2026-09-23,sz,002401,中远海科,12.28,12.2,12.27,12.1,12.11,1957900,23824777.0
2026-09-23,sz,002402,和而泰,18.96,18.95,18.95,18.69,18.72,11449801,214856491.77
2026-09-23,sz,002403,爱仕达,10.38,10.38,10.42,10.1,10.1,14857174,151452195.36
2026-09-23,sz,002404,嘉欣丝绸,5.91,5.88,5.91,5.8,5.81,6974300,40688502.0
2026-09-23,sz,002405,四维图新,6.14,6.12,6.14,6.04,6.04,23362600,141863152.0
2026-09-23,sz,002406,远东传动,6.44,6.45,6.47,6.38,6.4,7736300,49624090.0
2026-09-23,sz,002407,多氟多,32.65,32.7,32.77,31.96,32.09,46815607,1508754495.25
2026-09-23,sz,002408,齐翔腾达,5.37,5.37,5.42,5.33,5.37,13159184,70638021.0
2026-09-23,sz,002409,雅克科技,135.5,137.0,138.3,135.71,137.28,11635542,1593800041.0
2026-09-23,sz,002410,广联达,8.62,8.6,8.61,8.45,8.46,18896860,160638538.8
2026-09-23,sz,002412,汉森制药,9.7,9.55,9.71,9.33,9.41,50111841,473973785.37
2026-09-23,sz,002413,雷科防务,8.3,8.26,8.5,8.05,8.15,60464664,496167845.6
2026-09-23,sz,002414,高德红外,12.23,12.21,12.25,12.02,12.02,35330505,426675214.03
2026-09-23,sz,002415,海康威视,33.18,33.19,33.2,32.93,33.11,27796362,918326932.96
2026-09-23,sz,002416,爱施德,9.23,9.2,9.22,8.97,9.01,13607225,123096923.5
2026-09-23,sz,002418,康盛股份,4.69,4.69,4.73,4.52,4.54,70779200,324420440.0
2026-09-23,sz,002419,天虹股份,4.66,4.65,4.68,4.57,4.57,10722392,49507784.5
2026-09-23,sz,002420,毅昌科技,6.14,6.17,6.17,6.06,6.11,4313300,26329802.0
2026-09-23,sz,002421,达实智能,3.28,3.25,3.29,3.16,3.16,93888998,300652745.58
2026-09-23,sz,002422,科伦药业,42.0,41.88,42.3,41.33,41.7,15645689,651657189.97
2026-09-23,sz,002423,中粮资本,9.35,9.3,9.34,9.22,9.23,8089704,74982554.01
2026-09-23,sz,002424,ST百灵,4.52,4.52,4.52,4.44,4.44,7989303,35714308.41
2026-09-23,sz,002425,凯撒文化,3.19,3.17,3.19,3.04,3.05,40484813,124882589.91
2026-09-23,sz,002426,胜利精密,2.69,2.65,2.96,2.65,2.96,235724799,687815195.27
2026-09-23,sz,002427,尤夫股份,4.66,4.64,4.67,4.56,4.56,7552787,34735069.72
2026-09-23,sz,002428,云南锗业,94.74,93.5,95.48,92.64,94.39,40294197,3781616430.61
2026-09-23,sz,002429,兆驰股份,8.25,8.22,8.31,8.17,8.24,31156031,256460255.88
2026-09-23,sz,002430,杭氧股份,25.6,25.6,25.74,25.27,25.35,7532652,191590190.36
2026-09-23,sz,002431,ST棕榈,1.34,1.34,1.36,1.33,1.33,10649300,14279556.0
2026-09-23,sz,002432,九安医疗,64.35,64.36,64.66,63.2,63.33,11021903,701026577.67
2026-09-23,sz,002434,万里扬,6.23,6.23,6.28,6.08,6.19,19613200,121199743.0
2026-09-23,sz,002436,兴森科技,44.23,44.47,47.66,44.47,45.9,153110743,7072081203.13
2026-09-23,sz,002437,誉衡药业,3.78,3.73,3.76,3.64,3.64,251293444,926098330.51
2026-09-23,sz,002438,江苏神通,13.69,13.61,13.9,13.58,13.8,3621400,49888846.0
2026-09-23,sz,002439,启明星辰,14.69,14.64,14.67,14.43,14.47,29220251,424547386.79
2026-09-23,sz,002440,闰土股份,12.94,13.07,13.36,12.71,13.06,37990335,494181687.37
2026-09-23,sz,002441,众业达,8.2,8.19,8.25,8.14,8.18,2820243,23113118.98
2026-09-23,sz,002442,龙星科技,5.85,5.7,5.73,5.5,5.56,42040510,234592869.78
2026-09-23,sz,002443,金洲管道,13.84,14.03,14.12,13.17,13.37,48066673,650666079.67
2026-09-23,sz,002444,巨星科技,28.1,28.1,28.15,27.81,28.0,5658625,158171851.26
2026-09-23,sz,002445,中南文化,3.17,3.16,3.19,3.11,3.11,44688446,140106160.68
2026-09-23,sz,002446,盛路通信,8.3,8.26,8.3,8.0,8.07,24397700,197080360.0
2026-09-23,sz,002448,中原内配,11.26,11.24,11.29,11.08,11.11,7369000,82180746.0
2026-09-23,sz,002449,国星光电,6.67,6.64,6.72,6.62,6.69,8584467,57204398.56
2026-09-23,sz,002451,摩恩电气,7.72,7.7,7.7,7.41,7.49,12916489,96912354.34
2026-09-23,sz,002452,长高电气,12.15,12.14,12.23,11.77,11.82,7405000,87963464.0
2026-09-23,sz,002453,华软科技,5.31,5.32,5.53,5.01,5.1,107073116,561823944.82
2026-09-23,sz,002454,松芝股份,5.08,5.08,5.17,5.07,5.13,6393295,32796663.55
2026-09-23,sz,002455,百川股份,7.03,7.02,7.02,6.86,6.9,18934910,130769842.94
2026-09-23,sz,002456,欧菲光,6.96,6.96,7.01,6.85,6.85,50593071,349350792.85
2026-09-23,sz,002457,青龙管业,11.51,11.42,11.61,11.26,11.3,16598300,189064492.0
2026-09-23,sz,002458,益生股份,8.35,8.33,8.33,8.19,8.21,24491209,201648166.93
2026-09-23,sz,002459,晶澳科技,6.92,6.89,6.98,6.86,6.88,20535445,141926819.49
2026-09-23,sz,002460,赣锋锂业,46.39,46.4,46.5,45.29,45.53,22480399,1025495549.06
2026-09-23,sz,002461,珠江啤酒,8.42,8.42,8.55,8.38,8.38,2796800,23642888.0
2026-09-23,sz,002462,嘉事堂,12.4,12.41,12.44,12.3,12.31,2091502,25823777.64
2026-09-23,sz,002463,沪电股份,125.14,124.66,129.67,124.11,128.1,61943825,7915170322.04
2026-09-23,sz,002465,海格通信,10.31,10.34,10.35,10.13,10.21,32331528,330201515.52
2026-09-23,sz,002466,天齐锂业,43.12,43.14,43.15,42.33,42.42,20225302,860767374.21
2026-09-23,sz,002467,二六三,5.09,5.01,5.08,4.85,4.86,137802169,677804672.07
2026-09-23,sz,002468,申通快递,14.85,14.81,15.05,14.76,14.77,10386208,154588955.65
2026-09-23,sz,002469,三维化学,6.19,6.26,6.33,6.1,6.12,8776200,54164446.0
2026-09-23,sz,002470,金正大,2.13,2.13,2.13,2.04,2.04,133075100,274584180.0
2026-09-23,sz,002471,中超控股,5.75,5.75,5.75,5.36,5.41,103814970,566963590.98
2026-09-23,sz,002472,双环传动,37.75,37.74,37.75,37.07,37.58,10359808,388185002.59
2026-09-23,sz,002474,榕基软件,6.55,6.64,6.65,6.36,6.38,17884484,114994195.98
2026-09-23,sz,002475,立讯精密,54.84,54.9,55.13,54.14,54.37,40857099,2226946517.27
2026-09-23,sz,002476,新叶股份,4.98,5.0,5.0,4.91,4.99,8100000,40160502.0
2026-09-23,sz,002478,常宝股份,6.48,6.46,6.5,6.4,6.47,10531700,67865132.0
2026-09-23,sz,002479,富春环保,5.95,5.95,5.95,5.86,5.89,8183900,48285766.0
2026-09-23,sz,002480,新筑股份,5.28,5.27,5.38,5.22,5.38,7781900,41204051.0
2026-09-23,sz,002481,双塔食品,4.27,4.27,4.32,4.22,4.24,8163523,34769666.94
2026-09-23,sz,002482,广田集团,1.38,1.37,1.43,1.35,1.37,102386200,142225159.41
2026-09-23,sz,002483,润邦股份,6.34,6.34,6.34,6.14,6.15,13351377,82905024.29
2026-09-23,sz,002484,江海股份,60.98,60.85,61.69,59.7,59.85,26505075,1596837557.9
2026-09-23,sz,002485,ST雪发,5.98,5.98,6.02,5.88,5.96,1884812,11220322.28
2026-09-23,sz,002486,嘉麟杰,2.78,2.77,2.78,2.7,2.72,20522800,56215343.0
2026-09-23,sz,002487,大金重工,38.08,37.9,38.45,36.67,37.89,58034116,2171750899.87
2026-09-23,sz,002488,金固股份,7.62,7.62,7.62,7.44,7.51,9654722,72561047.66
2026-09-23,sz,002489,浙江永强,3.08,3.09,3.12,3.04,3.04,27398931,84242664.84
2026-09-23,sz,002490,山东墨龙,7.35,7.28,7.3,7.11,7.13,20387821,146389605.15
2026-09-23,sz,002491,通鼎互联,24.03,24.45,24.52,23.1,24.28,167305033,3993222008.45
2026-09-23,sz,002492,恒基达鑫,6.39,6.39,6.39,6.13,6.3,10191950,63501632.5
2026-09-23,sz,002493,荣盛石化,13.13,13.2,13.66,13.1,13.55,51836386,694514239.11
2026-09-23,sz,002494,华斯股份,4.9,4.9,4.96,4.79,4.81,12391500,60286919.0
2026-09-23,sz,002495,佳隆股份,2.44,2.43,2.44,2.39,2.42,15701400,37939378.0
2026-09-23,sz,002496,辉丰股份,2.14,2.14,2.15,2.1,2.1,17382140,36781366.4
2026-09-23,sz,002497,雅化集团,16.75,16.7,16.76,16.37,16.38,18243487,300388622.53
2026-09-23,sz,002498,汉缆股份,6.5,6.48,6.49,6.27,6.27,63623100,402337528.26
2026-09-23,sz,002500,山西证券,5.28,5.28,5.3,5.24,5.25,13302821,70056805.28
2026-09-23,sz,002501,*ST利源,1.31,1.32,1.32,1.3,1.31,18483968,24157971.4
2026-09-23,sz,002506,协鑫集成,2.49,2.48,2.51,2.42,2.42,151098400,370994819.0
2026-09-23,sz,002507,涪陵榨菜,11.14,11.13,11.3,11.12,11.18,8297283,93034190.5
2026-09-23,sz,002508,老板电器,16.67,16.56,17.02,16.43,16.48,8073387,134769512.86
2026-09-23,sz,002510,天汽模,5.8,5.77,5.82,5.65,5.67,17706339,101188691.52
2026-09-23,sz,002511,中顺洁柔,7.07,7.05,7.12,7.0,7.0,7605142,53621440.2
2026-09-23,sz,002512,ST达华,4.01,3.99,4.01,3.86,3.86,19731100,77253975.0
2026-09-23,sz,002513,蓝丰生化,5.37,5.37,5.38,5.21,5.27,5505850,29139802.5
2026-09-23,sz,002514,*ST宝馨,2.6,2.61,2.62,2.48,2.49,28635400,72075822.0
2026-09-23,sz,002515,金字火腿,7.75,7.7,7.94,7.63,7.7,51676860,400457797.0
2026-09-23,sz,002516,旷达科技,5.69,5.69,5.97,5.66,5.91,32349684,188824462.64
2026-09-23,sz,002517,恺英网络,16.89,16.79,16.84,16.33,16.38,35804179,592228448.85
2026-09-23,sz,002518,科士达,39.16,39.11,39.82,38.85,38.97,11904066,467330253.88
2026-09-23,sz,002519,银河电子,5.99,5.94,5.95,5.77,5.77,43710348,254610245.7
2026-09-23,sz,002520,日发精机,6.38,6.39,6.39,6.2,6.25,17557402,110112994.02
2026-09-23,sz,002521,齐峰新材,6.36,6.37,6.37,6.25,6.27,4890800,30723100.0
2026-09-23,sz,002522,浙江众成,5.95,5.94,5.95,5.74,5.76,59306534,343651880.51
2026-09-23,sz,002523,天桥起重,3.38,3.37,3.4,3.36,3.38,10442300,35290063.76
2026-09-23,sz,002524,光正眼科,4.09,4.11,4.12,3.98,4.02,11875500,47909361.0
2026-09-23,sz,002526,山东矿机,2.63,2.63,2.68,2.6,2.6,23290427,61312235.82
2026-09-23,sz,002527,新时达,10.67,10.73,10.75,10.6,10.7,3016200,32204084.0
2026-09-23,sz,002528,*ST英飞,6.02,6.05,6.09,5.76,5.8,21442600,126065131.2
2026-09-23,sz,002529,海源复材,6.71,6.73,6.74,6.51,6.55,4316300,28467173.0
2026-09-23,sz,002530,金财互联,7.29,7.32,7.32,7.13,7.17,8133300,58475862.98
2026-09-23,sz,002531,天顺风能,7.34,7.26,7.27,7.02,7.16,99086750,705882976.19
2026-09-23,sz,002532,天山铝业,12.64,12.66,12.69,12.33,12.41,46068390,572657087.56
2026-09-23,sz,002533,金杯电工,10.9,10.9,10.9,10.79,10.89,3917311,42478963.36
2026-09-23,sz,002534,西子洁能,17.65,17.59,18.08,17.51,17.6,10509700,186833079.47
2026-09-23,sz,002535,林州重机,2.45,2.44,2.45,2.35,2.38,14276200,34219871.0
2026-09-23,sz,002536,飞龙股份,52.15,52.55,53.32,51.87,52.27,25195766,1319207397.7
2026-09-23,sz,002537,海联金汇,5.95,5.92,5.95,5.7,5.7,29301631,168933574.88
2026-09-23,sz,002538,ST司特,6.68,6.72,6.73,6.64,6.73,3704501,24755864.66
2026-09-23,sz,002539,云图控股,12.28,12.28,12.3,12.06,12.23,8482872,103235614.72
2026-09-23,sz,002540,亚太科技,5.01,5.03,5.25,4.98,5.03,15926000,81085571.0
2026-09-23,sz,002541,鸿路钢构,17.9,17.92,19.69,17.77,19.69,27357511,518832944.39
2026-09-23,sz,002542,*ST中岩,1.66,1.66,1.67,1.63,1.66,10322850,17031615.5
2026-09-23,sz,002543,万和电气,7.23,7.21,7.56,7.12,7.36,16160206,119105766.38
2026-09-23,sz,002544,普天科技,16.2,16.1,16.16,15.8,15.86,9729600,154808714.0
2026-09-23,sz,002545,东方铁塔,15.78,15.78,15.81,15.26,15.63,15024417,233061772.2
2026-09-23,sz,002546,新联电子,7.59,7.58,7.61,7.46,7.46,9131500,68450127.0
2026-09-23,sz,002547,*ST春兴,2.38,2.36,2.44,2.29,2.36,30983082,73206644.19
2026-09-23,sz,002548,金新农,4.03,4.03,4.03,3.92,3.93,21945940,86937134.2
2026-09-23,sz,002549,凯美特气,13.43,13.44,13.47,13.27,13.3,9151100,122113199.1
2026-09-23,sz,002550,千红制药,6.55,6.55,6.61,6.51,6.53,8014500,52586652.0
2026-09-23,sz,002551,尚荣医疗,3.4,3.38,3.42,3.32,3.33,11987024,40341411.16
2026-09-23,sz,002552,宝鼎科技,53.33,53.02,54.5,52.88,53.45,17029598,912146487.2
2026-09-23,sz,002553,南方精工,15.78,15.83,15.83,15.37,15.47,6832100,105933293.0
2026-09-23,sz,002554,惠博普,2.82,2.8,2.83,2.76,2.77,16337200,45577324.0
2026-09-23,sz,002555,三七互娱,17.83,17.76,17.78,17.37,17.39,23065982,403537175.38
2026-09-23,sz,002556,辉隆股份,5.15,5.18,5.19,5.11,5.13,7729650,39655980.5
2026-09-23,sz,002557,洽洽食品,18.18,18.18,18.43,18.11,18.12,5343734,97496104.88
2026-09-23,sz,002558,巨人网络,24.33,24.18,24.38,23.6,23.6,47046733,1122548930.61
2026-09-23,sz,002559,亚威股份,9.11,9.13,9.19,9.08,9.17,14061458,128578743.64
2026-09-23,sz,002560,通达股份,7.34,7.35,7.37,6.93,6.98,65569977,461401989.53
2026-09-23,sz,002561,徐家汇,7.49,7.5,7.56,7.37,7.37,6871000,51164335.92
2026-09-23,sz,002562,兄弟科技,4.93,4.92,5.03,4.86,4.98,24492885,120826877.6
2026-09-23,sz,002563,森马服饰,5.48,5.48,5.57,5.45,5.5,9939000,54852885.0
2026-09-23,sz,002564,天沃科技,5.45,5.54,6.0,5.47,5.49,115531404,668614954.57
2026-09-23,sz,002565,顺灏股份,9.08,9.01,9.04,8.65,8.66,65323405,573098143.47
2026-09-23,sz,002566,益盛药业,7.14,7.12,7.15,6.98,7.01,4487200,31651516.0
2026-09-23,sz,002567,唐人神,3.78,3.76,3.76,3.66,3.67,26399387,97708118.42
2026-09-23,sz,002568,百润股份,18.29,19.19,19.54,18.56,18.63,24581854,467105601.99
2026-09-23,sz,002569,*ST步森,11.46,11.5,11.73,11.3,11.6,1480600,17128043.0
2026-09-23,sz,002570,贝因美,4.47,4.46,4.46,4.39,4.4,11516119,50903043.6
2026-09-23,sz,002571,德力股份,11.21,11.15,11.28,11.0,11.02,3140200,34872761.0
2026-09-23,sz,002572,索菲亚,7.51,7.51,7.75,7.46,7.59,13626493,104233902.61
2026-09-23,sz,002573,清新环境,3.15,3.14,3.18,3.11,3.12,11279400,35414041.0
2026-09-23,sz,002574,明牌珠宝,5.11,5.1,5.12,5.01,5.02,5678500,28701535.0
2026-09-23,sz,002575,群兴玩具,5.39,5.3,5.35,5.11,5.12,36185500,187212186.0
2026-09-23,sz,002576,通达动力,14.47,14.44,14.5,14.21,14.41,1910500,27467254.0
2026-09-23,sz,002577,雷柏科技,22.58,22.5,22.69,22.12,22.3,7227173,161463253.02
2026-09-23,sz,002578,闽发铝业,4.2,4.18,4.26,4.13,4.14,18340900,76721595.0
2026-09-23,sz,002579,中京电子,18.88,18.87,19.27,18.3,18.6,84602877,1575608054.82
2026-09-23,sz,002580,圣阳股份,19.2,19.24,19.39,18.63,18.65,32328342,608155031.87
2026-09-23,sz,002581,*ST未名,5.39,5.33,5.49,5.17,5.18,7253100,38461039.0
2026-09-23,sz,002582,好想你,9.86,9.85,9.86,9.62,9.62,11092800,107548768.0
2026-09-23,sz,002583,海能达,8.18,8.13,8.19,8.01,8.02,12767300,102865283.0
2026-09-23,sz,002584,西陇科学,9.36,9.23,9.28,8.92,9.02,98220505,888246735.1
2026-09-23,sz,002585,双星新材,11.9,11.9,12.19,11.52,11.72,131430014,1547677295.04
2026-09-23,sz,002586,围海股份,3.73,3.75,3.83,3.71,3.77,7340700,27718330.0
2026-09-23,sz,002587,奥拓电子,5.33,5.34,5.36,5.22,5.24,7285110,38430729.5
2026-09-23,sz,002588,史丹利,7.74,7.74,7.74,7.63,7.64,9372722,71897953.18
2026-09-23,sz,002589,瑞康医药,3.59,3.51,3.57,3.37,3.38,246153492,849296694.64
2026-09-23,sz,002590,万安科技,9.65,9.68,9.72,9.56,9.62,3346129,32283933.69
2026-09-23,sz,002591,恒大高新,6.38,6.37,6.39,6.31,6.34,8149800,51754864.0
2026-09-23,sz,002592,ST八菱,6.45,6.45,6.48,6.39,6.42,1585160,10187636.6
2026-09-23,sz,002593,日上集团,4.58,4.58,4.62,4.53,4.53,8556800,39061925.0
2026-09-23,sz,002594,比亚迪,86.58,86.0,86.55,85.66,85.85,17315474,1488954609.76
2026-09-23,sz,002595,豪迈科技,39.71,39.97,40.06,39.62,39.77,3020831,120306385.94
2026-09-23,sz,002596,海南瑞泽,3.3,3.27,3.36,3.17,3.19,34677701,112515793.59
2026-09-23,sz,002597,金禾实业,22.17,22.18,22.25,21.9,21.99,3255657,71899074.01
2026-09-23,sz,002598,ST章鼓,7.05,7.1,7.1,6.95,6.95,2047909,14362774.59
2026-09-23,sz,002599,盛通股份,5.59,5.6,5.66,5.44,5.64,12120700,67181349.0
2026-09-23,sz,002600,领益智造,12.65,12.55,12.59,12.35,12.37,69573100,864055795.57
2026-09-23,sz,002601,龙佰集团,15.25,15.25,15.31,15.15,15.24,6175651,94024167.2
2026-09-23,sz,002602,世纪华通,14.62,14.58,14.6,14.25,14.34,90277007,1298703981.86
2026-09-23,sz,002603,以岭药业,15.58,15.52,15.66,15.46,15.46,9229940,143471470.6
2026-09-23,sz,002605,姚记科技,16.88,16.82,16.89,16.62,16.62,2873670,48054343.4
2026-09-23,sz,002606,大连电瓷,12.64,12.64,12.67,12.24,12.3,13027307,161342626.17
2026-09-23,sz,002607,中公教育,1.95,1.95,1.97,1.89,1.9,158506800,304522843.0
2026-09-23,sz,002608,江苏国信,7.3,7.32,7.35,7.25,7.27,11175400,81403242.0
2026-09-23,sz,002609,捷顺科技,7.84,7.82,7.85,7.73,7.77,3246674,25237502.98
2026-09-23,sz,002611,东方精工,13.91,13.88,14.56,13.8,14.38,32754661,466267792.74
2026-09-23,sz,002612,朗姿股份,17.26,17.22,17.38,16.85,17.23,5638100,96621534.0
2026-09-23,sz,002613,北玻股份,3.55,3.53,3.78,3.53,3.58,68968510,249638842.2
2026-09-23,sz,002614,奥佳华,6.88,7.57,7.57,7.18,7.57,131497699,991041805.05
2026-09-23,sz,002615,哈尔斯,6.41,6.42,6.49,6.35,6.36,6636199,42486508.12
2026-09-23,sz,002616,长青集团,4.88,4.9,4.9,4.78,4.79,5625400,27119820.0
2026-09-23,sz,002617,露笑科技,6.94,6.88,7.1,6.72,6.95,143653546,992243338.71
2026-09-23,sz,002620,*ST瑞和,5.71,5.69,5.84,5.65,5.82,5925360,34225949.4
2026-09-23,sz,002622,皓宸医疗,2.62,2.69,2.8,2.46,2.47,66478166,170625986.02
2026-09-23,sz,002623,亚玛顿,19.34,19.68,20.17,18.72,18.72,13789044,265172113.07
2026-09-23,sz,002624,完美世界,10.01,9.97,10.07,9.88,9.89,33177280,329955764.82
2026-09-23,sz,002625,光启技术,27.45,27.6,27.6,26.57,26.57,21911345,589130916.87
2026-09-23,sz,002626,金达威,16.76,16.77,17.08,16.73,16.78,3814828,64516816.04
2026-09-23,sz,002627,三峡旅游,6.74,6.76,6.8,6.69,6.7,6753500,45487545.2
2026-09-23,sz,002628,成都路桥,5.19,5.18,5.22,5.06,5.07,12940200,65962070.0
2026-09-23,sz,002629,仁智股份,4.36,4.36,4.36,4.21,4.24,11953600,51062473.0
2026-09-23,sz,002630,*ST华西,1.64,1.64,1.64,1.6,1.6,12239400,19841327.0
2026-09-23,sz,002631,德尔未来,14.13,14.2,14.3,13.58,13.6,54597353,757411288.3
2026-09-23,sz,002632,道明光学,9.81,9.81,9.85,9.63,9.73,18866700,183754912.95
2026-09-23,sz,002633,申科股份,14.43,15.11,15.87,14.67,15.87,7232966,111540202.95
2026-09-23,sz,002634,*ST棒杰,4.13,4.09,4.15,4.0,4.01,5968140,24222802.2
2026-09-23,sz,002635,安洁科技,15.26,15.29,16.79,15.27,16.79,32316182,530917089.84
2026-09-23,sz,002636,金安国纪,85.58,83.8,92.0,83.0,87.15,78114087,6777252392.05
2026-09-23,sz,002637,赞宇科技,11.2,11.1,11.16,10.85,10.95,13078200,143365481.0
2026-09-23,sz,002638,勤上股份,4.31,4.31,4.74,4.23,4.74,52689144,236393210.94
2026-09-23,sz,002639,雪人集团,14.05,14.02,14.07,13.74,13.75,51680517,716026739.37
2026-09-23,sz,002640,跨境通,3.75,3.71,3.73,3.48,3.51,173766300,618936614.0
2026-09-23,sz,002641,公元股份,3.84,3.85,3.89,3.81,3.81,5434568,20876768.96
2026-09-23,sz,002642,荣联科技,7.16,7.14,7.16,6.88,6.89,14351429,99709307.52
2026-09-23,sz,002643,万润股份,13.22,13.21,13.36,13.2,13.32,8874552,117996678.4
2026-09-23,sz,002644,佛慈制药,8.38,8.45,8.45,8.14,8.17,5706200,46860131.0
2026-09-23,sz,002645,华宏科技,18.41,18.42,18.7,18.17,18.58,18514040,342013252.98
2026-09-23,sz,002646,天佑德酒,7.06,7.03,7.77,7.03,7.34,37847250,284718670.52
2026-09-23,sz,002647,仁东控股,11.79,11.78,12.15,11.45,11.58,42616500,504178929.0
2026-09-23,sz,002648,卫星化学,26.96,26.78,27.01,26.63,26.82,18018294,483511945.28
2026-09-23,sz,002649,博彦科技,9.52,9.46,9.47,9.3,9.31,8183000,76504812.0
2026-09-23,sz,002650,ST加加,6.84,6.82,7.45,6.77,7.27,13845452,99567260.41
2026-09-23,sz,002651,利君股份,8.29,8.29,8.29,8.1,8.12,9170843,74689345.59
2026-09-23,sz,002652,扬子新材,4.83,4.82,4.83,4.67,4.69,12806400,60692571.0
2026-09-23,sz,002653,海思科,66.31,66.02,66.62,65.21,65.46,3654419,240069958.16
2026-09-23,sz,002654,万润科技,13.93,14.01,14.08,13.71,13.76,23597782,326646356.25
2026-09-23,sz,002655,共达电声,39.35,39.36,40.17,38.88,39.61,17632015,696341772.19
2026-09-23,sz,002656,摩登大道,2.8,2.8,2.82,2.76,2.77,10214200,28417435.0
2026-09-23,sz,002657,中科金财,15.8,15.69,15.79,15.25,15.27,7722055,118773934.25
2026-09-23,sz,002658,雪迪龙,7.4,7.37,7.4,7.3,7.35,2780620,20413087.4
2026-09-23,sz,002659,凯文教育,4.7,4.68,4.75,4.58,4.6,10631700,49192120.0
2026-09-23,sz,002660,茂硕电源,8.01,8.05,8.1,7.88,7.9,4615100,36613576.0
2026-09-23,sz,002661,克明食品,7.71,7.7,7.74,7.56,7.59,6212010,47201706.9
2026-09-23,sz,002662,峰璟股份,3.18,3.17,3.19,3.09,3.1,14734000,46183317.0
2026-09-23,sz,002663,普邦股份,1.74,1.73,1.75,1.69,1.69,26918494,46180758.86
2026-09-23,sz,002664,信质集团,14.94,15.03,15.04,14.84,14.88,2021890,30190031.1
2026-09-23,sz,002666,德联集团,4.23,4.22,4.35,4.2,4.25,18604900,79229671.0
2026-09-23,sz,002667,*ST威领,20.84,20.86,22.46,20.06,22.09,17124522,362431508.52
2026-09-23,sz,002668,TCL智家,9.01,9.01,9.03,8.84,8.91,14910382,132853659.8
2026-09-23,sz,002669,康达新材,13.99,14.02,14.79,13.95,14.52,42993400,622663527.0
2026-09-23,sz,002670,国盛证券,11.85,11.81,11.85,11.65,11.7,11564876,135481649.44
2026-09-23,sz,002671,龙泉股份,4.04,4.04,4.1,4.01,4.02,6332700,25602100.0
2026-09-23,sz,002672,东江环保,4.03,4.19,4.33,3.83,3.89,61712652,245164274.35
2026-09-23,sz,002673,西部证券,6.8,6.79,6.81,6.74,6.74,15440624,104469387.16
2026-09-23,sz,002674,兴业科技,20.65,20.6,20.65,19.93,20.25,9461701,190896119.22
2026-09-23,sz,002675,东诚药业,12.77,12.76,12.93,12.72,12.77,4038791,51814304.87
2026-09-23,sz,002676,顺威股份,5.34,5.35,5.38,5.29,5.3,7980099,42463605.69
2026-09-23,sz,002677,浙江美大,6.2,6.17,6.45,6.08,6.3,13463628,84984034.12
2026-09-23,sz,002678,珠江钢琴,4.49,4.49,4.52,4.41,4.43,7585450,33822223.5
2026-09-23,sz,002679,福建金森,10.96,10.98,11.0,10.48,10.53,8922945,94612295.1
2026-09-23,sz,002681,奋达科技,4.69,4.7,4.71,4.52,4.53,34431797,158363223.99
2026-09-23,sz,002682,龙洲股份,5.06,5.03,5.03,4.82,4.84,23562850,115292083.16
2026-09-23,sz,002683,广东宏大,28.48,28.5,28.75,28.21,28.6,3903903,111133443.49
2026-09-23,sz,002685,华东重机,5.65,5.61,5.64,5.51,5.52,29661809,164599521.67
2026-09-23,sz,002686,亿利达,6.29,6.28,6.36,6.16,6.17,6866300,42819009.0
2026-09-23,sz,002687,乔治白,6.07,6.11,6.11,5.5,5.57,44257117,249954183.15
2026-09-23,sz,002688,金河生物,5.26,5.27,5.27,5.16,5.17,7038700,36579096.0
2026-09-23,sz,002689,ST远智,2.96,2.96,2.97,2.92,2.93,3850160,11304953.2
2026-09-23,sz,002690,美亚光电,15.59,15.6,16.18,15.57,16.03,7619632,121945900.36
2026-09-23,sz,002691,*ST冀凯,4.19,4.18,4.2,4.11,4.13,1679001,6947007.13
2026-09-23,sz,002692,远程股份,4.4,4.38,4.41,4.23,4.27,11293160,48423768.6
2026-09-23,sz,002693,双成药业,9.41,9.35,9.41,9.17,9.2,13293900,123100676.0
2026-09-23,sz,002694,*ST顾地,2.47,2.45,2.55,2.43,2.51,2865720,7140487.4
2026-09-23,sz,002695,煌上煌,10.53,10.58,10.62,10.49,10.53,5839735,61542585.6
2026-09-23,sz,002696,百洋股份,7.02,6.94,6.98,6.51,6.59,24032400,159863564.0
2026-09-23,sz,002697,红旗连锁,4.72,4.71,4.73,4.65,4.66,13591600,63680229.0
2026-09-23,sz,002698,博实股份,11.49,11.48,11.54,11.38,11.4,4913400,56347190.0
2026-09-23,sz,002700,万憬能源,6.44,6.43,6.47,6.36,6.38,4038700,25854026.0
2026-09-23,sz,002701,奥瑞金,4.4,4.4,4.44,4.38,4.38,14597823,64344027.71
2026-09-23,sz,002702,海欣食品,5.68,5.65,5.66,5.43,5.45,38808999,213806995.39
2026-09-23,sz,002703,浙江世宝,16.43,16.1,16.22,15.06,15.2,55332197,864130167.69
2026-09-23,sz,002705,新宝股份,11.79,11.8,11.89,11.61,11.68,6154901,72233679.78
2026-09-23,sz,002706,良信股份,8.79,8.78,8.83,8.66,8.7,12488963,108843333.1
2026-09-23,sz,002707,众信旅游,5.18,5.21,5.25,5.13,5.16,14628300,75681240.02
2026-09-23,sz,002708,光洋股份,16.91,16.82,17.36,16.8,17.21,21979801,377837164.26
2026-09-23,sz,002709,天赐材料,33.31,33.13,33.26,32.67,32.84,29298887,962205501.77
2026-09-23,sz,002712,思美传媒,5.18,5.19,5.2,4.95,4.98,14169600,71139753.0
2026-09-23,sz,002713,东易日盛,10.88,11.0,11.05,10.69,10.73,14994407,161985690.75
2026-09-23,sz,002714,牧原股份,41.86,41.81,42.0,41.33,41.4,19879913,825293873.0
2026-09-23,sz,002715,登云股份,13.3,13.34,13.34,12.98,13.09,1946900,25564739.0
2026-09-23,sz,002716,湖南白银,9.62,9.7,9.78,9.53,9.56,86455077,833797533.78
2026-09-23,sz,002717,*ST岭南,0.92,0.91,0.92,0.87,0.89,69835869,62354797.02
2026-09-23,sz,002718,友邦吊顶,83.88,83.88,84.21,81.71,83.22,765800,63373166.0
2026-09-23,sz,002719,ST麦趣,6.27,6.28,6.38,6.18,6.26,2794600,17492928.0
2026-09-23,sz,002721,金一文化,2.75,2.73,2.74,2.65,2.66,52721100,141398131.0
2026-09-23,sz,002722,物产金轮,13.17,13.2,13.36,13.15,13.22,1797019,23853535.7
2026-09-23,sz,002723,小崧股份,7.45,7.45,7.47,7.27,7.28,8929600,65589380.0
2026-09-23,sz,002724,海洋王,7.56,7.59,7.65,7.16,7.17,30367800,221819338.9
2026-09-23,sz,002725,跃岭股份,11.23,11.24,11.27,10.94,10.99,2918300,32213368.0
2026-09-23,sz,002726,ST龙大,2.54,2.53,2.62,2.47,2.48,50431981,128051328.8
2026-09-23,sz,002727,一心堂,10.96,10.91,11.05,10.83,10.86,3703015,40347816.05
2026-09-23,sz,002728,特一药业,9.92,9.9,9.97,9.82,9.84,13869732,136926776.48
2026-09-23,sz,002729,好利科技,13.98,14.02,14.03,13.82,13.95,2470600,34419331.0
2026-09-23,sz,002730,电光科技,22.88,22.92,23.0,22.57,22.82,7025400,159914840.0
2026-09-23,sz,002732,燕塘乳业,14.24,14.24,14.28,14.03,14.11,1171000,16556544.0
2026-09-23,sz,002733,雄韬股份,18.19,18.21,18.29,17.97,18.08,7623507,137939803.58
2026-09-23,sz,002734,利民股份,19.35,19.2,20.75,19.06,20.32,35076254,707493240.42
2026-09-23,sz,002735,王子新材,12.53,12.48,12.48,11.89,11.9,34415260,415274640.4
2026-09-23,sz,002736,国信证券,9.97,9.97,10.02,9.94,9.98,12375257,123506660.47
2026-09-23,sz,002737,葵花药业,11.48,11.45,11.55,11.37,11.38,3374705,38690389.55
2026-09-23,sz,002738,中矿资源,45.84,45.89,46.0,44.02,44.35,16842153,749165425.55
2026-09-23,sz,002739,儒意电影,8.63,8.58,8.61,8.47,8.49,34931918,297279564.09
2026-09-23,sz,002741,光华科技,26.78,26.7,27.7,26.55,27.47,42967083,1167930694.63
2026-09-23,sz,002742,冀衡医药,4.36,4.37,4.39,4.2,4.21,27202100,115699330.0
2026-09-23,sz,002743,ST富煌,4.82,4.7,4.75,4.51,4.57,18756000,86608886.0
2026-09-23,sz,002745,木林森,12.5,12.59,12.59,12.2,12.42,37789025,466938097.06
2026-09-23,sz,002746,仙坛股份,6.29,6.29,6.32,6.2,6.28,10854850,67929988.0
2026-09-23,sz,002747,埃斯顿,29.68,29.68,29.77,29.45,29.47,17604225,520558745.17
2026-09-23,sz,002748,世龙实业,12.29,12.29,12.4,12.18,12.34,2707500,33272513.0
2026-09-23,sz,002749,国光股份,8.48,8.5,8.5,8.39,8.45,1452401,12238069.32
2026-09-23,sz,002752,昇兴股份,6.17,6.14,6.19,6.08,6.12,8415600,51439405.0
2026-09-23,sz,002753,永东股份,6.79,6.78,6.78,6.7,6.71,4716823,31764634.33
2026-09-23,sz,002755,奥赛康,13.39,13.37,13.37,12.88,12.97,21860933,286108444.93
2026-09-23,sz,002756,永兴材料,40.73,40.73,40.8,39.93,40.13,6792749,272682701.62
2026-09-23,sz,002757,南兴股份,19.86,19.9,21.85,19.86,20.28,72172956,1485602433.37
2026-09-23,sz,002758,浙农股份,8.6,8.6,8.63,8.52,8.54,4313600,36986707.0
2026-09-23,sz,002759,ST天际,14.84,14.8,14.83,14.31,14.32,13639544,197278911.56
2026-09-23,sz,002760,凤形股份,17.62,17.69,17.78,17.55,17.72,1746700,30856053.0
2026-09-23,sz,002761,浙江建投,7.31,7.31,7.67,7.29,7.37,22665068,169991230.23
2026-09-23,sz,002762,金发拉比,10.44,10.33,10.47,10.12,10.19,6773300,69408225.0
2026-09-23,sz,002763,汇洁股份,7.33,7.33,7.39,7.27,7.32,3575700,26188642.0
2026-09-23,sz,002765,蓝黛科技,6.98,6.95,6.99,6.86,6.91,5766000,39860442.0
2026-09-23,sz,002766,索菱股份,4.11,4.09,4.09,3.99,4.0,14640522,58973504.56
2026-09-23,sz,002767,先锋电子,18.83,18.8,19.0,18.65,18.82,3524700,66300977.0
2026-09-23,sz,002768,国恩股份,74.86,76.0,79.73,74.29,79.02,16088970,1252307316.61
2026-09-23,sz,002769,普路通,6.88,6.91,6.99,6.72,6.74,11213222,76475064.84
2026-09-23,sz,002771,真视通,13.84,13.71,13.83,13.45,13.66,5830100,79540578.0
2026-09-23,sz,002772,众兴菌业,11.15,11.09,11.14,10.91,10.95,6918157,75894948.01
2026-09-23,sz,002773,康弘药业,20.31,20.32,20.55,20.15,20.17,4076984,82835580.84
2026-09-23,sz,002774,快意电梯,17.46,17.46,17.87,17.14,17.41,11965250,209542012.5
2026-09-23,sz,002775,文科股份,3.32,3.35,3.35,3.26,3.3,8432870,27905093.2
2026-09-23,sz,002777,久远银海,12.84,12.8,12.88,12.62,12.66,3367900,42712714.0
2026-09-23,sz,002778,中晟高科,16.02,16.02,16.28,15.71,15.8,1329400,21051253.0
2026-09-23,sz,002779,中坚科技,82.4,82.4,89.25,82.0,86.0,3943167,340272045.22
2026-09-23,sz,002780,三夫户外,14.8,14.79,15.07,14.51,14.92,7227550,107491503.5
2026-09-23,sz,002782,可立克,15.33,15.3,15.64,15.24,15.52,7558500,116922879.0
2026-09-23,sz,002783,凯龙股份,8.12,8.09,8.2,8.02,8.1,7699200,62301514.43
2026-09-23,sz,002785,万里石,41.54,41.54,41.54,39.0,39.48,10520840,419628892.6
2026-09-23,sz,002786,银宝山新,7.85,7.89,7.9,7.66,7.67,6646500,51330249.0
2026-09-23,sz,002787,华源控股,26.73,26.66,27.5,26.43,27.08,13642500,368794749.0
2026-09-23,sz,002788,鹭燕医药,11.24,11.25,11.29,10.81,10.82,11254019,123357414.96
2026-09-23,sz,002789,*ST建艺,13.2,12.93,13.24,12.65,13.17,2067700,26741650.0
2026-09-23,sz,002790,瑞尔特,6.7,6.69,6.81,6.56,6.6,30355550,202138863.3
2026-09-23,sz,002791,坚朗五金,15.37,15.35,15.99,15.28,15.43,6263000,97842291.29
2026-09-23,sz,002792,通宇通讯,34.97,35.38,35.38,33.3,33.35,32835724,1113060440.29
2026-09-23,sz,002793,罗欣药业,4.89,4.89,4.89,4.75,4.77,20725860,99580932.6
2026-09-23,sz,002795,永和智控,8.01,8.06,8.1,7.89,7.91,17821471,141688641.9
2026-09-23,sz,002796,世嘉科技,31.3,31.34,31.45,30.44,30.6,7079207,217281828.93
2026-09-23,sz,002797,第一创业,6.36,6.35,6.38,6.28,6.29,30535655,192965498.4
2026-09-23,sz,002798,帝欧水华,6.69,6.68,6.75,6.6,6.67,7962200,53117343.0
2026-09-23,sz,002799,环球印务,6.99,6.99,6.99,6.81,6.83,4063901,27969929.64
2026-09-23,sz,002800,天顺股份,15.02,15.07,15.07,14.65,14.68,1833620,27146782.6
2026-09-23,sz,002801,微光股份,26.8,26.8,26.95,26.62,26.94,592950,15931454.5
2026-09-23,sz,002802,洪汇新材,12.36,12.36,12.45,12.09,12.38,1700500,21008693.0
2026-09-23,sz,002803,吉宏股份,21.08,21.08,21.08,19.75,19.88,17796871,357839748.67
2026-09-23,sz,002805,丰元股份,16.73,16.72,16.74,16.37,16.46,5955865,98157431.79
2026-09-23,sz,002806,华锋股份,15.38,15.37,15.48,15.16,15.28,5921200,90462717.0
2026-09-23,sz,002807,江阴银行,4.14,4.14,4.16,4.11,4.12,22925388,94665613.58
2026-09-23,sz,002809,红墙股份,8.48,8.48,8.48,8.33,8.39,3124472,26213685.99
2026-09-23,sz,002810,山东赫达,21.52,21.55,21.88,21.41,21.47,2990974,64741911.53
2026-09-23,sz,002811,郑中设计,17.11,17.44,18.0,16.6,17.35,22500899,390693314.67
2026-09-23,sz,002812,恩捷股份,47.66,47.5,47.7,46.87,47.5,10227154,482978919.93
2026-09-23,sz,002813,路畅科技,22.5,22.49,22.86,22.12,22.8,1557702,35106847.32
2026-09-23,sz,002815,崇达技术,25.39,25.15,25.7,24.5,24.86,68479232,1707533740.08
2026-09-23,sz,002816,*ST和科,22.42,22.1,22.1,20.84,21.56,2943100,63336889.0
2026-09-23,sz,002817,黄山胶囊,6.77,6.8,6.8,6.66,6.74,3830100,25841471.0
2026-09-23,sz,002818,富森美,11.22,11.24,11.25,11.12,11.14,2874590,32151212.93
2026-09-23,sz,002819,东方中科,22.04,22.04,24.24,21.59,24.24,9426330,219802180.2
2026-09-23,sz,002820,桂发祥,10.01,10.03,10.03,9.75,9.79,5094600,50213636.0
2026-09-23,sz,002821,凯莱英,187.66,188.0,191.69,186.3,188.01,6273414,1186436627.77
2026-09-23,sz,002822,ST中装,2.94,2.95,2.98,2.92,2.93,4860200,14310920.0
2026-09-23,sz,002823,凯中精密,12.93,12.93,13.04,12.83,13.0,2828185,36663858.98
2026-09-23,sz,002824,和胜股份,28.68,28.5,28.96,28.3,28.53,11459200,327448638.58
2026-09-23,sz,002825,纳尔股份,9.52,9.66,9.66,9.39,9.54,3152440,29951771.0
2026-09-23,sz,002826,易明医药,17.39,17.3,17.44,17.11,17.15,1728100,29760859.0
2026-09-23,sz,002827,高争民爆,74.28,76.0,79.94,73.18,79.41,17712850,1365672808.35
2026-09-23,sz,002828,贝肯能源,11.05,11.0,11.05,10.61,10.73,7872300,84621129.0
2026-09-23,sz,002829,星网宇达,20.46,20.33,20.45,20.03,20.24,3558080,71880326.8
2026-09-23,sz,002830,名雕股份,15.1,15.09,15.3,14.88,14.99,2668660,40177244.6
2026-09-23,sz,002831,裕同科技,28.8,28.61,29.35,28.61,28.75,7316361,212450834.74
2026-09-23,sz,002832,比音勒芬,25.65,25.61,25.84,25.25,25.45,3861693,98442046.31
2026-09-23,sz,002833,弘亚数控,18.43,18.44,18.75,18.36,18.68,2686986,50093857.78
2026-09-23,sz,002835,同为股份,13.22,13.2,13.23,13.01,13.1,1765900,23130665.0
2026-09-23,sz,002836,新宏泽,11.14,11.17,11.6,10.4,11.15,25680125,280700351.44
2026-09-23,sz,002837,英维克,61.52,61.51,62.33,61.11,61.25,19862744,1223310174.89
2026-09-23,sz,002838,道恩股份,25.32,25.36,26.0,25.25,25.84,5064462,130163709.9
2026-09-23,sz,002839,张家港行,4.28,4.28,4.29,4.24,4.25,19916132,84858273.0
2026-09-23,sz,002840,华统股份,8.42,8.42,8.46,8.19,8.36,13242583,110142571.82
2026-09-23,sz,002841,视源股份,48.04,48.1,48.19,46.4,46.6,5808648,273172074.44
2026-09-23,sz,002842,翔鹭钨业,34.49,34.26,34.48,33.7,33.78,16629677,564044918.3
2026-09-23,sz,002843,泰嘉股份,16.26,16.28,16.41,16.11,16.18,4750900,77045625.0
2026-09-23,sz,002845,同兴达,14.63,14.63,14.75,14.41,14.51,6285405,91225111.4
2026-09-23,sz,002846,英联股份,11.59,11.58,11.75,11.35,11.4,18513386,212692075.72
2026-09-23,sz,002847,盐津铺子,43.57,43.5,43.82,43.09,43.2,1443018,62665291.54
2026-09-23,sz,002848,高斯贝尔,15.45,15.5,15.8,15.15,15.66,16070801,249141666.65
2026-09-23,sz,002849,威星智能,20.91,21.46,23.0,20.89,23.0,21785876,480146095.4
2026-09-23,sz,002850,科达利,171.4,172.0,172.78,170.7,170.98,1786039,306261060.19
2026-09-23,sz,002851,麦格米特,123.0,124.38,126.2,122.55,122.85,17624554,2185207001.36
2026-09-23,sz,002852,道道全,8.28,8.29,8.3,8.05,8.08,7922300,64288093.0
2026-09-23,sz,002853,皮阿诺,22.28,22.28,22.6,21.68,21.73,924000,20280494.0
2026-09-23,sz,002855,捷荣技术,13.53,13.53,13.53,12.9,13.06,17003500,222718412.0
2026-09-23,sz,002856,*ST美芝,21.97,19.77,19.77,19.77,19.77,1361200,26910924.0
2026-09-23,sz,002857,三晖电气,17.9,17.93,18.11,17.6,17.77,1240800,22135640.0
2026-09-23,sz,002858,力盛体育,11.63,11.65,11.65,11.37,11.47,3284900,37650378.0
2026-09-23,sz,002859,洁美科技,67.06,67.15,69.5,66.61,68.65,13359761,907960837.55
2026-09-23,sz,002861,瀛通通讯,15.0,15.0,15.05,14.64,14.66,3194000,47107159.4
2026-09-23,sz,002862,实丰文化,16.09,16.0,16.0,15.53,15.7,3099560,48694817.0
2026-09-23,sz,002863,今飞凯达,4.76,4.77,4.77,4.68,4.73,7326469,34683083.06
2026-09-23,sz,002864,盘龙药业,21.36,21.53,21.53,21.07,21.22,1433011,30372025.98
2026-09-23,sz,002865,钧达股份,38.59,38.33,38.85,38.26,38.28,4477380,172221987.22
2026-09-23,sz,002866,传艺科技,14.56,14.56,14.58,14.38,14.48,3583400,51825986.0
2026-09-23,sz,002867,周大生,10.26,10.26,10.26,10.15,10.17,7395450,75440707.75
2026-09-23,sz,002868,绿康生化,23.53,23.54,23.57,22.71,22.88,2291645,52700330.15
2026-09-23,sz,002869,金溢科技,17.4,17.32,17.71,16.66,16.77,9240928,156186208.26
2026-09-23,sz,002870,香山股份,49.83,49.85,50.35,49.2,49.36,2005800,99498561.0
2026-09-23,sz,002871,伟隆股份,18.61,18.67,19.03,18.45,18.84,4322239,81512960.42
2026-09-23,sz,002872,ST天圣,6.03,6.02,6.03,5.96,5.96,1890200,11305736.0
2026-09-23,sz,002873,新天药业,8.55,8.56,8.56,8.41,8.45,4448900,37694390.0
2026-09-23,sz,002875,安奈儿,13.17,13.23,13.26,13.01,13.1,2483646,32574746.98
2026-09-23,sz,002876,三利谱,32.55,32.66,33.33,32.3,33.2,3902546,128777485.66
2026-09-23,sz,002877,智能自控,7.59,7.59,7.6,7.41,7.45,4461200,33366040.0
2026-09-23,sz,002878,元隆雅图,12.87,12.8,12.9,12.5,12.61,4454800,56490658.0
2026-09-23,sz,002879,长缆科技,16.84,16.84,17.17,16.1,16.85,11247700,186513166.04
2026-09-23,sz,002880,卫光生物,21.78,21.7,22.17,21.6,21.87,2018700,44318586.0
2026-09-23,sz,002881,美格智能,47.9,47.51,48.17,46.15,46.25,8750002,409825920.93
2026-09-23,sz,002882,金龙羽,22.5,22.5,22.54,21.86,22.06,7676200,169298205.95
2026-09-23,sz,002883,*ST中设,9.21,9.21,9.28,9.18,9.22,395100,3645904.24
2026-09-23,sz,002884,凌霄泵业,15.53,15.54,15.55,15.45,15.45,1252400,19381872.0
2026-09-23,sz,002885,京泉华,28.46,28.4,29.2,28.31,28.76,14709274,423585928.8
2026-09-23,sz,002886,沃特股份,26.22,26.69,27.76,26.31,27.14,44018825,1194443048.47
2026-09-23,sz,002887,绿茵生态,9.06,9.02,9.33,8.94,9.05,4326400,39130995.0
2026-09-23,sz,002888,惠威科技,18.95,18.91,19.16,18.6,18.69,1837163,34449142.58
2026-09-23,sz,002889,东方嘉盛,12.06,12.1,12.12,11.93,11.96,1354254,16257152.3
2026-09-23,sz,002890,弘宇股份,15.62,15.53,15.62,15.16,15.35,1667300,25539512.0
2026-09-23,sz,002891,中宠股份,29.62,29.62,29.62,28.37,28.43,6393702,184654495.34
2026-09-23,sz,002892,科力尔,8.68,8.69,8.7,8.54,8.63,4265032,36680401.88
2026-09-23,sz,002893,京能热力,10.26,10.25,10.36,10.12,10.25,7578400,77295392.0
2026-09-23,sz,002895,川恒股份,30.81,30.75,31.0,30.7,30.89,2606716,80423073.18
2026-09-23,sz,002896,中大力德,61.25,61.25,61.3,60.45,60.74,3336410,202810814.84
2026-09-23,sz,002897,意华股份,69.32,69.32,70.88,67.7,67.85,10333186,708780425.39
2026-09-23,sz,002899,英派斯,21.24,21.24,21.65,20.97,21.34,3502300,74575648.0
2026-09-23,sz,002900,哈三联,13.06,12.97,13.34,12.8,12.84,23805200,309313681.0
2026-09-23,sz,002901,大博医疗,40.57,40.4,41.87,40.04,41.72,1890460,77463292.3
2026-09-23,sz,002902,铭普光磁,29.18,29.01,29.47,28.56,28.83,20785706,599884318.49
2026-09-23,sz,002903,宇环数控,31.1,31.26,31.26,30.56,30.67,6127550,189036705.5
2026-09-23,sz,002905,金逸影视,9.0,8.92,9.09,8.84,8.94,5785700,51625407.0
2026-09-23,sz,002906,华阳集团,27.97,27.96,28.08,27.55,27.78,5474400,152203057.0
2026-09-23,sz,002907,华森制药,15.1,14.98,15.09,14.69,14.71,13055114,193902903.36
2026-09-23,sz,002908,德生科技,7.13,7.12,7.15,7.02,7.02,3360458,23710415.34
2026-09-23,sz,002909,集泰股份,6.85,6.85,7.54,6.69,7.54,74133721,534931872.83
2026-09-23,sz,002910,庄园牧场,10.18,10.18,10.3,9.96,10.03,4569301,45929641.99
2026-09-23,sz,002911,佛燃能源,11.27,11.25,11.26,11.03,11.06,4202445,46668601.79
2026-09-23,sz,002912,中新赛克,26.38,26.25,26.45,25.08,25.41,24017295,613572233.61
2026-09-23,sz,002913,奥士康,88.12,88.32,91.82,85.77,90.86,15992055,1417638343.21
2026-09-23,sz,002915,中欣氟材,17.28,17.28,17.29,17.0,17.05,4458431,76066037.4
2026-09-23,sz,002916,深南电路,400.0,399.02,424.04,398.03,414.77,10866549,4521225432.89
2026-09-23,sz,002917,金奥博,10.39,10.38,10.38,10.17,10.23,2420900,24827952.0
2026-09-23,sz,002918,蒙娜丽莎,11.33,11.35,11.54,10.83,10.86,23805514,265482086.44
2026-09-23,sz,002919,名臣健康,16.97,17.07,17.07,16.47,16.49,3249400,54140607.0
2026-09-23,sz,002920,德赛西威,84.71,84.5,84.5,83.07,83.51,3463098,289245795.35
2026-09-23,sz,002921,联诚精密,20.82,20.77,21.4,20.71,21.25,3953210,83336487.9
2026-09-23,sz,002922,伊戈尔,23.74,23.75,23.97,23.38,23.44,9610735,226308878.36
2026-09-23,sz,002923,润都股份,11.24,11.28,11.28,11.03,11.06,4881500,54247701.0
2026-09-23,sz,002925,盈趣科技,24.98,24.83,25.13,24.51,24.58,9566051,236662890.19
2026-09-23,sz,002926,华西证券,8.43,8.43,8.46,8.35,8.35,11474800,96318492.0
2026-09-23,sz,002927,泰永长征,19.95,19.97,20.19,19.15,19.33,15133392,294536620.16
2026-09-23,sz,002928,华夏航空,6.43,6.53,6.58,6.46,6.5,26885725,175143457.99
2026-09-23,sz,002929,润建股份,53.37,52.93,53.28,51.86,51.96,6618500,345823864.9
2026-09-23,sz,002930,宏川智慧,9.2,9.18,9.19,9.08,9.1,3610999,32926139.9
2026-09-23,sz,002931,锋龙股份,41.4,41.4,41.45,40.73,40.85,3060716,125363672.12
2026-09-23,sz,002932,*ST明德,15.45,15.35,15.45,15.3,15.35,568055,8718100.34
2026-09-23,sz,002933,新兴装备,27.8,27.68,27.98,27.47,27.81,1285100,35650842.0
2026-09-23,sz,002935,天奥电子,15.93,16.0,17.52,15.81,17.52,14710281,248098719.66
2026-09-23,sz,002936,郑州银行,1.74,1.74,1.76,1.73,1.74,90128182,157270254.84
2026-09-23,sz,002937,兴瑞科技,27.39,27.28,30.13,26.73,30.13,28747716,817647792.33
2026-09-23,sz,002938,鹏鼎控股,89.25,88.56,91.48,87.85,88.19,19199889,1715885307.14
2026-09-23,sz,002939,长城证券,7.91,7.91,7.91,7.86,7.87,9381807,73904092.29
2026-09-23,sz,002940,昂利康,23.6,23.6,23.69,23.28,23.28,4453300,104366906.0
2026-09-23,sz,002941,新疆交建,10.58,10.57,10.74,10.43,10.44,7839400,82647644.0
2026-09-23,sz,002942,新农股份,17.03,17.0,17.01,16.75,16.93,3251270,54877751.0
2026-09-23,sz,002943,宇晶股份,31.2,31.22,31.98,30.94,31.58,8823774,278850589.5
2026-09-23,sz,002945,华林证券,15.09,14.99,15.11,14.71,14.77,15700965,233382390.98
2026-09-23,sz,002946,新乳业,14.48,14.51,14.62,14.37,14.45,2865629,41497395.18
2026-09-23,sz,002947,恒铭达,66.48,66.48,67.0,65.02,65.77,5421874,357022137.15
2026-09-23,sz,002948,青岛银行,6.05,6.03,6.06,5.99,6.02,20708880,124665674.5
2026-09-23,sz,002949,华阳国际,13.14,13.12,13.41,12.87,13.03,5988900,78442762.0
2026-09-23,sz,002950,奥美医疗,8.63,8.62,8.72,8.55,8.64,4115700,35558996.0
2026-09-23,sz,002951,金时科技,16.25,16.24,17.48,16.2,16.83,13218181,221773556.13
2026-09-23,sz,002952,亚世光电,19.85,19.76,20.2,19.62,19.63,3949600,78231166.0
2026-09-23,sz,002953,日丰股份,10.66,10.73,10.73,10.34,10.35,6872325,71527291.25
2026-09-23,sz,002955,鸿合科技,38.48,38.38,38.48,36.68,37.41,7029020,262563924.8
2026-09-23,sz,002956,西麦食品,17.76,18.02,18.02,17.5,17.67,5180325,91578662.65
2026-09-23,sz,002957,科瑞技术,45.43,44.3,45.38,42.7,43.88,37276259,1634859358.21
2026-09-23,sz,002958,青农商行,2.93,2.93,2.94,2.9,2.9,57173400,166611425.0
2026-09-23,sz,002959,小熊电器,32.04,32.18,32.18,31.66,31.7,540900,17215576.59
2026-09-23,sz,002960,青鸟智控,8.86,8.82,8.97,8.8,8.94,9067924,80899582.53
2026-09-23,sz,002961,瑞达期货,14.09,14.0,14.07,13.71,13.73,13724140,189810892.97
2026-09-23,sz,002962,五方光电,13.64,13.59,13.91,13.59,13.71,7532100,103615936.0
2026-09-23,sz,002963,豪尔赛,23.54,23.71,24.25,22.7,23.9,9847802,230577047.12
2026-09-23,sz,002965,祥鑫科技,32.82,32.89,33.12,32.32,32.37,12611176,410839515.45
2026-09-23,sz,002966,苏州银行,9.11,9.08,9.15,9.05,9.09,19883225,180832133.15
2026-09-23,sz,002967,广电计量,17.07,17.07,17.65,17.02,17.56,5225470,90997405.2
2026-09-23,sz,002968,新大正,9.7,9.7,10.38,9.68,9.99,8959185,89600373.7
2026-09-23,sz,002969,嘉美包装,11.29,11.28,11.33,11.15,11.18,15780769,176907137.04
2026-09-23,sz,002970,锐明技术,45.08,44.98,44.99,43.63,43.93,3549600,156255088.27
2026-09-23,sz,002971,和远气体,40.34,42.56,44.36,41.51,41.78,31444821,1346896298.54
2026-09-23,sz,002972,科安达,13.5,13.49,13.76,13.15,13.43,8073420,108068687.2
2026-09-23,sz,002973,侨银股份,12.6,12.5,13.0,12.44,12.86,8661900,110735148.6
2026-09-23,sz,002975,博杰股份,107.5,108.38,113.02,106.6,110.57,12391170,1361025183.9
2026-09-23,sz,002976,瑞玛精密,26.63,26.53,26.6,24.09,25.64,21393408,540327828.08
2026-09-23,sz,002977,*ST天箭,20.29,18.88,20.09,18.88,19.57,2015195,39120722.87
2026-09-23,sz,002978,安宁股份,25.2,25.27,25.4,25.12,25.23,1091931,27564917.13
2026-09-23,sz,002979,雷赛智能,54.06,54.55,54.55,53.6,54.14,3381899,183024850.05
2026-09-23,sz,002980,华盛昌,113.1,115.36,118.6,112.08,116.05,12328400,1422203475.8
2026-09-23,sz,002981,朝阳科技,25.37,25.0,25.35,23.2,24.63,9256177,224413987.17
2026-09-23,sz,002982,湘佳股份,12.58,13.0,13.12,12.52,12.55,4587700,58164716.8
2026-09-23,sz,002983,芯瑞达,22.64,23.01,23.01,22.52,22.66,1604922,36440311.24
2026-09-23,sz,002984,森麒麟,13.12,13.16,13.17,13.02,13.06,4616355,60355426.75
2026-09-23,sz,002985,北摩高科,28.0,28.02,28.13,27.76,27.87,2896597,80989938.67
2026-09-23,sz,002986,宇新股份,13.18,13.2,13.33,13.06,13.21,3653500,48305269.0
2026-09-23,sz,002987,京北方,11.14,11.16,11.19,10.76,10.77,10508877,114222226.54
2026-09-23,sz,002988,豪美新材,31.66,31.63,31.88,31.11,31.61,3437900,108451255.0
2026-09-23,sz,002989,中天精装,25.42,25.51,27.96,25.33,27.96,20081860,540513062.96
2026-09-23,sz,002990,盛视科技,53.12,52.99,55.36,52.0,54.56,14599300,791964737.59
2026-09-23,sz,002991,甘源食品,37.65,37.6,37.78,37.21,37.5,586605,21958289.4
2026-09-23,sz,002992,宝明科技,34.11,34.22,35.59,34.0,35.14,3164950,110273548.4
2026-09-23,sz,002993,奥海科技,36.05,36.0,36.21,35.4,35.47,3786960,135330227.8
2026-09-23,sz,002995,天地在线,17.88,17.93,17.96,17.34,17.34,7720840,135158483.0
2026-09-23,sz,002996,顺博合金,5.98,5.98,6.0,5.93,5.94,4242780,25291545.4
2026-09-23,sz,002997,瑞鹄模具,26.72,26.72,26.75,26.3,26.32,2014224,53144330.84
2026-09-23,sz,002998,优彩资源,8.07,8.08,8.15,7.95,8.13,9213400,74378830.0
2026-09-23,sz,002999,天禾股份,6.54,6.54,6.55,6.37,6.39,11339700,73047119.0
2026-09-23,sz,003000,劲仔食品,9.49,9.52,9.58,9.43,9.44,2787958,26492776.52
2026-09-23,sz,003001,中岩大地,21.08,21.37,21.76,20.81,21.5,17856167,379286167.21
2026-09-23,sz,003002,壶化股份,16.61,16.59,16.59,15.8,15.83,8082600,129653354.0
2026-09-23,sz,003003,天元股份,10.96,11.01,11.07,10.85,10.93,2621900,28726080.0
2026-09-23,sz,003004,声迅股份,59.1,59.39,61.51,57.87,60.62,2201976,131547860.63
2026-09-23,sz,003005,竞业达,15.65,15.5,15.5,14.7,14.87,18399484,274932768.94
2026-09-23,sz,003006,百亚股份,22.0,22.13,22.37,20.91,21.59,43132730,928586400.9
2026-09-23,sz,003007,直真科技,41.43,41.31,41.31,40.56,40.78,1267460,51795271.56
2026-09-23,sz,003008,开普检测,19.68,19.68,20.05,19.5,19.94,951710,18876563.1
2026-09-23,sz,003009,中天火箭,47.73,47.52,47.76,46.59,46.7,2242334,105092303.2
2026-09-23,sz,003010,若羽臣,28.46,28.3,28.43,27.73,27.89,5521879,154697708.3
2026-09-23,sz,003011,海象新材,19.82,19.82,20.99,19.6,20.78,4554600,93600866.0
2026-09-23,sz,003012,东鹏控股,4.66,4.66,4.8,4.64,4.68,12141700,57381324.0
2026-09-23,sz,003013,地铁设计,16.84,16.48,16.55,16.18,16.2,6843495,111491102.4
2026-09-23,sz,003015,日久光电,12.57,12.57,12.65,12.43,12.58,2726700,34181835.0
2026-09-23,sz,003016,欣贺股份,7.49,7.5,7.59,7.44,7.5,3273600,24526076.5
2026-09-23,sz,003017,大洋生物,23.02,23.06,23.06,22.8,23.0,1264596,29038103.92
2026-09-23,sz,003018,金富科技,49.88,48.0,50.73,48.0,49.27,9934185,493483026.6
2026-09-23,sz,003019,宸展光电,28.24,28.1,28.42,27.83,27.9,2231333,62616759.31
2026-09-23,sz,003020,立方制药,17.57,17.49,17.8,17.32,17.75,4948331,87184841.66
2026-09-23,sz,003021,兆威机电,72.1,71.51,71.9,70.51,70.75,2408410,171163798.2
2026-09-23,sz,003022,联泓新科,19.41,19.41,19.59,19.22,19.47,5689300,110390373.0
2026-09-23,sz,003023,彩虹集团,25.97,25.8,26.89,25.63,26.09,2046100,53879990.0
2026-09-23,sz,003025,思进智能,12.23,12.28,12.46,12.17,12.41,3391900,41906291.0
2026-09-23,sz,003026,中晶科技,35.66,35.82,36.48,34.24,36.0,33921994,1199464610.17
2026-09-23,sz,003027,同兴科技,16.58,16.5,16.57,16.34,16.53,969200,15960993.0
2026-09-23,sz,003028,振邦智能,23.85,23.86,24.05,23.58,23.86,828000,19731919.0
2026-09-23,sz,003029,吉大正元,18.05,18.11,18.31,17.33,17.48,9046500,159414346.0
2026-09-23,sz,003030,祖名股份,27.56,27.33,27.74,27.08,27.27,3447383,94478097.09
2026-09-23,sz,003031,中瓷电子,133.66,133.59,136.7,131.37,134.6,8396502,1125594024.07
2026-09-23,sz,003032,传智教育,9.96,10.45,10.8,9.12,9.26,80784100,777909299.0
2026-09-23,sz,003033,征和工业,89.3,89.32,97.88,89.32,95.38,3862050,367447401.5
2026-09-23,sz,003035,南网能源,5.48,5.48,5.48,5.33,5.34,27636214,148553390.33
2026-09-23,sz,003036,泰坦股份,54.72,55.24,60.19,54.62,58.8,17149578,999314964.73
2026-09-23,sz,003037,三和管桩,5.81,5.78,5.93,5.76,5.84,4954366,29032430.74
2026-09-23,sz,003038,鑫铂股份,10.88,10.9,10.95,10.67,10.71,2732948,29450831.52
2026-09-23,sz,003039,顺控发展,12.81,12.81,12.88,12.63,12.66,4915800,62586811.27
2026-09-23,sz,003040,楚天龙,17.68,17.1,17.11,15.91,15.91,67807959,1102452673.09
2026-09-23,sz,003041,真爱美家,43.96,43.6,44.3,42.27,42.79,3068400,132094229.0
2026-09-23,sz,003042,中农联合,14.52,14.44,14.49,14.16,14.3,1812100,25912482.0
2026-09-23,sz,003043,华亚智能,63.85,64.4,65.16,63.39,64.82,3704505,238961501.96
2026-09-23,sz,003816,中国广核,4.2,4.19,4.21,4.16,4.18,62532600,261641588.0
