date,market,code,name,prev_close,open,high,low,close,volume,amount
2026-09-28,sh,600000,浦发银行,9.0,9.03,9.18,9.0,9.16,118485298,1080846770.0
2026-09-28,sh,600004,白云机场,7.58,7.61,7.65,7.55,7.62,8723226,66313425.0
2026-09-28,sh,600006,东风股份,5.49,5.45,5.95,5.44,5.83,84422354,483300876.0
2026-09-28,sh,600007,中国国贸,19.8,19.81,20.05,19.7,19.93,2064467,41128505.0
2026-09-28,sh,600008,首创环保,2.71,2.7,2.71,2.66,2.68,61759940,165475437.0
2026-09-28,sh,600009,上海机场,22.46,22.48,22.5,22.25,22.36,5150224,115124595.0
2026-09-28,sh,600010,包钢股份,2.09,2.08,2.09,2.05,2.06,232217340,478959315.0
2026-09-28,sh,600011,华能国际,6.74,6.75,6.96,6.73,6.94,127771234,877581443.0
2026-09-28,sh,600012,皖通高速,15.54,15.49,15.74,15.39,15.5,3536449,54997816.0
2026-09-28,sh,600015,华夏银行,6.23,6.23,6.25,6.16,6.18,77944466,482475575.0
2026-09-28,sh,600016,民生银行,3.46,3.46,3.49,3.42,3.44,182244410,628819777.0
2026-09-28,sh,600017,日照港,2.79,2.8,2.8,2.76,2.79,22918250,63748145.0
2026-09-28,sh,600018,上港集团,5.36,5.38,5.42,5.36,5.38,44848163,241714042.0
2026-09-28,sh,600019,宝钢股份,5.84,5.82,5.88,5.79,5.8,78134505,455309231.0
2026-09-28,sh,600020,中原高速,3.85,3.84,3.86,3.77,3.8,13823529,52702014.0
2026-09-28,sh,600021,上海电力,13.08,13.06,13.06,12.71,12.77,19703345,252861820.0
2026-09-28,sh,600022,山东钢铁,1.28,1.28,1.29,1.26,1.27,91456307,116640938.0
2026-09-28,sh,600023,浙能电力,5.14,5.13,5.23,5.11,5.19,49010539,254254787.0
2026-09-28,sh,600025,华能水电,9.75,9.77,9.9,9.73,9.87,36039734,354547866.0
2026-09-28,sh,600026,中远海能,21.4,21.56,21.85,21.09,21.23,53702205,1149720039.0
2026-09-28,sh,600027,华电国际,4.83,4.82,4.9,4.82,4.89,73003775,355376356.0
2026-09-28,sh,600028,中国石化,5.32,5.32,5.42,5.28,5.41,226131730,1214709112.0
2026-09-28,sh,600029,南方航空,4.86,4.86,4.86,4.79,4.82,44469057,214093367.0
2026-09-28,sh,600030,中信证券,26.29,26.26,26.32,25.79,25.94,83608603,2171584665.0
2026-09-28,sh,600031,三一重工,17.2,17.1,17.33,17.0,17.19,55650575,956687649.0
2026-09-28,sh,600032,浙江新能,6.75,6.81,7.43,6.8,7.43,60857691,441559885.0
2026-09-28,sh,600033,福建高速,3.73,3.6,3.62,3.41,3.59,67496414,239209429.0
2026-09-28,sh,600035,楚天高速,3.65,3.65,3.66,3.6,3.65,12951696,47029854.0
2026-09-28,sh,600036,招商银行,40.69,40.67,41.08,40.38,40.64,54391836,2212107699.0
2026-09-28,sh,600037,歌华有线,7.07,7.07,7.13,6.93,6.94,12910840,90023955.0
2026-09-28,sh,600038,中直股份,26.83,27.01,27.43,26.62,26.79,4231446,113947415.0
2026-09-28,sh,600039,四川路桥,8.61,8.58,8.67,8.53,8.62,14596006,125559495.0
2026-09-28,sh,600048,保利发展,5.56,5.55,5.64,5.51,5.61,146873789,820036466.0
2026-09-28,sh,600050,中国联通,4.15,4.14,4.15,4.09,4.13,106787504,439859445.0
2026-09-28,sh,600051,宁波联合,6.22,6.26,6.3,6.19,6.25,4305542,26902160.0
2026-09-28,sh,600052,东望时代,3.64,3.64,3.72,3.63,3.71,13461559,49443798.0
2026-09-28,sh,600053,*ST九鼎,7.26,7.2,7.68,7.15,7.68,3230100,24004282.0
2026-09-28,sh,600054,黄山旅游,10.64,10.64,10.66,10.41,10.51,4513546,47518288.0
2026-09-28,sh,600055,万东医疗,10.52,10.52,10.66,10.35,10.45,3759158,39240861.0
2026-09-28,sh,600056,中国医药,8.86,8.88,8.94,8.78,8.84,7277912,64242129.0
2026-09-28,sh,600057,厦门象屿,6.1,6.0,6.07,5.91,6.03,16247740,97665746.0
2026-09-28,sh,600058,五矿发展,8.83,8.81,9.01,8.5,8.66,11531983,99895824.0
2026-09-28,sh,600059,古越龙山,11.0,11.2,12.1,11.2,11.73,122897667,1451543228.0
2026-09-28,sh,600060,海信视像,27.1,27.25,27.38,26.89,27.26,7382777,200214006.0
2026-09-28,sh,600061,国投资本,6.19,6.2,6.22,6.07,6.09,31775327,194753706.0
2026-09-28,sh,600062,华润双鹤,16.05,16.14,16.18,15.91,15.98,4513485,72309978.0
2026-09-28,sh,600063,皖维高新,5.54,5.51,5.52,5.31,5.35,33522110,180497679.0
2026-09-28,sh,600064,南京高科,7.62,7.65,7.66,7.56,7.63,13520187,102837323.0
2026-09-28,sh,600066,宇通客车,26.01,25.97,26.4,25.75,26.22,21888815,571596768.0
2026-09-28,sh,600067,冠城新材,2.63,2.63,2.67,2.57,2.58,31847564,83423079.0
2026-09-28,sh,600071,凤凰光学,16.67,16.72,16.76,16.05,16.16,2486316,40418239.0
2026-09-28,sh,600072,中船科技,8.77,8.76,8.81,8.65,8.74,11603170,101132891.0
2026-09-28,sh,600073,光明肉业,5.4,5.42,5.49,5.37,5.46,7706553,41808042.0
2026-09-28,sh,600075,新疆天业,4.53,4.52,4.59,4.47,4.53,12333131,55809646.0
2026-09-28,sh,600076,康欣新材,2.09,2.1,2.12,2.07,2.1,33700107,70618139.0
2026-09-28,sh,600078,澄星股份,9.99,9.97,9.97,9.56,9.66,10131228,98360744.0
2026-09-28,sh,600079,ST人福,18.82,18.86,18.97,18.6,18.81,7510700,140678250.0
2026-09-28,sh,600080,ST金花,4.73,4.72,4.72,4.63,4.65,1634200,7626921.0
2026-09-28,sh,600081,东风科技,10.7,10.61,10.9,10.6,10.65,6356483,68107206.0
2026-09-28,sh,600082,ST海泰,3.31,3.32,3.44,3.23,3.43,12772454,42707885.0
2026-09-28,sh,600084,*ST尼雅,4.38,4.4,4.43,4.29,4.32,2007901,8717207.0
2026-09-28,sh,600085,同仁堂,23.34,23.34,23.54,23.18,23.33,3337643,77840586.0
2026-09-28,sh,600088,中视传媒,12.91,12.88,13.05,12.45,12.61,12937849,163589977.0
2026-09-28,sh,600089,特变电工,17.6,17.54,17.56,17.21,17.26,47178470,816633815.0
2026-09-28,sh,600094,大名城,4.04,4.04,4.15,3.93,3.97,34253325,137635872.0
2026-09-28,sh,600095,湘财股份,8.82,8.55,8.71,8.48,8.52,40147230,343978435.0
2026-09-28,sh,600096,云天化,27.56,27.58,27.6,27.12,27.16,13933742,380470210.0
2026-09-28,sh,600097,开创国际,9.2,9.27,9.3,9.13,9.23,2573383,23661127.0
2026-09-28,sh,600098,广州发展,6.25,6.25,6.3,6.22,6.25,16313600,102074445.0
2026-09-28,sh,600099,林海股份,9.42,9.28,9.54,9.28,9.36,3350202,31359731.0
2026-09-28,sh,600100,同方股份,6.66,6.68,6.69,6.39,6.48,31009548,200783556.0
2026-09-28,sh,600101,明星电力,7.8,7.83,7.85,7.75,7.77,7257504,56499622.0
2026-09-28,sh,600103,青山纸业,3.61,3.57,3.58,3.38,3.42,125399202,431244769.0
2026-09-28,sh,600104,上汽集团,10.72,10.7,10.9,10.69,10.77,37372987,403218127.0
2026-09-28,sh,600105,永鼎股份,42.53,42.02,42.2,38.28,38.28,95558298,3727708423.0
2026-09-28,sh,600106,重庆路桥,4.46,4.43,4.46,4.26,4.31,11657668,50374307.0
2026-09-28,sh,600107,*ST尔雅,5.72,5.78,5.78,5.6,5.65,756701,4280687.0
2026-09-28,sh,600108,亚盛集团,4.13,4.19,4.26,3.9,3.91,143102323,569193364.0
2026-09-28,sh,600109,国金证券,8.1,8.1,8.12,7.95,8.0,19771300,158183502.0
2026-09-28,sh,600110,诺德股份,11.89,11.84,11.88,10.71,10.88,121887947,1358363279.0
2026-09-28,sh,600111,北方稀土,37.06,36.91,36.95,35.42,35.57,40586415,1450132854.0
2026-09-28,sh,600113,浙江东日,29.1,29.1,29.18,27.86,28.2,3178340,89680278.0
2026-09-28,sh,600114,东睦股份,26.78,26.74,26.83,24.81,25.19,14250022,362159701.0
2026-09-28,sh,600115,中国东航,3.35,3.36,3.36,3.28,3.31,152926779,505188315.0
2026-09-28,sh,600116,三峡水利,6.05,6.05,6.11,6.03,6.11,9934736,60399333.0
2026-09-28,sh,600117,西宁特钢,2.17,2.16,2.18,2.11,2.13,11841654,25302059.0
2026-09-28,sh,600118,中国卫星,57.91,57.4,57.54,55.75,56.11,19878939,1121260028.0
2026-09-28,sh,600119,*ST长投,5.0,4.94,5.03,4.76,4.79,2090400,10152497.0
2026-09-28,sh,600120,浙江东方,4.64,4.64,4.66,4.54,4.58,21688858,99291964.0
2026-09-28,sh,600121,郑州煤电,4.9,4.82,5.22,4.58,5.1,204016700,997821833.0
2026-09-28,sh,600123,兰花科创,6.98,6.93,6.97,6.84,6.97,17765294,122688907.0
2026-09-28,sh,600125,铁龙物流,5.24,5.24,5.25,5.17,5.2,7529314,39151024.0
2026-09-28,sh,600126,杭钢股份,6.06,6.06,6.09,5.9,5.92,25588615,152040188.0
2026-09-28,sh,600127,金健米业,16.49,16.15,16.2,14.84,14.84,36361090,558224545.0
2026-09-28,sh,600128,苏豪弘业,8.55,8.63,8.68,8.5,8.61,3063684,26284797.0
2026-09-28,sh,600129,太极集团,13.33,13.36,13.5,13.17,13.34,6276288,83310829.0
2026-09-28,sh,600130,波导股份,4.7,4.68,4.7,4.48,4.53,17267648,78543391.0
2026-09-28,sh,600131,国网信通,14.08,14.11,14.11,13.91,14.05,4553000,63757008.0
2026-09-28,sh,600132,重庆啤酒,37.56,37.51,38.02,37.39,37.6,2018960,75988240.0
2026-09-28,sh,600133,东湖高新,7.89,7.87,7.93,7.65,7.72,10272602,79544644.0
2026-09-28,sh,600135,乐凯胶片,7.62,7.62,7.64,7.33,7.41,7955855,59261562.0
2026-09-28,sh,600136,ST明诚,1.48,1.48,1.48,1.45,1.45,7881300,11513760.0
2026-09-28,sh,600137,浪莎股份,17.93,18.09,18.17,17.65,17.88,1305600,23388786.0
2026-09-28,sh,600138,中青旅,7.0,6.97,7.01,6.9,6.93,5590253,38768156.0
2026-09-28,sh,600141,兴发集团,27.95,27.91,27.99,26.92,27.07,16817633,458312548.0
2026-09-28,sh,600143,金发科技,13.07,13.05,13.15,12.85,12.88,17610492,228002936.0
2026-09-28,sh,600148,长春一东,15.77,15.86,15.89,15.64,15.74,1290700,20346846.0
2026-09-28,sh,600149,廊坊发展,5.05,5.07,5.1,5.0,5.04,6841794,34558859.0
2026-09-28,sh,600150,中国船舶,38.09,38.37,38.94,37.84,38.08,98241779,3763788423.0
2026-09-28,sh,600151,航天机电,9.35,9.32,9.4,9.06,9.18,16052544,147580582.0
2026-09-28,sh,600152,维科技术,7.66,7.63,7.65,7.36,7.56,12611801,94794421.0
2026-09-28,sh,600153,建发股份,8.43,8.43,8.5,8.34,8.46,14887336,125270530.0
2026-09-28,sh,600155,华创云信,5.94,5.94,5.96,5.78,5.81,19821464,115639800.0
2026-09-28,sh,600156,华升股份,9.17,8.68,8.76,8.25,8.26,38391205,319273991.0
2026-09-28,sh,600157,永泰能源,1.47,1.47,1.48,1.42,1.43,413023660,595756510.0
2026-09-28,sh,600158,中体产业,7.03,7.0,7.04,6.88,6.93,15604228,108274413.0
2026-09-28,sh,600159,大龙地产,2.73,2.72,2.75,2.69,2.72,15415700,41831741.0
2026-09-28,sh,600160,巨化股份,33.97,33.96,34.33,33.38,33.54,26382516,891824083.0
2026-09-28,sh,600161,天坛生物,12.1,12.08,12.28,12.06,12.22,8389213,101891464.0
2026-09-28,sh,600162,香江控股,4.35,4.38,4.41,4.18,4.39,94873506,409237239.0
2026-09-28,sh,600163,中闽能源,5.53,5.4,5.48,5.3,5.38,46944246,253289575.0
2026-09-28,sh,600165,宁科生物,3.21,3.21,3.42,3.17,3.37,30343055,101271232.0
2026-09-28,sh,600166,福田汽车,2.76,2.75,2.77,2.73,2.75,64892200,178407468.0
2026-09-28,sh,600167,联美控股,5.51,5.51,5.52,5.44,5.48,5799502,31759618.0
2026-09-28,sh,600168,武汉控股,4.38,4.36,4.38,4.32,4.34,3896137,16953136.0
2026-09-28,sh,600169,ST太重,2.18,2.18,2.19,2.15,2.16,7051200,15265374.0
2026-09-28,sh,600170,上海建工,2.2,2.19,2.2,2.16,2.17,101638632,221064933.0
2026-09-28,sh,600171,上海贝岭,22.88,22.8,22.88,22.02,22.18,8538193,190341897.0
2026-09-28,sh,600172,黄河旋风,16.89,16.91,17.43,15.99,16.5,227783761,3846752065.0
2026-09-28,sh,600173,卧龙新能,5.78,5.84,5.84,5.69,5.73,4464066,25616341.0
2026-09-28,sh,600176,中国巨石,43.06,42.66,42.85,39.0,39.27,215637170,8699119125.0
2026-09-28,sh,600177,雅戈尔,8.29,8.25,8.3,8.19,8.29,24919169,205749593.0
2026-09-28,sh,600178,东安动力,9.72,9.7,10.66,9.67,10.08,21157859,215919603.0
2026-09-28,sh,600179,安通控股,4.45,4.43,4.46,4.37,4.39,21148332,93012223.0
2026-09-28,sh,600180,*ST瑞茂,1.55,1.55,1.56,1.47,1.5,11398300,17158363.0
2026-09-28,sh,600182,S佳通,12.59,12.6,12.6,12.28,12.28,1495926,18512262.0
2026-09-28,sh,600183,生益科技,137.33,136.0,138.5,130.0,131.95,45706868,6066528475.0
2026-09-28,sh,600184,光电股份,19.45,19.43,19.44,17.94,18.06,21430211,394032458.0
2026-09-28,sh,600185,珠免集团,4.7,4.68,4.72,4.6,4.66,18713539,87006563.0
2026-09-28,sh,600186,莲花控股,13.04,12.82,13.32,12.01,12.02,211831088,2684765636.0
2026-09-28,sh,600187,*ST国中,1.27,1.27,1.28,1.24,1.24,12369100,15476345.0
2026-09-28,sh,600188,兖矿能源,19.76,19.58,19.9,19.4,19.66,23267306,456820507.0
2026-09-28,sh,600189,泉阳泉,9.1,8.88,8.93,8.19,8.19,45164801,378853122.0
2026-09-28,sh,600191,华资实业,9.06,9.18,9.18,8.74,8.86,6585958,58445987.0
2026-09-28,sh,600192,长城电工,7.2,7.17,7.27,7.01,7.16,10352633,73528410.0
2026-09-28,sh,600195,中牧股份,6.64,6.65,6.69,6.51,6.67,7226341,47642374.0
2026-09-28,sh,600196,复星医药,22.84,22.9,23.32,22.79,23.24,24656255,569733074.0
2026-09-28,sh,600197,伊力特,9.27,9.26,9.32,9.14,9.17,2666201,24568066.0
2026-09-28,sh,600198,大唐电信,7.36,7.37,7.39,7.13,7.25,12714118,91872384.0
2026-09-28,sh,600199,金种子酒,6.94,6.94,7.35,6.8,6.83,22559023,158230216.0
2026-09-28,sh,600201,生物股份,11.4,11.44,11.55,11.11,11.41,11657071,131945428.0
2026-09-28,sh,600202,哈空调,5.16,5.2,5.2,5.07,5.15,4813401,24694414.0
2026-09-28,sh,600203,福日电子,9.98,9.93,9.94,9.6,9.68,12322679,119827916.0
2026-09-28,sh,600206,有研新材,49.81,50.61,52.64,50.6,51.63,109319162,5646923383.0
2026-09-28,sh,600207,安彩高科,5.16,5.08,5.68,5.08,5.46,83266152,453460367.0
2026-09-28,sh,600208,衢州发展,2.84,2.83,2.84,2.77,2.81,70562465,197183379.0
2026-09-28,sh,600210,紫江企业,6.2,6.2,6.22,6.13,6.2,13554672,83802505.0
2026-09-28,sh,600211,西藏药业,36.48,36.5,36.83,35.83,35.96,2160763,78201103.0
2026-09-28,sh,600212,绿能慧充,6.07,6.08,6.1,5.63,5.69,16010649,91786576.0
2026-09-28,sh,600215,派斯林,6.1,6.13,6.19,6.02,6.13,5919200,36047772.0
2026-09-28,sh,600216,浙江医药,12.33,12.46,12.59,12.22,12.31,10249799,126449547.0
2026-09-28,sh,600217,中再资环,3.24,3.23,3.25,3.2,3.22,8832916,28482620.0
2026-09-28,sh,600218,全柴动力,7.87,7.85,7.92,7.74,7.92,13899000,108964294.0
2026-09-28,sh,600219,南山铝业,4.61,4.6,4.6,4.45,4.49,121822015,547802902.0
2026-09-28,sh,600221,海航控股,1.22,1.22,1.22,1.19,1.21,262083763,315257285.0
2026-09-28,sh,600222,太龙药业,8.03,8.09,8.16,7.87,8.07,16149380,129147471.0
2026-09-28,sh,600223,福瑞达,5.6,5.62,5.66,5.58,5.61,7703411,43287224.0
2026-09-28,sh,600226,亨通股份,5.78,5.74,5.74,5.22,5.28,109364299,586909977.0
2026-09-28,sh,600227,赤天化,3.8,3.78,3.89,3.69,3.76,120871154,457531760.0
2026-09-28,sh,600228,返利科技,10.6,10.88,10.95,9.96,10.14,32982291,339984469.0
2026-09-28,sh,600229,城市传媒,5.82,5.77,5.86,5.62,5.72,7702800,43970844.0
2026-09-28,sh,600230,沧州大化,14.34,14.62,14.68,13.4,13.56,23597769,328041367.0
2026-09-28,sh,600231,凌钢股份,1.65,1.65,1.66,1.59,1.61,32726507,52990096.0
2026-09-28,sh,600232,金鹰股份,6.78,6.76,7.18,6.57,6.91,16390622,112327105.0
2026-09-28,sh,600233,圆通速递,17.92,17.91,18.1,17.61,18.03,20257539,362626862.0
2026-09-28,sh,600234,科新发展,21.39,21.19,21.39,19.7,19.77,3011400,60609193.0
2026-09-28,sh,600235,民丰特纸,5.86,5.86,5.98,5.81,5.94,5858698,34580375.0
2026-09-28,sh,600236,桂冠电力,9.24,9.25,9.53,9.18,9.36,14497865,135711102.0
2026-09-28,sh,600237,铜峰电子,9.38,9.38,9.39,8.66,8.78,38680711,346468239.0
2026-09-28,sh,600238,ST椰岛,4.06,4.05,4.08,3.98,4.02,2908700,11674706.0
2026-09-28,sh,600239,ST云城,1.44,1.43,1.44,1.39,1.4,15876700,22388855.0
2026-09-28,sh,600241,时代万恒,7.31,7.3,8.04,7.28,8.04,18313617,144470308.0
2026-09-28,sh,600243,*ST海华,3.54,3.56,3.66,3.5,3.56,7372500,26396043.0
2026-09-28,sh,600246,万通发展,14.34,14.27,14.3,12.91,12.91,115059250,1527563083.0
2026-09-28,sh,600248,陕建股份,2.81,2.82,2.83,2.76,2.79,13587058,37888387.0
2026-09-28,sh,600249,两面针,5.36,5.37,5.41,5.28,5.33,6748650,36004989.0
2026-09-28,sh,600250,南京商旅,9.07,9.02,9.1,8.86,8.88,6904495,61680652.0
2026-09-28,sh,600251,冠农股份,10.03,10.33,10.72,9.92,9.93,33148048,339972423.0
2026-09-28,sh,600252,中恒集团,2.13,2.15,2.18,2.14,2.17,46639213,100647038.0
2026-09-28,sh,600255,鑫科材料,3.44,3.44,3.44,3.28,3.31,59473150,197787504.0
2026-09-28,sh,600256,广汇能源,6.82,6.81,6.89,6.7,6.8,104335823,708473572.0
2026-09-28,sh,600257,大湖股份,5.48,5.5,5.53,5.37,5.47,11438425,62181530.0
2026-09-28,sh,600258,首旅酒店,11.09,11.1,11.15,10.93,10.99,9733091,107062348.0
2026-09-28,sh,600259,中稀有色,80.37,79.77,79.81,73.28,74.03,8524292,641529921.0
2026-09-28,sh,600261,阳光照明,3.35,3.35,3.4,3.25,3.28,25973507,85600670.0
2026-09-28,sh,600262,北方股份,14.71,14.66,14.85,14.49,14.58,3295620,48187843.0
2026-09-28,sh,600265,*ST景谷,23.41,23.1,23.7,22.61,22.7,727801,16698866.0
2026-09-28,sh,600266,城建发展,4.27,4.28,4.3,4.21,4.26,29663922,125992266.0
2026-09-28,sh,600267,海正药业,11.43,11.67,11.75,11.45,11.54,20107317,232646820.0
2026-09-28,sh,600268,国电南自,10.08,10.09,10.13,9.81,9.9,11114404,110093860.0
2026-09-28,sh,600269,赣粤高速,3.77,3.77,3.79,3.7,3.73,13932511,52055862.0
2026-09-28,sh,600271,航天信息,6.61,6.61,6.62,6.49,6.55,9591600,62715215.0
2026-09-28,sh,600272,开开实业,15.24,15.7,16.27,14.8,15.15,23937506,367585673.0
2026-09-28,sh,600273,XD嘉化能,6.19,6.21,6.22,6.08,6.15,9889410,60677348.0
2026-09-28,sh,600276,恒瑞医药,44.86,44.86,45.22,44.35,44.47,37071126,1654109658.0
2026-09-28,sh,600278,东方创业,6.55,6.55,6.6,6.4,6.47,4017018,26020945.0
2026-09-28,sh,600279,重庆港,4.27,4.25,4.29,4.23,4.27,5178861,22063908.0
2026-09-28,sh,600280,中央商场,3.04,3.06,3.07,2.97,3.0,26697949,80152423.0
2026-09-28,sh,600281,华阳新材,4.64,4.63,4.67,4.51,4.58,14930750,68129673.0
2026-09-28,sh,600282,南钢股份,4.4,4.4,4.44,4.33,4.43,35969434,157918678.0
2026-09-28,sh,600283,钱江水利,8.02,8.02,8.1,7.88,7.92,2313140,18350573.0
2026-09-28,sh,600284,浦东建设,5.11,5.09,5.11,5.0,5.02,8463748,42619690.0
2026-09-28,sh,600285,羚锐制药,18.83,18.84,18.9,18.51,18.64,5284321,98684646.0
2026-09-28,sh,600287,苏豪时尚,4.97,4.97,5.04,4.91,4.96,3523850,17485151.0
2026-09-28,sh,600288,大恒科技,10.8,10.81,10.81,10.29,10.41,10344547,108357028.0
2026-09-28,sh,600289,ST信通,4.32,4.28,4.33,4.21,4.26,1449898,6200252.0
2026-09-28,sh,600292,电投水电,11.26,11.26,11.28,11.02,11.04,9612700,106691044.0
2026-09-28,sh,600293,三峡新材,3.78,3.78,4.15,3.78,3.93,209251067,824681132.0
2026-09-28,sh,600295,鄂尔多斯,12.8,12.9,13.05,12.72,12.76,7173784,92120260.0
2026-09-28,sh,600298,安琪酵母,39.7,39.2,39.32,37.7,38.68,10759450,413354371.0
2026-09-28,sh,600299,安迪苏,8.08,8.08,8.36,8.03,8.06,37877291,310463887.0
2026-09-28,sh,600300,维维股份,3.06,3.04,3.06,2.98,3.04,26285499,79346949.0
2026-09-28,sh,600301,华锡有色,47.65,47.56,48.34,47.28,48.19,13868661,663313209.0
2026-09-28,sh,600302,ST标准,7.14,7.07,7.11,6.64,6.69,3939600,26869881.0
2026-09-28,sh,600303,曙光股份,3.05,3.02,3.06,2.95,3.02,27170001,81567436.0
2026-09-28,sh,600305,恒顺醋业,6.66,6.65,6.73,6.65,6.69,6168434,41206526.0
2026-09-28,sh,600307,酒钢宏兴,1.45,1.45,1.46,1.42,1.44,34205566,49088009.0
2026-09-28,sh,600308,华泰股份,3.29,3.28,3.29,3.21,3.22,7471645,24197363.0
2026-09-28,sh,600309,万华化学,69.45,69.46,69.99,69.0,69.4,18157443,1259915646.0
2026-09-28,sh,600310,广西能源,4.45,4.45,4.62,4.38,4.52,47029217,212677950.0
2026-09-28,sh,600312,平高电气,18.94,18.91,19.75,18.69,19.65,23674006,456967854.0
2026-09-28,sh,600313,农发种业,6.8,6.84,6.85,6.43,6.51,39652098,259153005.0
2026-09-28,sh,600315,上海家化,18.12,18.23,18.31,17.87,17.95,4928134,88790702.0
2026-09-28,sh,600316,洪都航空,32.91,32.93,33.44,32.68,33.05,8365466,276173363.0
2026-09-28,sh,600318,新力金融,6.79,6.79,6.88,6.73,6.79,16574284,112752324.0
2026-09-28,sh,600319,亚星化学,6.25,6.22,6.29,6.12,6.17,2847600,17589432.0
2026-09-28,sh,600320,振华重工,4.02,4.03,4.04,3.97,3.99,30118245,120382199.0
2026-09-28,sh,600322,津投城开,2.69,2.68,2.69,2.62,2.66,22324300,59104495.0
2026-09-28,sh,600323,瀚蓝环境,28.68,28.79,29.23,28.58,29.17,4998484,145214623.0
2026-09-28,sh,600325,华发股份,2.67,2.72,2.74,2.61,2.68,97418600,259726327.0
2026-09-28,sh,600326,西藏天路,6.97,6.95,6.95,6.62,6.67,21515054,144517120.0
2026-09-28,sh,600327,大东方,3.8,3.75,3.83,3.75,3.8,10025521,37910882.0
2026-09-28,sh,600328,中盐化工,5.65,5.65,5.68,5.55,5.58,11712680,65552010.0
2026-09-28,sh,600329,达仁堂,35.13,35.14,35.5,34.8,35.18,1682163,59012542.0
2026-09-28,sh,600330,天通股份,28.6,28.28,28.66,27.23,27.81,86612173,2409603115.0
2026-09-28,sh,600331,宏达股份,12.05,11.9,11.92,11.57,11.76,29750013,348071815.0
2026-09-28,sh,600332,白云山,19.39,19.38,19.55,19.33,19.45,4554907,88381764.0
2026-09-28,sh,600333,长春燃气,6.73,6.73,6.78,6.66,6.7,7760700,52089169.0
2026-09-28,sh,600335,国机汽车,5.12,5.17,5.26,5.14,5.17,14693505,76261292.0
2026-09-28,sh,600336,澳柯玛,6.35,6.39,6.39,6.2,6.26,5107172,32061901.0
2026-09-28,sh,600337,ST美克,3.43,3.5,3.52,3.35,3.49,30419313,104453590.0
2026-09-28,sh,600338,西藏珠峰,12.06,11.93,11.93,11.52,11.61,21517708,251176039.0
2026-09-28,sh,600339,中油工程,3.23,3.23,3.23,3.17,3.21,32232218,102940978.0
2026-09-28,sh,600340,*ST华幸,1.17,1.18,1.29,1.18,1.29,185170600,231359037.0
2026-09-28,sh,600343,航天动力,20.3,20.0,21.36,19.48,20.08,52119669,1057333807.0
2026-09-28,sh,600345,长江通信,51.89,51.36,51.81,46.7,46.7,10028998,478183194.0
2026-09-28,sh,600346,恒力石化,16.15,16.23,16.65,16.03,16.42,29449652,484743224.0
2026-09-28,sh,600348,华阳股份,8.89,8.85,8.91,8.74,8.89,18030685,159140169.0
2026-09-28,sh,600350,山东高速,10.02,10.04,10.17,10.03,10.1,8481542,85670702.0
2026-09-28,sh,600351,亚宝药业,6.67,6.67,6.94,6.67,6.83,23390792,159220604.0
2026-09-28,sh,600352,浙江龙盛,12.14,12.16,12.38,11.91,12.25,35761888,434490354.0
2026-09-28,sh,600353,旭光电子,32.57,31.77,32.2,29.31,29.31,48060039,1445828491.0
2026-09-28,sh,600354,敦煌种业,9.53,9.52,9.8,8.9,8.96,68774541,627040249.0
2026-09-28,sh,600356,恒丰纸业,10.64,10.78,11.7,10.6,11.06,47380046,542744871.0
2026-09-28,sh,600358,国旅联合,5.72,5.67,5.75,5.43,5.62,32211912,179074720.0
2026-09-28,sh,600359,新农开发,7.62,7.93,8.32,7.33,7.42,63340060,488399185.0
2026-09-28,sh,600360,华微电子,11.67,11.45,11.69,10.79,10.85,71972326,807896544.0
2026-09-28,sh,600361,创新新材,3.43,3.42,3.43,3.37,3.4,28787582,97736559.0
2026-09-28,sh,600362,江西铜业,42.4,41.02,41.46,40.77,40.92,31566250,1296365043.0
2026-09-28,sh,600363,联创光电,14.55,14.45,14.45,13.3,13.55,34563621,470838638.0
2026-09-28,sh,600365,ST通葡,2.9,2.92,2.92,2.86,2.88,1420400,4102081.0
2026-09-28,sh,600366,宁波韵升,11.12,11.11,11.16,10.62,10.69,22244916,239456723.0
2026-09-28,sh,600367,红星发展,36.55,36.55,38.04,34.41,35.48,25987299,946938760.0
2026-09-28,sh,600368,五洲交通,4.15,4.16,4.17,4.06,4.1,24505736,100166517.0
2026-09-28,sh,600369,西南证券,3.92,3.9,3.91,3.82,3.86,30377100,117101166.0
2026-09-28,sh,600370,*ST三房,1.47,1.47,1.48,1.44,1.44,11458500,16671163.0
2026-09-28,sh,600371,万向德农,15.85,15.02,15.84,14.27,14.27,31783024,465024424.0
2026-09-28,sh,600372,中航机载,11.33,11.28,11.44,11.19,11.24,19806312,223624323.0
2026-09-28,sh,600373,中文传媒,7.48,7.58,7.64,7.31,7.36,13294232,98779034.0
2026-09-28,sh,600375,汉马科技,3.62,3.62,3.65,3.58,3.61,13704700,49464049.0
2026-09-28,sh,600376,首开股份,3.19,3.19,3.2,3.12,3.17,36518005,115244879.0
2026-09-28,sh,600377,宁沪高速,12.77,12.7,12.92,12.7,12.86,12444668,160055660.0
2026-09-28,sh,600378,昊华科技,45.09,45.0,45.0,41.64,41.92,36178180,1544654377.0
2026-09-28,sh,600379,宝光股份,14.62,14.76,14.76,14.04,14.13,12613035,179273456.0
2026-09-28,sh,600380,健康元,9.25,9.26,9.81,9.26,9.79,47943024,463920832.0
2026-09-28,sh,600381,*ST春天,4.2,4.18,4.24,4.06,4.13,3476900,14413630.0
2026-09-28,sh,600382,广东明珠,5.64,5.63,5.68,5.53,5.55,10438069,58392752.0
2026-09-28,sh,600383,金地集团,2.41,2.4,2.43,2.37,2.4,111048645,266294433.0
2026-09-28,sh,600386,北巴传媒,3.51,3.51,3.7,3.45,3.52,10417343,36588230.0
2026-09-28,sh,600388,紫金龙净,17.46,17.4,17.48,16.9,17.06,8612416,147152464.0
2026-09-28,sh,600389,江山股份,18.11,18.16,18.27,17.71,17.74,6397600,114267352.0
2026-09-28,sh,600390,五矿资本,4.79,4.77,4.8,4.74,4.78,34583101,164817374.0
2026-09-28,sh,600391,航发科技,40.98,41.28,43.5,40.39,41.66,16572687,698633421.0
2026-09-28,sh,600392,盛和资源,21.35,21.08,21.14,20.01,20.13,41430905,843116867.0
2026-09-28,sh,600395,盘江股份,5.06,5.02,5.05,4.93,5.02,24143740,120424672.0
2026-09-28,sh,600396,华电辽能,12.75,12.79,12.85,12.3,12.52,61464394,768579451.0
2026-09-28,sh,600397,江钨装备,17.7,17.62,17.69,16.0,16.1,66056298,1083454019.0
2026-09-28,sh,600398,海澜之家,5.66,5.67,5.71,5.61,5.64,23719061,133936333.0
2026-09-28,sh,600399,抚顺特钢,4.31,4.32,4.33,4.17,4.22,22376291,94366706.0
2026-09-28,sh,600400,红豆股份,3.41,3.41,3.42,3.3,3.32,42124702,140724293.0
2026-09-28,sh,600403,大有能源,7.19,7.03,7.48,6.85,7.31,131325076,942200281.0
2026-09-28,sh,600405,动力源,5.05,5.06,5.11,4.97,5.07,8580342,43104829.0
2026-09-28,sh,600406,国电南瑞,22.27,22.27,22.69,22.15,22.64,57690062,1298880789.0
2026-09-28,sh,600408,安泰集团,3.03,3.02,3.04,2.91,3.02,39276500,116869411.0
2026-09-28,sh,600409,三友化工,6.22,6.22,6.26,6.03,6.11,16671538,102009471.0
2026-09-28,sh,600410,华胜天成,15.5,15.39,15.4,14.51,14.54,67797540,1000007225.0
2026-09-28,sh,600415,小商品城,10.84,10.99,11.22,10.84,10.84,47772788,526353549.0
2026-09-28,sh,600416,湘电股份,8.27,8.28,8.34,8.06,8.1,13692358,111835432.0
2026-09-28,sh,600418,江淮汽车,22.93,23.31,25.22,22.99,25.22,179486848,4392576724.0
2026-09-28,sh,600419,天润乳业,8.72,8.79,8.84,8.66,8.74,3487767,30565313.0
2026-09-28,sh,600420,国药现代,8.22,8.26,8.3,8.18,8.21,4432189,36452023.0
2026-09-28,sh,600422,昆药集团,8.04,8.02,8.08,7.97,8.03,3384492,27118479.0
2026-09-28,sh,600423,*ST柳化,2.68,2.69,2.7,2.59,2.63,3839300,10078656.0
2026-09-28,sh,600425,青松建化,3.61,3.61,3.62,3.54,3.57,12620706,45057536.0
2026-09-28,sh,600426,华鲁恒升,19.71,19.7,19.9,19.32,19.4,19609629,383243015.0
2026-09-28,sh,600428,中远海特,11.06,11.05,11.05,10.72,10.8,23617948,256168790.0
2026-09-28,sh,600429,三元股份,4.54,4.62,4.89,4.6,4.76,28463974,133721426.0
2026-09-28,sh,600433,冠豪高新,3.26,3.26,3.28,3.16,3.19,20307700,65023538.0
2026-09-28,sh,600435,北方导航,11.16,11.14,11.14,10.8,10.86,16703890,182505309.0
2026-09-28,sh,600436,片仔癀,117.4,117.36,117.93,116.21,116.66,1369619,160085142.0
2026-09-28,sh,600438,通威股份,11.12,11.14,11.45,11.01,11.06,29142363,324675363.0
2026-09-28,sh,600439,ST瑞贝卡,1.86,1.86,1.87,1.83,1.83,9129816,16821793.0
2026-09-28,sh,600444,国机通用,14.4,14.31,14.67,14.19,14.53,2443708,35169448.0
2026-09-28,sh,600446,金证股份,10.37,10.39,10.4,10.06,10.21,11390000,116034763.0
2026-09-28,sh,600448,华纺股份,3.27,3.12,3.25,2.95,3.07,127464949,392443272.0
2026-09-28,sh,600449,宁夏建材,12.71,12.7,12.71,12.32,12.42,6420102,79924988.0
2026-09-28,sh,600452,涪陵电力,8.81,8.8,8.85,8.65,8.69,21648977,189007816.0
2026-09-28,sh,600455,博通股份,24.7,24.6,24.8,24.0,24.35,1551325,37759178.0
2026-09-28,sh,600456,宝钛股份,25.08,25.01,25.07,24.27,24.37,3801213,93139325.0
2026-09-28,sh,600458,时代新材,11.11,11.11,11.14,10.68,10.82,14935400,161628277.0
2026-09-28,sh,600459,贵研铂业,18.53,18.4,18.48,17.78,17.9,11807370,212574471.0
2026-09-28,sh,600460,士兰微,32.72,32.68,32.69,31.27,31.4,53588027,1703834639.0
2026-09-28,sh,600461,洪城环境,8.76,8.77,8.77,8.62,8.7,11456836,99482858.0
2026-09-28,sh,600463,空港股份,8.15,8.15,8.29,8.09,8.18,3251802,26576327.0
2026-09-28,sh,600467,好当家,2.38,2.37,2.41,2.36,2.41,29561913,70569494.0
2026-09-28,sh,600468,百利电气,6.05,6.02,6.05,5.8,5.83,17586280,103488481.0
2026-09-28,sh,600469,风神股份,4.96,4.95,4.98,4.88,4.89,4226600,20794187.0
2026-09-28,sh,600470,六国化工,5.61,5.61,5.62,5.34,5.43,17311099,93875360.0
2026-09-28,sh,600475,华光环能,14.74,14.72,14.8,14.31,14.35,5665129,81874140.0
2026-09-28,sh,600476,*ST湘邮,9.97,9.88,9.97,9.72,9.83,775300,7613134.0
2026-09-28,sh,600477,杭萧钢构,2.4,2.4,2.41,2.34,2.37,22644648,53762174.0
2026-09-28,sh,600478,科力远,4.41,4.4,4.41,4.28,4.33,18705665,81035861.0
2026-09-28,sh,600479,千金药业,12.4,12.56,12.67,12.08,12.17,39187330,479406944.0
2026-09-28,sh,600480,凌云股份,7.81,7.79,7.8,7.6,7.65,9556011,73239903.0
2026-09-28,sh,600481,双良节能,3.98,3.99,4.02,3.84,3.88,31128169,121463307.0
2026-09-28,sh,600482,中国动力,34.25,34.45,34.51,33.55,33.74,12131532,412042829.0
2026-09-28,sh,600483,福能股份,10.73,10.68,11.06,10.67,11.0,16911720,185395869.0
2026-09-28,sh,600486,扬农化工,51.36,51.29,51.7,50.76,51.36,2102984,107606180.0
2026-09-28,sh,600487,亨通光电,67.38,63.52,64.0,60.64,60.64,115301496,7082822047.0
2026-09-28,sh,600488,津药药业,5.7,5.75,6.27,5.61,6.27,102840587,621351006.0
2026-09-28,sh,600489,中金黄金,22.12,21.52,21.6,20.85,20.95,69706508,1477941611.0
2026-09-28,sh,600490,鹏欣资源,6.79,6.61,6.67,6.46,6.51,33964567,222105670.0
2026-09-28,sh,600491,ST龙元,1.62,1.6,1.6,1.51,1.52,51040100,78945731.0
2026-09-28,sh,600493,凤竹纺织,6.46,6.43,6.55,6.37,6.44,9719824,62647850.0
2026-09-28,sh,600495,晋西车轴,4.08,4.04,4.07,3.98,4.05,9933445,39988477.0
2026-09-28,sh,600496,精工钢构,3.36,3.36,3.4,3.31,3.34,24847261,83373139.0
2026-09-28,sh,600497,驰宏锌锗,9.26,9.17,9.17,8.71,8.83,92472047,821201870.0
2026-09-28,sh,600498,烽火通信,41.08,40.75,40.75,36.97,36.97,72101965,2708425696.0
2026-09-28,sh,600499,科达制造,11.25,11.15,11.22,10.92,11.12,37291624,412317293.0
2026-09-28,sh,600500,中化国际,5.55,5.54,5.54,5.0,5.02,128066797,659009186.0
2026-09-28,sh,600501,航天晨光,14.74,14.64,15.05,14.45,14.55,5826018,85356954.0
2026-09-28,sh,600502,安徽建工,4.16,4.16,4.19,4.1,4.13,22839132,94260984.0
2026-09-28,sh,600503,华丽家族,2.65,2.5,2.57,2.39,2.45,247964465,607737256.0
2026-09-28,sh,600505,西昌电力,10.17,10.12,10.43,10.1,10.37,7967230,82084350.0
2026-09-28,sh,600506,统一股份,18.18,17.15,17.49,16.36,16.37,28152531,470965973.0
2026-09-28,sh,600507,方大特钢,4.03,4.03,4.04,3.93,3.96,24714273,98115322.0
2026-09-28,sh,600508,上海能源,10.76,10.66,10.72,10.44,10.55,11041095,116217131.0
2026-09-28,sh,600509,天富能源,7.11,7.11,7.14,7.03,7.05,10449146,73879141.0
2026-09-28,sh,600510,黑牡丹,6.67,6.68,6.69,6.35,6.4,6777590,43635870.0
2026-09-28,sh,600511,国药股份,25.73,25.73,25.92,25.68,25.85,2897774,74804370.0
2026-09-28,sh,600512,腾达建设,2.05,2.06,2.07,2.03,2.05,18758840,38432231.0
2026-09-28,sh,600513,联环药业,14.77,14.77,15.1,14.55,14.85,6821727,100862552.0
2026-09-28,sh,600515,海南机场,2.69,2.68,2.69,2.64,2.66,63385663,168732600.0
2026-09-28,sh,600516,方大炭素,5.42,5.39,5.39,5.24,5.29,36149541,191232438.0
2026-09-28,sh,600517,国网英大,4.84,4.83,4.85,4.75,4.79,15254758,73098946.0
2026-09-28,sh,600518,康美药业,1.33,1.34,1.35,1.32,1.32,97409225,129670341.0
2026-09-28,sh,600519,贵州茅台,1237.0,1236.0,1244.01,1228.1,1243.88,2821830,3488720613.0
2026-09-28,sh,600520,三佳科技,25.79,26.82,26.92,25.12,25.38,8721500,224937161.0
2026-09-28,sh,600521,华海药业,15.88,15.87,16.11,15.82,15.91,14331717,228526062.0
2026-09-28,sh,600522,中天科技,34.8,34.5,34.55,31.32,31.32,235313184,7537635667.0
2026-09-28,sh,600523,贵航股份,11.89,11.96,11.99,11.7,11.78,2212770,26152904.0
2026-09-28,sh,600525,长园集团,4.88,4.86,4.89,4.73,4.79,10292300,49250413.0
2026-09-28,sh,600526,菲达环保,4.56,4.54,4.57,4.49,4.53,7271900,32888436.0
2026-09-28,sh,600527,江南高纤,2.19,2.19,2.19,2.13,2.15,30810860,66368907.0
2026-09-28,sh,600528,中铁工业,6.74,6.76,6.76,6.66,6.72,6297593,42245202.0
2026-09-28,sh,600529,山东药玻,18.2,18.2,18.37,18.13,18.22,3147427,57320230.0
2026-09-28,sh,600530,ST交昂,3.89,3.86,3.9,3.75,3.84,4162900,15884120.0
2026-09-28,sh,600531,豫光金铅,11.53,11.39,11.39,10.96,11.03,27510235,305331441.0
2026-09-28,sh,600533,栖霞建设,2.2,2.21,2.24,2.18,2.23,15979536,35322364.0
2026-09-28,sh,600535,天士力,13.68,13.73,13.82,13.68,13.8,10932319,150295145.0
2026-09-28,sh,600536,中国软件,30.69,30.74,31.28,30.03,30.96,13795734,423299906.0
2026-09-28,sh,600537,*ST亿晶,2.22,2.21,2.22,2.08,2.1,30839740,65400520.0
2026-09-28,sh,600538,国发股份,4.75,4.75,4.8,4.64,4.7,7609400,35874172.0
2026-09-28,sh,600539,狮头股份,15.0,14.99,14.99,13.82,14.15,15978100,225576531.0
2026-09-28,sh,600540,新赛股份,5.43,5.97,5.97,5.62,5.64,164368257,952020633.0
2026-09-28,sh,600543,*ST莫高,4.07,4.06,4.12,3.95,4.06,1284500,5159610.0
2026-09-28,sh,600545,卓郎智能,4.32,4.3,4.47,3.95,3.98,106320567,437773644.0
2026-09-28,sh,600546,山煤国际,13.36,13.3,13.32,13.0,13.22,13236700,174112450.0
2026-09-28,sh,600547,山东黄金,29.07,27.4,27.6,26.16,26.16,140335059,3716226173.0
2026-09-28,sh,600548,深高速,8.03,8.02,8.03,7.93,7.96,2712420,21616514.0
2026-09-28,sh,600549,XD厦门钨,46.48,46.42,46.44,43.28,43.5,33393514,1471395969.0
2026-09-28,sh,600550,保变电气,10.29,10.28,10.32,10.05,10.1,12832779,129858873.0
2026-09-28,sh,600551,时代出版,7.77,7.81,7.87,7.53,7.6,21036084,160196260.0
2026-09-28,sh,600552,凯盛科技,18.2,18.68,19.4,17.67,17.93,105291488,1947334504.0
2026-09-28,sh,600556,天下秀,4.54,4.53,4.59,4.4,4.46,27086948,120763907.0
2026-09-28,sh,600557,康缘药业,12.19,12.23,12.32,12.15,12.22,3468120,42399484.0
2026-09-28,sh,600558,大西洋,4.86,4.95,4.96,4.7,4.75,17644859,84342019.0
2026-09-28,sh,600559,老白干酒,10.91,10.91,11.02,10.73,10.81,7899700,85501518.0
2026-09-28,sh,600560,金自天正,11.39,11.42,11.66,11.3,11.57,3518675,40467873.0
2026-09-28,sh,600561,江西长运,5.88,5.9,5.95,5.81,5.88,4145505,24354176.0
2026-09-28,sh,600562,国睿科技,26.88,26.83,27.12,26.56,26.71,6039755,161698174.0
2026-09-28,sh,600563,法拉电子,120.31,119.0,119.99,115.3,116.04,3165913,370306940.0
2026-09-28,sh,600566,济川药业,24.41,24.42,24.84,24.39,24.66,4950205,121740512.0
2026-09-28,sh,600567,山鹰国际,1.32,1.31,1.33,1.3,1.3,40833172,53459962.0
2026-09-28,sh,600568,ST中珠,2.41,2.42,2.44,2.36,2.36,6363300,15311522.0
2026-09-28,sh,600569,安阳钢铁,1.74,1.74,1.76,1.72,1.75,19041034,33118703.0
2026-09-28,sh,600570,恒生电子,19.94,19.92,19.99,19.42,19.42,14242031,279043245.0
2026-09-28,sh,600571,信雅达,10.21,10.23,10.24,9.97,10.09,5881880,59282997.0
2026-09-28,sh,600572,康恩贝,4.21,4.21,4.27,4.2,4.25,32651733,138189564.0
2026-09-28,sh,600573,惠泉啤酒,10.0,10.01,10.65,9.88,10.19,13665402,140690165.0
2026-09-28,sh,600575,淮河能源,3.15,3.13,3.15,3.1,3.12,24016900,75002287.0
2026-09-28,sh,600576,祥源文旅,5.37,5.37,5.39,5.26,5.29,5482001,29078339.0
2026-09-28,sh,600577,XD精达股,8.59,8.55,8.6,8.16,8.25,52921238,438480616.0
2026-09-28,sh,600578,京能电力,5.21,5.2,5.21,5.12,5.19,31810493,164383007.0
2026-09-28,sh,600579,中化装备,7.16,7.15,7.15,6.85,6.88,5310710,37035734.0
2026-09-28,sh,600580,卧龙电驱,26.77,26.65,26.9,26.07,26.26,18147392,479155503.0
2026-09-28,sh,600581,*ST八钢,2.49,2.49,2.49,2.39,2.41,9062800,22094130.0
2026-09-28,sh,600582,天地科技,4.83,4.83,4.85,4.76,4.79,16485900,78984478.0
2026-09-28,sh,600583,海油工程,6.52,6.47,6.54,6.31,6.5,65953288,425784099.0
2026-09-28,sh,600584,长电科技,68.78,68.4,68.75,65.06,65.43,60657350,4015131746.0
2026-09-28,sh,600585,海螺水泥,16.93,16.93,17.0,16.69,16.77,15715654,264527868.0
2026-09-28,sh,600586,金晶科技,3.96,3.97,4.02,3.89,3.91,12043629,47477042.0
2026-09-28,sh,600587,新华医疗,12.95,12.95,13.15,12.74,12.8,11533796,148237715.0
2026-09-28,sh,600588,用友网络,9.3,9.29,9.32,9.01,9.11,33020119,300952646.0
2026-09-28,sh,600589,大位科技,7.66,7.69,7.69,7.3,7.35,36781836,272545364.0
2026-09-28,sh,600590,泰豪科技,8.38,8.38,8.38,8.01,8.09,20325702,165512938.0
2026-09-28,sh,600592,龙溪股份,14.84,14.89,14.95,14.34,14.68,10353654,150753156.0
2026-09-28,sh,600593,大连圣亚,49.05,49.19,50.88,47.0,49.56,12034160,592721024.0
2026-09-28,sh,600594,益佰制药,3.61,3.61,3.64,3.55,3.6,14389265,51529064.0
2026-09-28,sh,600595,中孚实业,5.84,5.8,5.84,5.7,5.74,44151009,253479295.0
2026-09-28,sh,600596,新安股份,11.2,11.21,11.22,10.41,10.44,47825750,508825011.0
2026-09-28,sh,600597,光明乳业,6.69,6.68,6.77,6.66,6.77,8732546,58610747.0
2026-09-28,sh,600598,北大荒,12.49,12.55,12.58,11.99,12.36,29668955,361239995.0
2026-09-28,sh,600600,青岛啤酒,49.89,49.89,50.1,49.7,49.7,2296132,114375450.0
2026-09-28,sh,600601,方正科技,14.24,14.06,14.22,12.82,12.87,246378232,3232892968.0
2026-09-28,sh,600602,云赛智联,16.68,16.68,16.81,16.1,16.23,13189616,214828365.0
2026-09-28,sh,600603,广汇物流,4.62,4.6,4.7,4.59,4.67,7377120,34250947.0
2026-09-28,sh,600604,市北高新,4.81,4.82,4.86,4.73,4.77,15318033,73290904.0
2026-09-28,sh,600605,汇通能源,30.25,30.38,32.08,29.66,29.77,9617204,292148998.0
2026-09-28,sh,600606,绿地控股,1.43,1.41,1.45,1.38,1.41,226539706,318339579.0
2026-09-28,sh,600609,金杯汽车,3.54,3.52,3.62,3.45,3.58,52102489,184958380.0
2026-09-28,sh,600610,中毅达,7.47,7.45,7.52,7.28,7.35,16743238,123293773.0
2026-09-28,sh,600611,大众交通,4.41,4.37,4.4,4.25,4.27,35944327,155000206.0
2026-09-28,sh,600612,老凤祥,31.37,31.38,31.45,31.0,31.22,958100,29858845.0
2026-09-28,sh,600613,神奇制药,8.25,8.31,8.82,8.04,8.29,71123890,592222509.0
2026-09-28,sh,600615,鑫源智造,9.43,9.41,9.54,9.3,9.37,2047034,19224127.0
2026-09-28,sh,600616,金枫酒业,5.11,5.23,5.55,5.09,5.19,72528510,383934828.0
2026-09-28,sh,600617,国新能源,3.24,3.24,3.28,3.18,3.26,27046555,87369584.0
2026-09-28,sh,600618,氯碱化工,9.72,9.71,9.75,9.56,9.58,3406892,32812203.0
2026-09-28,sh,600619,海立股份,13.18,13.02,13.59,12.98,13.18,21879754,291451840.0
2026-09-28,sh,600620,天宸股份,4.35,4.39,4.41,4.28,4.3,5868151,25396947.0
2026-09-28,sh,600621,华鑫股份,13.73,13.67,13.89,13.56,13.58,18644823,256052279.0
2026-09-28,sh,600622,光大嘉宝,2.43,2.43,2.44,2.38,2.4,22924632,55099275.0
2026-09-28,sh,600623,华谊集团,8.62,8.62,8.68,8.51,8.6,13746295,118081744.0
2026-09-28,sh,600624,ST复华,4.62,4.64,4.65,4.58,4.58,2477755,11401369.0
2026-09-28,sh,600626,申达股份,3.81,3.79,3.81,3.71,3.76,13960097,52315187.0
2026-09-28,sh,600628,新世界,6.28,6.28,6.34,6.21,6.26,6687218,41856055.0
2026-09-28,sh,600629,华建集团,16.35,16.13,16.35,15.52,15.95,17785902,284608409.0
2026-09-28,sh,600630,龙头股份,8.62,8.45,8.66,7.76,7.94,83552769,672839601.0
2026-09-28,sh,600633,浙数文化,10.13,10.15,10.19,9.91,9.95,10998387,109886359.0
2026-09-28,sh,600635,大众公用,4.43,4.44,4.46,4.34,4.39,22336027,97762590.0
2026-09-28,sh,600637,东方明珠,8.89,8.86,8.9,8.61,8.66,41576034,361322038.0
2026-09-28,sh,600638,新黄浦,5.06,5.02,5.12,4.95,5.05,10816520,54518184.0
2026-09-28,sh,600639,浦东金桥,9.61,9.65,9.65,9.52,9.6,4690653,44933399.0
2026-09-28,sh,600640,国脉文化,12.16,12.1,12.76,11.96,12.48,25416684,313994012.0
2026-09-28,sh,600641,先导基电,51.56,51.61,52.08,47.74,49.21,127747493,6332949676.0
2026-09-28,sh,600642,申能股份,8.78,8.78,8.91,8.76,8.81,19307438,170186022.0
2026-09-28,sh,600643,爱建集团,3.99,3.98,4.02,3.94,4.0,11758752,46814276.0
2026-09-28,sh,600644,乐山电力,8.82,8.71,8.9,8.66,8.86,19854862,174703195.0
2026-09-28,sh,600645,中源协和,18.91,19.0,19.14,18.63,18.77,7013780,131982382.0
2026-09-28,sh,600648,外高桥,9.3,9.3,9.33,9.19,9.33,2481301,23015068.0
2026-09-28,sh,600649,城投控股,4.0,4.0,4.04,3.93,4.0,19627369,78153980.0
2026-09-28,sh,600650,锦江在线,10.4,10.13,10.31,10.08,10.19,5435706,55260350.0
2026-09-28,sh,600651,飞乐音响,5.22,5.22,5.29,5.02,5.07,20761272,106056765.0
2026-09-28,sh,600653,申华控股,1.76,1.72,1.75,1.66,1.68,74883216,126241147.0
2026-09-28,sh,600654,中安科,3.02,3.03,3.05,2.94,2.99,47796599,142810006.0
2026-09-28,sh,600655,豫园股份,4.47,4.46,4.49,4.39,4.46,11657599,51691723.0
2026-09-28,sh,600657,信达地产,3.06,3.08,3.11,3.01,3.07,39686846,121022259.0
2026-09-28,sh,600658,电子城,4.09,4.13,4.13,4.02,4.05,11080684,45010177.0
2026-09-28,sh,600660,福耀玻璃,52.47,52.38,53.3,52.19,52.91,10821979,573021571.0
2026-09-28,sh,600661,昂立教育,9.56,9.54,9.55,9.05,9.2,13814255,127041757.0
2026-09-28,sh,600662,外服控股,4.2,4.19,4.23,4.14,4.17,10432660,43542171.0
2026-09-28,sh,600663,陆家嘴,8.71,8.76,8.91,8.68,8.75,14711347,129181527.0
2026-09-28,sh,600664,哈药股份,8.14,7.7,8.0,7.33,7.33,457322790,3426970037.0
2026-09-28,sh,600665,天地源,3.39,3.41,3.41,3.31,3.36,10958380,36739031.0
2026-09-28,sh,600666,奥瑞德,3.28,3.29,3.3,3.15,3.19,52767449,168522280.0
2026-09-28,sh,600667,太极实业,19.41,19.01,19.02,17.7,17.81,152587780,2792735469.0
2026-09-28,sh,600668,尖峰集团,7.34,7.34,7.39,7.27,7.34,3788460,27791879.0
2026-09-28,sh,600671,天目药业,23.03,23.1,23.12,21.7,21.84,3187900,70435293.0
2026-09-28,sh,600673,东阳光,31.69,31.35,31.37,30.03,30.31,18196082,554215563.0
2026-09-28,sh,600674,川投能源,16.27,16.24,16.59,16.24,16.56,38853369,640730335.0
2026-09-28,sh,600675,中华企业,2.47,2.41,2.43,2.3,2.35,102008058,241067928.0
2026-09-28,sh,600676,久事动娱,6.74,6.96,6.98,6.57,6.68,15676991,106461546.0
2026-09-28,sh,600678,ST金顶,5.68,5.71,5.71,5.5,5.59,3976900,22194225.0
2026-09-28,sh,600679,上海凤凰,10.63,10.76,10.77,10.46,10.55,5630404,59475236.0
2026-09-28,sh,600681,百川能源,3.41,3.41,3.47,3.37,3.46,19956712,68413954.0
2026-09-28,sh,600682,南京新百,5.76,5.89,5.92,5.67,5.73,14827019,85363537.0
2026-09-28,sh,600683,京投发展,9.32,9.31,9.34,8.82,8.92,15225100,136247388.0
2026-09-28,sh,600684,珠江股份,3.56,3.6,3.6,3.49,3.52,10420464,36672995.0
2026-09-28,sh,600685,中船防务,28.63,28.62,28.88,28.21,28.28,10844581,308733069.0
2026-09-28,sh,600686,金龙汽车,10.88,10.83,11.05,10.75,10.91,14935908,162993238.0
2026-09-28,sh,600688,上海石化,2.75,2.74,2.75,2.71,2.72,50654725,138090401.0
2026-09-28,sh,600689,上海三毛,12.04,12.1,12.14,11.85,11.88,2185495,26114943.0
2026-09-28,sh,600690,海尔智家,20.14,20.19,20.39,20.1,20.16,26684140,539292668.0
2026-09-28,sh,600691,潞化科技,2.74,2.73,2.75,2.65,2.68,31552374,84648774.0
2026-09-28,sh,600692,亚通股份,6.44,6.52,6.58,6.39,6.49,7403175,47961919.0
2026-09-28,sh,600693,东百集团,9.76,9.49,9.56,9.21,9.33,53921680,504545703.0
2026-09-28,sh,600694,大商股份,14.34,14.34,14.44,14.22,14.29,2222352,31771587.0
2026-09-28,sh,600697,欧亚集团,11.38,11.36,11.49,11.16,11.28,4317350,48662934.0
2026-09-28,sh,600698,湖南天雁,6.94,6.94,7.09,6.78,6.98,25444319,177528586.0
2026-09-28,sh,600699,均胜电子,22.62,23.23,24.5,23.1,24.02,129213653,3064771835.0
2026-09-28,sh,600702,舍得酒业,32.48,32.53,32.92,31.8,31.89,4144179,133203254.0
2026-09-28,sh,600703,三安光电,12.47,12.0,12.13,11.59,11.59,127865970,1506690152.0
2026-09-28,sh,600704,物产中大,4.77,4.77,4.78,4.7,4.74,29588474,140060453.0
2026-09-28,sh,600706,曲江文旅,8.17,8.21,8.28,8.01,8.06,7353557,59440864.0
2026-09-28,sh,600707,彩虹股份,9.49,9.89,10.44,9.85,10.38,365558293,3769898708.0
2026-09-28,sh,600708,光明地产,3.03,3.04,3.05,2.97,3.0,16616100,49797840.0
2026-09-28,sh,600710,苏美达,11.29,11.26,11.35,11.1,11.18,6538700,73200263.0
2026-09-28,sh,600711,盛屯矿业,10.43,10.28,10.29,10.08,10.16,36759939,373677220.0
2026-09-28,sh,600712,南宁百货,5.57,5.52,5.6,5.33,5.37,18640500,100605671.0
2026-09-28,sh,600713,南京医药,4.92,4.92,4.97,4.88,4.93,9424536,46408438.0
2026-09-28,sh,600714,金瑞矿业,18.51,18.51,18.81,17.6,17.8,16059736,290691522.0
2026-09-28,sh,600715,文投控股,1.69,1.67,1.7,1.58,1.62,63488100,102959115.0
2026-09-28,sh,600716,凤凰股份,3.69,3.71,3.74,3.66,3.72,4153607,15358903.0
2026-09-28,sh,600717,天津港,4.22,4.22,4.23,4.18,4.21,14026926,58973464.0
2026-09-28,sh,600718,东软集团,7.9,7.91,7.94,7.75,7.84,7297300,57166685.0
2026-09-28,sh,600719,大连热电,7.39,7.36,8.13,7.31,7.84,42741661,335334370.0
2026-09-28,sh,600720,中交设计,5.1,5.11,5.12,5.04,5.06,4817887,24481453.0
2026-09-28,sh,600721,百花医药,12.92,12.71,12.94,11.9,12.18,100197238,1231440169.0
2026-09-28,sh,600722,金牛化工,15.12,14.8,15.9,14.12,15.07,93332206,1408278507.0
2026-09-28,sh,600724,宁波富达,4.96,4.9,4.98,4.83,4.86,7214483,35237294.0
2026-09-28,sh,600725,云维股份,3.25,3.23,3.3,3.17,3.27,14279319,46160002.0
2026-09-28,sh,600726,华电能源,5.03,5.03,5.04,4.9,4.96,49226610,243375532.0
2026-09-28,sh,600727,鲁北化工,7.61,7.6,7.64,7.39,7.46,9100784,67939345.0
2026-09-28,sh,600728,佳都科技,4.39,4.41,4.42,4.31,4.37,15918129,69440821.0
2026-09-28,sh,600729,重百集团,18.14,18.14,18.31,18.02,18.23,2039963,37068843.0
2026-09-28,sh,600730,*ST高科,8.91,8.92,8.92,8.47,8.52,7750700,66508079.0
2026-09-28,sh,600731,湖南海利,5.89,5.89,5.9,5.77,5.79,3878270,22581776.0
2026-09-28,sh,600732,爱旭股份,11.02,11.03,11.21,10.87,11.01,17968284,197947096.0
2026-09-28,sh,600733,北汽蓝谷,4.68,4.68,5.07,4.68,4.95,226207342,1111736938.0
2026-09-28,sh,600734,*ST实达,1.93,1.91,1.92,1.84,1.84,33761300,62914129.0
2026-09-28,sh,600735,ST新华锦,6.57,6.5,6.53,6.32,6.33,2955100,18953252.0
2026-09-28,sh,600736,苏州高新,6.56,6.55,6.55,6.28,6.36,15175483,96689378.0
2026-09-28,sh,600737,中粮糖业,14.75,14.68,14.88,13.85,14.0,59735303,845327515.0
2026-09-28,sh,600738,丽尚国潮,4.2,4.2,4.24,4.17,4.21,13801718,58033421.0
2026-09-28,sh,600739,辽宁成大,10.27,10.25,10.31,10.03,10.08,10490230,106258558.0
2026-09-28,sh,600740,山西焦化,3.77,3.75,3.75,3.66,3.73,23963569,88557638.0
2026-09-28,sh,600741,华域汽车,14.7,14.71,15.01,14.68,14.98,21459501,319670175.0
2026-09-28,sh,600742,富维股份,7.79,7.76,7.82,7.68,7.8,4917912,38108037.0
2026-09-28,sh,600743,华远控股,2.56,2.43,2.47,2.3,2.3,150224904,348103448.0
2026-09-28,sh,600744,华银电力,6.08,6.07,6.1,5.96,6.03,49213768,296482071.0
2026-09-28,sh,600745,*ST闻泰,17.04,16.91,16.91,16.29,16.3,25253366,417574176.0
2026-09-28,sh,600746,江苏索普,6.85,6.87,6.96,6.75,6.81,12433046,85013804.0
2026-09-28,sh,600748,上实发展,3.96,3.95,3.96,3.86,3.91,13145199,51300722.0
2026-09-28,sh,600749,西藏旅游,13.19,13.2,13.24,12.71,12.78,5305421,68111507.0
2026-09-28,sh,600750,华润江中,22.14,22.2,22.45,22.08,22.42,3906647,87092668.0
2026-09-28,sh,600751,海航科技,2.87,2.87,2.88,2.8,2.82,19803161,55950342.0
2026-09-28,sh,600753,ST海钦,13.47,13.47,14.09,13.45,13.71,5032903,69562987.0
2026-09-28,sh,600754,锦江酒店,18.03,18.03,18.09,17.73,17.89,6034117,107981442.0
2026-09-28,sh,600755,厦门国贸,6.02,5.84,5.85,5.65,5.76,50539058,290287958.0
2026-09-28,sh,600756,浪潮软件,13.68,13.84,13.84,13.38,13.57,4985067,67615670.0
2026-09-28,sh,600757,长江传媒,7.38,7.38,7.44,7.27,7.33,7646450,56067471.0
2026-09-28,sh,600758,辽宁能源,3.64,3.61,3.64,3.4,3.56,63354807,222201727.0
2026-09-28,sh,600759,ST洲际,2.31,2.28,2.3,2.22,2.23,96696947,217206661.0
2026-09-28,sh,600760,中航沈飞,43.03,42.7,43.49,42.7,43.34,9260069,399746908.0
2026-09-28,sh,600761,安徽合力,15.15,15.15,15.2,14.85,14.93,6598499,99077800.0
2026-09-28,sh,600763,通策医疗,33.48,33.37,33.76,33.11,33.26,4097312,136428305.0
2026-09-28,sh,600764,中国海防,18.36,18.3,18.49,18.08,18.13,4495714,81998469.0
2026-09-28,sh,600765,中航重机,13.2,13.12,13.27,13.01,13.07,10477860,137397518.0
2026-09-28,sh,600768,富邦新材,14.84,14.93,14.93,14.5,14.7,2608632,38342583.0
2026-09-28,sh,600769,祥龙电业,15.72,15.63,15.8,14.31,14.51,11625967,172378261.0
2026-09-28,sh,600770,综艺股份,6.21,6.07,6.16,5.85,5.9,67286233,399696684.0
2026-09-28,sh,600771,广誉远,13.65,13.69,14.29,13.59,14.04,13663227,190792717.0
2026-09-28,sh,600773,西藏城投,9.71,9.66,9.68,9.25,9.29,22242900,208776669.0
2026-09-28,sh,600774,汉商集团,7.7,7.88,7.89,7.68,7.77,4192134,32564620.0
2026-09-28,sh,600775,南京熊猫,9.51,9.71,10.08,9.24,9.27,17254400,164228228.0
2026-09-28,sh,600776,东方通信,12.91,12.9,12.93,12.17,12.27,17099259,211848937.0
2026-09-28,sh,600777,新潮能源,4.01,4.01,4.02,3.96,4.02,17804620,71009175.0
2026-09-28,sh,600778,友好集团,5.75,5.77,5.8,5.66,5.73,7639253,43646754.0
2026-09-28,sh,600779,水井坊,26.21,26.21,26.45,25.95,25.98,1252600,32721064.0
2026-09-28,sh,600780,通宝能源,6.09,6.05,6.13,6.05,6.1,7516382,45750524.0
2026-09-28,sh,600782,新钢股份,2.63,2.63,2.63,2.6,2.62,25024000,65410915.0
2026-09-28,sh,600783,鲁信创投,15.3,15.28,15.34,14.63,14.75,10208816,151442295.0
2026-09-28,sh,600784,鲁银投资,7.14,7.19,7.19,6.95,6.98,5663880,39700041.0
2026-09-28,sh,600785,新华百货,10.54,10.5,10.67,10.3,10.47,15650500,163287175.0
2026-09-28,sh,600787,中储股份,4.54,4.55,4.58,4.48,4.53,13654000,61765537.0
2026-09-28,sh,600789,鲁抗医药,7.54,7.55,7.82,7.54,7.73,28357642,218264725.0
2026-09-28,sh,600790,轻纺城,3.62,3.61,3.9,3.6,3.7,68830406,259081184.0
2026-09-28,sh,600791,京能置业,6.92,6.94,7.0,6.66,6.78,10278100,69619198.0
2026-09-28,sh,600792,云煤能源,5.7,5.61,5.69,5.3,5.5,161447879,884382167.0
2026-09-28,sh,600793,宜宾纸业,17.0,17.01,17.15,16.58,16.67,3479100,58229628.0
2026-09-28,sh,600794,保税科技,3.17,3.16,3.19,3.13,3.16,8988800,28344201.0
2026-09-28,sh,600795,国电电力,5.24,5.25,5.42,5.23,5.4,173000295,929257516.0
2026-09-28,sh,600796,钱江生化,5.06,5.07,5.16,5.0,5.09,4117203,20804346.0
2026-09-28,sh,600797,浙大网新,6.51,6.53,6.57,6.37,6.42,10337945,66502595.0
2026-09-28,sh,600798,宁波海运,3.39,3.4,3.41,3.35,3.4,16923965,57270502.0
2026-09-28,sh,600800,渤海化学,3.2,3.18,3.21,3.11,3.16,12767300,40237728.0
2026-09-28,sh,600801,华新建材,23.75,23.75,23.89,23.52,23.85,4905920,116400875.0
2026-09-28,sh,600802,福建水泥,6.62,6.66,7.28,6.62,7.28,85656342,604124688.0
2026-09-28,sh,600803,新奥股份,18.54,18.49,18.8,18.35,18.74,5921656,110371907.0
2026-09-28,sh,600805,悦达投资,4.56,4.57,4.6,4.52,4.55,8865993,40382732.0
2026-09-28,sh,600807,济高发展,2.64,2.64,2.66,2.59,2.62,12405300,32547752.0
2026-09-28,sh,600808,马钢股份,2.43,2.44,2.46,2.37,2.39,55214838,132876690.0
2026-09-28,sh,600809,山西汾酒,111.18,111.0,111.57,109.15,110.26,3550574,390604723.0
2026-09-28,sh,600810,神马股份,6.25,6.28,6.41,6.21,6.31,8252301,52010019.0
2026-09-28,sh,600812,华北制药,4.88,4.88,4.95,4.83,4.9,27679006,135156619.0
2026-09-28,sh,600814,杭州解百,6.89,6.89,6.98,6.8,6.84,4364181,29870107.0
2026-09-28,sh,600815,厦工股份,4.65,4.36,4.37,4.19,4.19,63619100,268289103.0
2026-09-28,sh,600816,建元信托,2.33,2.33,2.34,2.31,2.33,35320691,82149238.0
2026-09-28,sh,600817,宇通重工,9.52,9.6,9.76,9.58,9.62,1799400,17446220.0
2026-09-28,sh,600818,ST中路,9.11,9.01,9.18,9.0,9.09,2352709,21354209.0
2026-09-28,sh,600819,耀皮玻璃,5.65,5.62,5.74,5.53,5.58,8293270,46507643.0
2026-09-28,sh,600820,隧道股份,5.23,5.22,5.25,5.17,5.2,11059100,57442699.0
2026-09-28,sh,600821,金开新能,5.77,5.77,5.79,5.66,5.72,26389159,150574346.0
2026-09-28,sh,600822,上海物贸,9.08,9.04,9.41,8.97,9.09,8772942,80228847.0
2026-09-28,sh,600824,益民集团,3.66,3.65,3.69,3.59,3.64,7826887,28365457.0
2026-09-28,sh,600825,新华传媒,7.77,8.55,8.55,8.55,8.55,5027541,42985476.0
2026-09-28,sh,600826,兰生股份,8.12,8.15,8.3,7.88,7.99,9850861,79394719.0
2026-09-28,sh,600827,百联股份,7.73,7.76,7.78,7.61,7.67,8028300,61631920.0
2026-09-28,sh,600828,茂业商业,4.37,4.37,4.41,4.22,4.27,14172027,60543838.0
2026-09-28,sh,600829,人民同泰,9.62,9.62,9.73,9.37,9.4,8239978,77837296.0
2026-09-28,sh,600830,香溢融通,8.49,8.47,8.52,8.3,8.33,7345275,61453967.0
2026-09-28,sh,600831,广电网络,3.51,3.45,3.54,3.29,3.33,50227083,169894493.0
2026-09-28,sh,600833,第一医药,10.62,10.6,10.71,10.45,10.59,4262301,44890768.0
2026-09-28,sh,600834,申通地铁,7.62,7.68,7.68,7.57,7.62,1551703,11819795.0
2026-09-28,sh,600835,上海机电,18.77,18.79,18.8,18.02,18.32,6698536,122701765.0
2026-09-28,sh,600838,上海九百,8.31,8.27,8.34,8.05,8.14,7565691,61584018.0
2026-09-28,sh,600839,四川长虹,6.57,6.56,6.57,6.42,6.42,30587369,197902739.0
2026-09-28,sh,600841,动力新科,5.63,5.61,5.62,5.41,5.47,11984000,65776916.0
2026-09-28,sh,600843,上工申贝,8.37,8.34,8.34,7.75,7.84,60300196,477378296.0
2026-09-28,sh,600844,金煤科技,3.28,3.27,3.28,3.2,3.23,24074200,77584573.0
2026-09-28,sh,600845,宝信软件,18.26,18.16,18.24,17.78,18.01,14247861,255996836.0
2026-09-28,sh,600846,同济科技,10.83,10.83,10.84,10.48,10.6,2241920,23785756.0
2026-09-28,sh,600847,万里股份,13.03,12.99,13.1,12.3,12.53,6138088,77110514.0
2026-09-28,sh,600848,上海临港,8.5,8.49,8.54,8.4,8.48,5853660,49568691.0
2026-09-28,sh,600850,电科数字,13.86,13.88,13.91,13.33,13.5,8004550,108223627.0
2026-09-28,sh,600851,海欣股份,8.11,8.18,8.22,7.84,7.9,6857940,54584725.0
2026-09-28,sh,600853,龙建股份,3.26,3.24,3.27,3.21,3.24,8466680,27371483.0
2026-09-28,sh,600854,春兰股份,4.73,4.77,4.78,4.68,4.74,7803402,36899020.0
2026-09-28,sh,600855,航天长峰,12.85,12.8,12.97,12.43,12.47,7993339,100773842.0
2026-09-28,sh,600857,宁波中百,20.71,20.3,20.31,18.64,18.64,7164400,135365915.0
2026-09-28,sh,600858,银座股份,4.88,4.91,4.94,4.84,4.88,6006817,29286862.0
2026-09-28,sh,600859,王府井,9.7,9.74,9.78,9.52,9.59,9713700,93495519.0
2026-09-28,sh,600860,京城股份,7.55,7.55,7.6,7.33,7.4,5296116,39260916.0
2026-09-28,sh,600861,北京人力,12.71,12.75,12.82,12.5,12.55,1253303,15832751.0
2026-09-28,sh,600862,中航高科,17.88,17.85,17.94,17.61,17.68,9194297,163235532.0
2026-09-28,sh,600863,华能蒙电,4.64,4.62,4.79,4.61,4.74,108293350,510375504.0
2026-09-28,sh,600864,哈投股份,5.7,5.69,5.7,5.58,5.63,31834803,179279393.0
2026-09-28,sh,600865,百大集团,10.9,10.9,10.99,10.49,10.59,17100442,181601291.0
2026-09-28,sh,600866,星湖科技,4.12,4.11,4.2,4.05,4.08,25945357,106950311.0
2026-09-28,sh,600867,通化东宝,7.73,7.73,7.78,7.69,7.73,11097400,85726806.0
2026-09-28,sh,600868,梅雁吉祥,2.72,2.72,2.74,2.7,2.73,27988501,76192192.0
2026-09-28,sh,600869,远东股份,19.83,19.84,19.94,17.95,18.09,153762770,2843454447.0
2026-09-28,sh,600871,石化油服,2.11,2.11,2.12,2.07,2.09,85352650,177984345.0
2026-09-28,sh,600872,中炬高新,17.15,17.08,17.2,16.95,17.13,6079911,103654361.0
2026-09-28,sh,600873,梅花生物,7.36,7.35,7.36,7.24,7.29,15177044,110507720.0
2026-09-28,sh,600874,创业环保,5.44,5.44,5.45,5.39,5.43,4468175,24196840.0
2026-09-28,sh,600875,东方电气,23.5,23.5,23.6,22.55,22.71,28302890,646281137.0
2026-09-28,sh,600876,凯盛新能,7.62,7.63,8.04,7.38,7.43,15079581,114961164.0
2026-09-28,sh,600877,电科芯片,11.9,11.86,11.88,11.3,11.43,10465989,120184491.0
2026-09-28,sh,600879,航天电子,14.31,14.32,14.37,13.71,13.84,62399660,868163589.0
2026-09-28,sh,600880,博瑞传播,4.26,4.24,4.28,4.04,4.08,32167801,132579384.0
2026-09-28,sh,600881,亚泰集团,1.85,1.85,1.87,1.82,1.86,72782491,134252698.0
2026-09-28,sh,600882,妙可蓝多,19.04,19.09,19.3,18.97,19.08,2881810,55096490.0
2026-09-28,sh,600883,博闻科技,8.11,8.19,8.19,7.95,8.06,4030346,32493937.0
2026-09-28,sh,600884,杉杉股份,11.54,11.43,11.45,11.15,11.19,31001686,347798946.0
2026-09-28,sh,600885,宏发股份,33.39,33.1,33.79,32.5,33.62,10953032,362926015.0
2026-09-28,sh,600886,国投电力,14.86,14.84,15.38,14.81,15.33,51788917,789745932.0
2026-09-28,sh,600887,伊利股份,26.9,26.81,27.05,26.7,27.03,41586445,1120497922.0
2026-09-28,sh,600888,新疆众和,9.72,9.8,9.8,9.02,9.09,43900219,404294570.0
2026-09-28,sh,600889,*ST京化,13.39,13.4,13.47,13.23,13.24,978200,13017538.0
2026-09-28,sh,600892,大晟文化,4.12,4.12,4.23,4.0,4.04,23392000,94990243.0
2026-09-28,sh,600893,航发动力,38.29,38.28,39.43,38.24,38.68,27557513,1070391691.0
2026-09-28,sh,600894,广日股份,7.77,7.71,7.76,7.6,7.61,6991665,53468591.0
2026-09-28,sh,600895,张江高科,28.22,28.05,28.22,27.34,27.34,13499650,373515968.0
2026-09-28,sh,600897,厦门空港,16.25,15.01,15.58,15.01,15.31,11791684,178579284.0
2026-09-28,sh,600900,长江电力,28.36,28.35,28.6,28.31,28.55,108013753,3079818529.0
2026-09-28,sh,600901,江苏金租,6.79,6.78,6.88,6.74,6.84,33977008,231781864.0
2026-09-28,sh,600903,贵州燃气,6.56,6.56,6.6,6.3,6.43,31726407,202999590.0
2026-09-28,sh,600905,三峡能源,3.61,3.61,3.62,3.53,3.53,94982300,337494560.0
2026-09-28,sh,600906,财达证券,6.36,6.35,6.37,6.19,6.23,24553281,153322410.0
2026-09-28,sh,600908,无锡银行,5.83,5.82,5.88,5.74,5.8,22710100,131874259.0
2026-09-28,sh,600909,华安证券,7.82,7.83,7.84,7.52,7.59,76212049,581272829.0
2026-09-28,sh,600916,中国黄金,7.24,7.2,7.2,7.08,7.1,18137300,129180738.0
2026-09-28,sh,600917,重庆燃气,4.79,4.79,4.81,4.76,4.81,4273050,20448147.0
2026-09-28,sh,600918,中泰证券,5.42,5.4,5.42,5.31,5.34,25210013,134875235.0
2026-09-28,sh,600919,江苏银行,12.26,12.26,12.43,12.21,12.22,99454096,1221472917.0
2026-09-28,sh,600925,苏能股份,4.08,4.07,4.09,4.03,4.09,6881900,27912710.0
2026-09-28,sh,600926,XD杭州银,16.77,16.88,16.96,16.75,16.81,36636036,617432197.0
2026-09-28,sh,600927,永安期货,12.18,12.16,12.18,11.94,12.01,4890567,58884647.0
2026-09-28,sh,600928,西安银行,3.48,3.47,3.49,3.43,3.45,19012600,65643981.0
2026-09-28,sh,600929,雪天盐业,6.0,6.01,6.07,5.91,5.94,24629390,147109556.0
2026-09-28,sh,600930,华电新能,3.88,3.88,3.89,3.81,3.81,113039905,433004228.0
2026-09-28,sh,600933,爱柯迪,13.67,13.66,13.78,13.31,13.52,10127013,136919796.0
2026-09-28,sh,600935,华塑股份,2.29,2.28,2.37,2.26,2.29,22725000,52107084.0
2026-09-28,sh,600936,北投科技,4.31,4.32,4.33,4.2,4.27,24227818,103278044.0
2026-09-28,sh,600938,中国海油,32.8,32.55,33.6,32.42,33.5,41070227,1364841620.0
2026-09-28,sh,600939,重庆建工,2.6,2.62,2.63,2.57,2.58,8197200,21268379.0
2026-09-28,sh,600941,中国移动,97.45,97.4,98.18,97.1,97.71,7897684,771865750.0
2026-09-28,sh,600955,维远股份,12.38,12.36,12.43,12.18,12.23,2620800,32134537.0
2026-09-28,sh,600956,新天绿能,7.05,7.04,7.12,7.0,7.04,5955371,42010473.0
2026-09-28,sh,600958,东方证券,8.71,8.7,8.72,8.57,8.59,39841968,343699253.0
2026-09-28,sh,600959,江苏有线,3.09,3.08,3.1,3.02,3.03,24152910,73545317.0
2026-09-28,sh,600960,渤海汽车,3.9,3.9,3.93,3.86,3.88,8072200,31375610.0
2026-09-28,sh,600961,株冶集团,23.61,23.14,23.14,22.06,22.31,24719191,555733989.0
2026-09-28,sh,600962,国投中鲁,26.15,26.14,26.45,25.1,25.1,4953020,127235062.0
2026-09-28,sh,600963,岳阳林纸,3.35,3.35,3.36,3.25,3.3,23921800,78784372.0
2026-09-28,sh,600965,*ST福成,2.69,2.61,2.66,2.6,2.66,4006400,10530528.0
2026-09-28,sh,600966,博汇纸业,4.8,4.77,4.81,4.68,4.74,11242263,53116648.0
2026-09-28,sh,600967,内蒙一机,12.97,12.87,13.13,12.56,12.68,42227116,538591441.0
2026-09-28,sh,600968,海油发展,3.88,3.86,3.88,3.82,3.86,24143370,93004405.0
2026-09-28,sh,600969,郴电国际,9.79,9.78,9.82,9.57,9.65,6202440,59899745.0
2026-09-28,sh,600970,中材国际,7.68,7.68,7.7,7.52,7.66,18359350,140012717.0
2026-09-28,sh,600971,恒源煤电,8.46,8.41,8.48,8.18,8.38,12278595,102009994.0
2026-09-28,sh,600973,宝胜股份,5.89,5.85,5.89,5.69,5.7,13105496,75266397.0
2026-09-28,sh,600975,新五丰,5.08,5.09,5.14,4.95,5.1,18860857,94987713.0
2026-09-28,sh,600976,健民集团,26.8,26.8,27.04,26.58,26.94,695981,18678060.0
2026-09-28,sh,600977,中国电影,13.13,13.3,13.44,12.86,12.89,27143952,353625920.0
2026-09-28,sh,600979,广安爱众,3.86,3.85,3.89,3.83,3.86,15557430,59992013.0
2026-09-28,sh,600980,北矿科技,19.13,19.14,19.16,18.33,18.61,2581057,48114922.0
2026-09-28,sh,600981,苏豪汇鸿,2.37,2.38,2.4,2.34,2.38,16174736,38219089.0
2026-09-28,sh,600982,宁波能源,4.86,4.87,5.15,4.84,4.99,46930933,235162000.0
2026-09-28,sh,600983,惠而浦,7.39,7.48,7.59,7.38,7.42,1620200,12072833.0
2026-09-28,sh,600984,建设机械,3.5,3.5,3.51,3.43,3.45,16504429,57152099.0
2026-09-28,sh,600985,淮北矿业,16.49,16.38,16.43,16.09,16.33,18363298,297918340.0
2026-09-28,sh,600986,浙文互联,6.88,6.85,6.9,6.67,6.71,26986156,181712861.0
2026-09-28,sh,600987,航民股份,6.31,6.3,6.3,6.23,6.25,3664225,22931847.0
2026-09-28,sh,600988,赤峰黄金,40.28,39.2,39.8,37.79,38.07,42977910,1652356346.0
2026-09-28,sh,600989,宝丰能源,22.33,22.22,22.68,22.1,22.45,50340045,1128444968.0
2026-09-28,sh,600990,四创电子,17.85,17.85,17.99,17.37,17.46,2606677,45805496.0
2026-09-28,sh,600992,贵绳股份,10.27,10.32,10.37,10.1,10.21,8412720,85779981.0
2026-09-28,sh,600993,马应龙,22.15,22.15,22.4,22.12,22.39,2709349,60340829.0
2026-09-28,sh,600995,南网储能,11.8,11.8,11.83,11.61,11.68,7889903,92354800.0
2026-09-28,sh,600996,贵广网络,6.82,6.81,6.9,6.61,6.72,14906284,100474554.0
2026-09-28,sh,600997,开滦股份,5.14,5.13,5.22,5.08,5.22,10048007,51602278.0
2026-09-28,sh,600998,九州通,4.84,4.84,4.93,4.84,4.93,30999984,151557302.0
2026-09-28,sh,600999,招商证券,17.44,17.4,17.44,16.91,16.92,39960523,682179339.0
2026-09-28,sh,601000,唐山港,4.39,4.4,4.52,4.37,4.52,56958508,255095667.0
2026-09-28,sh,601001,晋控煤业,17.65,17.61,17.75,17.29,17.72,10694387,187782526.0
2026-09-28,sh,601002,晋亿实业,5.22,5.18,5.22,5.13,5.19,6508357,33631294.0
2026-09-28,sh,601003,柳钢股份,3.49,3.5,3.51,3.41,3.46,13511400,46525269.0
2026-09-28,sh,601005,重庆钢铁,1.2,1.2,1.21,1.18,1.19,83104800,98893279.0
2026-09-28,sh,601006,大秦铁路,4.66,4.66,4.67,4.62,4.65,73586215,341229173.0
2026-09-28,sh,601007,金陵饭店,6.8,6.81,6.87,6.71,6.77,5683774,38496048.0
2026-09-28,sh,601008,连云港,4.4,4.42,4.44,4.35,4.4,11533231,50633498.0
2026-09-28,sh,601009,南京银行,11.95,11.95,12.11,11.86,11.9,69259417,829186666.0
2026-09-28,sh,601010,ST文峰,1.43,1.44,1.45,1.41,1.42,10438700,14890954.0
2026-09-28,sh,601011,宝泰隆,2.91,2.88,2.89,2.8,2.86,41986600,119593778.0
2026-09-28,sh,601012,隆基绿能,11.04,11.07,11.21,10.75,10.81,86085888,939497174.0
2026-09-28,sh,601015,陕西黑猫,3.55,3.47,3.6,3.35,3.51,61719150,213818407.0
2026-09-28,sh,601016,节能风电,3.25,3.23,3.27,3.23,3.25,57285720,185797645.0
2026-09-28,sh,601018,宁波港,3.4,3.4,3.43,3.38,3.43,46444109,158404713.0
2026-09-28,sh,601019,山东出版,6.75,6.75,6.82,6.63,6.67,10107560,67791960.0
2026-09-28,sh,601020,华钰矿业,21.0,20.79,20.79,19.43,19.52,24459118,485224420.0
2026-09-28,sh,601021,春秋航空,39.85,39.65,40.82,38.18,40.44,12346442,485321454.0
2026-09-28,sh,601022,宁波远洋,8.42,8.47,8.48,8.28,8.33,5895300,49123908.0
2026-09-28,sh,601026,道生天合,15.25,15.33,15.36,14.77,14.87,4449257,66614955.0
2026-09-28,sh,601033,永兴股份,14.19,14.18,14.24,14.05,14.12,2061100,29106114.0
2026-09-28,sh,601038,一拖股份,13.96,14.14,14.18,13.58,13.62,5681340,78256897.0
2026-09-28,sh,601058,赛轮轮胎,13.56,13.56,13.56,13.16,13.21,32256805,428715222.0
2026-09-28,sh,601059,信达证券,15.56,0.0,0.0,0.0,15.56,0,0.0
2026-09-28,sh,601061,中信金属,10.83,10.68,10.7,10.35,10.42,13536500,141533614.0
2026-09-28,sh,601065,江盐集团,6.67,6.67,6.69,6.6,6.62,2294700,15210639.0
2026-09-28,sh,601066,中信建投,23.4,23.33,23.39,22.94,23.03,10458948,241572029.0
2026-09-28,sh,601068,中铝国际,4.28,4.27,4.28,4.17,4.2,15903300,66938067.0
2026-09-28,sh,601069,西部黄金,25.6,25.0,25.0,23.87,23.97,14916519,362732845.0
2026-09-28,sh,601077,渝农商行,6.64,6.64,6.75,6.61,6.66,82424711,550257399.0
2026-09-28,sh,601083,锦江航运,12.75,12.88,12.92,12.69,12.77,5876700,75249891.0
2026-09-28,sh,601086,国芳集团,15.32,15.16,16.25,13.81,15.85,97937099,1454370480.0
2026-09-28,sh,601088,中国神华,48.03,47.79,48.41,47.56,48.39,23073114,1109202332.0
2026-09-28,sh,601089,福元医药,15.88,15.95,16.18,15.92,16.09,2431749,38967917.0
2026-09-28,sh,601091,沈鼓集团,27.0,25.6,28.67,24.3,27.71,113158397,2963675626.0
2026-09-28,sh,601096,宏盛华源,3.96,3.96,3.96,3.87,3.9,15822516,61702608.0
2026-09-28,sh,601098,中南传媒,10.18,10.16,10.21,9.89,9.94,11612004,115818191.0
2026-09-28,sh,601099,太平洋,3.52,3.5,3.52,3.41,3.43,96913164,333202466.0
2026-09-28,sh,601100,恒立液压,92.3,91.5,92.25,89.58,90.0,10088079,911723674.0
2026-09-28,sh,601101,昊华能源,13.06,12.93,13.14,12.54,12.89,15603947,199889673.0
2026-09-28,sh,601106,中国一重,2.92,2.93,2.94,2.85,2.87,42872167,123348160.0
2026-09-28,sh,601107,四川成渝,6.02,6.01,6.11,5.97,6.0,10453190,63021469.0
2026-09-28,sh,601108,财通证券,8.36,8.34,8.36,8.1,8.12,39381895,321869350.0
2026-09-28,sh,601111,中国国航,5.81,5.82,5.82,5.7,5.76,82179634,471429369.0
2026-09-28,sh,601112,振石股份,16.17,16.1,16.38,15.93,16.37,5943732,96402251.0
2026-09-28,sh,601113,华鼎股份,3.54,3.54,3.63,3.48,3.52,16419707,57965142.0
2026-09-28,sh,601116,三江购物,10.02,10.03,10.09,9.77,9.84,7062706,69594205.0
2026-09-28,sh,601117,中国化学,7.22,7.19,7.2,7.1,7.13,38241933,272850066.0
2026-09-28,sh,601118,海南橡胶,6.48,6.54,6.61,5.98,5.99,137201649,838760727.0
2026-09-28,sh,601121,宝地矿业,7.06,7.09,7.09,6.78,6.85,8878000,60877093.0
2026-09-28,sh,601123,马矿股份,17.82,17.51,17.97,16.51,17.62,23963818,410630008.0
2026-09-28,sh,601126,XD四方股,37.91,37.99,37.99,35.55,35.9,15663274,566956473.0
2026-09-28,sh,601127,赛力斯,46.33,45.0,45.4,44.19,45.09,25447671,1141684649.0
2026-09-28,sh,601128,常熟银行,6.17,6.17,6.21,6.09,6.14,51248629,314585834.0
2026-09-28,sh,601133,柏诚股份,25.05,24.8,25.0,23.51,23.58,13399021,322968613.0
2026-09-28,sh,601136,首创证券,14.19,14.15,14.26,13.81,13.85,10417555,145134399.0
2026-09-28,sh,601137,博威合金,19.85,19.8,19.85,18.98,19.18,10314870,199104315.0
2026-09-28,sh,601138,工业富联,61.0,61.0,61.0,58.28,58.92,64381494,3811349674.0
2026-09-28,sh,601139,深圳燃气,6.19,6.2,6.25,6.19,6.24,12879313,80043921.0
2026-09-28,sh,601155,新城控股,12.56,12.57,12.81,12.42,12.66,22385899,283304558.0
2026-09-28,sh,601156,东航物流,18.21,18.21,18.62,18.08,18.45,11374205,209122937.0
2026-09-28,sh,601158,重庆水务,3.98,3.97,3.99,3.95,3.97,4858400,19275964.0
2026-09-28,sh,601162,天风证券,3.6,3.57,3.59,3.48,3.49,125480789,441443949.0
2026-09-28,sh,601163,三角轮胎,12.21,12.22,12.26,12.11,12.16,1698700,20679208.0
2026-09-28,sh,601166,兴业银行,17.88,17.92,17.96,17.72,17.77,62768693,1117799988.0
2026-09-28,sh,601168,西部矿业,35.19,34.38,34.67,33.7,33.77,33462035,1142149436.0
2026-09-28,sh,601169,北京银行,5.49,5.49,5.53,5.43,5.45,143885731,786792018.0
2026-09-28,sh,601177,杭齿前进,13.72,13.73,13.8,13.42,13.61,3513279,47696662.0
2026-09-28,sh,601179,中国西电,11.75,11.71,11.72,11.37,11.48,47058377,540725794.0
2026-09-28,sh,601186,中国铁建,5.98,5.97,5.99,5.92,5.93,23223500,137979709.0
2026-09-28,sh,601187,厦门银行,6.92,6.91,6.96,6.81,6.82,16036945,110216085.0
2026-09-28,sh,601188,龙江交通,2.85,2.84,2.86,2.82,2.84,8840500,25073928.0
2026-09-28,sh,601198,东兴证券,13.06,0.0,0.0,0.0,13.06,0,0.0
2026-09-28,sh,601199,江南水务,6.61,6.66,6.69,6.35,6.63,19207749,126406144.0
2026-09-28,sh,601200,上海环境,6.74,6.74,6.76,6.67,6.72,5969205,40044093.0
2026-09-28,sh,601208,东材科技,56.44,55.02,55.16,50.8,50.8,71193977,3676141643.0
2026-09-28,sh,601211,国泰海通,17.21,17.2,17.23,16.74,16.81,66218040,1119055019.0
2026-09-28,sh,601212,白银有色,5.79,5.6,5.64,5.43,5.49,135244994,745723292.0
2026-09-28,sh,601216,君正集团,4.47,4.47,4.49,4.41,4.46,41451708,184243089.0
2026-09-28,sh,601218,吉鑫科技,5.5,5.5,6.05,5.4,6.05,264797488,1514983777.0
2026-09-28,sh,601222,林洋能源,5.88,5.86,5.94,5.8,5.85,13222438,77416598.0
2026-09-28,sh,601225,陕西煤业,25.83,25.51,26.0,25.25,25.85,30886519,794426454.0
2026-09-28,sh,601226,华电科工,6.53,6.53,6.56,6.36,6.42,8494170,54674339.0
2026-09-28,sh,601228,广州港,3.03,3.02,3.04,3.0,3.02,15984426,48183340.0
2026-09-28,sh,601229,上海银行,9.51,9.53,9.61,9.48,9.51,50418818,481178565.0
2026-09-28,sh,601231,环旭电子,25.45,25.51,25.53,23.39,23.67,32931931,789482948.0
2026-09-28,sh,601233,桐昆股份,23.26,23.24,23.54,22.85,23.28,19658949,456898424.0
2026-09-28,sh,601236,红塔证券,6.89,6.85,6.89,6.75,6.86,14364480,97853196.0
2026-09-28,sh,601238,广汽集团,5.09,0.0,0.0,0.0,5.09,0,0.0
2026-09-28,sh,601279,英利汽车,3.51,3.49,3.62,3.49,3.55,17320097,61280765.0
2026-09-28,sh,601288,农业银行,6.87,6.88,6.98,6.84,6.86,317315333,2190898402.0
2026-09-28,sh,601298,青岛港,9.75,9.76,9.89,9.7,9.86,10424637,102641262.0
2026-09-28,sh,601311,骆驼股份,7.3,7.29,7.29,7.2,7.24,6757800,48916091.0
2026-09-28,sh,601318,中国平安,53.25,53.09,53.4,52.19,52.4,71194468,3747989837.0
2026-09-28,sh,601319,中国人保,8.07,8.03,8.17,7.96,8.0,56014931,451893620.0
2026-09-28,sh,601326,秦港股份,3.47,3.46,3.49,3.39,3.48,19223500,66354730.0
2026-09-28,sh,601328,交通银行,7.56,7.57,7.62,7.52,7.59,215999439,1635494103.0
2026-09-28,sh,601330,绿色动力,8.03,8.03,8.22,7.99,8.17,12576425,102243560.0
2026-09-28,sh,601333,广深铁路,3.06,3.07,3.08,3.04,3.06,46613920,142676525.0
2026-09-28,sh,601336,新华保险,57.58,57.26,57.45,55.86,55.9,13073588,739806294.0
2026-09-28,sh,601339,百隆东方,7.47,7.53,7.55,7.25,7.28,11634175,85776136.0
2026-09-28,sh,601360,三六零,8.95,9.08,9.15,8.76,8.95,99262929,886294745.0
2026-09-28,sh,601366,利群股份,3.58,3.57,3.61,3.53,3.58,7371681,26279543.0
2026-09-28,sh,601368,绿城水务,4.55,4.53,4.59,4.49,4.59,5847706,26586197.0
2026-09-28,sh,601369,陕鼓动力,8.82,8.82,8.84,8.45,8.62,10458600,89914424.0
2026-09-28,sh,601375,中原证券,3.95,3.95,3.96,3.86,3.89,32486340,126723243.0
2026-09-28,sh,601377,兴业证券,5.87,5.85,5.86,5.71,5.74,60053501,346305116.0
2026-09-28,sh,601388,怡球资源,3.15,3.13,3.15,3.08,3.11,25420843,79156559.0
2026-09-28,sh,601390,中国中铁,4.25,4.25,4.25,4.2,4.22,55831864,235539143.0
2026-09-28,sh,601398,工商银行,8.13,8.12,8.25,8.11,8.15,299122932,2444282076.0
2026-09-28,sh,601399,国机重装,3.07,3.08,3.09,3.02,3.05,51102138,155648543.0
2026-09-28,sh,601456,国联民生,8.53,8.54,8.6,8.42,8.57,17742123,150992852.0
2026-09-28,sh,601500,通用股份,3.87,3.86,3.88,3.78,3.81,9088340,34694412.0
2026-09-28,sh,601512,中新集团,8.34,8.35,8.4,8.26,8.35,2137303,17792513.0
2026-09-28,sh,601515,衢州东峰,3.21,3.22,3.23,3.1,3.14,13508118,42484828.0
2026-09-28,sh,601518,吉林高速,2.76,2.76,2.76,2.73,2.74,10506260,28823007.0
2026-09-28,sh,601519,大智慧,8.52,8.52,8.54,8.13,8.19,26275397,216721537.0
2026-09-28,sh,601528,瑞丰银行,4.97,5.02,5.02,4.95,4.99,11755573,58577531.0
2026-09-28,sh,601555,东吴证券,8.17,8.15,8.18,8.05,8.08,30330430,245773927.0
2026-09-28,sh,601566,九牧王,9.67,9.52,9.58,9.06,9.13,33580097,309704345.0
2026-09-28,sh,601567,三星电气,16.25,16.0,16.0,14.63,14.63,57589426,856710557.0
2026-09-28,sh,601568,北元化工,3.59,3.59,3.6,3.5,3.52,18640510,65821396.0
2026-09-28,sh,601577,长沙银行,9.67,9.67,9.76,9.56,9.6,24210731,233497979.0
2026-09-28,sh,601579,会稽山,38.04,40.46,41.84,40.19,41.84,53915665,2223607414.0
2026-09-28,sh,601588,北辰实业,1.75,1.75,1.76,1.72,1.75,34543301,60117727.0
2026-09-28,sh,601595,上海电影,22.96,23.55,24.3,22.65,22.74,9345746,215815587.0
2026-09-28,sh,601598,中国外运,6.68,6.81,6.84,6.55,6.6,18599320,123388974.0
2026-09-28,sh,601599,浙文影业,3.23,3.23,3.28,3.18,3.21,15483199,49769072.0
2026-09-28,sh,601600,中国铝业,8.88,8.8,8.81,8.62,8.68,146822102,1276413084.0
2026-09-28,sh,601601,中国太保,30.88,30.71,31.22,30.36,30.5,36123770,1108931656.0
2026-09-28,sh,601606,长城军工,31.9,31.83,31.83,30.92,31.0,15246485,475383688.0
2026-09-28,sh,601607,上海医药,16.02,16.01,16.11,15.83,15.89,8835984,140920953.0
2026-09-28,sh,601608,中信重工,4.6,4.59,4.61,4.48,4.54,22993645,104251650.0
2026-09-28,sh,601609,金田股份,11.86,11.79,11.81,11.13,11.19,45827601,521206518.0
2026-09-28,sh,601611,中国核建,10.15,10.15,10.15,9.97,10.0,13228456,132706421.0
2026-09-28,sh,601615,明阳智能,9.65,9.66,9.86,9.39,9.51,44313905,424512842.0
2026-09-28,sh,601616,广电电气,3.77,3.77,3.78,3.7,3.75,9131890,34117510.0
2026-09-28,sh,601618,中国中冶,2.49,2.49,2.5,2.45,2.46,67328000,165987185.0
2026-09-28,sh,601619,嘉泽新能,3.91,3.92,3.93,3.74,3.81,32586060,124236871.0
2026-09-28,sh,601628,中国人寿,37.43,37.33,37.71,36.75,36.77,18125384,672157508.0
2026-09-28,sh,601633,长城汽车,13.91,13.8,13.9,13.72,13.79,11182727,154309057.0
2026-09-28,sh,601636,旗滨集团,5.45,5.49,5.62,5.31,5.34,66721815,361714143.0
2026-09-28,sh,601658,邮储银行,5.33,5.33,5.41,5.3,5.32,173204381,926927706.0
2026-09-28,sh,601665,齐鲁银行,6.97,6.98,7.06,6.91,6.96,56250171,392922049.0
2026-09-28,sh,601666,平煤股份,8.83,8.83,8.86,8.6,8.79,20448434,178567132.0
2026-09-28,sh,601668,中国建筑,4.26,4.25,4.27,4.2,4.22,177368683,750058588.0
2026-09-28,sh,601669,中国电建,4.54,4.54,4.54,4.5,4.52,53851893,243270733.0
2026-09-28,sh,601677,明泰铝业,16.14,16.05,16.26,15.8,16.03,15994820,256558760.0
2026-09-28,sh,601678,滨化股份,5.76,5.77,5.79,5.65,5.7,39509575,225280643.0
2026-09-28,sh,601686,友发集团,5.02,5.02,5.03,4.9,4.93,6093799,30113433.0
2026-09-28,sh,601688,华泰证券,18.16,18.16,18.2,17.79,17.84,43710641,784344698.0
2026-09-28,sh,601689,拓普集团,46.44,46.4,47.0,45.58,46.5,27786663,1285350383.0
2026-09-28,sh,601696,中银证券,11.18,11.1,11.16,10.9,10.93,25212837,276975385.0
2026-09-28,sh,601698,中国卫通,23.56,23.47,23.57,22.84,23.03,16726547,385961285.0
2026-09-28,sh,601699,潞安环能,15.35,15.29,15.29,14.93,15.19,17543364,265211842.0
2026-09-28,sh,601700,风范股份,6.25,6.2,6.21,6.05,6.11,34249770,209256661.0
2026-09-28,sh,601702,华峰铝业,15.05,15.05,15.28,14.76,14.8,3352400,49865324.0
2026-09-28,sh,601717,中创智领,13.4,13.33,13.5,13.05,13.09,20633648,272850649.0
2026-09-28,sh,601718,ST际华,1.92,1.93,1.94,1.89,1.91,16988508,32420993.0
2026-09-28,sh,601727,上海电气,6.56,6.57,6.58,6.41,6.44,46434250,300253374.0
2026-09-28,sh,601728,中国电信,6.16,6.15,6.27,6.13,6.25,117693615,730022271.0
2026-09-28,sh,601766,中国中车,5.97,5.97,6.13,5.96,6.12,193201754,1172689031.0
2026-09-28,sh,601777,千里科技,8.28,8.3,8.6,8.26,8.43,53422101,451173701.0
2026-09-28,sh,601778,晶科科技,3.42,3.42,3.43,3.31,3.34,65185997,218434300.0
2026-09-28,sh,601788,光大证券,13.77,13.73,13.78,13.56,13.58,11602486,158147275.0
2026-09-28,sh,601789,宁波建工,4.19,4.22,4.23,4.1,4.13,19214802,79569980.0
2026-09-28,sh,601798,蓝科高新,7.59,7.58,7.61,7.44,7.52,4482600,33695403.0
2026-09-28,sh,601799,星宇股份,70.71,70.71,71.09,68.8,69.22,2990605,208190694.0
2026-09-28,sh,601800,中国交建,5.8,5.81,5.81,5.73,5.76,16513059,95097422.0
2026-09-28,sh,601801,皖新传媒,5.53,5.52,5.55,5.14,5.22,38045678,201425758.0
2026-09-28,sh,601808,中海油服,12.12,12.07,12.21,12.0,12.17,9759981,118253552.0
2026-09-28,sh,601811,新华文轩,20.35,22.0,22.39,18.33,18.52,63731971,1317723424.0
2026-09-28,sh,601816,京沪高铁,4.69,4.7,4.8,4.69,4.78,233484428,1111187965.0
2026-09-28,sh,601818,光大银行,3.0,3.0,3.01,2.98,2.99,130275040,389575749.0
2026-09-28,sh,601825,沪农商行,8.7,8.71,8.75,8.56,8.61,19154706,165489340.0
2026-09-28,sh,601827,三峰环境,7.81,7.82,7.84,7.74,7.78,3128345,24379894.0
2026-09-28,sh,601828,美凯龙,2.16,2.15,2.17,2.09,2.12,40697944,86340222.0
2026-09-28,sh,601838,成都银行,19.04,19.04,19.2,18.97,19.04,25698995,490150239.0
2026-09-28,sh,601857,中国石油,10.95,10.92,11.22,10.83,11.19,163104953,1807224555.0
2026-09-28,sh,601858,中国科传,20.9,21.16,21.84,20.76,21.65,12974410,277503782.0
2026-09-28,sh,601860,紫金银行,2.53,2.54,2.55,2.5,2.51,64338663,162010632.0
2026-09-28,sh,601865,福莱特,9.27,9.3,9.4,9.03,9.1,9669800,88574971.0
2026-09-28,sh,601866,中远海发,2.42,2.42,2.43,2.39,2.42,55980285,134641468.0
2026-09-28,sh,601868,中国能建,2.4,2.4,2.41,2.36,2.36,200017938,474586442.0
2026-09-28,sh,601869,长飞光纤,438.0,433.0,434.88,394.2,394.22,12964403,5242426822.0
2026-09-28,sh,601872,招商轮船,20.93,21.08,21.18,20.44,20.65,88827221,1844978620.0
2026-09-28,sh,601877,正泰电器,24.9,24.9,24.96,24.4,24.45,10414889,255990563.0
2026-09-28,sh,601878,浙商证券,9.02,9.02,9.04,8.89,8.91,15826005,141386714.0
2026-09-28,sh,601880,辽港股份,1.45,1.45,1.46,1.43,1.44,95219017,137425555.0
2026-09-28,sh,601881,中国银河,11.86,11.83,11.85,11.57,11.58,25192457,293820035.0
2026-09-28,sh,601882,海天精工,23.23,23.23,23.38,22.7,22.81,4788700,109646206.0
2026-09-28,sh,601886,江河集团,13.1,13.0,13.65,13.0,13.16,13441351,179255974.0
2026-09-28,sh,601888,中国中免,51.46,51.19,51.49,50.52,50.79,12169773,619440961.0
2026-09-28,sh,601890,亚星锚链,9.39,9.37,9.39,9.16,9.2,25348070,234533709.0
2026-09-28,sh,601898,中煤能源,14.01,13.89,14.2,13.75,14.18,40620023,569481680.0
2026-09-28,sh,601899,紫金矿业,30.01,29.6,29.69,29.05,29.42,166502688,4892448594.0
2026-09-28,sh,601900,南方传媒,12.49,12.45,12.62,12.1,12.23,10199574,125235924.0
2026-09-28,sh,601901,方正证券,6.74,6.73,6.74,6.59,6.62,32782952,217681758.0
2026-09-28,sh,601908,京运通,2.89,2.89,2.92,2.84,2.88,18271700,52545319.0
2026-09-28,sh,601916,浙商银行,2.84,2.84,2.87,2.81,2.82,117424951,332572302.0
2026-09-28,sh,601918,新集能源,11.15,11.07,11.53,10.86,11.45,47870920,539643193.0
2026-09-28,sh,601919,中远海控,16.3,16.44,16.58,16.19,16.46,73252615,1202792719.0
2026-09-28,sh,601921,浙版传媒,7.54,7.59,7.66,7.45,7.5,10201049,77006539.0
2026-09-28,sh,601928,凤凰传媒,8.26,8.26,8.27,8.11,8.16,10472017,85581457.0
2026-09-28,sh,601929,吉视传媒,2.37,2.34,2.37,2.25,2.27,98609046,224981910.0
2026-09-28,sh,601933,永辉超市,3.0,3.0,3.01,2.95,2.96,73011569,216448516.0
2026-09-28,sh,601939,建设银行,10.98,10.99,11.13,10.95,11.0,98749644,1089676649.0
2026-09-28,sh,601949,中国出版,5.71,5.61,5.68,5.46,5.46,55489566,306191379.0
2026-09-28,sh,601952,苏垦农发,9.11,9.1,9.23,8.61,8.8,23805900,208397301.0
2026-09-28,sh,601956,东贝集团,5.14,5.14,5.21,5.0,5.08,14912160,75877956.0
2026-09-28,sh,601958,金钼股份,19.7,19.53,19.53,18.93,19.13,22922449,438892192.0
2026-09-28,sh,601963,重庆银行,11.03,10.98,11.14,10.95,11.02,11063164,122244877.0
2026-09-28,sh,601965,中国汽研,13.04,13.07,13.11,12.82,12.98,4842553,62774888.0
2026-09-28,sh,601966,玲珑轮胎,10.41,10.4,10.45,10.26,10.33,6375415,65788509.0
2026-09-28,sh,601968,宝钢包装,4.51,4.52,4.57,4.45,4.49,9878305,44508504.0
2026-09-28,sh,601969,海南矿业,8.94,8.98,8.99,8.68,8.81,10542654,92895881.0
2026-09-28,sh,601975,招商南油,4.47,4.52,4.6,4.39,4.52,149630254,675380744.0
2026-09-28,sh,601985,中国核电,8.9,8.89,9.02,8.88,9.0,96296789,863842460.0
2026-09-28,sh,601988,中国银行,6.62,6.61,6.71,6.59,6.63,260427615,1729334431.0
2026-09-28,sh,601990,南京证券,6.58,6.58,6.61,6.47,6.5,16702387,108824792.0
2026-09-28,sh,601991,大唐发电,5.36,5.36,5.36,5.27,5.32,124124117,659226303.0
2026-09-28,sh,601992,金隅集团,1.4,1.4,1.4,1.37,1.38,41732800,57767523.0
2026-09-28,sh,601995,中金公司,31.02,30.95,30.99,30.36,30.5,19769415,604773130.0
2026-09-28,sh,601996,丰林集团,2.9,2.91,2.95,2.85,2.88,25985600,75295855.0
2026-09-28,sh,601997,贵阳银行,5.5,5.49,5.52,5.44,5.47,34813461,190575169.0
2026-09-28,sh,601998,中信银行,9.01,9.05,9.1,8.95,9.07,70973280,640872442.0
2026-09-28,sh,601999,出版传媒,6.76,6.71,6.77,6.4,6.46,21074001,136955945.0
2026-09-28,sh,603000,人民网,16.81,16.74,16.86,16.31,16.31,13635462,224383833.0
2026-09-28,sh,603001,奥康国际,11.74,11.62,11.69,11.05,11.32,22779099,258201229.0
2026-09-28,sh,603002,宏昌电子,19.19,19.0,19.19,17.4,17.57,58955655,1066094144.0
2026-09-28,sh,603004,鼎龙科技,18.9,18.9,20.14,18.37,18.89,3051013,57540151.0
2026-09-28,sh,603005,晶方科技,29.51,29.44,29.47,27.78,27.9,26923696,762256944.0
2026-09-28,sh,603006,联明股份,10.83,11.01,11.13,10.66,10.72,2926100,31596157.0
2026-09-28,sh,603007,顺景科技,4.55,4.55,4.58,4.39,4.45,15493533,68819808.0
2026-09-28,sh,603008,ST喜临门,10.47,10.4,11.09,10.28,10.53,12729900,135427312.0
2026-09-28,sh,603009,北特科技,47.14,46.73,47.13,45.5,45.97,5712994,263480820.0
2026-09-28,sh,603010,万盛股份,12.63,12.52,12.52,11.84,12.1,9489100,115292060.0
2026-09-28,sh,603011,合锻智能,25.99,25.86,25.86,23.54,23.94,37809836,916069688.0
2026-09-28,sh,603012,创力集团,8.7,8.7,8.76,8.3,8.51,21914418,186895641.0
2026-09-28,sh,603013,亚普股份,14.24,14.24,14.35,13.89,13.96,2143400,30068507.0
2026-09-28,sh,603014,威高血净,31.15,31.15,31.52,30.88,31.05,775015,24106923.0
2026-09-28,sh,603015,弘讯科技,10.54,10.59,10.68,10.18,10.28,4201447,43484352.0
2026-09-28,sh,603016,新宏泰,32.52,32.0,32.7,30.93,32.39,4626000,147762546.0
2026-09-28,sh,603017,中衡设计,9.95,10.0,10.04,9.79,9.88,3442488,34070901.0
2026-09-28,sh,603018,华设集团,5.15,5.16,5.27,5.11,5.16,5948399,30671986.0
2026-09-28,sh,603019,中科曙光,82.17,82.2,82.49,80.0,80.02,22159757,1786339315.0
2026-09-28,sh,603020,爱普股份,12.88,12.71,12.79,12.19,12.35,14920398,185801826.0
2026-09-28,sh,603021,*ST华鹏,5.19,5.2,5.2,4.91,4.93,5558300,27886527.0
2026-09-28,sh,603022,新通联,8.95,9.01,9.07,8.85,8.95,2914854,26108041.0
2026-09-28,sh,603023,威帝股份,4.03,4.03,4.08,3.93,3.99,7296300,29020842.0
2026-09-28,sh,603025,大豪科技,13.27,13.3,13.31,12.67,12.83,7251530,93609762.0
2026-09-28,sh,603026,石大胜华,57.54,57.5,57.5,54.91,55.34,4158475,231885385.0
2026-09-28,sh,603027,XD千禾味,7.19,7.21,7.27,7.12,7.17,7431596,53380977.0
2026-09-28,sh,603028,赛福天,7.25,7.19,7.32,7.08,7.18,3921445,28109567.0
2026-09-28,sh,603029,天鹅股份,16.54,16.54,16.94,16.54,16.61,3369898,56236015.0
2026-09-28,sh,603030,全筑股份,2.04,2.05,2.08,2.0,2.02,24010299,48677943.0
2026-09-28,sh,603031,安孚科技,39.54,39.54,39.98,36.36,36.77,10824304,402621623.0
2026-09-28,sh,603032,德新科技,18.25,18.22,18.25,17.2,17.41,5720506,100107202.0
2026-09-28,sh,603033,三维股份,7.87,7.88,7.91,7.45,7.53,7513600,56859612.0
2026-09-28,sh,603035,常熟汽饰,10.54,10.5,10.54,10.37,10.47,2798194,29236425.0
2026-09-28,sh,603036,如通股份,13.68,13.67,13.73,13.24,13.56,3660500,49320693.0
2026-09-28,sh,603037,凯众股份,10.22,10.23,10.28,9.95,10.02,4700967,47330768.0
2026-09-28,sh,603038,华立股份,16.75,16.6,16.87,15.51,15.54,6846499,108763614.0
2026-09-28,sh,603039,泛微网络,35.68,35.5,35.95,34.0,34.45,11162713,387905721.0
2026-09-28,sh,603040,新坐标,47.2,47.29,47.29,44.55,44.83,1597509,72600671.0
2026-09-28,sh,603041,美思德,11.71,11.71,11.84,11.36,11.56,4563401,53095416.0
2026-09-28,sh,603042,华脉科技,18.73,17.82,17.99,16.86,16.86,18867863,323847643.0
2026-09-28,sh,603043,广州酒家,12.88,12.88,13.04,12.82,13.04,2816300,36428603.0
2026-09-28,sh,603045,福达合金,48.57,48.54,48.55,45.03,45.65,5621128,258608974.0
2026-09-28,sh,603048,浙江黎明,25.76,25.76,25.91,24.61,24.75,2619000,65938483.0
2026-09-28,sh,603049,中策橡胶,44.53,44.5,44.68,43.91,44.2,1345945,59473256.0
2026-09-28,sh,603050,科林电气,16.83,16.82,16.86,16.43,16.51,3775169,62661745.0
2026-09-28,sh,603051,鹿山新材,25.22,25.1,25.2,24.0,24.09,7345051,178196705.0
2026-09-28,sh,603052,可川科技,58.46,58.13,58.3,52.61,52.61,4539966,245235215.0
2026-09-28,sh,603053,成都燃气,8.65,8.69,8.69,8.56,8.61,1801003,15519953.0
2026-09-28,sh,603055,台华新材,9.51,9.33,9.53,9.03,9.14,17755697,164555259.0
2026-09-28,sh,603057,紫燕食品,17.67,17.67,17.91,17.02,17.19,3881500,67173799.0
2026-09-28,sh,603058,永吉股份,8.88,9.0,9.01,8.49,8.57,7922755,68301183.0
2026-09-28,sh,603059,倍加洁,25.6,25.78,26.18,25.3,25.9,1442102,37137718.0
2026-09-28,sh,603060,国检集团,5.45,5.45,5.8,5.4,5.66,15847573,89218430.0
2026-09-28,sh,603061,金海通,333.85,330.66,335.35,310.67,316.2,2562374,820837055.0
2026-09-28,sh,603062,XD麦加芯,37.74,37.89,38.3,36.52,36.75,421111,15710865.0
2026-09-28,sh,603063,禾望电气,29.08,29.06,29.06,27.07,27.17,16018386,442713752.0
2026-09-28,sh,603065,宿迁联盛,16.27,16.42,16.68,15.07,15.12,41116237,647511826.0
2026-09-28,sh,603066,音飞储存,9.35,9.38,9.41,9.11,9.18,3850700,35455457.0
2026-09-28,sh,603067,振华股份,40.89,41.3,41.5,39.39,39.69,36968476,1490290600.0
2026-09-28,sh,603068,博通集成,48.51,47.37,47.99,45.25,46.05,17285600,804750167.0
2026-09-28,sh,603069,海汽集团,13.43,13.39,13.4,12.8,12.88,2936399,38157345.0
2026-09-28,sh,603070,万控智造,11.42,11.41,11.47,11.17,11.27,1481700,16700274.0
2026-09-28,sh,603071,物产环能,12.33,12.33,12.43,12.26,12.4,1760503,21755674.0
2026-09-28,sh,603072,天和磁材,30.53,30.5,30.5,29.55,29.73,1285841,38366771.0
2026-09-28,sh,603073,彩蝶实业,18.88,18.58,20.5,18.0,19.72,10918288,210070836.0
2026-09-28,sh,603075,热威股份,20.15,20.13,20.47,19.66,20.03,2659967,53416986.0
2026-09-28,sh,603076,乐惠国际,20.21,20.23,20.34,19.78,20.16,1622709,32583359.0
2026-09-28,sh,603077,和邦生物,2.22,2.22,2.23,2.15,2.16,116619134,253353551.0
2026-09-28,sh,603078,江化微,31.96,31.98,32.0,29.7,30.14,14022565,426861793.0
2026-09-28,sh,603079,圣达生物,13.11,13.3,13.3,12.94,13.0,2898436,37803307.0
2026-09-28,sh,603080,新疆火炬,19.8,19.85,19.94,19.5,19.62,1100100,21655131.0
2026-09-28,sh,603081,大丰实业,9.4,9.5,9.52,9.31,9.38,2333601,21923303.0
2026-09-28,sh,603082,北自科技,46.74,46.75,46.75,42.68,42.73,6582062,289446041.0
2026-09-28,sh,603083,剑桥科技,209.63,205.0,215.52,194.0,197.37,18715767,3787108446.0
2026-09-28,sh,603085,天成自控,9.74,9.83,9.84,9.6,9.69,4341719,42182323.0
2026-09-28,sh,603086,先达股份,5.83,5.83,5.85,5.72,5.78,6138019,35471625.0
2026-09-28,sh,603087,甘李药业,73.44,73.44,75.0,73.43,73.96,9489574,705341907.0
2026-09-28,sh,603088,宁波精达,10.15,10.06,10.21,9.69,9.74,8452164,82954422.0
2026-09-28,sh,603089,正裕工业,9.62,9.63,9.68,9.41,9.49,2575687,24425632.0
2026-09-28,sh,603090,宏盛股份,37.87,37.86,38.2,36.21,36.32,3862100,143240078.0
2026-09-28,sh,603091,众鑫股份,46.43,46.69,46.87,44.99,45.12,736294,33663664.0
2026-09-28,sh,603092,德力佳,45.85,45.84,48.9,45.35,48.34,6294985,298516463.0
2026-09-28,sh,603093,南华期货,13.4,13.41,13.83,13.24,13.4,22507646,304683134.0
2026-09-28,sh,603095,越剑智能,14.43,13.95,14.7,13.95,14.27,5025846,71740593.0
2026-09-28,sh,603096,新经典,15.96,15.96,16.42,15.76,16.05,2289201,36710117.0
2026-09-28,sh,603097,江苏华辰,18.44,18.53,18.62,17.47,17.78,1853001,32894220.0
2026-09-28,sh,603098,森特股份,10.72,10.73,10.75,10.43,10.53,2821425,29755413.0
2026-09-28,sh,603099,长白山,41.76,41.81,42.0,40.29,40.6,11116855,452981918.0
2026-09-28,sh,603100,川仪股份,18.55,18.63,18.64,18.31,18.45,2756128,50931370.0
2026-09-28,sh,603101,汇嘉时代,7.26,7.24,7.35,7.2,7.3,5682746,41349075.0
2026-09-28,sh,603102,百合股份,37.5,37.7,37.78,36.53,36.93,1227401,45364535.0
2026-09-28,sh,603103,横店影视,16.01,16.0,16.38,15.7,15.82,4856609,77304764.0
2026-09-28,sh,603105,芯能科技,8.68,8.5,9.08,8.5,8.94,45550950,402457782.0
2026-09-28,sh,603106,恒银科技,7.26,7.3,7.31,7.08,7.18,8008114,57340381.0
2026-09-28,sh,603107,上海汽配,12.08,12.08,12.34,12.05,12.31,3528785,43167048.0
2026-09-28,sh,603108,润达医疗,9.98,9.97,10.16,9.7,9.8,11612150,114212345.0
2026-09-28,sh,603109,神驰机电,17.72,17.66,17.99,17.3,17.49,1809580,31636512.0
2026-09-28,sh,603110,东方材料,25.23,25.35,25.58,23.75,23.93,9145820,222217251.0
2026-09-28,sh,603111,康尼机电,6.09,6.1,6.14,6.02,6.11,6316249,38568246.0
2026-09-28,sh,603112,华翔股份,17.56,17.41,17.5,16.5,16.61,11514772,193489565.0
2026-09-28,sh,603113,金能科技,4.83,4.89,4.89,4.74,4.82,10433102,50049586.0
2026-09-28,sh,603115,海星股份,79.4,77.79,77.79,71.46,71.46,7872600,576922833.0
2026-09-28,sh,603116,红蜻蜓,7.16,7.21,7.38,6.9,7.26,21550411,155383592.0
2026-09-28,sh,603117,万林物流,3.95,3.96,4.0,3.91,3.98,9883800,39066504.0
2026-09-28,sh,603118,共进股份,17.76,17.4,17.64,16.25,16.49,60827030,1014304193.0
2026-09-28,sh,603119,浙江荣泰,56.42,56.0,56.5,53.98,53.98,8751669,481817379.0
2026-09-28,sh,603120,肯特催化,59.87,59.27,63.5,57.0,58.0,4515430,272502634.0
2026-09-28,sh,603121,华培动力,13.14,13.0,13.19,12.5,12.6,9262240,118010509.0
2026-09-28,sh,603122,合富中国,14.93,13.89,15.88,13.89,14.61,90805030,1353153293.0
2026-09-28,sh,603123,翠微股份,9.37,9.33,9.51,9.16,9.21,15202500,141252595.0
2026-09-28,sh,603124,江南新材,131.82,131.0,131.0,118.64,118.64,5452886,670359858.0
2026-09-28,sh,603125,常青科技,23.44,22.0,22.0,21.1,21.1,4044925,86009659.0
2026-09-28,sh,603126,中材节能,6.33,6.33,6.34,6.16,6.22,4484207,27923709.0
2026-09-28,sh,603127,昭衍新药,46.39,46.39,46.98,45.02,45.44,27494287,1259882306.0
2026-09-28,sh,603128,华贸物流,5.3,5.36,5.57,5.3,5.31,16260496,87502337.0
2026-09-28,sh,603129,春风动力,290.75,290.06,295.93,277.6,279.1,2252323,634395161.0
2026-09-28,sh,603130,云中马,38.68,38.68,39.09,37.5,38.33,1155081,44181763.0
2026-09-28,sh,603131,上海沪工,13.99,13.99,14.14,13.53,13.7,4627879,63639082.0
2026-09-28,sh,603132,金徽股份,17.93,18.22,18.22,17.19,17.26,6234708,109281156.0
2026-09-28,sh,603135,中重科技,8.76,8.76,8.81,8.47,8.56,5573502,47780941.0
2026-09-28,sh,603136,天目湖,9.07,9.08,9.18,8.99,9.11,8497702,77155692.0
2026-09-28,sh,603137,恒尚节能,19.63,19.36,19.53,18.31,18.39,8996564,168058700.0
2026-09-28,sh,603138,海量数据,14.73,14.78,15.42,14.18,15.4,26342634,392483150.0
2026-09-28,sh,603139,康惠股份,36.3,36.22,36.67,34.89,35.02,1943601,68607077.0
2026-09-28,sh,603150,万朗磁塑,71.14,71.44,71.44,64.03,65.25,3120193,207342504.0
2026-09-28,sh,603151,邦基科技,18.32,18.32,18.88,17.93,18.66,5246134,97089197.0
2026-09-28,sh,603153,上海建科,13.28,13.34,13.38,13.24,13.29,1517471,20194746.0
2026-09-28,sh,603155,新亚强,15.25,15.16,15.26,14.11,14.26,12401884,180356150.0
2026-09-28,sh,603156,养元饮品,43.9,43.86,44.05,42.44,42.9,9406431,405213664.0
2026-09-28,sh,603158,腾龙股份,10.51,10.5,10.54,10.09,10.15,10801504,110318849.0
2026-09-28,sh,603159,上海亚虹,23.03,22.94,22.98,21.95,22.1,4008901,89680760.0
2026-09-28,sh,603160,汇顶科技,54.4,54.1,54.64,53.35,53.72,3087819,166518742.0
2026-09-28,sh,603161,科华控股,15.03,15.03,15.11,14.68,14.74,1986108,29360120.0
2026-09-28,sh,603162,海通发展,13.43,13.1,13.42,12.9,13.02,35412758,465629967.0
2026-09-28,sh,603163,圣晖集成,82.0,81.29,81.88,75.1,75.62,2772213,215062378.0
2026-09-28,sh,603165,荣晟环保,13.44,13.47,13.82,13.21,13.33,6239557,83967098.0
2026-09-28,sh,603166,福达股份,10.99,10.92,10.97,10.64,10.75,5082911,54802001.0
2026-09-28,sh,603167,渤海轮渡,8.06,8.03,8.08,7.95,7.97,3771558,30177424.0
2026-09-28,sh,603168,莎普爱思,5.85,5.89,5.98,5.79,5.91,6941492,40848260.0
2026-09-28,sh,603169,兰石重装,6.02,6.02,6.04,5.8,5.85,8663600,50938376.0
2026-09-28,sh,603170,宝立食品,12.32,12.39,13.54,12.39,13.09,13149629,171017573.0
2026-09-28,sh,603171,税友股份,40.02,40.05,40.18,38.72,39.31,3284656,129282541.0
2026-09-28,sh,603172,万丰股份,19.59,19.69,19.73,19.1,19.46,1738142,33766783.0
2026-09-28,sh,603173,福斯达,29.48,29.45,29.45,28.63,28.7,481500,13944819.0
2026-09-28,sh,603175,超颖电子,110.39,110.41,111.41,102.96,104.38,4259067,453400059.0
2026-09-28,sh,603176,汇通集团,5.29,5.29,5.29,5.1,5.17,6100600,31542374.0
2026-09-28,sh,603177,德创环保,11.11,11.17,11.21,10.81,10.96,3259450,35821611.0
2026-09-28,sh,603178,圣龙股份,15.85,15.82,16.88,15.78,16.24,12811116,209109920.0
2026-09-28,sh,603179,新泉股份,41.29,41.21,41.4,40.0,40.7,15265449,620103382.0
2026-09-28,sh,603180,金牌家居,15.83,15.83,15.97,15.5,15.58,1043792,16310569.0
2026-09-28,sh,603181,皇马科技,12.55,12.51,12.59,12.05,12.12,3848036,47003028.0
2026-09-28,sh,603182,嘉华股份,13.52,13.5,13.69,13.35,13.57,2173190,29340009.0
2026-09-28,sh,603183,建研院,4.92,4.94,5.19,4.9,5.13,25053341,126295406.0
2026-09-28,sh,603185,弘元绿能,13.92,13.94,14.18,13.54,13.65,6323020,87051198.0
2026-09-28,sh,603186,华正新材,213.3,213.38,219.2,202.5,204.6,13817342,2892244603.0
2026-09-28,sh,603187,海容冷链,10.65,10.66,10.69,10.47,10.53,2408681,25432123.0
2026-09-28,sh,603188,亚邦股份,4.5,4.5,4.5,4.37,4.46,8789699,38905981.0
2026-09-28,sh,603189,*ST网达,9.63,9.63,9.68,9.34,9.46,1500700,14246784.0
2026-09-28,sh,603190,亚通精工,16.25,16.25,16.45,16.01,16.19,1856839,30279877.0
2026-09-28,sh,603191,望变电气,13.24,13.25,13.3,12.88,12.99,5095078,66252194.0
2026-09-28,sh,603192,汇得科技,21.08,21.1,21.2,20.05,20.18,3139624,64015655.0
2026-09-28,sh,603193,润本股份,20.18,20.36,20.36,19.95,20.2,1552100,31219423.0
2026-09-28,sh,603194,中力股份,33.37,33.51,33.58,32.8,32.95,816400,27026357.0
2026-09-28,sh,603195,公牛集团,37.89,37.88,38.03,37.39,37.52,2339473,87999212.0
2026-09-28,sh,603196,璞源材料,18.49,18.84,18.85,17.8,17.82,1625579,29234831.0
2026-09-28,sh,603197,保隆科技,29.36,29.45,29.6,28.93,29.06,1984492,57917950.0
2026-09-28,sh,603198,迎驾贡酒,37.2,37.2,37.93,36.7,37.1,2434214,90573346.0
2026-09-28,sh,603199,九华旅游,32.3,32.32,32.36,31.6,31.84,1147624,36584273.0
2026-09-28,sh,603200,上海洗霸,38.32,38.1,38.44,36.54,36.97,3953644,146743395.0
2026-09-28,sh,603201,常润股份,15.62,15.71,15.73,15.17,15.22,2022744,30966960.0
2026-09-28,sh,603202,天有为,51.78,51.97,51.97,50.38,50.5,929092,47256235.0
2026-09-28,sh,603203,快克智能,47.1,47.08,47.09,42.73,43.11,9286982,410361695.0
2026-09-28,sh,603205,健尔康,21.57,21.64,21.68,21.18,21.25,752576,16055986.0
2026-09-28,sh,603206,嘉环科技,13.83,13.83,13.83,13.33,13.46,3054805,41276322.0
2026-09-28,sh,603207,小方制药,24.25,24.28,24.64,24.2,24.35,1926996,47006656.0
2026-09-28,sh,603208,江山欧派,11.34,11.33,11.45,11.08,11.25,2221507,24921584.0
2026-09-28,sh,603209,兴通股份,14.7,14.65,14.95,14.5,14.79,5853555,86576457.0
2026-09-28,sh,603210,泰鸿万立,13.4,13.49,13.54,13.28,13.36,2237936,29990692.0
2026-09-28,sh,603211,晋拓股份,19.78,19.72,19.82,18.86,18.96,5273452,100744164.0
2026-09-28,sh,603212,赛伍技术,11.58,11.59,12.12,11.14,11.66,16703200,193698945.0
2026-09-28,sh,603213,镇洋发展,13.62,13.68,13.68,13.45,13.58,1332746,18020272.0
2026-09-28,sh,603214,爱婴室,13.5,13.52,13.7,13.39,13.6,3720662,50417715.0
2026-09-28,sh,603215,比依股份,15.53,15.68,15.91,15.3,15.64,4551100,70854889.0
2026-09-28,sh,603216,梦天家居,23.32,23.32,23.38,21.79,21.88,9477700,210830844.0
2026-09-28,sh,603217,元利科技,28.11,28.41,28.41,26.8,26.93,2702128,73668220.0
2026-09-28,sh,603218,日月股份,9.31,9.3,9.44,9.15,9.38,10419987,96700915.0
2026-09-28,sh,603219,富佳股份,12.75,12.76,13.02,12.71,12.91,3674837,47326575.0
2026-09-28,sh,603220,中贝通信,18.18,18.18,18.2,16.8,16.99,19678250,338864500.0
2026-09-28,sh,603221,爱丽家居,30.8,29.8,29.95,27.72,27.72,4677100,133866757.0
2026-09-28,sh,603222,济民健康,8.27,8.2,8.49,7.97,8.01,25929712,209852842.0
2026-09-28,sh,603223,恒通股份,9.9,9.96,9.96,9.36,9.45,10741585,102329313.0
2026-09-28,sh,603225,新凤鸣,17.07,17.02,17.48,16.96,17.11,12131273,208893779.0
2026-09-28,sh,603226,菲林格尔,31.0,30.36,31.13,28.86,28.88,6772137,199728590.0
2026-09-28,sh,603227,雪峰科技,7.4,7.41,7.43,7.25,7.36,5924753,43500228.0
2026-09-28,sh,603228,景旺电子,103.55,102.99,103.49,93.5,95.0,26419823,2556696945.0
2026-09-28,sh,603229,奥翔药业,8.15,8.15,8.25,8.01,8.17,9451835,76730408.0
2026-09-28,sh,603230,内蒙新华,18.47,17.99,18.37,16.62,16.62,15160400,262244165.0
2026-09-28,sh,603231,索宝蛋白,17.16,17.16,17.19,16.87,17.12,1364900,23241023.0
2026-09-28,sh,603232,格尔软件,15.93,16.2,16.57,15.6,15.96,15425283,247338433.0
2026-09-28,sh,603233,大参林,17.55,17.55,17.81,17.32,17.77,5584707,98966204.0
2026-09-28,sh,603235,天新药业,25.17,25.25,25.3,24.9,25.2,613315,15409581.0
2026-09-28,sh,603236,移远通信,72.68,73.21,73.68,70.88,71.45,10522654,757573750.0
2026-09-28,sh,603237,五芳斋,15.1,15.14,15.36,15.06,15.27,1949204,29744527.0
2026-09-28,sh,603238,诺邦股份,12.79,12.98,13.06,12.56,12.68,3440750,43824619.0
2026-09-28,sh,603239,浙江仙通,14.0,14.16,14.19,13.72,13.75,2307500,31975465.0
2026-09-28,sh,603248,锡华科技,22.54,22.32,24.6,20.53,23.2,27259348,603520495.0
2026-09-28,sh,603255,鼎际得,32.57,32.7,32.7,31.0,31.24,1510700,47879331.0
2026-09-28,sh,603256,宏和科技,152.0,148.81,153.3,140.21,140.55,24872343,3609341524.0
2026-09-28,sh,603257,中国瑞林,66.91,66.99,70.9,65.65,66.0,2355765,159368416.0
2026-09-28,sh,603258,电魂网络,13.92,13.94,14.04,13.55,13.72,3883740,53238633.0
2026-09-28,sh,603259,药明康德,162.4,164.75,165.88,159.89,161.8,35011872,5675753450.0
2026-09-28,sh,603260,合盛硅业,31.85,31.9,31.9,30.68,30.91,6927905,215540490.0
2026-09-28,sh,603261,立航科技,53.0,52.78,53.2,49.5,49.5,1833500,94414625.0
2026-09-28,sh,603262,技源集团,17.93,17.93,18.91,17.35,17.41,3251366,57554338.0
2026-09-28,sh,603266,天龙股份,18.06,18.06,18.8,17.82,18.38,7282051,133625955.0
2026-09-28,sh,603267,鸿远电子,50.54,50.18,50.2,46.51,46.99,8136747,388324972.0
2026-09-28,sh,603268,松发股份,215.9,215.01,217.07,211.6,211.95,4350745,928812071.0
2026-09-28,sh,603269,海鸥股份,26.03,26.0,26.1,23.6,23.71,24819577,603668881.0
2026-09-28,sh,603270,金帝股份,35.71,35.96,35.98,32.54,32.84,7833365,262065375.0
2026-09-28,sh,603271,永杰新材,38.92,38.88,38.88,37.95,38.18,889541,33992587.0
2026-09-28,sh,603272,*ST联翔,16.81,17.0,17.55,16.05,16.15,3030900,50174123.0
2026-09-28,sh,603273,天元智能,14.81,14.81,14.93,14.49,14.58,1672800,24482564.0
2026-09-28,sh,603275,众辰科技,37.26,37.23,37.45,36.5,36.85,677093,24932542.0
2026-09-28,sh,603276,恒兴新材,17.91,17.94,17.94,17.23,17.38,3221790,56348659.0
2026-09-28,sh,603277,银都股份,11.24,11.2,11.34,11.1,11.24,1042169,11698018.0
2026-09-28,sh,603278,大业股份,9.8,10.19,10.78,9.77,10.78,64572346,664094603.0
2026-09-28,sh,603279,景津装备,10.99,11.0,11.05,10.72,10.79,5541580,60090346.0
2026-09-28,sh,603280,南方路机,28.31,28.0,28.26,27.24,27.41,3521509,97244682.0
2026-09-28,sh,603281,江瀚新材,18.96,19.0,19.15,18.05,18.09,3305162,60561298.0
2026-09-28,sh,603282,亚光股份,17.42,17.24,17.39,16.82,17.13,1610799,27565137.0
2026-09-28,sh,603283,赛腾股份,46.02,45.67,45.8,42.43,42.91,12781663,557292347.0
2026-09-28,sh,603284,林平发展,41.03,41.0,41.26,40.31,40.73,715721,29149999.0
2026-09-28,sh,603285,键邦股份,36.81,36.8,38.21,35.27,35.76,3144855,113867643.0
2026-09-28,sh,603286,日盈电子,46.06,45.77,45.77,43.71,43.9,3651716,161756087.0
2026-09-28,sh,603288,海天味业,33.93,33.8,33.96,32.93,32.93,16446019,547895062.0
2026-09-28,sh,603289,泰瑞机器,10.87,11.41,11.5,10.91,11.17,11167276,124561524.0
2026-09-28,sh,603290,斯达半导,85.95,85.93,86.01,82.04,82.81,3783371,315767384.0
2026-09-28,sh,603291,联合水务,8.72,8.72,8.78,8.42,8.61,3892839,33401067.0
2026-09-28,sh,603293,埃泰克,36.73,36.71,36.71,35.33,35.52,1059377,37911182.0
2026-09-28,sh,603296,华勤技术,79.11,78.49,78.69,74.25,74.84,14136013,1069899910.0
2026-09-28,sh,603297,永新光学,113.32,113.35,113.35,107.29,108.25,1013400,110722316.0
2026-09-28,sh,603298,杭叉集团,22.72,22.72,22.73,21.66,21.76,8735460,192429225.0
2026-09-28,sh,603299,苏盐井神,8.64,8.64,8.66,8.53,8.6,3329200,28598125.0
2026-09-28,sh,603300,海南华铁,4.55,4.52,4.56,4.44,4.49,22219763,99645426.0
2026-09-28,sh,603301,振德医疗,78.48,77.7,78.48,73.76,74.81,1254300,94819106.0
2026-09-28,sh,603303,得邦照明,29.33,29.59,29.69,27.75,27.96,2959305,83858219.0
2026-09-28,sh,603305,旭升集团,11.17,11.12,11.36,11.01,11.1,11980325,133333371.0
2026-09-28,sh,603306,华懋科技,79.92,79.89,79.91,72.03,73.95,12654230,940432005.0
2026-09-28,sh,603307,扬州金泉,26.2,26.19,26.44,25.68,26.13,1504802,39254814.0
2026-09-28,sh,603308,应流股份,38.95,39.11,39.16,36.21,36.56,23364817,866309624.0
2026-09-28,sh,603309,维力医疗,11.07,11.09,11.18,10.98,11.12,2199820,24388980.0
2026-09-28,sh,603310,巍华新材,14.74,14.75,14.85,14.26,14.41,1927600,27851480.0
2026-09-28,sh,603311,金海高科,25.89,25.89,26.29,25.21,25.71,6046900,154531655.0
2026-09-28,sh,603312,西典新能,31.79,32.08,33.66,31.69,32.96,2111476,69219421.0
2026-09-28,sh,603313,梦百合,6.43,6.42,6.45,6.16,6.25,14232549,88965344.0
2026-09-28,sh,603315,福鞍股份,10.82,10.8,10.83,10.49,10.66,4149600,44134905.0
2026-09-28,sh,603316,诚邦股份,17.09,16.86,17.16,15.8,15.9,27262000,443961969.0
2026-09-28,sh,603317,天味食品,12.66,12.65,12.73,12.54,12.59,5505823,69526869.0
2026-09-28,sh,603318,水发燃气,8.86,8.86,8.86,8.38,8.62,29363762,251054064.0
2026-09-28,sh,603319,美湖股份,30.85,30.83,30.83,28.25,28.79,18082243,527048360.0
2026-09-28,sh,603320,迪贝电气,18.12,18.17,18.2,17.56,17.8,1642400,29243287.0
2026-09-28,sh,603321,梅轮电梯,7.23,7.23,7.39,7.2,7.27,6984301,50796413.0
2026-09-28,sh,603322,超讯科技,29.12,28.67,28.96,26.26,26.45,11104938,300173530.0
2026-09-28,sh,603323,苏农银行,4.41,4.41,4.47,4.39,4.43,29993804,132907419.0
2026-09-28,sh,603324,盛剑科技,26.51,26.64,26.65,24.72,25.25,2540140,64081308.0
2026-09-28,sh,603325,博隆技术,52.88,53.12,53.35,51.63,52.15,220700,11520625.0
2026-09-28,sh,603326,我乐家居,7.56,7.57,7.68,7.49,7.59,3316172,25097515.0
2026-09-28,sh,603327,福蓉科技,8.27,8.24,8.27,7.98,8.03,11498418,92632864.0
2026-09-28,sh,603328,依顿电子,14.26,13.69,14.18,12.93,13.13,59460387,799456200.0
2026-09-28,sh,603329,上海雅仕,10.2,10.2,10.36,10.16,10.24,3357858,34395623.0
2026-09-28,sh,603330,天洋新材,9.81,9.8,9.91,9.35,9.41,24128939,229365785.0
2026-09-28,sh,603331,百达精工,12.46,12.46,12.62,12.21,12.3,3238000,39898294.0
2026-09-28,sh,603332,苏州龙杰,12.03,12.05,12.07,11.9,11.95,3063197,36664107.0
2026-09-28,sh,603333,福华尚纬,9.32,9.3,9.3,8.85,8.88,11409601,102733961.0
2026-09-28,sh,603334,丰倍生物,32.08,32.14,32.36,31.52,31.89,888276,28331082.0
2026-09-28,sh,603335,迪生力,6.13,6.13,6.17,5.95,6.04,7997300,48231027.0
2026-09-28,sh,603336,宏辉果蔬,10.3,10.28,10.44,9.95,9.98,13274350,133960946.0
2026-09-28,sh,603337,杰克科技,37.04,36.98,37.04,35.3,35.8,3974530,142280219.0
2026-09-28,sh,603338,浙江鼎力,52.78,52.76,52.88,51.78,52.14,2155366,112738948.0
2026-09-28,sh,603339,四方科技,12.3,12.32,12.45,12.11,12.17,6482255,79259805.0
2026-09-28,sh,603341,龙旗科技,37.33,37.17,37.3,35.61,35.72,9138200,330230974.0
2026-09-28,sh,603344,星德胜,22.36,22.32,22.72,22.01,22.16,2068482,46032141.0
2026-09-28,sh,603345,安井食品,76.93,76.8,78.35,76.68,77.24,3865544,299512891.0
2026-09-28,sh,603348,文灿股份,14.48,14.54,14.8,14.37,14.55,3419786,49967523.0
2026-09-28,sh,603350,安乃达,28.31,28.37,28.66,28.11,28.42,621100,17630860.0
2026-09-28,sh,603351,威尔药业,27.16,26.85,27.43,26.76,27.0,1350100,36466509.0
2026-09-28,sh,603352,至信股份,25.62,25.58,25.62,24.86,25.1,774218,19474926.0
2026-09-28,sh,603353,和顺石油,44.17,43.76,44.0,41.19,41.63,8526310,359189847.0
2026-09-28,sh,603355,莱克电气,31.1,30.93,31.48,29.78,30.27,3033972,91954724.0
2026-09-28,sh,603356,华菱精工,17.11,16.9,17.25,16.42,16.56,4480799,74758935.0
2026-09-28,sh,603357,设计总院,5.95,5.98,6.01,5.89,5.92,2287520,13562345.0
2026-09-28,sh,603358,华达科技,44.73,44.51,44.96,42.0,43.04,6628008,285705649.0
2026-09-28,sh,603359,*ST东珠,2.15,2.17,2.17,2.07,2.1,4436996,9364769.0
2026-09-28,sh,603360,百傲化学,12.55,12.43,12.49,11.8,12.03,8805644,106108662.0
2026-09-28,sh,603363,傲农生物,2.8,2.8,2.81,2.75,2.79,22594000,62872816.0
2026-09-28,sh,603365,水星家纺,16.08,16.14,16.19,15.93,15.99,764200,12232929.0
2026-09-28,sh,603366,日出东方,7.3,7.3,7.44,7.26,7.29,18145185,133095786.0
2026-09-28,sh,603367,辰欣药业,14.28,14.33,14.41,14.14,14.24,4394537,62675148.0
2026-09-28,sh,603368,柳药集团,15.17,15.2,15.24,15.11,15.12,1960971,29736375.0
2026-09-28,sh,603369,今世缘,26.92,26.9,27.14,26.48,26.64,5747919,153700860.0
2026-09-28,sh,603370,华新精科,27.97,28.0,28.24,27.05,27.35,1749082,48095261.0
2026-09-28,sh,603373,安邦护卫,50.8,50.3,55.8,48.68,52.7,6403967,334257401.0
2026-09-28,sh,603375,盛景微,49.25,48.75,49.5,46.11,48.59,6427052,307332522.0
2026-09-28,sh,603376,大明电子,27.01,27.01,27.06,26.4,26.44,1261119,33563175.0
2026-09-28,sh,603377,ST东时,3.19,3.2,3.2,3.06,3.06,2508313,7798205.0
2026-09-28,sh,603378,*ST亚士,4.71,4.76,4.76,4.54,4.62,10754834,49725974.0
2026-09-28,sh,603379,三美股份,50.03,50.03,50.3,49.25,49.7,5061466,251614312.0
2026-09-28,sh,603380,易德龙,34.23,34.13,34.49,31.72,32.25,3278900,106555754.0
2026-09-28,sh,603381,永臻股份,14.84,14.9,14.98,14.53,14.62,2718569,39968539.0
2026-09-28,sh,603382,海阳科技,19.16,19.14,19.61,18.91,19.05,2732424,52439616.0
2026-09-28,sh,603383,顶点软件,26.83,26.97,26.97,26.32,26.61,1396095,37093378.0
2026-09-28,sh,603385,惠达卫浴,5.69,5.71,5.74,5.59,5.63,4971920,28106179.0
2026-09-28,sh,603386,骏亚科技,18.47,18.4,18.76,17.06,17.38,14903387,260816138.0
2026-09-28,sh,603387,基蛋生物,9.82,9.87,10.11,9.84,9.91,9617354,95443548.0
2026-09-28,sh,603389,亚振家居,43.82,43.86,44.4,42.15,42.63,2040600,87518549.0
2026-09-28,sh,603390,XD通达电,10.48,10.51,11.26,10.43,10.72,12168600,131243785.0
2026-09-28,sh,603391,力聚热能,68.3,67.92,69.35,66.5,68.94,2879102,196420734.0
2026-09-28,sh,603392,万泰生物,26.38,26.36,26.72,26.04,26.69,5270082,139396177.0
2026-09-28,sh,603393,新天然气,24.77,24.88,25.05,24.36,24.89,4109027,101377390.0
2026-09-28,sh,603395,红四方,26.01,26.09,26.31,24.8,25.1,6077587,153159605.0
2026-09-28,sh,603396,金辰股份,35.64,39.2,39.2,36.4,39.2,23510946,910810358.0
2026-09-28,sh,603398,*ST沐邦,8.75,8.66,8.66,8.22,8.24,4309697,36115872.0
2026-09-28,sh,603399,永杉锂业,13.22,13.0,13.09,12.6,12.68,20326807,259814954.0
2026-09-28,sh,603400,华之杰,54.67,0.0,0.0,0.0,54.67,0,0.0
2026-09-28,sh,603402,陕西旅游,60.65,60.94,61.34,59.19,59.5,1319173,78783372.0
2026-09-28,sh,603406,天富龙,27.91,27.9,28.14,27.62,27.69,1235676,34385100.0
2026-09-28,sh,603407,长裕集团,61.5,61.2,61.2,58.78,59.86,4569600,273041129.0
2026-09-28,sh,603408,建霖家居,11.69,11.69,11.74,11.55,11.6,1319700,15359617.0
2026-09-28,sh,603409,汇通控股,17.99,18.1,18.1,17.45,17.57,1284467,22647932.0
2026-09-28,sh,603416,信捷电气,46.37,46.15,46.49,45.15,45.5,1346530,61540091.0
2026-09-28,sh,603418,友升股份,45.11,46.06,49.62,45.6,48.75,7631988,373160339.0
2026-09-28,sh,603421,鼎信通讯,6.38,6.44,6.46,6.09,6.18,19443253,120612138.0
2026-09-28,sh,603429,*ST集友,8.7,8.7,9.19,8.7,8.88,2774512,24824342.0
2026-09-28,sh,603435,嘉德利,48.39,48.3,48.3,44.28,44.42,2938254,132930054.0
2026-09-28,sh,603439,三力制药,13.48,13.47,13.77,13.12,13.44,14287981,192973944.0
2026-09-28,sh,603444,吉比特,342.0,343.04,343.04,333.0,336.03,1010743,340872004.0
2026-09-28,sh,603448,天博智能,62.17,62.0,63.0,58.7,62.17,4960836,300304150.0
2026-09-28,sh,603456,九洲药业,16.24,16.33,16.53,16.14,16.42,19872929,325212546.0
2026-09-28,sh,603458,勘设股份,10.81,10.82,10.94,10.36,10.52,6925532,72732683.0
2026-09-28,sh,603459,红板科技,85.16,85.0,86.18,83.66,84.07,5442444,462272669.0
2026-09-28,sh,603466,风语筑,12.11,12.28,12.29,11.47,11.52,41940047,489927505.0
2026-09-28,sh,603468,津富士达,22.49,22.49,22.61,21.8,22.15,2012538,44389436.0
2026-09-28,sh,603477,巨星农牧,13.89,13.84,14.07,13.56,13.94,12218051,168708792.0
2026-09-28,sh,603486,科沃斯,50.33,50.5,51.0,49.71,50.4,2970423,149145730.0
2026-09-28,sh,603488,展鹏科技,7.91,7.91,7.99,7.52,7.68,5837100,44715314.0
2026-09-28,sh,603489,八方股份,29.63,29.49,29.65,29.06,29.35,1978517,58065548.0
2026-09-28,sh,603496,恒为科技,22.58,22.48,22.5,21.83,21.98,4709323,103881766.0
2026-09-28,sh,603499,翔港科技,13.18,13.18,13.23,12.57,12.78,3643452,46719548.0
2026-09-28,sh,603500,祥和实业,10.42,10.39,10.39,9.8,9.99,28393200,284003994.0
2026-09-28,sh,603501,豪威集团,81.4,81.18,82.2,80.64,80.75,11603546,944394411.0
2026-09-28,sh,603505,金石资源,14.91,14.86,14.9,14.24,14.36,7652460,110676999.0
2026-09-28,sh,603506,南都物业,12.08,12.08,12.39,12.04,12.21,3884500,47373964.0
2026-09-28,sh,603507,振江股份,26.75,26.63,28.23,26.58,27.12,17557990,481268906.0
2026-09-28,sh,603508,思维列控,20.7,20.67,20.75,20.35,20.48,2174022,44522652.0
2026-09-28,sh,603511,爱慕股份,12.77,12.88,12.93,12.62,12.83,2264840,29034161.0
2026-09-28,sh,603515,欧普照明,14.6,14.64,14.71,14.41,14.44,1079565,15658859.0
2026-09-28,sh,603516,淳中科技,82.68,82.34,82.47,77.0,78.6,5150622,405613997.0
2026-09-28,sh,603517,ST绝味,11.43,11.43,11.43,10.93,11.02,5659900,62741373.0
2026-09-28,sh,603518,锦泓集团,7.72,7.75,7.87,7.68,7.85,7998056,62375126.0
2026-09-28,sh,603519,立霸股份,17.58,17.5,17.55,16.65,16.9,10596606,179880375.0
2026-09-28,sh,603520,司太立,8.47,8.47,8.56,8.39,8.42,5389697,45549569.0
2026-09-28,sh,603527,众源新材,9.65,9.66,9.66,9.3,9.45,4981764,47030554.0
2026-09-28,sh,603528,多伦科技,6.5,6.51,6.54,6.37,6.43,7883386,50762951.0
2026-09-28,sh,603529,爱玛科技,20.88,20.89,21.2,20.55,21.12,3683549,76987998.0
2026-09-28,sh,603530,神马电力,44.81,44.79,44.79,42.23,42.6,1919930,82780828.0
2026-09-28,sh,603533,掌阅科技,22.37,22.16,22.26,21.49,21.5,16423670,357222504.0
2026-09-28,sh,603535,嘉诚国际,6.21,6.24,6.27,6.08,6.11,2655333,16280385.0
2026-09-28,sh,603536,惠发食品,9.91,10.01,10.13,9.87,10.08,5452544,54502898.0
2026-09-28,sh,603538,美诺华,26.76,26.76,27.35,25.95,26.13,23411635,617579101.0
2026-09-28,sh,603551,奥普科技,9.33,9.38,9.44,9.22,9.25,1856401,17250231.0
2026-09-28,sh,603556,海兴电力,22.68,22.69,22.85,22.31,22.44,2259378,50793415.0
2026-09-28,sh,603557,*ST起步,3.14,3.11,3.16,2.91,2.99,12126900,36360884.0
2026-09-28,sh,603558,健盛集团,13.31,13.31,13.45,12.95,12.99,7280800,95899009.0
2026-09-28,sh,603559,中通国脉,9.09,9.03,9.05,8.72,8.88,8683700,76959321.0
2026-09-28,sh,603565,中谷物流,11.69,11.69,11.8,11.39,11.48,12099076,139183545.0
2026-09-28,sh,603566,普莱柯,10.19,10.2,10.28,10.1,10.14,1947697,19790935.0
2026-09-28,sh,603567,珍宝岛,5.17,5.17,5.23,5.07,5.16,16710524,85630953.0
2026-09-28,sh,603568,伟明环保,13.36,13.36,13.45,13.2,13.36,5276419,70188185.0
2026-09-28,sh,603569,长久物流,5.81,5.82,5.83,5.72,5.76,2624101,15123513.0
2026-09-28,sh,603577,汇金通,9.7,9.77,9.77,9.52,9.7,2573910,24842869.0
2026-09-28,sh,603578,三星新材,13.83,13.84,14.0,13.37,13.8,3526500,48184280.0
2026-09-28,sh,603579,荣泰健康,18.33,18.43,18.54,17.89,18.0,4442400,80560971.0
2026-09-28,sh,603580,艾艾精工,78.74,77.5,83.89,73.07,79.25,12218576,954716096.0
2026-09-28,sh,603583,捷昌驱动,28.08,28.01,28.3,27.74,28.07,4114015,115183067.0
2026-09-28,sh,603585,苏利股份,10.36,10.42,10.54,10.28,10.37,3065584,31823008.0
2026-09-28,sh,603586,金麒麟,13.65,13.71,14.11,13.65,13.95,4004809,55647217.0
2026-09-28,sh,603587,地素时尚,12.29,12.36,12.57,12.28,12.35,4745001,58992741.0
2026-09-28,sh,603588,高能环境,17.22,17.09,17.19,15.95,16.47,65124199,1069281386.0
2026-09-28,sh,603589,口子窖,17.58,17.57,17.74,17.3,17.42,4313673,75303333.0
2026-09-28,sh,603590,康辰药业,29.38,29.38,29.85,29.03,29.16,1402049,41076838.0
2026-09-28,sh,603595,ST东尼,32.55,32.85,32.85,30.51,30.6,2036700,63300258.0
2026-09-28,sh,603596,伯特利,28.55,28.48,28.7,27.67,28.0,12702504,356937672.0
2026-09-28,sh,603598,引力传媒,18.26,18.47,18.48,17.31,17.39,19229500,338334222.0
2026-09-28,sh,603599,广信股份,10.35,10.35,10.4,10.12,10.21,6000096,61394885.0
2026-09-28,sh,603600,永艺股份,10.32,10.35,10.48,10.22,10.25,4315616,44513435.0
2026-09-28,sh,603601,再升科技,10.59,10.44,10.74,10.0,10.16,138132427,1422145126.0
2026-09-28,sh,603602,纵横通信,11.63,11.69,11.7,11.34,11.55,2444860,28154568.0
2026-09-28,sh,603605,珀莱雅,56.45,56.44,57.0,54.58,54.68,5324549,295305433.0
2026-09-28,sh,603606,东方电缆,35.56,35.59,36.05,35.01,35.41,9986645,353007957.0
2026-09-28,sh,603607,京华激光,23.28,23.33,23.45,22.85,22.87,4011083,92671334.0
2026-09-28,sh,603608,天创时尚,20.34,20.34,20.67,19.17,19.27,13434943,265607042.0
2026-09-28,sh,603609,禾丰股份,6.22,6.21,6.27,6.17,6.22,4099499,25472178.0
2026-09-28,sh,603610,麒盛科技,13.71,13.71,13.81,12.65,13.08,8362175,108790406.0
2026-09-28,sh,603611,诺力股份,15.67,15.74,15.74,15.3,15.41,2004427,30999865.0
2026-09-28,sh,603612,索通发展,16.09,16.11,16.12,15.36,15.61,10473108,163449867.0
2026-09-28,sh,603613,国联股份,19.66,19.54,19.7,19.0,19.15,11330523,217763067.0
2026-09-28,sh,603615,茶花股份,18.82,18.92,19.02,18.3,18.47,3531713,65661390.0
2026-09-28,sh,603616,韩建河山,5.6,5.6,5.63,5.48,5.57,6429074,35650553.0
2026-09-28,sh,603617,君禾股份,6.79,6.79,6.89,6.67,6.77,6413674,43356250.0
2026-09-28,sh,603618,杭电股份,36.35,36.21,36.22,33.01,33.29,52891326,1788442474.0
2026-09-28,sh,603619,中曼石油,21.35,21.3,21.34,20.77,21.11,12428094,261578274.0
2026-09-28,sh,603626,科森科技,22.51,22.56,23.82,22.35,22.5,54737198,1256937494.0
2026-09-28,sh,603628,清源股份,10.33,10.31,10.5,10.25,10.46,6051457,62987142.0
2026-09-28,sh,603629,利通电子,105.89,105.0,105.2,98.75,98.77,16682847,1681620417.0
2026-09-28,sh,603630,拉芳家化,14.16,14.18,14.39,13.94,14.15,4408535,62256088.0
2026-09-28,sh,603633,徕木股份,6.3,6.28,6.44,6.08,6.16,9645243,59638903.0
2026-09-28,sh,603636,南威软件,7.94,7.52,7.67,7.15,7.15,53647669,388165287.0
2026-09-28,sh,603637,镇海股份,14.08,14.04,14.1,13.5,13.54,6205400,84970569.0
2026-09-28,sh,603638,艾迪精密,19.34,19.34,19.53,18.97,19.2,11454602,220014810.0
2026-09-28,sh,603639,海利尔,10.41,10.41,10.46,10.15,10.38,1038100,10736973.0
2026-09-28,sh,603648,畅联股份,9.7,9.75,9.79,9.52,9.6,2431872,23395305.0
2026-09-28,sh,603650,彤程新材,68.68,68.07,68.97,65.13,65.5,13483842,897128602.0
2026-09-28,sh,603655,朗博科技,32.66,32.75,33.02,31.45,31.71,1217300,38699083.0
2026-09-28,sh,603656,泰禾智能,17.56,17.6,17.6,17.22,17.35,1466400,25495347.0
2026-09-28,sh,603657,春光科技,35.7,36.0,38.87,35.1,36.22,5882269,216505901.0
2026-09-28,sh,603658,安图生物,33.65,34.16,34.57,33.8,34.13,3797820,129680669.0
2026-09-28,sh,603659,璞泰来,21.5,21.48,21.5,20.73,20.8,18591828,390472646.0
2026-09-28,sh,603660,苏州科达,9.64,9.64,9.7,9.13,9.27,14249169,132974760.0
2026-09-28,sh,603661,XD恒林股,34.69,34.38,35.38,33.16,33.37,3032901,102066514.0
2026-09-28,sh,603662,柯力传感,49.31,49.2,49.65,47.72,48.19,3365751,163131774.0
2026-09-28,sh,603663,三祥新材,48.2,47.58,47.95,43.38,43.38,27860920,1244295892.0
2026-09-28,sh,603665,康隆达,22.37,22.52,24.0,22.5,22.83,5757615,132269535.0
2026-09-28,sh,603666,亿嘉和,27.12,27.3,27.34,25.94,26.24,2885740,76151490.0
2026-09-28,sh,603667,五洲新春,50.65,50.85,51.29,48.8,49.42,14649493,726811877.0
2026-09-28,sh,603668,天马科技,12.18,12.18,12.29,11.95,12.02,5238882,63178029.0
2026-09-28,sh,603669,灵康药业,5.9,5.9,5.97,5.72,5.9,23834200,139810151.0
2026-09-28,sh,603676,卫信康,8.85,8.86,8.92,8.8,8.88,1464301,12971870.0
2026-09-28,sh,603677,奇精机械,14.44,14.61,14.76,14.32,14.55,1905101,27764884.0
2026-09-28,sh,603678,火炬电子,48.05,47.9,47.91,43.25,43.45,24416807,1080659237.0
2026-09-28,sh,603679,华体科技,22.61,22.55,24.0,22.5,22.55,9716427,221753157.0
2026-09-28,sh,603680,今创集团,9.99,9.94,10.05,9.7,9.9,6002958,59114702.0
2026-09-28,sh,603681,永冠新材,19.86,19.81,19.81,18.52,18.67,10206425,193334786.0
2026-09-28,sh,603682,锦和商管,9.65,9.71,9.76,9.28,9.31,12489100,118077457.0
2026-09-28,sh,603683,晶华新材,16.19,16.07,16.14,15.17,15.27,13700000,212263238.0
2026-09-28,sh,603685,晨丰科技,25.79,25.7,25.85,24.84,25.3,1578584,39973152.0
2026-09-28,sh,603686,福龙马,14.82,14.37,14.79,14.2,14.35,33494084,483522100.0
2026-09-28,sh,603687,大胜达,14.97,14.96,15.02,14.0,14.13,13288534,191154516.0
2026-09-28,sh,603688,石英股份,48.19,47.84,47.87,44.04,44.35,13962575,632403633.0
2026-09-28,sh,603689,皖天然气,7.58,7.59,7.6,7.54,7.57,2126573,16084605.0
2026-09-28,sh,603690,至纯科技,24.3,24.11,24.24,22.77,23.05,20097540,469151753.0
2026-09-28,sh,603693,江苏新能,11.49,11.49,12.28,11.42,12.05,21070534,251801448.0
2026-09-28,sh,603696,安记食品,14.03,13.73,13.9,13.34,13.44,15902833,215123569.0
2026-09-28,sh,603697,有友食品,9.07,9.03,9.62,9.03,9.48,10253477,95880554.0
2026-09-28,sh,603698,航天工程,20.95,20.86,21.03,20.08,20.31,8778620,178698669.0
2026-09-28,sh,603699,纽威股份,42.5,42.54,43.19,42.1,42.8,3937801,167519971.0
2026-09-28,sh,603700,宁水集团,11.87,11.86,11.96,11.4,11.51,8519400,98925625.0
2026-09-28,sh,603701,德宏股份,18.81,18.8,19.06,18.08,18.14,3062006,56200662.0
2026-09-28,sh,603703,盛洋科技,10.23,10.18,10.19,9.6,9.75,11650511,113881688.0
2026-09-28,sh,603706,东方环宇,17.12,17.12,17.18,16.96,17.04,702800,11997236.0
2026-09-28,sh,603707,健友股份,7.7,7.72,7.95,7.7,7.91,9801949,76720231.0
2026-09-28,sh,603708,家家悦,8.85,8.87,8.91,8.76,8.88,3023399,26657348.0
2026-09-28,sh,603709,中源家居,12.81,12.8,13.26,12.7,12.85,4865596,62767189.0
2026-09-28,sh,603711,香飘飘,11.74,11.75,11.86,11.69,11.72,2625922,30887837.0
2026-09-28,sh,603712,七一二,11.41,11.41,11.48,11.02,11.21,8656602,96794814.0
2026-09-28,sh,603713,密尔克卫,69.43,69.45,69.79,66.2,66.9,2077521,140348994.0
2026-09-28,sh,603716,塞力医疗,17.27,17.0,17.48,16.68,16.76,13856732,234311019.0
2026-09-28,sh,603717,天域生物,5.93,5.94,5.96,5.78,5.86,7355613,43007976.0
2026-09-28,sh,603718,*ST海利,3.07,3.06,3.08,3.01,3.06,4812848,14655732.0
2026-09-28,sh,603719,良品铺子,9.07,9.08,9.19,8.98,9.07,2742100,24880354.0
2026-09-28,sh,603721,中广天择,18.19,18.24,18.5,17.96,18.31,5011542,91150685.0
2026-09-28,sh,603722,阿科力,29.67,29.67,29.67,28.3,28.49,1156437,33106739.0
2026-09-28,sh,603725,天安新材,11.39,11.35,11.45,10.95,11.33,13730032,153863960.0
2026-09-28,sh,603726,朗迪集团,24.38,24.3,24.38,23.31,23.55,3231672,76568329.0
2026-09-28,sh,603727,博迈科,18.24,18.29,19.62,18.13,19.18,8088056,154367498.0
2026-09-28,sh,603728,鸣志电器,51.07,51.14,53.36,51.12,52.25,9711929,511351545.0
2026-09-28,sh,603729,ST龙韵,12.51,12.51,12.58,12.04,12.26,1554767,18991988.0
2026-09-28,sh,603730,岱美股份,10.03,10.03,10.07,9.29,9.33,20847741,199001692.0
2026-09-28,sh,603733,仙鹤股份,18.87,18.75,18.93,18.18,18.3,5468196,100312248.0
2026-09-28,sh,603737,三棵树,21.5,21.43,21.46,20.57,20.73,5974100,124215855.0
2026-09-28,sh,603738,泰晶科技,37.8,37.6,37.65,34.02,34.02,26521639,926394527.0
2026-09-28,sh,603739,蔚蓝生物,12.85,12.85,12.95,12.71,12.75,2512000,32119537.0
2026-09-28,sh,603755,日辰股份,25.22,25.22,26.52,24.9,26.0,3696602,96285434.0
2026-09-28,sh,603757,大元泵业,68.05,67.05,67.4,63.15,66.03,8856740,578917738.0
2026-09-28,sh,603758,秦安股份,10.91,10.96,10.96,10.61,10.74,5707498,61186126.0
2026-09-28,sh,603759,海天股份,7.81,7.84,7.95,7.8,7.9,5606161,44169930.0
2026-09-28,sh,603766,隆鑫通用,14.55,14.59,14.68,14.15,14.52,20054150,288330403.0
2026-09-28,sh,603767,中马传动,14.74,15.05,16.2,14.72,15.01,30751443,469356646.0
2026-09-28,sh,603768,常青股份,11.57,11.71,11.79,11.52,11.6,2412100,28062447.0
2026-09-28,sh,603773,沃格光电,97.7,102.68,104.8,99.0,99.99,43553921,4446969849.0
2026-09-28,sh,603776,永安行,21.15,21.07,22.18,20.71,20.71,3231459,69038943.0
2026-09-28,sh,603777,来伊份,14.31,14.3,14.45,13.43,13.59,7741630,105557671.0
2026-09-28,sh,603778,国晟科技,8.36,8.31,8.44,8.0,8.1,35994005,292935226.0
2026-09-28,sh,603779,威龙股份,8.15,8.15,8.35,8.0,8.12,8869819,72100701.0
2026-09-28,sh,603786,科博达,37.53,37.65,37.72,36.66,36.8,1396752,51664360.0
2026-09-28,sh,603787,新日股份,10.46,10.44,10.52,10.32,10.4,2140300,22267476.0
2026-09-28,sh,603788,宁波高发,13.74,13.84,13.84,13.6,13.64,1026000,14058095.0
2026-09-28,sh,603789,ST星农,5.85,5.85,5.93,5.72,5.9,2138210,12507887.0
2026-09-28,sh,603790,雅运股份,25.47,25.34,25.47,24.7,24.87,2802430,70193524.0
2026-09-28,sh,603797,联泰环保,4.9,4.9,5.28,4.89,5.2,30151834,155090705.0
2026-09-28,sh,603798,康普顿,13.82,14.1,14.63,13.18,14.31,10004429,139057113.0
2026-09-28,sh,603799,华友钴业,35.42,35.1,35.1,34.03,34.14,37237858,1280262334.0
2026-09-28,sh,603800,洪田股份,58.59,58.59,59.01,53.24,54.0,5787918,321027463.0
2026-09-28,sh,603801,志邦家居,6.2,6.26,6.29,6.07,6.11,6388174,39097544.0
2026-09-28,sh,603803,瑞斯康达,12.34,12.02,12.14,11.11,11.11,37680637,432043188.0
2026-09-28,sh,603806,福斯特,13.9,13.92,14.06,13.59,13.7,17101774,235349388.0
2026-09-28,sh,603808,歌力思,8.95,8.95,9.08,8.8,8.87,3400580,30152261.0
2026-09-28,sh,603809,豪能股份,8.63,8.59,8.68,8.45,8.5,5111652,43556613.0
2026-09-28,sh,603810,丰山集团,12.01,12.11,12.17,11.8,11.96,1590290,19043947.0
2026-09-28,sh,603811,诚意药业,6.87,6.9,6.97,6.86,6.89,4052661,28010341.0
2026-09-28,sh,603813,原尚股份,26.72,26.99,27.0,25.75,25.89,786700,20700239.0
2026-09-28,sh,603815,交建股份,5.09,5.1,5.14,5.02,5.04,5406416,27365342.0
2026-09-28,sh,603816,顾家家居,22.55,22.72,22.76,22.1,22.25,3734254,83170734.0
2026-09-28,sh,603817,海峡环保,6.16,6.0,6.06,5.71,5.77,32445400,188350070.0
2026-09-28,sh,603818,曲美家居,3.88,3.89,3.99,3.83,3.95,29716100,116348510.0
2026-09-28,sh,603819,神力股份,16.76,16.5,17.19,16.38,16.77,10164719,171092854.0
2026-09-28,sh,603822,ST嘉澳,62.42,62.02,63.5,62.02,62.93,396510,24901610.0
2026-09-28,sh,603823,百合花,45.42,44.89,48.99,43.55,47.43,31961252,1481130268.0
2026-09-28,sh,603825,ST华扬,7.81,7.79,7.79,7.5,7.54,1530900,11607336.0
2026-09-28,sh,603826,坤彩科技,17.02,17.08,17.28,15.32,15.41,23887500,375746050.0
2026-09-28,sh,603828,*ST利达,6.1,6.23,6.33,6.05,6.14,2927816,18087894.0
2026-09-28,sh,603829,洛凯股份,15.6,15.45,15.63,15.11,15.3,2333800,35737213.0
2026-09-28,sh,603833,欧派家居,29.36,29.38,29.81,28.84,29.72,2799187,82167918.0
2026-09-28,sh,603836,海程邦达,9.5,9.58,9.59,9.44,9.48,2672300,25410116.0
2026-09-28,sh,603838,*ST四通,13.24,13.38,13.38,12.6,12.79,1827069,23352690.0
2026-09-28,sh,603839,安正时尚,6.9,6.95,6.97,6.76,6.83,3120140,21321719.0
2026-09-28,sh,603843,*ST正平,6.33,6.33,6.4,6.04,6.04,10387960,64344829.0
2026-09-28,sh,603848,好太太,13.32,13.46,13.46,13.07,13.22,2399000,31676526.0
2026-09-28,sh,603855,华荣股份,16.94,16.94,17.18,16.81,17.06,1834188,31221053.0
2026-09-28,sh,603856,东宏股份,11.72,11.79,11.8,11.53,11.62,2112200,24578002.0
2026-09-28,sh,603858,步长制药,14.52,14.52,14.6,14.36,14.47,3704062,53529186.0
2026-09-28,sh,603859,能科科技,40.13,40.13,40.18,38.0,38.38,4808696,186167875.0
2026-09-28,sh,603860,中公高科,26.39,26.56,26.65,25.98,26.28,1237700,32530972.0
2026-09-28,sh,603861,白云电器,10.95,11.06,11.07,10.63,10.71,6054615,65129010.0
2026-09-28,sh,603863,松炀资源,12.33,12.24,12.38,11.73,11.79,4669700,55579594.0
2026-09-28,sh,603866,桃李面包,4.15,4.12,4.23,4.08,4.19,16069478,66619047.0
2026-09-28,sh,603867,新化股份,34.97,34.97,35.0,33.22,33.29,8697201,294570607.0
2026-09-28,sh,603868,飞科电器,31.0,31.06,31.98,30.82,30.93,1459346,45700763.0
2026-09-28,sh,603869,ST智知,8.52,8.52,8.52,8.34,8.37,477145,4003960.0
2026-09-28,sh,603871,嘉友国际,12.07,12.15,12.18,11.89,11.96,6533903,78431406.0
2026-09-28,sh,603876,鼎胜新材,17.94,17.8,17.93,16.77,16.91,26428956,453613336.0
2026-09-28,sh,603877,太平鸟,11.85,11.87,11.93,11.69,11.73,1051800,12396062.0
2026-09-28,sh,603878,武进不锈,4.86,4.88,4.88,4.75,4.83,9294801,44725365.0
2026-09-28,sh,603879,永悦科技,4.9,4.9,4.95,4.8,4.89,6850667,33326884.0
2026-09-28,sh,603880,南卫股份,9.12,9.13,9.19,8.62,8.72,8185442,71970761.0
2026-09-28,sh,603881,数据港,23.95,23.95,23.95,22.98,23.13,15207269,354086735.0
2026-09-28,sh,603882,金域医学,29.39,29.58,29.6,28.32,29.01,11462079,330598057.0
2026-09-28,sh,603883,老百姓,12.95,12.95,13.05,12.88,13.01,7058823,91715401.0
2026-09-28,sh,603885,吉祥航空,9.91,9.91,9.93,9.55,9.77,19995129,193494158.0
2026-09-28,sh,603886,元祖股份,12.5,12.5,12.84,12.17,12.47,4755524,59726743.0
2026-09-28,sh,603887,城地香江,8.65,8.75,8.76,8.28,8.35,13808259,115770399.0
2026-09-28,sh,603888,新华网,17.58,17.5,17.71,16.91,16.97,17773366,304605335.0
2026-09-28,sh,603889,新澳股份,6.03,6.01,6.04,5.94,5.95,6870464,41114229.0
2026-09-28,sh,603890,春秋电子,15.99,15.96,15.96,14.81,14.92,23651320,359031405.0
2026-09-28,sh,603893,瑞芯微,219.05,219.02,221.5,209.58,211.28,11613416,2474923554.0
2026-09-28,sh,603895,天永智能,25.87,25.97,26.3,25.5,25.91,1270200,32866553.0
2026-09-28,sh,603896,寿仙谷,14.51,14.56,14.88,14.47,14.79,2221201,32673014.0
2026-09-28,sh,603897,长城科技,29.71,29.58,29.7,28.0,28.38,5273252,150424916.0
2026-09-28,sh,603898,好莱客,11.8,11.68,11.85,11.38,11.45,4546100,52455823.0
2026-09-28,sh,603899,晨光股份,21.9,21.88,22.35,21.73,21.79,2211552,48479636.0
2026-09-28,sh,603900,莱绅通灵,6.36,6.3,6.35,6.15,6.21,11566440,71826059.0
2026-09-28,sh,603901,永创智能,9.5,9.47,9.51,9.25,9.33,5721048,53390837.0
2026-09-28,sh,603903,中持股份,14.97,15.18,15.19,13.72,13.91,18532460,260806899.0
2026-09-28,sh,603906,龙蟠科技,17.62,17.65,17.8,16.73,16.85,9420627,160376525.0
2026-09-28,sh,603908,牧高笛,19.45,19.55,19.82,19.45,19.61,1790516,35110933.0
2026-09-28,sh,603909,建发合诚,9.88,9.74,10.86,9.71,10.33,7554445,77541833.0
2026-09-28,sh,603912,佳力图,9.39,9.27,9.39,8.97,9.04,23550947,214882505.0
2026-09-28,sh,603915,国茂股份,13.29,13.08,13.36,12.85,12.93,4652900,60574743.0
2026-09-28,sh,603916,苏博特,10.52,10.53,10.53,10.21,10.36,4748749,49034376.0
2026-09-28,sh,603917,合力科技,14.3,14.29,14.41,14.01,14.03,3351200,47554025.0
2026-09-28,sh,603918,金桥信息,10.41,10.41,10.45,10.1,10.26,7234700,74309227.0
2026-09-28,sh,603919,金徽酒,15.85,15.85,16.17,15.67,15.77,3120391,49516674.0
2026-09-28,sh,603920,世运电路,45.5,45.3,45.3,42.16,43.05,33264808,1438947912.0
2026-09-28,sh,603922,ST金鸿顺,12.13,12.1,12.13,11.76,11.8,808700,9640780.0
2026-09-28,sh,603926,铁流股份,17.51,17.51,17.71,16.82,17.01,2917400,49779744.0
2026-09-28,sh,603927,中科软,13.57,13.55,13.63,13.28,13.43,5595490,75081287.0
2026-09-28,sh,603928,兴业股份,12.32,12.21,12.39,11.9,11.93,7477070,89999086.0
2026-09-28,sh,603929,亚翔集成,154.2,154.17,154.17,142.9,143.65,3157978,461603175.0
2026-09-28,sh,603931,格林达,35.87,35.92,36.0,33.51,33.94,3749184,128605823.0
2026-09-28,sh,603933,睿能科技,19.33,19.13,19.44,18.66,18.88,2785595,52746837.0
2026-09-28,sh,603936,博敏电子,21.31,21.2,21.25,19.43,19.51,45789017,914895571.0
2026-09-28,sh,603937,丽岛新材,13.55,12.85,13.49,12.27,13.29,20961061,268456116.0
2026-09-28,sh,603938,三孚股份,48.03,47.5,48.0,43.6,44.06,19503890,874533500.0
2026-09-28,sh,603939,益丰药房,22.08,22.0,22.48,21.99,22.47,6418761,143670666.0
2026-09-28,sh,603948,建业股份,19.34,19.31,19.49,18.68,18.99,2214200,42274737.0
2026-09-28,sh,603949,雪龙集团,16.9,18.59,18.59,16.82,18.59,16386551,299115798.0
2026-09-28,sh,603950,长源东谷,56.1,56.11,56.22,51.9,52.5,3550131,189842254.0
2026-09-28,sh,603955,大千生态,25.74,25.55,25.57,24.35,24.61,3485500,86757361.0
2026-09-28,sh,603956,威派格,6.97,7.0,7.02,6.69,6.78,14255400,97056290.0
2026-09-28,sh,603958,哈森股份,18.7,19.03,19.2,17.95,18.0,8240828,150151424.0
2026-09-28,sh,603959,ST百利,4.31,4.3,4.3,4.2,4.22,2927712,12400148.0
2026-09-28,sh,603960,克来机电,17.88,17.98,17.98,17.14,17.24,7120273,123864432.0
2026-09-28,sh,603966,法兰泰克,7.54,7.6,7.68,7.31,7.34,5038439,37209925.0
2026-09-28,sh,603967,中创物流,11.53,11.58,11.67,11.5,11.57,1727030,20008527.0
2026-09-28,sh,603968,醋化股份,10.57,10.65,11.63,10.53,11.63,10224663,113396778.0
2026-09-28,sh,603969,银龙股份,7.38,7.32,7.39,7.15,7.18,9351372,67410715.0
2026-09-28,sh,603970,中农立华,12.17,13.39,13.39,11.66,11.86,24133329,309547926.0
2026-09-28,sh,603976,正川股份,31.3,31.3,31.49,29.57,29.6,3548672,106715064.0
2026-09-28,sh,603977,国泰集团,11.1,11.1,11.11,10.73,10.8,5141800,55716519.0
2026-09-28,sh,603978,深圳新星,26.01,26.1,27.0,25.8,26.77,18520228,492015447.0
2026-09-28,sh,603979,金诚信,72.35,71.54,71.6,69.99,71.11,3121141,221402162.0
2026-09-28,sh,603980,吉华集团,8.09,8.08,8.23,7.89,8.04,37624760,302321940.0
2026-09-28,sh,603982,泉峰汽车,6.33,6.4,6.4,6.26,6.33,4556743,28791909.0
2026-09-28,sh,603983,丸美生物,31.59,31.59,32.05,29.92,30.1,4053300,124209598.0
2026-09-28,sh,603985,恒润股份,16.75,16.7,16.75,15.71,15.98,8469322,135678149.0
2026-09-28,sh,603986,兆易创新,383.77,380.0,380.0,357.14,358.51,28493600,10407944421.0
2026-09-28,sh,603987,康德莱,7.5,7.51,7.63,7.42,7.47,5925622,44557649.0
2026-09-28,sh,603988,中电电机,17.68,17.6,17.62,16.91,16.94,3250468,55665459.0
2026-09-28,sh,603989,艾华集团,31.15,31.01,31.01,28.04,28.04,18591519,535794094.0
2026-09-28,sh,603990,麦迪科技,19.12,19.09,19.24,18.55,18.99,13918801,262460204.0
2026-09-28,sh,603991,领先股份,175.89,174.88,175.5,167.68,172.0,4129763,706806322.0
2026-09-28,sh,603992,松霖科技,19.94,20.07,20.07,19.21,19.37,3037937,59386838.0
2026-09-28,sh,603993,洛阳钼业,17.08,16.78,16.95,16.61,16.83,114706311,1922467759.0
2026-09-28,sh,603995,甬金股份,25.32,25.36,25.79,24.99,25.05,3992384,100919193.0
2026-09-28,sh,603997,继峰股份,14.12,14.13,14.3,13.48,13.65,32509668,445253011.0
2026-09-28,sh,603998,方盛制药,10.29,10.29,10.51,10.24,10.36,6698087,69244952.0
2026-09-28,sh,603999,读者传媒,6.53,6.47,6.62,6.3,6.35,17653499,113283619.0
2026-09-28,sh,605001,威奥股份,5.84,5.84,5.86,5.72,5.78,3294300,19014143.0
2026-09-28,sh,605003,众望布艺,25.36,25.45,25.57,24.5,24.86,1119600,27825898.0
2026-09-28,sh,605005,合兴股份,16.11,16.25,16.25,15.95,16.0,832500,13361220.0
2026-09-28,sh,605006,山东玻纤,15.85,15.65,15.65,14.33,14.46,32716861,482297690.0
2026-09-28,sh,605007,五洲特纸,14.68,14.55,15.18,14.41,14.52,3466000,50954458.0
2026-09-28,sh,605008,长鸿高科,14.7,14.75,14.8,13.51,13.75,7315580,101370778.0
2026-09-28,sh,605009,豪悦护理,24.88,24.88,25.26,24.78,25.05,1375132,34493837.0
2026-09-28,sh,605011,XD杭州热,17.25,17.3,17.58,17.08,17.36,7993597,138439909.0
2026-09-28,sh,605016,百龙创园,21.45,21.25,21.35,20.85,21.03,3118966,65575376.0
2026-09-28,sh,605018,长华集团,12.74,12.94,13.02,11.9,12.08,19255091,235127915.0
2026-09-28,sh,605020,永和股份,31.04,31.04,31.24,30.08,30.15,8367934,256476416.0
2026-09-28,sh,605028,世茂能源,24.26,24.5,25.76,24.06,24.1,1686500,41262674.0
2026-09-28,sh,605033,美邦股份,19.48,19.65,19.83,19.27,19.45,1891600,36909851.0
2026-09-28,sh,605050,福然德,10.06,10.19,10.19,9.9,9.97,1104401,11000658.0
2026-09-28,sh,605055,迎丰股份,8.83,8.88,8.95,8.66,8.69,3763500,33033710.0
2026-09-28,sh,605056,咸亨国际,14.01,14.01,14.19,13.36,13.49,7653998,103988958.0
2026-09-28,sh,605058,澳弘电子,60.2,60.25,60.25,54.18,54.18,5438600,307954090.0
2026-09-28,sh,605060,联德股份,39.39,39.0,39.35,36.7,37.92,3505092,131797066.0
2026-09-28,sh,605066,天正电气,6.71,6.75,6.78,6.5,6.59,4675120,30887688.0
2026-09-28,sh,605068,明新旭腾,20.8,20.81,20.91,19.77,20.35,3992400,80606098.0
2026-09-28,sh,605069,正和生态,12.1,12.08,12.72,11.6,11.63,11095890,132573474.0
2026-09-28,sh,605077,华康股份,11.46,11.4,11.57,11.25,11.46,7657555,87272389.0
2026-09-28,sh,605080,浙江自然,23.33,22.7,23.8,22.52,23.68,2516480,58623544.0
2026-09-28,sh,605086,龙高股份,23.54,23.52,23.52,22.71,22.92,1095740,25147312.0
2026-09-28,sh,605088,冠盛股份,24.6,24.14,25.4,23.88,24.44,12600230,311146756.0
2026-09-28,sh,605089,味知香,21.26,21.3,22.16,20.95,22.0,2395385,51692629.0
2026-09-28,sh,605090,九丰能源,31.39,31.36,31.49,30.73,30.95,5153859,159700464.0
2026-09-28,sh,605098,行动教育,53.4,53.53,53.65,52.66,53.05,574200,30458154.0
2026-09-28,sh,605099,共创草坪,28.62,28.55,28.61,27.94,27.97,943793,26569618.0
2026-09-28,sh,605100,华丰股份,33.75,34.01,35.5,33.12,33.55,4022399,136569243.0
2026-09-28,sh,605108,同庆楼,12.12,12.15,12.23,12.0,12.05,1957642,23631487.0
2026-09-28,sh,605111,新洁能,59.7,59.11,59.9,55.75,56.79,12198788,697064884.0
2026-09-28,sh,605116,奥锐特,19.6,19.65,19.83,19.45,19.55,1296900,25417060.0
2026-09-28,sh,605117,德业股份,76.47,76.11,79.18,76.02,77.77,16384755,1275171714.0
2026-09-28,sh,605118,力鼎光电,33.24,33.24,33.49,31.62,31.75,3714799,119260594.0
2026-09-28,sh,605122,四方新材,12.39,12.33,12.46,12.16,12.26,3289611,40508483.0
2026-09-28,sh,605123,派克新材,80.0,80.38,80.47,76.89,78.2,1405298,109939901.0
2026-09-28,sh,605128,上海沿浦,23.61,23.66,23.88,22.8,22.85,2919444,67437252.0
2026-09-28,sh,605133,嵘泰股份,24.6,24.5,24.91,23.92,24.26,4964533,121087467.0
2026-09-28,sh,605136,丽人丽妆,8.46,8.46,9.3,8.46,8.74,22633842,199748999.0
2026-09-28,sh,605138,盛泰集团,6.16,6.18,6.22,6.06,6.1,3230100,19748028.0
2026-09-28,sh,605151,西上海,18.7,18.75,18.96,18.5,18.7,1188600,22236218.0
2026-09-28,sh,605155,西大门,14.67,14.68,14.74,14.23,14.46,1775940,25732324.0
2026-09-28,sh,605158,华达新材,7.88,7.84,7.96,7.7,7.81,4855500,37904361.0
2026-09-28,sh,605162,新中港,12.05,11.85,12.69,11.75,12.06,33138098,405559572.0
2026-09-28,sh,605166,聚合顺,8.7,8.7,8.8,8.42,8.45,4607300,39222755.0
2026-09-28,sh,605167,利柏特,16.4,16.4,16.45,15.6,15.7,4994632,79272276.0
2026-09-28,sh,605168,三人行,53.07,52.9,53.34,49.97,50.24,4690408,238801565.0
2026-09-28,sh,605169,洪通燃气,12.99,13.02,13.28,12.82,13.24,4220782,55444762.0
2026-09-28,sh,605177,东亚药业,25.86,25.7,26.2,24.62,25.87,7233300,183921320.0
2026-09-28,sh,605178,时空科技,69.75,68.59,69.25,63.29,64.5,4206900,274353409.0
2026-09-28,sh,605179,一鸣食品,24.38,24.0,24.13,22.82,23.42,18088935,423269124.0
2026-09-28,sh,605180,华生科技,14.28,14.44,14.54,13.87,14.12,6284598,89023254.0
2026-09-28,sh,605183,确成股份,16.51,16.52,16.67,16.1,16.24,1689001,27441774.0
2026-09-28,sh,605186,健麾信息,26.11,26.11,26.35,24.5,24.83,1967793,49524504.0
2026-09-28,sh,605188,国光连锁,12.71,12.89,12.97,12.41,12.55,7709862,96924539.0
2026-09-28,sh,605189,富春染织,14.24,14.4,14.45,13.79,13.85,6460872,90341853.0
2026-09-28,sh,605196,华通线缆,34.7,34.44,35.4,33.8,33.92,13396926,461445199.0
2026-09-28,sh,605198,安德利,63.91,62.13,64.3,59.5,59.71,7700032,470911759.0
2026-09-28,sh,605199,ST葫芦娃,5.76,5.72,5.78,5.68,5.7,794600,4540376.0
2026-09-28,sh,605208,永茂泰,14.73,14.69,14.87,14.25,14.28,6254905,89853992.0
2026-09-28,sh,605218,伟时电子,14.51,14.76,14.8,13.88,13.94,7238652,102269882.0
2026-09-28,sh,605222,起帆电缆,22.14,22.12,22.26,21.32,21.52,4431440,95755228.0
2026-09-28,sh,605228,神通科技,11.15,11.11,11.28,10.98,11.12,3966368,44222831.0
2026-09-28,sh,605255,天普股份,58.1,58.39,58.39,55.09,55.1,560111,31439711.0
2026-09-28,sh,605258,协和电子,41.12,42.54,43.8,39.8,40.01,7723982,317188493.0
2026-09-28,sh,605259,绿田机械,17.43,17.42,17.52,17.09,17.25,697452,12021122.0
2026-09-28,sh,605266,健之佳,15.68,15.68,15.88,15.6,15.8,1457204,22950652.0
2026-09-28,sh,605268,王力安防,10.15,10.16,10.56,10.08,10.17,9075322,92769531.0
2026-09-28,sh,605277,新亚电子,17.24,17.24,17.4,16.64,16.67,8289294,139761708.0
2026-09-28,sh,605286,同力天启,24.95,25.06,25.06,23.73,24.23,2485899,60051703.0
2026-09-28,sh,605287,德才股份,35.42,35.38,35.51,32.6,32.88,2611332,87484058.0
2026-09-28,sh,605288,凯迪股份,66.19,66.38,72.0,65.77,67.79,2660361,181493239.0
2026-09-28,sh,605289,罗曼股份,102.05,100.88,101.0,93.85,95.0,2482605,239006796.0
2026-09-28,sh,605296,神农集团,30.3,30.29,31.48,28.98,31.47,6492129,195857200.0
2026-09-28,sh,605298,必得科技,44.04,44.92,44.99,42.01,42.15,557812,23731494.0
2026-09-28,sh,605299,舒华体育,12.62,12.45,12.61,12.25,12.3,10331137,127954866.0
2026-09-28,sh,605300,佳禾食品,10.19,10.21,10.25,10.08,10.18,3642598,36957905.0
2026-09-28,sh,605303,园林股份,23.68,0.0,0.0,0.0,23.68,0,0.0
2026-09-28,sh,605305,中际联合,30.73,30.68,30.73,29.88,29.88,3034199,91338099.0
2026-09-28,sh,605318,法狮龙,76.46,76.46,77.52,70.81,71.35,1202800,87098807.0
2026-09-28,sh,605319,无锡振华,22.29,22.29,22.34,21.95,22.05,2382452,52639573.0
2026-09-28,sh,605333,沪光股份,16.67,16.67,16.8,16.27,16.4,1717420,28267410.0
2026-09-28,sh,605336,*ST帅电,11.63,11.68,11.88,11.08,11.22,978270,11139661.0
2026-09-28,sh,605337,李子园,9.01,8.99,9.12,8.99,9.04,2541509,23037685.0
2026-09-28,sh,605338,巴比食品,17.63,17.7,17.8,17.46,17.64,1453401,25624783.0
2026-09-28,sh,605339,南侨食品,13.14,13.32,13.33,13.0,13.28,1765989,23223016.0
2026-09-28,sh,605358,立昂微,48.34,47.68,48.6,45.52,45.67,53923426,2516653438.0
2026-09-28,sh,605365,立达信,14.81,14.82,14.94,14.46,14.67,5661301,82917878.0
2026-09-28,sh,605366,宏柏新材,9.22,9.15,10.14,9.0,10.14,104530308,999696294.0
2026-09-28,sh,605368,蓝天燃气,6.66,6.61,6.67,6.58,6.64,2351144,15560385.0
2026-09-28,sh,605369,拱东医疗,17.75,17.75,18.15,17.65,18.06,1859323,33235809.0
2026-09-28,sh,605376,博迁新材,133.01,132.0,132.19,119.71,119.97,13633438,1680292590.0
2026-09-28,sh,605377,华旺科技,8.06,8.07,8.08,7.82,7.85,4096631,32478443.0
2026-09-28,sh,605378,野马电池,14.85,14.85,15.69,14.71,15.35,7599348,115503374.0
2026-09-28,sh,605388,均瑶健康,6.05,6.0,6.16,6.0,6.11,7863630,47810863.0
2026-09-28,sh,605389,长龄液压,64.3,64.3,64.3,60.5,61.31,1050192,64712659.0
2026-09-28,sh,605398,新炬网络,22.3,22.19,22.8,22.04,22.19,5867375,131751147.0
2026-09-28,sh,605399,晨光新材,11.59,11.44,12.2,11.44,11.8,7361128,86966978.0
2026-09-28,sh,605488,福莱新材,32.22,32.0,32.12,29.58,29.68,11299450,344199605.0
2026-09-28,sh,605499,东鹏饮料,110.83,111.17,111.59,109.68,111.12,2071103,229088724.0
2026-09-28,sh,605500,森林包装,7.32,7.36,7.44,7.29,7.37,3792321,27994783.0
2026-09-28,sh,605507,国邦医药,18.1,18.18,18.54,18.13,18.32,8383794,153770340.0
2026-09-28,sh,605555,德昌股份,12.52,12.61,13.05,12.39,12.75,12209872,155435867.0
2026-09-28,sh,605566,福莱蒽特,32.82,32.6,33.19,31.37,32.01,6470300,207041885.0
2026-09-28,sh,605567,春雪食品,9.38,9.4,9.57,9.32,9.46,5539403,52344128.0
2026-09-28,sh,605577,龙版传媒,16.52,16.3,16.35,14.87,14.87,10733500,164138384.0
2026-09-28,sh,605580,恒盛能源,21.89,22.36,23.15,20.95,21.33,13098602,286267785.0
2026-09-28,sh,605588,冠石科技,47.14,47.04,47.4,44.28,44.92,1303049,58995773.0
2026-09-28,sh,605589,圣泉集团,40.08,39.79,39.8,36.07,36.07,32222004,1192059091.0
2026-09-28,sh,605598,上海港湾,24.56,24.57,24.65,23.33,23.61,2724273,64645565.0
2026-09-28,sh,605599,菜百股份,13.49,13.47,13.54,13.25,13.31,5925287,79146519.0
2026-09-28,sh,688001,华兴源创,67.57,67.33,69.0,60.92,61.82,11823877,749604093.0
2026-09-28,sh,688002,睿创微纳,178.85,178.6,180.85,172.0,175.66,8067490,1420327201.0
2026-09-28,sh,688003,天准科技,79.3,80.18,80.38,73.63,74.69,3439455,260711204.0
2026-09-28,sh,688004,博汇科技,33.14,32.5,32.64,28.68,30.66,10935125,331188907.0
2026-09-28,sh,688005,容百科技,23.35,23.34,23.49,22.28,22.44,8362583,189255355.0
2026-09-28,sh,688006,杭可科技,20.72,20.71,20.77,19.69,19.88,5755693,115105352.0
2026-09-28,sh,688007,光峰科技,11.23,11.32,11.32,10.51,10.62,8271185,88636940.0
2026-09-28,sh,688008,澜起科技,214.5,212.5,213.94,205.0,208.6,33504312,6986851649.0
2026-09-28,sh,688009,中国通号,4.64,4.66,4.67,4.62,4.66,19259065,89515682.0
2026-09-28,sh,688010,福光股份,29.27,28.4,28.94,26.92,27.46,5167068,142903665.0
2026-09-28,sh,688011,新光光电,66.36,66.68,68.02,60.01,60.5,3386022,209941068.0
2026-09-28,sh,688012,中微公司,339.3,342.0,344.48,323.1,324.5,14103957,4663691237.0
2026-09-28,sh,688013,天臣医疗,25.22,25.35,26.33,24.4,24.85,1763363,43946480.0
2026-09-28,sh,688015,交控科技,16.96,16.88,17.05,16.5,16.68,1143428,19070749.0
2026-09-28,sh,688016,心脉医疗,85.01,85.04,85.44,83.77,84.33,777672,65628201.0
2026-09-28,sh,688017,绿的谐波,284.34,285.0,285.53,270.88,274.62,4628835,1279309295.0
2026-09-28,sh,688018,乐鑫科技,118.64,118.56,119.1,114.58,115.7,4177174,485239267.0
2026-09-28,sh,688019,安集科技,225.66,223.5,226.99,214.55,214.9,4829456,1058863897.0
2026-09-28,sh,688020,方邦股份,150.05,150.05,150.49,132.51,136.28,3402765,470105250.0
2026-09-28,sh,688021,奥福科技,20.22,20.22,20.38,19.54,19.92,1349881,26841783.0
2026-09-28,sh,688022,ST瀚川,8.78,8.78,8.83,8.54,8.77,2433232,21097055.0
2026-09-28,sh,688023,安恒信息,47.9,49.99,50.48,46.5,48.01,8298509,401115466.0
2026-09-28,sh,688025,杰普特,444.59,444.59,444.59,395.0,397.02,3993784,1634226585.0
2026-09-28,sh,688026,洁特生物,25.95,26.1,26.56,24.7,25.24,9342357,236937051.0
2026-09-28,sh,688027,国盾量子,364.0,364.03,364.05,340.89,341.75,1723709,597807174.0
2026-09-28,sh,688028,沃尔德,122.6,126.15,128.9,117.4,119.5,10347182,1264316454.0
2026-09-28,sh,688029,南微医学,82.76,83.9,83.9,81.88,82.09,2065494,170362458.0
2026-09-28,sh,688030,山石网科,19.0,19.25,19.53,18.68,18.98,4694324,89387261.0
2026-09-28,sh,688031,星环科技,103.7,103.57,104.9,88.9,89.45,7971812,742346342.0
2026-09-28,sh,688032,禾迈股份,68.73,68.13,69.19,65.66,66.42,1036598,69204664.0
2026-09-28,sh,688033,*ST天宜,7.51,7.51,7.59,7.15,7.15,3848806,28110115.0
2026-09-28,sh,688035,德邦科技,78.54,77.37,79.19,72.07,76.0,8157752,611344353.0
2026-09-28,sh,688036,传音控股,54.92,54.9,55.2,53.54,53.72,8987810,486865984.0
2026-09-28,sh,688037,芯源微,344.98,344.99,357.88,337.12,340.18,3847006,1324358904.0
2026-09-28,sh,688038,中科通达,19.3,19.62,19.62,18.76,19.15,1646397,31449826.0
2026-09-28,sh,688039,当虹科技,32.83,32.83,32.9,31.8,32.0,1455302,46739973.0
2026-09-28,sh,688041,海光信息,248.3,246.93,246.93,238.3,240.5,17224790,4157915166.0
2026-09-28,sh,688045,必易微,60.58,60.88,61.23,56.07,56.95,2294795,133086150.0
2026-09-28,sh,688046,药康生物,35.92,35.99,36.4,34.95,35.06,7640264,271302112.0
2026-09-28,sh,688047,龙芯中科,104.7,104.0,104.0,99.73,99.91,3769520,381286506.0
2026-09-28,sh,688048,长光华芯,329.66,325.01,327.0,285.0,289.79,11502775,3438419073.0
2026-09-28,sh,688049,炬芯科技,47.1,46.52,46.9,45.15,45.45,8093815,370846529.0
2026-09-28,sh,688050,爱博医疗,38.35,38.62,38.98,38.03,38.31,1648469,63261564.0
2026-09-28,sh,688051,佳华科技,25.0,24.62,25.25,24.14,24.42,1603710,39232110.0
2026-09-28,sh,688052,纳芯微,253.01,250.76,254.68,242.0,246.15,2961898,731358446.0
2026-09-28,sh,688053,ST思科瑞,39.08,38.9,39.48,37.67,37.94,548860,20873572.0
2026-09-28,sh,688055,龙腾光电,3.71,3.71,3.79,3.58,3.6,8450622,30943375.0
2026-09-28,sh,688056,莱伯泰科,58.24,55.7,56.0,49.02,51.89,4674457,243452418.0
2026-09-28,sh,688057,金达莱,19.79,19.48,20.0,18.43,18.53,5008467,94822803.0
2026-09-28,sh,688058,宝兰德,25.25,25.21,25.7,24.95,25.51,1265173,32042534.0
2026-09-28,sh,688059,华锐精密,88.99,88.16,89.2,82.29,83.3,3673967,310170395.0
2026-09-28,sh,688060,云涌科技,37.13,37.52,37.52,36.32,36.63,530326,19506818.0
2026-09-28,sh,688061,灿瑞科技,46.49,46.78,46.99,43.87,44.5,1812057,81579638.0
2026-09-28,sh,688062,迈威生物,26.47,26.55,26.97,25.73,26.0,5270834,137607870.0
2026-09-28,sh,688063,派能科技,40.51,40.51,40.62,38.83,39.22,4386580,173004081.0
2026-09-28,sh,688065,凯赛生物,38.34,38.66,38.66,37.68,38.15,3285720,125105393.0
2026-09-28,sh,688066,*ST航图,8.96,8.8,9.08,8.21,8.29,14601947,126599423.0
2026-09-28,sh,688067,爱威科技,23.95,24.12,24.52,23.75,24.04,1224945,29515769.0
2026-09-28,sh,688068,热景生物,91.89,90.44,93.48,88.67,89.65,1790160,161332156.0
2026-09-28,sh,688069,德林海,37.3,37.37,37.37,34.5,34.93,2153142,76219874.0
2026-09-28,sh,688070,纵横股份,36.43,36.35,36.65,34.52,35.27,2046913,72551102.0
2026-09-28,sh,688071,华依科技,35.65,35.4,35.81,34.44,35.26,2770516,97490709.0
2026-09-28,sh,688072,拓荆科技,700.9,703.0,704.05,651.87,653.8,5509383,3705263954.0
2026-09-28,sh,688073,毕得医药,74.55,75.78,76.8,72.58,73.91,3957764,293299270.0
2026-09-28,sh,688075,安旭生物,29.82,30.12,30.48,29.77,29.91,551906,16572056.0
2026-09-28,sh,688076,ST诺泰,28.83,28.66,29.11,28.55,28.92,1954347,56276296.0
2026-09-28,sh,688077,大地熊,27.86,27.51,27.88,26.2,26.56,3421253,91135586.0
2026-09-28,sh,688078,龙软科技,30.92,30.92,31.01,29.43,30.34,1524893,45802183.0
2026-09-28,sh,688079,美迪凯,17.51,18.43,18.5,16.73,17.03,30488264,531438681.0
2026-09-28,sh,688080,映翰通,38.04,38.04,38.08,36.44,36.77,986134,36458811.0
2026-09-28,sh,688081,兴图新科,26.25,26.25,26.67,24.81,25.31,1656108,42093730.0
2026-09-28,sh,688082,盛美上海,304.11,300.9,309.5,285.0,286.01,6099257,1798233550.0
2026-09-28,sh,688083,中望软件,51.96,51.77,52.5,50.16,50.9,1232110,62782130.0
2026-09-28,sh,688084,晶品特装,43.03,42.87,42.94,40.86,41.3,947712,39323010.0
2026-09-28,sh,688085,三友医疗,13.15,13.26,13.36,13.01,13.15,2763109,36273180.0
2026-09-28,sh,688087,英科再生,33.21,33.64,33.64,31.91,32.3,1847675,60157820.0
2026-09-28,sh,688088,虹软科技,29.49,29.31,29.59,28.5,28.84,3329844,96047868.0
2026-09-28,sh,688089,ST嘉必优,8.46,8.46,8.49,8.3,8.35,1112873,9332758.0
2026-09-28,sh,688090,瑞松科技,83.31,84.34,86.0,77.5,78.38,6722464,535400151.0
2026-09-28,sh,688091,上海谊众,39.95,39.61,40.09,38.8,39.29,2395602,94258910.0
2026-09-28,sh,688092,爱科科技,22.9,22.86,22.86,21.95,22.22,985655,21873294.0
2026-09-28,sh,688093,世华科技,23.29,23.3,23.3,21.92,21.98,2111564,47091415.0
2026-09-28,sh,688095,福昕软件,57.44,57.45,57.5,54.08,55.49,2033348,112566505.0
2026-09-28,sh,688096,京源环保,7.41,7.49,7.49,7.0,7.2,8881193,63994011.0
2026-09-28,sh,688097,博众精工,44.9,43.99,44.75,41.33,41.82,5133596,217115318.0
2026-09-28,sh,688098,申联生物,8.37,8.37,8.46,8.18,8.34,2877731,23808721.0
2026-09-28,sh,688099,晶晨股份,89.52,89.11,89.79,86.36,88.27,8864570,781541341.0
2026-09-28,sh,688100,威胜信息,24.73,24.8,24.8,24.17,24.36,1719813,41907687.0
2026-09-28,sh,688101,三达膜,14.54,14.58,14.58,14.04,14.09,1968638,27950365.0
2026-09-28,sh,688102,斯瑞新材,30.9,30.87,30.97,29.05,29.42,9508444,282239352.0
2026-09-28,sh,688103,国力电子,81.24,81.55,84.48,77.71,79.05,2476892,198620456.0
2026-09-28,sh,688105,诺唯赞,26.57,26.99,27.09,25.54,25.8,14048015,364574474.0
2026-09-28,sh,688106,金宏气体,26.82,26.9,26.9,25.21,25.41,12035832,309316391.0
2026-09-28,sh,688107,安路科技,30.73,30.66,30.72,28.81,29.33,6788613,200081398.0
2026-09-28,sh,688108,赛诺医疗,15.2,15.25,15.4,14.72,14.78,6446074,95990264.0
2026-09-28,sh,688109,品茗科技,72.29,72.59,72.94,67.85,68.43,833126,57439966.0
2026-09-28,sh,688110,东芯股份,118.73,118.09,124.4,116.3,116.75,16485421,1967222390.0
2026-09-28,sh,688111,金山办公,222.03,222.0,223.0,217.1,222.0,3741211,821947469.0
2026-09-28,sh,688112,鼎阳科技,117.08,115.32,116.79,96.31,102.66,16191882,1688134807.0
2026-09-28,sh,688113,联测科技,37.9,37.84,37.9,37.0,37.74,862871,32323710.0
2026-09-28,sh,688114,华大智造,74.94,75.51,76.51,72.02,72.84,10000709,736439478.0
2026-09-28,sh,688115,思林杰,67.38,67.32,68.21,60.2,61.64,4050946,254009697.0
2026-09-28,sh,688116,天奈科技,33.64,33.56,33.79,31.9,32.26,5221759,169223973.0
2026-09-28,sh,688117,圣诺生物,18.82,18.82,19.02,17.87,17.92,10105033,183494652.0
2026-09-28,sh,688118,普元信息,20.15,20.16,20.22,19.42,19.76,1835360,36288204.0
2026-09-28,sh,688119,中钢洛耐,3.84,3.84,3.86,3.73,3.77,8623292,32566583.0
2026-09-28,sh,688120,华海清科,247.17,246.88,248.86,233.01,234.24,9026402,2159606242.0
2026-09-28,sh,688121,*ST卓然,1.16,1.2,1.2,1.13,1.14,8563973,9944097.0
2026-09-28,sh,688122,西部超导,51.33,51.11,51.24,49.38,49.44,8060829,402383845.0
2026-09-28,sh,688123,聚辰股份,159.55,158.76,160.28,151.1,153.86,9443187,1457448094.0
2026-09-28,sh,688125,安达智能,124.52,122.63,125.5,112.11,113.4,1026609,119972933.0
2026-09-28,sh,688126,沪硅产业,24.8,24.4,24.7,23.73,23.83,58427067,1411856162.0
2026-09-28,sh,688127,蓝特光学,65.78,65.95,65.99,60.77,61.06,8331025,519940333.0
2026-09-28,sh,688128,中国电研,22.1,22.0,22.1,21.44,21.66,1359289,29507546.0
2026-09-28,sh,688129,东来技术,23.84,23.26,24.15,22.27,22.65,1192120,27261503.0
2026-09-28,sh,688130,晶华微,27.36,27.3,27.85,26.03,26.29,2209693,58474464.0
2026-09-28,sh,688131,皓元医药,103.54,104.0,105.97,99.07,100.48,5158609,519268827.0
2026-09-28,sh,688132,邦彦技术,16.78,16.8,17.11,15.73,16.17,2081974,33746629.0
2026-09-28,sh,688133,泰坦科技,22.7,22.71,22.72,21.33,21.63,4712259,102118580.0
2026-09-28,sh,688135,利扬芯片,39.55,39.54,39.55,37.33,37.67,12307491,467791205.0
2026-09-28,sh,688136,科兴制药,23.27,23.5,23.73,22.74,22.93,7020286,162140804.0
2026-09-28,sh,688137,近岸蛋白,125.25,126.1,135.61,123.36,128.08,8487401,1101744701.0
2026-09-28,sh,688138,清溢光电,40.15,39.71,40.4,37.2,37.48,8024005,306973041.0
2026-09-28,sh,688139,海尔生物,34.6,34.7,35.38,34.43,34.8,4644067,161769611.0
2026-09-28,sh,688141,杰华特,112.4,110.4,112.0,99.88,100.71,14501176,1504282857.0
2026-09-28,sh,688143,长盈通,191.35,186.0,187.87,157.2,165.05,13309969,2264936649.0
2026-09-28,sh,688146,中船特气,212.99,211.59,212.0,198.08,201.07,13016740,2638035051.0
2026-09-28,sh,688147,微导纳米,111.0,111.8,113.0,104.23,105.96,6102958,655663369.0
2026-09-28,sh,688148,芳源股份,5.88,5.86,5.87,5.65,5.69,10540665,60321927.0
2026-09-28,sh,688150,莱特光电,42.99,42.99,43.08,39.2,39.69,8258848,333176845.0
2026-09-28,sh,688151,华强科技,17.08,16.95,17.06,16.45,16.6,2940842,48871603.0
2026-09-28,sh,688152,麒麟信安,35.23,36.74,41.19,35.21,39.45,9392654,358029445.0
2026-09-28,sh,688153,唯捷创芯,26.5,26.5,26.5,25.56,25.94,3487274,90468001.0
2026-09-28,sh,688155,先惠技术,53.9,53.89,53.89,50.06,50.97,2299302,117651685.0
2026-09-28,sh,688156,路德科技,22.87,24.15,24.5,22.02,22.24,3278084,74782917.0
2026-09-28,sh,688157,松井股份,19.3,19.29,19.36,17.94,18.39,3050928,55953958.0
2026-09-28,sh,688158,优刻得,29.65,29.5,30.48,28.2,28.34,10465819,300232418.0
2026-09-28,sh,688159,有方科技,36.62,36.52,36.52,34.39,34.78,3540581,123948419.0
2026-09-28,sh,688160,步科股份,97.36,96.48,97.95,92.0,94.0,1047222,99084537.0
2026-09-28,sh,688161,威高骨科,21.64,21.8,21.83,21.33,21.59,698359,15019479.0
2026-09-28,sh,688162,巨一科技,24.97,24.95,25.79,24.8,25.51,1943645,49002040.0
2026-09-28,sh,688163,赛伦生物,37.31,38.76,42.82,38.08,40.66,3942985,161551360.0
2026-09-28,sh,688165,埃夫特,14.81,14.75,14.94,14.36,14.54,4166190,60715118.0
2026-09-28,sh,688166,博瑞医药,35.0,34.7,35.31,33.82,34.11,7647135,262477320.0
2026-09-28,sh,688167,炬光科技,293.84,290.0,290.88,268.03,275.84,6410728,1763961961.0
2026-09-28,sh,688168,安博通,44.78,45.6,46.18,42.5,43.39,5801969,255775949.0
2026-09-28,sh,688169,石头科技,114.6,115.93,117.73,115.05,116.39,5026966,583437980.0
2026-09-28,sh,688170,德龙激光,68.65,69.45,72.5,64.88,66.12,5321157,357125001.0
2026-09-28,sh,688171,纬德信息,24.82,24.58,26.66,23.22,25.95,6453777,162662948.0
2026-09-28,sh,688172,燕东微,45.26,45.2,45.84,42.88,43.74,9584950,422300800.0
2026-09-28,sh,688173,希荻微,13.46,13.46,13.46,12.7,12.96,8775169,113854249.0
2026-09-28,sh,688175,高凌信息,25.95,25.92,25.95,23.01,25.08,8448805,207827082.0
2026-09-28,sh,688176,亚虹医药,14.73,14.74,14.89,13.64,13.71,16164595,226716081.0
2026-09-28,sh,688177,百奥泰,20.83,20.8,21.36,20.21,20.65,4947856,101916997.0
2026-09-28,sh,688178,万德斯,30.11,29.96,30.2,28.93,29.57,1300579,38268891.0
2026-09-28,sh,688179,阿拉丁,24.84,24.3,24.85,22.5,22.95,28684087,664585986.0
2026-09-28,sh,688180,君实生物,34.88,35.31,35.63,34.39,34.84,11419571,399387849.0
2026-09-28,sh,688181,八亿时空,46.98,47.52,49.47,44.6,44.66,7615759,349327148.0
2026-09-28,sh,688182,灿勤科技,28.67,28.3,28.8,26.05,26.4,5800717,155958235.0
2026-09-28,sh,688183,生益电子,114.08,113.51,113.53,105.18,105.96,14707353,1584264492.0
2026-09-28,sh,688184,ST帕瓦,10.76,10.68,10.74,10.45,10.6,549464,5793105.0
2026-09-28,sh,688185,康希诺,81.61,83.58,87.78,82.9,86.5,10403990,889901544.0
2026-09-28,sh,688186,广大特材,14.35,14.35,14.35,14.06,14.22,2920543,41390243.0
2026-09-28,sh,688187,时代电气,44.4,44.41,44.62,43.72,43.75,3118368,137191034.0
2026-09-28,sh,688188,柏楚电子,95.25,95.05,95.79,93.02,93.1,1559219,146211580.0
2026-09-28,sh,688189,ST南新,6.48,6.45,6.5,6.26,6.32,2850209,18022867.0
2026-09-28,sh,688190,云路股份,71.2,71.44,71.44,66.77,67.03,1081934,73758523.0
2026-09-28,sh,688191,智洋创新,22.05,21.87,22.14,19.91,19.97,7986854,163480096.0
2026-09-28,sh,688192,迪哲医药,56.45,56.28,56.75,55.15,55.48,3202157,178407015.0
2026-09-28,sh,688193,仁度生物,49.18,49.18,49.92,48.65,48.82,383517,18866016.0
2026-09-28,sh,688195,腾景科技,188.12,188.0,188.12,172.26,174.39,6553831,1162846464.0
2026-09-28,sh,688196,卓越新能,33.56,33.37,33.37,30.47,30.97,2965751,92905858.0
2026-09-28,sh,688197,首药控股,37.72,37.76,38.51,36.35,36.8,1670121,61907172.0
2026-09-28,sh,688198,佰仁医疗,71.16,71.31,72.29,69.8,70.05,418829,29584055.0
2026-09-28,sh,688199,久日新材,25.51,25.39,25.71,24.47,25.25,4484451,111977910.0
2026-09-28,sh,688200,华峰测控,398.08,403.0,410.6,384.0,388.88,5401892,2133027770.0
2026-09-28,sh,688201,ST信安,7.71,7.69,7.81,7.59,7.7,2837699,21814186.0
2026-09-28,sh,688202,美迪西,107.91,108.0,109.96,104.61,105.3,5584365,592443018.0
2026-09-28,sh,688203,海正生材,23.06,22.39,22.98,19.76,20.01,32009582,661672493.0
2026-09-28,sh,688205,德科立,210.68,209.0,209.99,189.78,191.25,11689133,2282755111.0
2026-09-28,sh,688206,概伦电子,36.79,36.8,36.88,34.5,35.39,5551890,196484286.0
2026-09-28,sh,688207,格灵深瞳,19.72,19.56,19.66,18.58,19.04,9766624,185233085.0
2026-09-28,sh,688208,道通科技,25.6,25.44,25.7,24.6,24.69,5548149,138106168.0
2026-09-28,sh,688209,英集芯,35.0,35.35,35.5,32.34,32.89,17005031,567110129.0
2026-09-28,sh,688210,统联精密,28.92,28.88,28.98,27.07,27.39,3041591,84402576.0
2026-09-28,sh,688211,中科微至,33.12,33.2,33.29,32.0,32.44,752535,24441813.0
2026-09-28,sh,688212,澳华内镜,29.39,29.52,29.6,27.65,28.06,2954273,83451664.0
2026-09-28,sh,688213,思特威,93.41,92.91,94.0,90.62,92.15,4338510,398769026.0
2026-09-28,sh,688215,瑞晟智能,46.09,46.99,46.99,43.46,44.22,1239512,54819711.0
2026-09-28,sh,688216,气派科技,40.29,40.19,40.65,38.2,38.51,6978574,272775219.0
2026-09-28,sh,688217,睿昂基因,25.65,25.86,25.98,24.91,25.28,905437,22961955.0
2026-09-28,sh,688218,江苏北人,38.69,38.77,39.38,36.8,38.36,3577392,135618720.0
2026-09-28,sh,688219,会通股份,10.37,10.36,10.4,10.13,10.14,4133537,42193774.0
2026-09-28,sh,688220,翱捷科技,97.36,96.01,96.9,91.3,92.23,6366143,591977739.0
2026-09-28,sh,688221,前沿生物,16.73,16.95,16.99,16.18,16.31,9230090,151875942.0
2026-09-28,sh,688222,成都先导,44.19,44.5,44.7,42.61,43.68,21846826,955576270.0
2026-09-28,sh,688223,晶科能源,3.75,3.75,3.84,3.64,3.68,79722088,297350237.0
2026-09-28,sh,688225,亚信安全,14.73,15.28,16.16,14.68,15.64,21518685,331809267.0
2026-09-28,sh,688226,威腾电气,30.64,30.34,30.49,27.71,28.11,8171189,232866158.0
2026-09-28,sh,688227,品高股份,77.0,76.21,77.32,71.28,71.41,2834776,206929791.0
2026-09-28,sh,688228,开普云,84.44,85.65,85.65,81.61,83.5,1394593,116606747.0
2026-09-28,sh,688229,博睿数据,60.57,60.23,60.56,57.45,58.24,488594,28571085.0
2026-09-28,sh,688230,芯导科技,61.01,60.74,61.6,57.25,58.08,1336329,78387928.0
2026-09-28,sh,688231,隆达股份,34.65,35.02,35.09,32.34,33.0,4898602,162873001.0
2026-09-28,sh,688232,新点软件,17.45,17.51,17.55,17.14,17.49,2052872,35673001.0
2026-09-28,sh,688233,神工股份,100.36,100.04,100.05,92.11,93.24,5838176,553663542.0
2026-09-28,sh,688234,天岳先进,110.35,109.29,111.95,104.01,105.28,9833546,1049336743.0
2026-09-28,sh,688235,百济神州,258.0,259.13,262.87,255.24,257.9,2301123,597287775.0
2026-09-28,sh,688236,春立医疗,14.12,14.29,14.32,13.94,14.12,1599348,22541382.0
2026-09-28,sh,688237,超卓航科,59.0,59.01,59.39,57.0,57.95,1053646,60977858.0
2026-09-28,sh,688238,和元生物,8.52,8.65,8.8,8.33,8.56,41334202,351450044.0
2026-09-28,sh,688239,航宇科技,55.45,55.02,56.48,54.16,54.96,5924482,326607124.0
2026-09-28,sh,688244,永信至诚,16.5,17.06,19.8,16.72,19.8,14765272,270535534.0
2026-09-28,sh,688246,嘉和美康,17.22,17.41,17.41,16.82,16.97,2097275,35722109.0
2026-09-28,sh,688247,宣泰医药,9.88,9.88,10.21,9.8,9.95,7859641,78733745.0
2026-09-28,sh,688248,南网科技,47.47,47.19,47.55,45.4,46.37,3231875,150131983.0
2026-09-28,sh,688249,晶合集成,34.82,34.74,35.08,33.1,33.21,17033005,574426316.0
2026-09-28,sh,688251,井松智能,18.45,18.53,18.55,17.77,18.51,2855414,51847407.0
2026-09-28,sh,688252,天德钰,21.32,21.21,21.48,20.55,20.79,5437923,114062363.0
2026-09-28,sh,688253,英诺特,57.1,56.75,57.06,54.54,54.87,1049153,58074607.0
2026-09-28,sh,688255,凯尔达,26.8,26.71,27.16,25.83,26.04,2856110,74951315.0
2026-09-28,sh,688256,寒武纪,1091.48,1075.0,1080.0,1020.0,1020.0,8533325,8843414396.0
2026-09-28,sh,688257,新锐股份,58.21,57.88,58.74,54.0,54.52,14536253,807298587.0
2026-09-28,sh,688258,卓易信息,88.14,86.84,87.66,80.9,82.2,3468909,287745070.0
2026-09-28,sh,688259,创耀科技,33.34,33.45,34.69,32.7,32.91,2565380,86356716.0
2026-09-28,sh,688260,昀冢科技,108.64,109.0,110.16,98.22,100.19,5295255,540025104.0
2026-09-28,sh,688261,东微半导,77.3,76.99,77.0,72.33,74.0,4559807,338064857.0
2026-09-28,sh,688262,国芯科技,29.24,29.23,29.23,27.55,28.01,8965757,252240058.0
2026-09-28,sh,688265,南模生物,52.13,53.56,55.97,52.18,54.61,3521917,190805292.0
2026-09-28,sh,688266,泽璟制药,108.95,108.95,111.97,106.95,107.16,3109591,339514720.0
2026-09-28,sh,688267,中触媒,22.29,22.29,22.32,21.61,21.85,2053460,44858084.0
2026-09-28,sh,688268,华特气体,132.03,131.03,132.0,123.28,124.14,3246598,408080310.0
2026-09-28,sh,688269,凯立新材,27.69,27.44,27.64,26.02,26.1,1688699,44846812.0
2026-09-28,sh,688270,ST臻镭,56.91,56.6,57.18,55.0,55.05,3955704,220961527.0
2026-09-28,sh,688271,联影医疗,102.41,102.77,106.1,102.39,105.88,8250449,864400401.0
2026-09-28,sh,688272,富吉瑞,29.46,29.75,29.75,28.61,28.86,1381989,40168913.0
2026-09-28,sh,688273,麦澜德,29.43,29.74,30.26,29.1,29.48,1403691,41477446.0
2026-09-28,sh,688275,万润新能,67.64,67.1,67.62,63.4,64.42,3324402,215619506.0
2026-09-28,sh,688276,百克生物,17.75,17.89,18.2,17.6,17.76,4083460,72862348.0
2026-09-28,sh,688277,天智航,15.29,15.52,15.66,15.16,15.23,4378459,67275037.0
2026-09-28,sh,688278,特宝生物,51.4,51.4,51.9,50.98,51.6,2038191,104897632.0
2026-09-28,sh,688279,峰岹科技,213.56,213.17,213.56,204.57,206.53,1275606,265653219.0
2026-09-28,sh,688280,精进电动,4.88,4.88,4.96,4.8,4.87,12645393,61689802.0
2026-09-28,sh,688281,华秦科技,49.91,50.43,50.62,48.63,49.15,2315837,114256523.0
2026-09-28,sh,688282,理工导航,54.9,54.44,55.13,50.62,51.03,1001637,52233912.0
2026-09-28,sh,688283,坤恒顺维,34.08,33.4,33.4,29.03,30.07,5746810,175625669.0
2026-09-28,sh,688285,XD高铁电,7.61,7.65,7.65,7.49,7.59,1978401,14983925.0
2026-09-28,sh,688286,敏芯股份,55.8,55.8,55.92,49.58,50.24,7204849,370900079.0
2026-09-28,sh,688288,鸿泉技术,19.9,20.02,20.12,19.32,19.62,1776421,34833959.0
2026-09-28,sh,688289,圣湘生物,16.65,16.67,16.85,16.4,16.6,4329549,71777940.0
2026-09-28,sh,688290,景业智能,61.0,60.52,60.77,55.0,56.07,1033862,59005485.0
2026-09-28,sh,688291,金橙子,42.3,42.3,43.0,39.8,40.8,2832411,116454285.0
2026-09-28,sh,688292,浩瀚深度,21.74,22.17,23.08,21.32,21.89,8221147,181205858.0
2026-09-28,sh,688293,奥浦迈,77.45,77.0,77.95,74.0,74.84,5558711,417689022.0
2026-09-28,sh,688295,中复神鹰,36.41,36.3,36.62,35.02,35.23,4161643,147388843.0
2026-09-28,sh,688296,和达科技,27.58,27.47,27.47,24.3,24.56,8545226,215388284.0
2026-09-28,sh,688297,中无人机,42.15,42.15,42.55,41.66,42.08,6011664,252838712.0
2026-09-28,sh,688298,东方生物,19.18,19.26,19.51,18.92,18.96,1561965,29924847.0
2026-09-28,sh,688299,长阳科技,13.37,13.25,13.45,12.84,12.95,4270015,55676358.0
2026-09-28,sh,688300,联瑞新材,167.8,166.0,166.0,145.11,145.69,10529293,1603236752.0
2026-09-28,sh,688301,奕瑞科技,89.1,88.25,88.5,82.44,84.97,8345472,704644952.0
2026-09-28,sh,688302,海创药业,32.89,32.0,33.33,31.56,31.87,1125558,36151527.0
2026-09-28,sh,688303,大全能源,15.83,15.9,16.08,15.49,15.5,7187533,112825350.0
2026-09-28,sh,688305,科德数控,56.3,56.33,56.64,54.28,54.73,1616393,88868678.0
2026-09-28,sh,688306,均普智能,10.15,10.16,10.2,9.8,9.86,14758366,146623898.0
2026-09-28,sh,688307,中润光学,47.21,46.78,47.4,43.14,43.63,3994328,178115304.0
2026-09-28,sh,688308,欧科亿,85.35,85.35,85.36,79.5,80.0,5532956,451332375.0
2026-09-28,sh,688309,恒誉科技,77.2,77.51,77.59,72.88,74.66,1846316,137633463.0
2026-09-28,sh,688310,迈得医疗,15.75,16.08,16.08,15.34,15.45,2182259,33893630.0
2026-09-28,sh,688311,盟升电子,24.55,24.5,24.6,23.48,23.55,3586920,85247774.0
2026-09-28,sh,688312,燕麦科技,57.79,57.45,57.9,48.97,49.17,12643102,659256350.0
2026-09-28,sh,688313,仕佳光子,157.3,155.0,157.0,143.43,145.5,15709822,2319778889.0
2026-09-28,sh,688314,康拓医疗,30.76,31.01,31.39,30.03,30.37,1671715,51166832.0
2026-09-28,sh,688315,诺禾致源,20.4,20.99,21.4,19.39,20.06,29138815,589046707.0
2026-09-28,sh,688316,青云科技,45.92,45.93,46.26,44.01,44.7,1305023,58420135.0
2026-09-28,sh,688317,之江生物,18.75,18.64,19.0,18.15,18.24,3610837,66423151.0
2026-09-28,sh,688318,财富趋势,78.0,78.05,78.08,74.93,75.73,3796405,288368663.0
2026-09-28,sh,688319,欧林生物,31.52,31.45,31.85,29.81,30.8,7506204,229471793.0
2026-09-28,sh,688320,禾川科技,37.38,37.12,37.27,35.12,35.25,5396667,192993045.0
2026-09-28,sh,688321,微芯生物,25.35,25.4,25.59,24.82,25.21,7812107,196331927.0
2026-09-28,sh,688322,奥比中光,89.51,89.6,89.61,84.9,85.75,5517809,476386803.0
2026-09-28,sh,688323,瑞华泰,26.61,26.62,26.63,23.91,24.18,10549688,260411002.0
2026-09-28,sh,688325,赛微微电,108.83,108.0,112.95,108.0,110.96,1305536,144166606.0
2026-09-28,sh,688326,经纬恒润,57.98,58.29,58.29,56.01,56.3,1016862,57817254.0
2026-09-28,sh,688327,云从科技,9.89,9.89,9.96,9.49,9.68,16327157,157437768.0
2026-09-28,sh,688328,深科达,80.3,80.49,80.99,73.8,74.37,4929855,375257907.0
2026-09-28,sh,688329,艾隆科技,23.32,23.79,24.2,23.13,23.37,1836862,43197981.0
2026-09-28,sh,688330,宏力达,37.88,37.69,37.87,36.51,36.83,1392757,51545762.0
2026-09-28,sh,688331,荣昌生物,116.28,115.42,118.76,114.88,115.34,5284673,614903390.0
2026-09-28,sh,688332,中科蓝讯,93.84,93.0,94.27,86.63,87.87,5779291,513750479.0
2026-09-28,sh,688333,铂力特,108.27,107.19,108.51,99.13,100.0,14147525,1441394563.0
2026-09-28,sh,688334,西高院,17.95,18.06,18.06,17.69,17.73,1144846,20407729.0
2026-09-28,sh,688335,复洁科技,17.6,17.56,17.79,16.85,17.03,2290242,39253828.0
2026-09-28,sh,688336,三生国健,39.21,39.0,39.98,39.0,39.2,5580299,220366395.0
2026-09-28,sh,688337,普源精电,58.61,56.0,58.0,47.3,51.62,19111507,980656852.0
2026-09-28,sh,688338,赛科希德,31.8,32.07,32.41,31.48,31.98,1971819,63099056.0
2026-09-28,sh,688339,亿华通,18.1,18.3,18.88,17.4,18.49,8490876,155125587.0
2026-09-28,sh,688343,云天励飞,63.85,63.91,64.32,61.48,61.93,10075362,628703044.0
2026-09-28,sh,688345,博力威,48.11,48.44,48.63,44.13,44.97,1868167,85181309.0
2026-09-28,sh,688347,华虹宏力,224.1,222.0,223.1,211.57,213.76,12380591,2667776979.0
2026-09-28,sh,688348,昱能科技,30.5,30.93,30.93,29.45,29.8,1309695,39279401.0
2026-09-28,sh,688349,三一重能,12.94,12.9,13.06,12.61,12.85,7548355,96476104.0
2026-09-28,sh,688350,富淼科技,29.39,29.35,29.35,27.9,28.58,2593658,74029492.0
2026-09-28,sh,688351,微电生理,17.5,17.4,17.71,16.92,17.05,2292578,39272938.0
2026-09-28,sh,688352,颀中科技,19.09,19.11,19.28,17.37,17.67,25476778,454743423.0
2026-09-28,sh,688353,华盛锂电,79.86,80.66,80.88,77.61,78.96,3376045,266686394.0
2026-09-28,sh,688355,明志科技,16.97,17.17,17.17,16.48,16.73,1140018,19094657.0
2026-09-28,sh,688356,键凯科技,94.79,95.25,100.44,93.0,99.45,6047428,586170671.0
2026-09-28,sh,688357,建龙微纳,26.93,26.93,27.2,26.27,26.68,1151366,30656644.0
2026-09-28,sh,688358,祥生医疗,29.0,29.25,29.44,28.5,28.8,748338,21588623.0
2026-09-28,sh,688359,三孚新科,111.09,112.0,113.99,101.22,102.76,4334141,458671522.0
2026-09-28,sh,688360,德马科技,16.4,16.31,16.79,16.18,16.19,5955770,98258491.0
2026-09-28,sh,688361,中科飞测,370.3,365.92,377.35,353.0,361.24,8637806,3131945750.0
2026-09-28,sh,688362,甬矽电子,60.85,60.66,60.66,56.0,56.8,14815318,852812718.0
2026-09-28,sh,688363,华熙生物,34.7,34.7,35.1,34.23,34.3,2090005,72076291.0
2026-09-28,sh,688365,光云科技,16.07,15.99,16.19,15.1,15.22,15299148,235439321.0
2026-09-28,sh,688366,昊海生科,29.91,30.33,30.33,29.72,29.82,349040,10451567.0
2026-09-28,sh,688367,工大高科,30.9,30.93,31.2,29.11,29.52,1303758,38890057.0
2026-09-28,sh,688368,晶丰明源,140.21,139.0,139.0,124.56,129.59,4931028,642269871.0
2026-09-28,sh,688369,致远互联,19.57,19.57,19.63,19.05,19.36,2277525,43905795.0
2026-09-28,sh,688370,丛麟科技,28.42,28.16,28.82,27.48,28.59,1326355,37545175.0
2026-09-28,sh,688371,菲沃泰,24.84,24.98,24.98,22.2,22.82,8463949,195229408.0
2026-09-28,sh,688372,伟测科技,112.78,112.35,112.37,104.57,105.0,7308558,777595727.0
2026-09-28,sh,688373,盟科药业,5.86,5.86,5.91,5.63,5.66,13923368,79770805.0
2026-09-28,sh,688375,国博电子,68.88,69.25,69.47,65.08,65.77,3126882,207652638.0
2026-09-28,sh,688376,美埃科技,63.06,63.0,63.0,57.22,57.43,1756520,103436654.0
2026-09-28,sh,688377,迪威尔,16.97,16.95,17.25,16.61,16.91,2554662,43259279.0
2026-09-28,sh,688378,奥来德,50.72,51.27,51.6,47.0,47.47,10576428,514004941.0
2026-09-28,sh,688379,华光新材,61.27,60.93,61.11,53.77,54.66,7412854,410706104.0
2026-09-28,sh,688380,中微半导,42.28,42.33,42.5,40.04,40.29,6699997,273398965.0
2026-09-28,sh,688381,帝奥微,45.1,45.11,45.29,41.39,41.65,12160229,517696135.0
2026-09-28,sh,688382,益方生物,18.75,18.74,18.92,17.23,17.65,16158988,287667026.0
2026-09-28,sh,688383,新益昌,143.01,140.86,142.49,126.9,128.78,2800717,368867282.0
2026-09-28,sh,688385,复旦微电,59.78,59.75,59.78,56.56,56.95,12216373,703560192.0
2026-09-28,sh,688386,泛亚微透,49.11,48.5,49.14,45.7,45.88,2868382,133880305.0
2026-09-28,sh,688387,信科移动,12.31,12.25,12.31,11.41,11.53,33376425,389775358.0
2026-09-28,sh,688388,嘉元科技,30.0,29.68,29.71,27.15,27.26,36701575,1025716791.0
2026-09-28,sh,688389,普门科技,11.12,11.18,11.3,11.09,11.16,1844361,20643944.0
2026-09-28,sh,688390,固德威,56.8,56.88,57.22,54.1,54.67,6653233,366292487.0
2026-09-28,sh,688391,钜泉科技,27.02,27.02,27.06,26.0,26.42,1495852,39308027.0
2026-09-28,sh,688392,骄成超声,167.0,166.03,170.79,158.0,159.4,2575453,419455043.0
2026-09-28,sh,688393,安必平,22.21,22.58,22.6,21.77,22.16,2175227,48042501.0
2026-09-28,sh,688395,正弦电气,26.35,26.72,26.75,24.7,25.73,2550706,65209412.0
2026-09-28,sh,688396,华润微,59.17,59.0,59.15,55.8,56.31,15050004,855009886.0
2026-09-28,sh,688398,赛特新材,23.57,23.91,24.09,22.62,22.68,1742147,40522250.0
2026-09-28,sh,688399,硕世生物,27.63,27.51,28.01,26.71,26.98,1679349,45534093.0
2026-09-28,sh,688400,凌云光,46.15,44.6,44.61,40.99,41.4,13475936,570187775.0
2026-09-28,sh,688401,路维光电,70.76,69.88,70.22,64.37,64.96,5618980,372937420.0
2026-09-28,sh,688403,汇成股份,24.8,24.46,24.8,22.2,22.4,52237370,1208229025.0
2026-09-28,sh,688408,中信博,22.7,22.8,22.97,22.05,22.34,2071293,46426886.0
2026-09-28,sh,688409,富创精密,186.02,186.0,187.75,174.0,176.8,5638536,1009258214.0
2026-09-28,sh,688410,山外山,9.77,9.82,9.9,9.45,9.54,6319598,60548721.0
2026-09-28,sh,688411,海博思创,161.01,160.15,160.73,152.8,155.1,2026916,315709386.0
2026-09-28,sh,688416,恒烁股份,79.71,78.95,79.75,72.51,73.24,4756243,355392273.0
2026-09-28,sh,688418,震有科技,32.0,32.17,32.17,29.77,30.19,3470643,105556205.0
2026-09-28,sh,688419,耐科装备,52.08,52.01,52.03,48.08,48.9,2858713,141425804.0
2026-09-28,sh,688420,美腾科技,22.81,22.64,23.19,22.18,22.85,1021280,23083785.0
2026-09-28,sh,688425,铁建重工,3.92,3.92,3.95,3.89,3.91,10336416,40401306.0
2026-09-28,sh,688426,康为世纪,21.96,21.87,22.83,21.0,21.25,3984854,86318853.0
2026-09-28,sh,688428,诺诚健华,29.86,29.58,29.69,27.89,28.63,19289130,554388566.0
2026-09-28,sh,688429,时创能源,10.09,10.2,10.2,9.73,9.8,1200475,11913000.0
2026-09-28,sh,688432,有研硅,55.13,54.0,57.5,52.5,53.15,58360964,3238708372.0
2026-09-28,sh,688433,华曙高科,86.5,86.27,86.92,79.61,81.34,4938678,403210052.0
2026-09-28,sh,688435,英方软件,30.11,30.17,30.2,29.0,29.72,1849228,54680356.0
2026-09-28,sh,688439,振华风光,38.16,38.2,38.2,36.77,36.86,1822341,67748559.0
2026-09-28,sh,688443,智翔金泰,24.61,24.73,24.89,24.0,24.24,3401926,82723098.0
2026-09-28,sh,688448,磁谷科技,65.69,66.79,67.12,58.3,62.49,3722073,228442054.0
2026-09-28,sh,688449,联芸科技,61.61,62.0,62.0,56.41,57.25,6558634,381394966.0
2026-09-28,sh,688450,光格科技,33.07,33.21,33.25,31.2,31.94,1329083,42382753.0
2026-09-28,sh,688455,科捷智能,17.7,17.7,18.14,17.4,17.69,2551967,45469430.0
2026-09-28,sh,688456,有研粉材,75.12,75.0,75.34,69.34,70.19,5206187,371496827.0
2026-09-28,sh,688458,美芯晟,39.16,39.99,39.99,36.75,37.7,2037758,76693522.0
2026-09-28,sh,688459,哈铁科技,8.23,8.31,8.34,8.11,8.21,1039552,8513457.0
2026-09-28,sh,688466,金科环境,14.05,14.08,14.16,13.77,13.97,1300959,18131987.0
2026-09-28,sh,688468,科美诊断,6.53,6.54,6.65,6.49,6.54,3663170,24043797.0
2026-09-28,sh,688469,芯联集成,8.59,8.57,8.74,8.51,8.6,98603103,850248202.0
2026-09-28,sh,688472,阿特斯,8.32,8.33,8.38,8.16,8.18,22805356,187343017.0
2026-09-28,sh,688475,萤石网络,27.99,28.29,28.33,27.15,27.21,4488571,123901748.0
2026-09-28,sh,688478,晶升股份,50.64,51.04,53.5,48.0,48.68,7210331,360647585.0
2026-09-28,sh,688479,友车科技,37.22,37.33,37.84,34.5,34.76,2301448,81868023.0
2026-09-28,sh,688480,赛恩斯,70.0,70.0,70.0,64.52,64.8,1442626,95522705.0
2026-09-28,sh,688484,南芯科技,33.67,33.5,33.7,32.0,32.71,5744987,187618683.0
2026-09-28,sh,688485,九州一轨,119.94,121.0,121.0,104.53,105.4,9836535,1084256240.0
2026-09-28,sh,688486,龙迅股份,49.0,48.67,48.8,46.71,47.1,5739139,272256247.0
2026-09-28,sh,688488,艾迪药业,15.95,15.91,16.38,15.48,15.69,5976060,93902319.0
2026-09-28,sh,688489,三未信安,27.12,27.17,27.87,26.5,27.27,3243202,88166663.0
2026-09-28,sh,688496,*ST清越,0.58,0.0,0.0,0.0,0.58,0,0.0
2026-09-28,sh,688498,源杰科技,1700.03,1632.0,1656.97,1561.0,1591.43,3873382,6189649531.0
2026-09-28,sh,688499,利元亨,37.75,38.0,38.66,36.28,37.0,6341271,236329679.0
2026-09-28,sh,688500,慧辰股份,30.7,31.28,31.28,29.55,30.2,1626714,48944511.0
2026-09-28,sh,688501,青达环保,15.4,15.49,15.78,15.2,15.21,4362772,67328095.0
2026-09-28,sh,688502,茂莱光学,444.6,434.0,442.55,403.5,408.3,1510114,631207562.0
2026-09-28,sh,688503,聚和材料,76.01,74.83,76.5,70.38,71.49,11089899,802604061.0
2026-09-28,sh,688505,复旦张江,8.36,8.36,8.51,8.21,8.28,8447276,70395776.0
2026-09-28,sh,688506,百利天恒,239.3,239.3,243.42,237.41,239.53,1544087,370971439.0
2026-09-28,sh,688507,索辰科技,141.09,141.11,141.66,130.01,132.5,2618845,350326459.0
2026-09-28,sh,688508,芯朋微,84.29,84.0,84.63,77.4,78.5,5968337,478301562.0
2026-09-28,sh,688509,正元地信,4.15,4.2,4.2,4.08,4.15,4566817,18876159.0
2026-09-28,sh,688510,航亚科技,23.98,23.98,24.58,23.4,23.75,6063815,144367263.0
2026-09-28,sh,688511,天微电子,23.06,23.14,23.4,22.03,22.25,1755196,39452899.0
2026-09-28,sh,688512,慧智微,17.58,17.67,18.15,16.33,16.59,46910858,797613188.0
2026-09-28,sh,688513,苑东生物,50.0,50.11,50.52,49.0,49.5,1666084,82493732.0
2026-09-28,sh,688515,裕太微,152.5,152.0,154.34,141.69,143.73,2728977,397212112.0
2026-09-28,sh,688516,奥特维,43.91,43.34,44.49,41.65,42.41,6579549,279816989.0
2026-09-28,sh,688517,金冠电气,16.68,16.76,17.25,16.08,16.9,3534981,58801795.0
2026-09-28,sh,688518,联赢激光,21.08,21.08,21.35,19.88,20.25,11832871,241116730.0
2026-09-28,sh,688519,南亚新材,295.08,291.42,295.0,273.0,275.4,4323336,1214825831.0
2026-09-28,sh,688520,神州细胞,35.75,35.91,36.32,34.94,35.19,2359945,83389201.0
2026-09-28,sh,688521,芯原股份,207.45,206.98,207.45,190.7,193.0,17136985,3367276977.0
2026-09-28,sh,688522,纳睿雷达,18.4,18.42,18.45,17.78,17.9,3169693,57066488.0
2026-09-28,sh,688523,航天环宇,39.52,39.32,39.86,37.5,38.07,2725179,104134292.0
2026-09-28,sh,688525,佰维存储,211.01,208.18,209.38,198.2,198.25,16365764,3311029700.0
2026-09-28,sh,688526,科前生物,12.18,12.23,12.23,12.03,12.13,710556,8590446.0
2026-09-28,sh,688528,秦川物联,10.31,10.31,10.46,10.01,10.28,2294079,23522929.0
2026-09-28,sh,688529,豪森智能,15.6,15.8,15.8,14.77,15.1,2094624,31627730.0
2026-09-28,sh,688530,欧莱新材,61.71,61.14,61.84,56.11,57.45,6571856,381800884.0
2026-09-28,sh,688531,日联科技,138.5,137.9,137.9,125.2,126.6,4757577,613741084.0
2026-09-28,sh,688533,上声电子,20.1,20.35,20.54,19.89,19.89,925106,18590162.0
2026-09-28,sh,688535,华海诚科,108.84,108.94,108.98,100.5,101.31,6242323,644407865.0
2026-09-28,sh,688536,思瑞浦,346.81,349.89,353.53,338.21,342.42,3086653,1064462642.0
2026-09-28,sh,688538,和辉光电,2.05,2.05,2.06,2.02,2.04,52220061,106387077.0
2026-09-28,sh,688539,高华科技,24.85,25.0,25.39,23.5,23.92,1971765,47728161.0
2026-09-28,sh,688543,国科军工,43.73,43.68,43.68,41.66,41.98,5763964,243814856.0
2026-09-28,sh,688545,兴福电子,76.68,76.98,76.98,70.65,72.0,8151281,592269230.0
2026-09-28,sh,688548,广钢气体,33.32,32.64,33.3,31.4,31.64,26458343,851551873.0
2026-09-28,sh,688549,中巨芯,23.27,23.18,23.3,21.68,21.99,38840962,864744726.0
2026-09-28,sh,688550,瑞联新材,38.06,38.14,38.37,36.21,36.28,2802139,103187000.0
2026-09-28,sh,688551,XD科威尔,43.2,43.31,43.39,37.57,38.28,5336767,210973478.0
2026-09-28,sh,688552,航天南湖,29.86,29.87,30.22,28.91,29.07,2112669,61964571.0
2026-09-28,sh,688553,汇宇制药,12.26,12.29,12.45,11.99,12.09,13481321,164736971.0
2026-09-28,sh,688556,高测股份,7.85,7.87,7.9,7.5,7.57,13433543,102758588.0
2026-09-28,sh,688557,兰剑智能,21.28,21.2,21.36,20.61,20.71,1338878,27989862.0
2026-09-28,sh,688558,国盛智科,34.08,33.86,34.03,33.07,33.65,1472327,49308222.0
2026-09-28,sh,688559,海目星,58.33,59.47,59.79,54.02,55.19,12844645,719861506.0
2026-09-28,sh,688560,明冠新材,12.8,12.84,12.95,12.5,12.62,2856293,36217336.0
2026-09-28,sh,688561,奇安信,28.61,29.6,30.3,28.31,29.77,18996215,557583720.0
2026-09-28,sh,688562,航天软件,14.43,14.41,14.44,13.94,14.17,2544197,35963781.0
2026-09-28,sh,688563,航材股份,52.79,52.78,53.55,51.9,52.22,1821832,95662168.0
2026-09-28,sh,688565,力源科技,11.46,11.6,11.65,11.17,11.4,2104002,23940168.0
2026-09-28,sh,688566,吉贝尔,27.72,27.57,27.83,27.0,27.48,2305065,63046912.0
2026-09-28,sh,688567,孚能科技,8.88,8.92,9.03,8.68,8.79,7687553,67772277.0
2026-09-28,sh,688568,中科星图,30.3,30.01,30.3,28.45,28.8,10870454,315036932.0
2026-09-28,sh,688569,铁科轨道,18.75,18.76,18.76,18.35,18.64,956427,17700046.0
2026-09-28,sh,688570,天玛智控,14.74,14.68,14.79,14.48,14.61,454155,6631391.0
2026-09-28,sh,688571,杭华股份,8.49,8.43,8.5,8.05,8.07,6698205,54845668.0
2026-09-28,sh,688573,信宇人,15.9,15.9,15.98,15.08,15.22,4895523,74990035.0
2026-09-28,sh,688575,亚辉龙,10.28,10.2,10.4,10.2,10.29,8227532,84693525.0
2026-09-28,sh,688576,西山科技,40.36,40.5,40.5,39.36,39.86,412156,16390835.0
2026-09-28,sh,688577,浙海德曼,41.37,41.5,41.55,39.85,40.15,948408,38546474.0
2026-09-28,sh,688578,艾力斯,104.22,104.26,106.47,103.24,105.99,8222389,864766066.0
2026-09-28,sh,688579,地纬智能,7.92,7.88,8.06,7.75,7.84,3274494,25687879.0
2026-09-28,sh,688580,伟思医疗,43.07,43.07,43.95,42.08,42.6,1133704,48458064.0
2026-09-28,sh,688581,安杰思,57.77,58.0,58.88,57.01,57.7,1129237,65421892.0
2026-09-28,sh,688582,芯动联科,38.78,38.78,38.9,36.42,36.71,3523215,130918411.0
2026-09-28,sh,688583,思看科技,84.38,84.86,85.98,78.3,79.49,1885378,151641145.0
2026-09-28,sh,688584,上海合晶,29.05,28.82,28.94,27.36,27.58,11901856,332571687.0
2026-09-28,sh,688585,上纬新材,136.2,135.0,136.8,131.28,133.2,1815193,242840057.0
2026-09-28,sh,688586,江航装备,11.09,11.15,11.2,10.84,10.99,4670753,51389787.0
2026-09-28,sh,688588,凌志软件,9.0,9.01,9.02,8.77,8.86,2165614,19212029.0
2026-09-28,sh,688589,力合微,20.79,20.66,20.85,20.07,20.29,2802588,57034943.0
2026-09-28,sh,688590,新致软件,12.19,12.2,12.28,11.78,12.0,5517432,65952990.0
2026-09-28,sh,688591,泰凌微,32.45,32.13,32.35,30.8,30.95,4921257,153824962.0
2026-09-28,sh,688592,司南导航,23.52,23.59,23.59,22.27,22.53,1026606,23209743.0
2026-09-28,sh,688593,新相微,31.01,30.8,30.88,28.9,29.06,12550979,370423589.0
2026-09-28,sh,688595,芯海科技,31.65,31.3,31.78,30.0,30.33,2720649,83038214.0
2026-09-28,sh,688596,正帆科技,64.69,63.83,65.09,60.11,60.43,13786760,853367984.0
2026-09-28,sh,688597,煜邦电力,6.26,6.26,6.29,6.08,6.18,2809798,17314595.0
2026-09-28,sh,688598,金博股份,36.53,36.0,36.89,32.78,33.0,17129844,585928650.0
2026-09-28,sh,688599,天合光能,10.89,10.95,11.08,10.58,10.68,26813847,288018704.0
2026-09-28,sh,688600,皖仪科技,36.34,36.67,36.67,34.5,34.75,4002044,140272563.0
2026-09-28,sh,688601,力芯微,60.94,60.79,62.5,56.82,57.41,3533743,205411586.0
2026-09-28,sh,688602,康鹏科技,6.9,6.93,6.95,6.71,6.75,3056747,20721150.0
2026-09-28,sh,688603,天承科技,125.12,128.12,129.23,112.25,112.45,6335477,744983214.0
2026-09-28,sh,688605,先锋精科,86.59,85.59,88.58,81.96,83.09,4476167,377689041.0
2026-09-28,sh,688606,奥泰生物,46.82,47.19,47.53,46.84,47.04,317608,14968049.0
2026-09-28,sh,688607,康众科技,37.96,38.0,38.0,35.01,35.41,1578482,56506317.0
2026-09-28,sh,688608,恒玄科技,108.88,107.8,111.2,105.0,110.54,6810758,734849104.0
2026-09-28,sh,688609,九联科技,9.24,9.23,9.23,8.78,8.81,21336275,189625896.0
2026-09-28,sh,688610,埃科光电,165.04,164.02,165.67,150.03,151.8,1148593,178937274.0
2026-09-28,sh,688611,杭州柯林,66.43,65.77,66.72,63.61,64.54,893463,57921514.0
2026-09-28,sh,688612,威迈斯,35.4,35.43,35.73,32.36,32.55,5470020,182600947.0
2026-09-28,sh,688613,奥精医疗,21.09,21.09,21.3,19.2,19.62,8770232,174588380.0
2026-09-28,sh,688615,合合信息,87.11,87.0,87.35,82.58,83.41,4858084,407879628.0
2026-09-28,sh,688616,西力科技,11.01,11.04,11.12,10.78,11.0,1822323,19991953.0
2026-09-28,sh,688617,惠泰医疗,236.04,238.9,243.48,236.87,241.88,1786252,430411841.0
2026-09-28,sh,688618,三旺通信,29.06,28.58,29.19,27.2,28.16,2588376,72358520.0
2026-09-28,sh,688619,罗普特,14.47,14.47,14.61,13.56,13.76,3152979,43697298.0
2026-09-28,sh,688620,安凯微,18.01,17.85,17.98,16.55,16.82,18843582,319873840.0
2026-09-28,sh,688621,阳光诺和,72.75,72.15,72.89,70.7,71.41,1241358,88736416.0
2026-09-28,sh,688622,*ST禾信,142.39,142.58,147.8,138.11,145.18,917175,131011201.0
2026-09-28,sh,688623,双元科技,64.67,64.37,64.8,62.4,63.42,730143,46238056.0
2026-09-28,sh,688625,呈和科技,74.1,74.0,74.73,69.0,69.86,8720407,626099732.0
2026-09-28,sh,688626,翔宇医疗,44.06,44.12,44.13,42.18,42.32,2508130,107341153.0
2026-09-28,sh,688627,精智达,458.05,455.0,457.0,422.0,432.0,3826509,1666923614.0
2026-09-28,sh,688628,优利德,110.89,106.76,108.0,88.71,91.99,16039958,1489321885.0
2026-09-28,sh,688629,华丰科技,116.8,116.0,116.9,105.18,106.22,13656525,1475295248.0
2026-09-28,sh,688630,芯碁微装,418.0,416.76,419.96,391.25,397.29,2676970,1079860012.0
2026-09-28,sh,688631,莱斯信息,37.52,37.2,37.73,35.19,35.37,1861429,67041063.0
2026-09-28,sh,688633,星球石墨,22.37,22.33,22.35,21.44,21.67,1828278,39720409.0
2026-09-28,sh,688635,长进光子,282.8,278.0,279.0,246.0,246.89,1888286,483741759.0
2026-09-28,sh,688636,智明达,20.41,20.5,20.5,19.17,19.43,6102255,119561899.0
2026-09-28,sh,688638,誉辰智能,34.69,35.1,35.15,33.7,34.61,636825,21876235.0
2026-09-28,sh,688639,华恒生物,17.95,18.31,18.35,17.58,17.69,3933023,70118017.0
2026-09-28,sh,688646,逸飞激光,80.66,80.0,80.99,73.44,73.5,3561585,268659338.0
2026-09-28,sh,688648,中邮科技,29.19,29.19,29.27,27.73,27.92,1437837,40474519.0
2026-09-28,sh,688651,盛邦安全,24.94,25.8,26.15,24.53,25.3,3137983,79690586.0
2026-09-28,sh,688652,京仪装备,144.05,143.94,143.94,132.02,134.32,3644122,498226595.0
2026-09-28,sh,688653,康希通信,15.39,15.34,15.34,14.58,14.75,14936240,221307385.0
2026-09-28,sh,688655,迅捷兴,73.8,72.69,73.49,62.2,63.08,14315482,938840072.0
2026-09-28,sh,688656,浩欧博,132.15,134.2,139.21,127.52,137.66,1635132,217948120.0
2026-09-28,sh,688657,浩辰软件,33.95,33.95,34.12,33.09,33.32,678070,22671406.0
2026-09-28,sh,688658,悦康药业,13.17,13.26,13.36,12.88,13.03,10611825,138777521.0
2026-09-28,sh,688659,元琛科技,9.3,9.24,9.39,8.97,9.15,3127401,28469787.0
2026-09-28,sh,688660,电气风电,8.85,8.95,8.97,8.46,8.6,22618304,195654264.0
2026-09-28,sh,688661,和林微纳,102.5,101.56,101.6,91.52,94.28,4124203,392990667.0
2026-09-28,sh,688662,富信科技,128.28,130.0,132.0,108.83,114.5,19106794,2227832582.0
2026-09-28,sh,688663,新风光,55.83,56.46,56.95,54.51,54.72,2128835,118307596.0
2026-09-28,sh,688665,四方光电,47.27,46.74,47.26,42.69,43.17,1345767,59154473.0
2026-09-28,sh,688667,菱电电控,104.83,104.0,105.02,97.0,98.76,1024291,102180621.0
2026-09-28,sh,688668,鼎通科技,232.0,232.99,233.99,208.66,213.04,5647368,1216950817.0
2026-09-28,sh,688669,聚石化学,66.92,66.88,67.19,62.0,62.03,2237153,142134913.0
2026-09-28,sh,688670,金迪克,18.21,18.31,18.78,17.95,18.14,1847645,33619130.0
2026-09-28,sh,688671,碧兴物联,26.29,26.83,26.83,25.0,25.36,1669345,42622944.0
2026-09-28,sh,688676,金盘科技,62.06,63.1,63.6,59.69,60.11,8479477,517830703.0
2026-09-28,sh,688677,海泰新光,81.01,81.38,81.4,73.77,74.7,5233493,397597483.0
2026-09-28,sh,688678,福立旺,32.63,33.0,33.6,30.4,31.26,39820416,1250305037.0
2026-09-28,sh,688679,通源环境,39.6,39.6,40.06,37.5,37.94,2968699,113831454.0
2026-09-28,sh,688680,海优新材,39.21,39.18,40.1,37.82,38.77,1930854,74676535.0
2026-09-28,sh,688681,科汇股份,15.51,15.56,15.6,15.2,15.39,2061014,31725867.0
2026-09-28,sh,688682,霍莱沃,37.94,36.0,37.8,33.56,34.65,9115023,319101255.0
2026-09-28,sh,688683,莱尔科技,31.86,31.86,32.44,30.22,30.55,1386571,42660648.0
2026-09-28,sh,688685,迈信林,34.52,34.38,34.38,31.83,33.08,4098825,134195020.0
2026-09-28,sh,688686,奥普特,136.3,136.63,137.32,127.88,130.01,1471218,192656062.0
2026-09-28,sh,688687,凯因科技,18.29,18.41,18.99,18.25,18.6,5018564,93432049.0
2026-09-28,sh,688689,银河微电,41.65,41.51,41.78,38.9,39.32,6458840,257678552.0
2026-09-28,sh,688690,纳微科技,46.99,46.9,47.66,45.59,46.16,8020113,371140296.0
2026-09-28,sh,688691,灿芯股份,64.35,64.08,64.35,59.46,60.47,4213291,256373856.0
2026-09-28,sh,688692,XD达梦数,202.07,201.11,202.9,192.45,192.88,911577,178905975.0
2026-09-28,sh,688693,锴威特,76.53,76.46,76.46,70.29,71.34,1444999,104403229.0
2026-09-28,sh,688695,中创股份,19.82,19.98,20.27,19.55,19.92,1224199,24350389.0
2026-09-28,sh,688696,极米科技,83.58,83.0,84.88,80.7,81.06,1222732,100540745.0
2026-09-28,sh,688697,纽威数控,14.91,14.83,15.1,14.65,14.79,5725616,85034222.0
2026-09-28,sh,688698,伟创电气,43.87,43.7,44.1,41.93,42.26,2542729,108498915.0
2026-09-28,sh,688699,明微电子,68.65,67.67,68.99,63.49,64.6,4415632,287558204.0
2026-09-28,sh,688700,东威科技,64.3,65.45,65.47,61.2,61.92,11630286,733911992.0
2026-09-28,sh,688701,卓锦股份,8.62,8.59,8.77,8.48,8.63,2636526,22716517.0
2026-09-28,sh,688702,盛科通信,328.5,323.0,326.87,306.02,307.73,6014718,1889218980.0
2026-09-28,sh,688707,振华新材,10.09,10.09,10.1,9.73,9.85,4596691,45261716.0
2026-09-28,sh,688708,佳驰科技,39.55,39.41,40.38,38.12,38.17,1445449,55757490.0
2026-09-28,sh,688709,成都华微,25.41,25.09,26.22,24.84,25.38,6414154,163898338.0
2026-09-28,sh,688710,益诺思,96.0,96.0,97.97,94.06,95.05,3166397,304135941.0
2026-09-28,sh,688711,宏微科技,28.58,28.45,28.45,26.18,26.51,11506073,308920472.0
2026-09-28,sh,688712,北芯生命,31.22,31.21,31.55,30.51,30.58,1349364,41546015.0
2026-09-28,sh,688716,中研股份,26.52,26.56,26.59,25.48,25.75,1280622,32995973.0
2026-09-28,sh,688717,艾罗能源,41.93,41.93,42.1,40.01,40.47,5415421,220473862.0
2026-09-28,sh,688718,唯赛勃,15.13,15.32,15.32,14.7,14.82,2066572,30702785.0
2026-09-28,sh,688719,爱科赛博,59.32,59.78,59.88,55.59,56.82,5083619,288191802.0
2026-09-28,sh,688720,艾森股份,67.8,68.05,68.05,63.17,63.55,3503620,227556739.0
2026-09-28,sh,688721,龙图光罩,41.58,41.58,41.58,39.0,39.49,2583395,103385124.0
2026-09-28,sh,688722,同益中,14.58,14.55,14.57,14.18,14.3,1779066,25481784.0
2026-09-28,sh,688726,拉普拉斯,46.55,46.51,46.56,45.09,46.08,6547696,300613326.0
2026-09-28,sh,688727,恒坤新材,47.99,47.36,47.92,45.28,45.6,2793852,128999463.0
2026-09-28,sh,688728,格科微,14.39,14.33,14.4,13.67,13.81,21118474,293836073.0
2026-09-28,sh,688729,屹唐股份,23.92,23.86,24.03,22.43,22.48,26950468,616929731.0
2026-09-28,sh,688733,壹石通,29.15,29.12,29.12,26.39,27.16,6638571,181003682.0
2026-09-28,sh,688737,中自科技,17.3,17.24,17.33,16.62,16.98,1586505,26764822.0
2026-09-28,sh,688739,成大生物,20.62,20.82,20.95,20.5,20.64,1436898,29773944.0
2026-09-28,sh,688750,金天钛业,13.9,13.96,13.96,13.59,13.65,2245705,30688251.0
2026-09-28,sh,688755,汉邦科技,29.83,30.14,30.55,29.21,29.76,3675461,109403432.0
2026-09-28,sh,688757,胜科纳米,31.7,31.33,31.48,28.41,28.78,12704570,371511919.0
2026-09-28,sh,688758,赛分科技,32.5,32.5,32.82,31.08,31.23,8704650,276134397.0
2026-09-28,sh,688759,必贝特,22.47,22.54,22.9,21.47,21.69,3002888,65675822.0
2026-09-28,sh,688765,禾元生物,41.05,41.16,42.01,40.1,40.3,4009335,163531538.0
2026-09-28,sh,688766,普冉股份,408.7,408.56,408.56,375.25,379.57,7065894,2726682159.0
2026-09-28,sh,688767,博拓生物,42.93,43.14,43.5,41.0,41.3,2803448,117239307.0
2026-09-28,sh,688768,容知日新,46.92,46.4,47.81,44.38,47.26,1256656,57552687.0
2026-09-28,sh,688772,珠海冠宇,14.03,14.11,14.15,13.6,13.86,15814131,218508714.0
2026-09-28,sh,688775,影石创新,90.78,90.78,93.16,89.28,89.72,4727356,429195840.0
2026-09-28,sh,688776,国光电气,54.25,53.8,53.99,48.91,49.6,5378311,271746401.0
2026-09-28,sh,688777,中控技术,80.02,80.23,80.56,76.26,77.11,12188692,945846642.0
2026-09-28,sh,688778,厦钨新能,42.15,41.96,42.1,40.0,40.35,5161902,209655204.0
2026-09-28,sh,688779,五矿新能,7.44,7.44,7.48,7.08,7.17,23767038,171180840.0
2026-09-28,sh,688781,视涯科技,45.02,45.5,45.6,41.95,42.09,5239566,226158367.0
2026-09-28,sh,688783,西安奕材,29.91,28.21,29.45,27.81,27.81,27690197,789463976.0
2026-09-28,sh,688785,恒运昌,365.02,367.0,367.0,345.0,350.0,670493,236947329.0
2026-09-28,sh,688786,悦安新材,28.59,28.6,28.6,26.52,26.71,3853290,104556414.0
2026-09-28,sh,688787,海天瑞声,89.9,91.07,91.07,85.41,87.05,1539074,133675492.0
2026-09-28,sh,688788,科思科技,29.04,29.5,29.82,26.81,27.06,3060660,84925237.0
2026-09-28,sh,688789,宏华数科,49.72,49.87,50.96,48.22,49.36,3620113,179219639.0
2026-09-28,sh,688790,昂瑞微,106.17,106.0,106.01,100.22,101.89,1845333,188624897.0
2026-09-28,sh,688793,倍轻松,18.25,18.35,18.35,17.75,17.95,1514073,27193425.0
2026-09-28,sh,688795,摩尔线程,433.33,428.47,428.47,405.5,408.88,5332939,2207961113.0
2026-09-28,sh,688796,百奥赛图,126.54,128.07,129.75,125.59,127.21,1471365,186953605.0
2026-09-28,sh,688797,臻宝科技,276.18,268.0,272.01,255.0,256.58,2484270,650560175.0
2026-09-28,sh,688798,艾为电子,56.59,56.3,56.64,53.9,53.98,2840021,155269201.0
2026-09-28,sh,688799,华纳药厂,56.88,56.31,57.48,54.5,55.0,2425846,134091533.0
2026-09-28,sh,688800,瑞可达,61.65,61.66,61.67,55.2,56.25,12910523,737077526.0
2026-09-28,sh,688801,燧原科技,490.0,485.0,485.0,439.9,448.0,2567840,1170069295.0
2026-09-28,sh,688802,沐曦股份,556.86,550.03,558.01,515.02,519.99,3623194,1922099388.0
2026-09-28,sh,688805,健信超导,39.87,39.7,40.27,37.85,38.59,1049692,40435364.0
2026-09-28,sh,688806,泰诺麦博,25.5,25.54,27.44,24.56,26.86,8156133,213391187.0
2026-09-28,sh,688807,优迅股份,335.56,332.21,335.0,292.11,298.19,1720248,528087288.0
2026-09-28,sh,688808,联讯仪器,2231.01,2211.01,2245.0,2125.0,2174.99,654899,1417035845.0
2026-09-28,sh,688809,强一股份,498.0,496.9,500.0,460.11,462.8,1246462,590608166.0
2026-09-28,sh,688811,有研复材,20.48,20.48,20.66,19.36,19.47,4309610,85002990.0
2026-09-28,sh,688813,泰金新能,150.07,148.0,148.0,134.55,135.15,4699502,649882105.0
2026-09-28,sh,688816,易思维,47.38,47.77,47.88,45.96,46.0,353505,16425142.0
2026-09-28,sh,688818,电科蓝天,42.57,42.49,42.69,40.15,40.78,5588919,228865510.0
2026-09-28,sh,688819,天能股份,20.5,20.52,20.59,20.18,20.26,1928502,39154460.0
2026-09-28,sh,688820,盛合晶微,128.02,126.5,126.98,120.77,121.07,6850720,841981660.0
2026-09-28,sh,688825,长鑫科技,56.2,56.0,56.29,53.8,53.8,215431375,11775048922.0
2026-09-28,sh,688826,频准激光,828.74,825.0,825.0,745.06,756.1,860902,661828548.0
2026-09-28,sh,688828,国仪公司,92.2,92.5,92.5,85.2,87.38,2660910,232113927.0
2026-09-28,sh,688835,高凯技术,380.85,375.0,379.48,351.7,359.5,2134339,770198151.0
2026-09-28,sh,688836,宇树科技,488.0,484.1,484.1,456.25,459.65,2634689,1223520046.0
2026-09-28,sh,688837,信诺维,47.31,47.48,47.8,44.11,45.07,11593532,529508996.0
2026-09-28,sh,688981,中芯国际,119.98,119.51,119.62,115.29,116.56,26935409,3150561943.0
2026-09-28,sh,689009,九号公司,37.06,37.08,37.43,36.61,36.7,5616228,207279850.0
2026-09-28,sz,000001,平安银行,11.3,11.28,11.41,11.27,11.3,71534143,810575796.4
2026-09-28,sz,000002,万 科Ａ,3.76,3.78,3.87,3.65,3.71,447633881,1678600240.58
2026-09-28,sz,000006,深振业Ａ,7.21,7.21,7.47,7.06,7.32,31097972,227983681.14
2026-09-28,sz,000007,全新好,11.64,11.65,11.65,10.85,10.91,7452100,82459610.5
2026-09-28,sz,000008,神州高铁,2.38,2.38,2.39,2.34,2.35,17924990,42191747.5
2026-09-28,sz,000009,中国宝安,6.8,6.8,6.89,6.67,6.76,14503912,97682132.27
2026-09-28,sz,000010,*ST美丽,1.5,1.5,1.51,1.45,1.47,9269800,13671876.0
2026-09-28,sz,000011,深物业A,9.2,9.4,10.12,9.28,10.12,18841224,185505266.0
2026-09-28,sz,000012,南 玻Ａ,3.7,3.7,3.74,3.64,3.67,17462329,64221112.97
2026-09-28,sz,000014,沙河股份,10.64,10.66,11.58,10.49,11.2,22035844,245705888.78
2026-09-28,sz,000017,深中华A,7.53,7.56,7.66,7.28,7.36,32679267,241856976.3
2026-09-28,sz,000019,深粮控股,6.78,6.87,6.87,6.51,6.66,15061319,99810697.96
2026-09-28,sz,000020,深华发Ａ,13.31,13.59,14.64,13.13,14.64,14302300,201884847.0
2026-09-28,sz,000021,深科技,35.53,35.38,35.4,33.56,33.68,54170097,1849502895.85
2026-09-28,sz,000025,特 力Ａ,14.92,14.9,15.17,14.77,14.96,5461862,82042841.55
2026-09-28,sz,000026,飞亚达,19.75,19.89,19.89,18.55,18.76,6178360,116210037.76
2026-09-28,sz,000027,深圳能源,6.17,6.17,6.21,6.14,6.18,17809051,109890652.93
2026-09-28,sz,000028,国药一致,19.5,19.55,19.74,19.35,19.46,2048537,39988449.22
2026-09-28,sz,000029,深深房Ａ,22.15,22.1,22.18,21.33,21.57,5171181,112221171.44
2026-09-28,sz,000030,富奥股份,3.92,3.9,3.92,3.84,3.86,8062578,31191134.88
2026-09-28,sz,000031,大悦城,2.28,2.28,2.3,2.23,2.27,46166880,104451150.0
2026-09-28,sz,000032,深桑达Ａ,14.17,14.13,14.13,13.22,13.41,27722046,375232836.32
2026-09-28,sz,000034,神州数码,24.15,24.14,24.48,22.7,22.7,30579170,710724203.91
2026-09-28,sz,000035,中国天楹,4.79,4.84,4.85,4.66,4.7,27970500,132911545.71
2026-09-28,sz,000036,华联控股,3.9,3.92,3.96,3.8,3.83,29021410,111946510.89
2026-09-28,sz,000037,深南电A,8.94,8.94,9.11,8.85,8.96,9583000,85896618.6
2026-09-28,sz,000039,中集集团,8.66,8.66,8.68,8.5,8.57,19175299,164356263.38
2026-09-28,sz,000042,中洲控股,8.25,8.22,8.28,8.06,8.16,5612464,45734265.44
2026-09-28,sz,000045,深纺织Ａ,11.09,11.08,11.31,11.03,11.25,6239100,69928336.0
2026-09-28,sz,000048,京基智农,18.66,18.66,18.7,17.94,17.96,10001197,181803428.69
2026-09-28,sz,000049,德赛电池,22.17,22.16,22.26,21.47,21.65,3796892,82559812.01
2026-09-28,sz,000050,深天马Ａ,6.36,6.39,6.47,6.2,6.26,20599096,129477388.43
2026-09-28,sz,000055,方大集团,3.79,3.8,3.87,3.77,3.85,20491300,78563490.0
2026-09-28,sz,000056,*ST皇庭,2.76,2.74,2.78,2.65,2.73,26152402,71239824.44
2026-09-28,sz,000058,深 赛 格,7.04,7.0,7.31,7.0,7.12,15663401,112091222.93
2026-09-28,sz,000059,华锦股份,5.6,5.6,5.67,5.52,5.62,35337257,197691004.77
2026-09-28,sz,000060,中金岭南,5.95,5.9,5.91,5.71,5.74,78394338,453322944.88
2026-09-28,sz,000061,农 产 品,5.95,5.95,5.98,5.82,5.87,12397021,72630481.55
2026-09-28,sz,000062,深圳华强,22.74,22.74,22.74,21.75,21.84,13365506,294398843.46
2026-09-28,sz,000063,中兴通讯,31.92,31.7,31.74,30.63,30.79,69551039,2156499581.91
2026-09-28,sz,000065,北方国际,9.85,9.81,9.82,9.51,9.58,14462409,139277054.29
2026-09-28,sz,000066,中国长城,14.8,14.84,14.9,14.12,14.16,111679363,1600368531.31
2026-09-28,sz,000068,华控赛格,3.26,3.33,3.33,3.2,3.22,12234899,39562827.17
2026-09-28,sz,000069,华侨城Ａ,1.84,1.85,1.92,1.81,1.86,97672100,182173979.0
2026-09-28,sz,000070,特发信息,17.94,17.65,17.79,16.15,16.15,64929709,1069095501.16
2026-09-28,sz,000078,ST海王,1.55,1.54,1.55,1.49,1.5,50816100,76671015.0
2026-09-28,sz,000088,盐 田 港,4.5,4.5,4.57,4.49,4.57,28413271,128911048.3
2026-09-28,sz,000089,深圳机场,6.5,6.5,6.58,6.46,6.56,14153727,92521384.64
2026-09-28,sz,000090,天健集团,3.5,3.5,3.61,3.46,3.56,20839680,73848002.5
2026-09-28,sz,000096,广聚能源,7.89,7.88,7.96,7.84,7.91,3647898,28800479.2
2026-09-28,sz,000099,中信海直,12.89,12.94,12.94,12.6,12.74,5417030,69066441.88
2026-09-28,sz,000100,TCL科技,4.87,4.9,4.94,4.76,4.8,305507418,1472739480.24
2026-09-28,sz,000151,中成股份,10.01,10.27,10.47,9.98,10.14,13056285,133224543.45
2026-09-28,sz,000153,丰原药业,6.09,6.12,6.16,6.03,6.1,8331516,50727803.56
2026-09-28,sz,000155,川能动力,11.04,10.99,11.0,10.81,10.89,14635418,159294167.0
2026-09-28,sz,000156,华数传媒,7.02,6.98,7.04,6.85,6.88,10938921,75676819.69
2026-09-28,sz,000157,中联重科,6.04,6.02,6.03,5.89,5.9,47851728,283891991.76
2026-09-28,sz,000158,常山北明,12.55,12.6,12.67,12.15,12.2,19069328,234536970.25
2026-09-28,sz,000159,国际实业,5.46,5.46,5.54,5.38,5.49,10357230,56509466.19
2026-09-28,sz,000166,申万宏源,4.39,4.38,4.39,4.31,4.34,59371751,257665966.78
2026-09-28,sz,000301,东方盛虹,13.36,13.36,13.43,13.15,13.23,15204123,201666302.91
2026-09-28,sz,000333,美的集团,82.65,82.18,82.97,81.27,82.0,25657298,2101953508.57
2026-09-28,sz,000338,潍柴动力,25.3,25.0,25.13,24.33,24.62,74939220,1841024996.1
2026-09-28,sz,000400,许继电气,20.03,20.01,20.64,19.75,20.59,19710658,398771253.67
2026-09-28,sz,000401,金隅冀东,3.55,3.55,3.56,3.5,3.51,7712900,27168236.0
2026-09-28,sz,000402,金 融 街,2.63,2.63,2.65,2.58,2.61,51909951,135503323.4
2026-09-28,sz,000403,派林生物,9.92,9.91,10.04,9.69,9.8,6144425,60276645.38
2026-09-28,sz,000404,长虹华意,6.86,6.85,6.89,6.73,6.75,6031950,40897225.25
2026-09-28,sz,000407,胜利股份,4.17,4.13,4.19,4.12,4.17,12864048,53380133.2
2026-09-28,sz,000408,藏格矿业,71.46,70.39,70.93,69.76,69.9,7780039,546769633.05
2026-09-28,sz,000409,云鼎科技,8.84,8.85,8.9,8.67,8.73,3631359,31779865.94
2026-09-28,sz,000410,沈阳机床,5.23,5.24,5.25,5.07,5.12,17036356,87435555.32
2026-09-28,sz,000411,英特集团,10.42,10.36,10.48,9.99,10.1,7881003,80089350.09
2026-09-28,sz,000415,渤海租赁,4.11,4.09,4.1,3.97,4.06,57608100,232146457.0
2026-09-28,sz,000417,合百集团,5.85,5.82,5.89,5.63,5.7,21595481,123551477.43
2026-09-28,sz,000419,通程控股,4.99,4.96,5.04,4.95,5.01,4305842,21469277.34
2026-09-28,sz,000420,吉林化纤,3.57,3.54,3.54,3.45,3.47,36465581,127097266.07
2026-09-28,sz,000421,南京公用,5.69,5.66,5.69,5.62,5.63,3778894,21351737.1
2026-09-28,sz,000422,湖北宜化,11.79,11.79,11.84,11.42,11.54,12969410,149800261.56
2026-09-28,sz,000423,东阿阿胶,45.15,45.15,45.38,45.05,45.28,3649869,164999773.5
2026-09-28,sz,000425,徐工机械,7.17,7.16,7.16,7.03,7.06,72914801,515118208.63
2026-09-28,sz,000426,兴业银锡,32.77,32.04,32.2,30.78,31.17,50126400,1570554144.14
2026-09-28,sz,000428,华天酒店,4.02,4.05,4.05,3.82,3.87,35925293,139906464.65
2026-09-28,sz,000429,粤高速Ａ,12.5,12.5,12.51,12.35,12.38,4677865,58142151.86
2026-09-28,sz,000430,张家界,6.84,6.87,6.92,6.66,6.72,8927551,60327508.68
2026-09-28,sz,000488,ST晨鸣,2.11,2.14,2.15,2.11,2.12,6980950,14842300.5
2026-09-28,sz,000498,山东路桥,5.65,5.62,5.88,5.57,5.76,95287770,544354533.89
2026-09-28,sz,000501,武商集团,7.09,7.1,7.12,6.92,6.97,5735267,40064571.84
2026-09-28,sz,000503,国新健康,6.76,7.22,7.44,7.09,7.44,49139866,362431751.97
2026-09-28,sz,000504,南华生物,13.73,13.05,13.49,12.36,12.36,14032900,179968459.0
2026-09-28,sz,000505,京粮控股,6.36,6.37,6.43,5.94,6.13,28064085,171240098.04
2026-09-28,sz,000506,招金黄金,17.48,17.2,17.25,16.28,16.38,35078177,583869127.08
2026-09-28,sz,000507,珠海港,4.93,4.93,4.94,4.88,4.9,6209230,30496388.55
2026-09-28,sz,000509,华塑控股,3.69,3.68,3.69,3.44,3.49,47988349,168967040.03
2026-09-28,sz,000510,新金路,18.55,18.49,18.49,17.0,17.11,39992824,693455816.94
2026-09-28,sz,000513,丽珠集团,27.58,29.44,30.34,29.03,30.34,27942836,842849421.4
2026-09-28,sz,000514,渝 开 发,4.35,4.34,4.38,4.31,4.34,8136699,35288944.65
2026-09-28,sz,000516,国际医学,4.3,4.3,4.34,4.24,4.26,13730476,58607973.76
2026-09-28,sz,000517,荣安地产,2.0,2.0,2.03,1.98,2.01,33235400,66681727.29
2026-09-28,sz,000518,四环生物,3.67,3.66,3.89,3.66,3.72,25957106,97514354.26
2026-09-28,sz,000519,中兵红箭,14.79,14.78,14.79,14.33,14.46,28808501,418039776.58
2026-09-28,sz,000520,凤凰航运,4.07,4.16,4.19,4.02,4.05,16613284,67591820.88
2026-09-28,sz,000521,长虹美菱,4.33,4.34,4.35,4.26,4.28,6571798,28232607.0
2026-09-28,sz,000523,红棉股份,3.29,3.35,3.41,3.14,3.18,110162072,356066922.22
2026-09-28,sz,000524,岭南控股,8.93,8.95,8.95,8.74,8.76,4945677,43530336.6
2026-09-28,sz,000525,红太阳,4.47,4.47,4.47,4.35,4.39,10728430,47113290.55
2026-09-28,sz,000526,学大教育,36.26,36.0,36.23,34.9,35.38,2771165,98048584.88
2026-09-28,sz,000528,柳 工,7.5,7.48,7.49,7.38,7.43,14765882,109629667.64
2026-09-28,sz,000529,广弘控股,4.97,4.96,5.02,4.92,5.01,3144902,15619135.9
2026-09-28,sz,000530,冰山冷热,5.2,5.2,5.23,5.14,5.17,10458499,54241493.5
2026-09-28,sz,000531,穗恒运Ａ,5.54,5.53,5.54,5.45,5.47,5439003,29858695.92
2026-09-28,sz,000532,华金资本,12.87,12.89,12.93,12.31,12.45,23420204,292289154.03
2026-09-28,sz,000533,顺钠股份,10.34,10.3,10.33,9.97,10.04,20774306,209048621.7
2026-09-28,sz,000534,万泽股份,22.64,22.71,22.84,21.65,21.8,15065721,333513684.45
2026-09-28,sz,000536,华映科技,3.49,3.61,3.67,3.36,3.39,83231815,288348759.7
2026-09-28,sz,000537,绿发电力,7.3,7.29,7.32,7.22,7.28,10124332,73592149.16
2026-09-28,sz,000538,云南白药,49.87,49.87,50.47,49.76,50.33,6987738,351113142.1
2026-09-28,sz,000539,粤电力Ａ,4.95,4.94,4.97,4.88,4.93,29163839,143395184.13
2026-09-28,sz,000541,佛山照明,4.9,4.91,4.92,4.83,4.85,4970115,24138947.32
2026-09-28,sz,000543,皖能电力,7.15,7.13,7.23,7.12,7.17,19403089,139190719.93
2026-09-28,sz,000544,中原环保,7.16,7.18,7.23,7.11,7.15,2420202,17357546.78
2026-09-28,sz,000545,金浦钛业,2.17,2.18,2.19,2.14,2.16,23963327,51767990.22
2026-09-28,sz,000546,金圆股份,4.35,4.34,4.36,4.22,4.26,8437570,35977905.34
2026-09-28,sz,000547,航天发展,14.56,14.42,14.88,13.98,14.06,81791533,1166131498.68
2026-09-28,sz,000548,湖南投资,4.58,4.59,4.6,4.5,4.58,3903699,17814546.43
2026-09-28,sz,000550,江铃汽车,15.99,16.05,16.14,15.88,16.12,5324441,85404467.55
2026-09-28,sz,000551,创元科技,12.14,12.13,12.13,11.55,11.63,12055649,141665315.79
2026-09-28,sz,000552,甘肃能化,2.47,2.45,2.46,2.42,2.44,48545352,118178316.88
2026-09-28,sz,000553,安道麦A,5.46,5.46,5.46,5.31,5.38,5093300,27341311.0
2026-09-28,sz,000554,泰山石油,6.26,6.25,6.27,6.15,6.24,7825294,48557381.47
2026-09-28,sz,000555,神州信息,9.99,9.9,9.96,9.59,9.77,24189536,235622675.19
2026-09-28,sz,000557,西部创业,3.62,3.63,3.65,3.55,3.57,6429493,23114329.94
2026-09-28,sz,000558,天府文旅,3.57,3.57,3.57,3.47,3.52,16862497,59112804.53
2026-09-28,sz,000559,万向钱潮,11.1,11.0,11.23,10.81,10.91,47869171,523853966.62
2026-09-28,sz,000560,我爱我家,3.66,3.71,3.83,3.47,3.71,635207375,2310346997.78
2026-09-28,sz,000561,烽火电子,7.68,7.66,7.7,7.47,7.54,9027392,68223411.6
2026-09-28,sz,000563,陕国投Ａ,2.88,2.88,2.89,2.84,2.88,29897090,85693179.2
2026-09-28,sz,000564,供销大集,1.48,1.48,1.49,1.43,1.44,177373077,256567669.14
2026-09-28,sz,000565,渝三峡Ａ,6.43,6.44,6.47,6.3,6.35,11400024,72503169.39
2026-09-28,sz,000566,海南海药,4.69,4.7,4.74,4.58,4.64,44538927,206352530.69
2026-09-28,sz,000567,海德股份,5.9,5.92,5.95,5.77,5.82,15601000,90881690.0
2026-09-28,sz,000568,泸州老窖,70.65,70.65,70.95,69.7,69.96,5682219,398408514.26
2026-09-28,sz,000570,苏常柴Ａ,5.28,5.26,5.3,5.18,5.22,9001703,47130126.72
2026-09-28,sz,000571,新大洲A,6.69,6.6,6.62,6.26,6.34,21793127,139111262.53
2026-09-28,sz,000572,海马汽车,3.88,3.84,4.1,3.77,3.96,123525883,487357356.19
2026-09-28,sz,000573,粤宏远Ａ,3.78,3.79,3.84,3.74,3.8,12211000,46285519.0
2026-09-28,sz,000576,甘化科工,8.27,8.3,8.36,8.15,8.17,6734698,55302769.45
2026-09-28,sz,000581,威孚高科,18.1,18.1,18.22,17.88,17.94,4939200,88960377.21
2026-09-28,sz,000582,北部湾港,9.11,9.1,9.19,8.88,9.15,46388526,419412258.99
2026-09-28,sz,000586,汇源通信,13.41,13.37,13.39,12.41,12.72,8502100,107793729.0
2026-09-28,sz,000589,贵州轮胎,4.2,4.2,4.21,4.13,4.16,15006355,62487673.2
2026-09-28,sz,000590,古汉医药,8.97,9.01,9.1,8.86,8.92,3472565,31100192.4
2026-09-28,sz,000591,太阳能,4.16,4.15,4.17,4.11,4.14,27281844,112704559.28
2026-09-28,sz,000592,平潭发展,8.78,8.78,9.45,8.61,9.09,557131942,5083871838.57
2026-09-28,sz,000593,德龙汇能,21.77,20.76,22.0,20.76,21.42,14571541,311588355.93
2026-09-28,sz,000595,新能股份,5.49,5.59,5.59,5.36,5.44,19510108,106142523.32
2026-09-28,sz,000596,古井贡酒,91.66,91.0,91.06,87.5,87.9,2960974,262992684.69
2026-09-28,sz,000597,东北制药,4.71,4.7,4.77,4.68,4.73,8656435,40902865.99
2026-09-28,sz,000598,兴蓉环境,7.05,7.04,7.06,6.96,6.99,12424640,86851961.2
2026-09-28,sz,000599,青岛双星,4.45,4.45,4.48,4.39,4.41,9503023,42017250.28
2026-09-28,sz,000600,建投能源,7.08,7.12,7.12,6.99,7.05,11595156,81658455.44
2026-09-28,sz,000601,韶能股份,6.0,5.95,6.01,5.88,5.96,19423694,115559774.56
2026-09-28,sz,000603,盛达资源,32.12,31.01,31.35,29.8,30.06,28028621,851754559.95
2026-09-28,sz,000605,渤海股份,5.95,5.96,6.02,5.88,5.96,3050874,18152648.89
2026-09-28,sz,000607,华媒控股,4.03,3.95,3.99,3.66,3.75,80427106,302267983.45
2026-09-28,sz,000608,阳光股份,7.19,7.1,7.21,6.92,7.0,17368300,122417234.8
2026-09-28,sz,000609,*ST中迪,9.94,9.8,9.82,9.22,9.24,5039810,47740945.98
2026-09-28,sz,000610,*ST西旅,7.4,7.46,7.54,7.18,7.2,5880100,43184660.0
2026-09-28,sz,000612,焦作万方,10.71,10.54,10.66,10.09,10.19,44254710,454042604.96
2026-09-28,sz,000615,*ST美谷,3.2,3.2,3.23,3.16,3.16,3504330,11161992.8
2026-09-28,sz,000617,中油资本,6.67,6.68,6.68,6.53,6.54,48191724,317042242.72
2026-09-28,sz,000619,海螺新材,5.23,5.23,5.3,5.17,5.22,4592500,23987564.0
2026-09-28,sz,000620,盈新发展,3.13,3.1,3.12,3.03,3.04,178258101,546284641.07
2026-09-28,sz,000623,吉林敖东,17.48,17.45,17.49,17.1,17.2,7886288,135934680.27
2026-09-28,sz,000625,长安汽车,7.03,7.03,7.13,7.01,7.05,46145531,325338555.66
2026-09-28,sz,000626,远大控股,8.96,8.96,9.18,8.62,8.7,12242210,107101060.2
2026-09-28,sz,000628,高新发展,57.78,57.62,57.95,54.28,54.75,8504756,466921129.87
2026-09-28,sz,000629,钒钛股份,2.83,2.82,2.83,2.74,2.77,66515460,183902927.22
2026-09-28,sz,000630,铜陵有色,5.89,5.84,5.84,5.68,5.69,175111945,1004364419.57
2026-09-28,sz,000631,顺发恒能,3.0,3.01,3.04,2.95,2.96,9436231,28153169.67
2026-09-28,sz,000632,ST三木,3.75,3.77,3.77,3.58,3.62,11487759,41679965.17
2026-09-28,sz,000633,合金投资,5.25,5.26,5.32,5.18,5.26,9129750,47952580.51
2026-09-28,sz,000635,英 力 特,7.49,7.52,7.56,7.25,7.35,10805863,79641200.79
2026-09-28,sz,000636,风华高科,56.02,55.43,55.51,50.42,50.42,92498573,4798901189.47
2026-09-28,sz,000637,茂化实华,4.22,4.24,4.26,4.12,4.2,11491139,48043476.88
2026-09-28,sz,000639,ST西王,1.53,1.53,1.54,1.46,1.49,29120500,43217276.0
2026-09-28,sz,000650,仁和药业,5.13,5.16,5.18,5.1,5.14,9969494,51131794.2
2026-09-28,sz,000651,格力电器,38.5,38.5,38.68,38.21,38.4,24144914,926076638.39
2026-09-28,sz,000652,泰达股份,3.31,3.31,3.33,3.25,3.27,7956101,26088447.29
2026-09-28,sz,000655,金岭矿业,7.1,7.1,7.11,6.98,7.05,4109805,28923269.84
2026-09-28,sz,000656,金科股份,1.23,1.23,1.24,1.2,1.21,139754654,169478733.13
2026-09-28,sz,000657,中钨高新,57.18,57.0,57.0,53.0,53.25,46925402,2540931634.53
2026-09-28,sz,000659,珠海中富,2.7,2.71,2.79,2.7,2.74,28772643,78710581.99
2026-09-28,sz,000661,长春高新,70.85,70.6,71.5,70.08,70.5,3116199,220161814.27
2026-09-28,sz,000663,永安林业,6.08,5.99,6.28,5.91,6.08,18229855,110502049.9
2026-09-28,sz,000665,湖北广电,4.08,4.09,4.12,3.9,3.94,23138193,91677748.21
2026-09-28,sz,000668,荣丰控股,18.35,18.35,18.5,17.18,17.18,6215360,109043031.0
2026-09-28,sz,000669,ST金鸿,4.2,4.2,4.23,4.08,4.1,3605300,14845825.0
2026-09-28,sz,000670,盈方微,7.93,7.85,7.88,7.63,7.67,50757108,393300748.34
2026-09-28,sz,000672,上峰材料,15.56,15.65,15.74,14.64,14.71,19137702,287883718.14
2026-09-28,sz,000676,智度股份,6.8,6.69,6.75,6.35,6.37,90993429,589161070.53
2026-09-28,sz,000677,ST海龙,1.8,1.8,1.81,1.73,1.74,16990575,29815612.0
2026-09-28,sz,000678,襄阳轴承,9.68,10.45,10.65,10.18,10.65,34985670,369427226.98
2026-09-28,sz,000679,大连友谊,6.48,6.46,6.5,6.3,6.33,5166402,32902972.76
2026-09-28,sz,000680,山推股份,9.04,9.04,9.09,8.86,8.92,12066468,107775417.1
2026-09-28,sz,000681,视觉中国,15.96,15.96,15.99,15.48,15.6,13543004,211831044.21
2026-09-28,sz,000682,东方电子,10.4,10.4,10.44,10.2,10.27,8254251,84755706.8
2026-09-28,sz,000683,博源化工,5.54,5.54,5.55,5.42,5.49,35315900,193504670.0
2026-09-28,sz,000685,中山公用,10.81,10.8,10.82,10.56,10.63,8671580,92478740.4
2026-09-28,sz,000686,东北证券,7.64,7.62,7.65,7.48,7.5,11992980,90279593.2
2026-09-28,sz,000688,国城矿业,24.94,24.65,24.72,23.76,23.91,11630675,280186690.73
2026-09-28,sz,000690,宝新能源,5.06,5.06,5.24,5.04,5.2,79431000,410626726.0
2026-09-28,sz,000691,亚太实业,9.08,9.0,9.06,8.78,8.97,4999800,44618269.0
2026-09-28,sz,000692,惠天热电,4.12,4.12,4.16,4.08,4.12,8662740,35635747.16
2026-09-28,sz,000695,滨海能源,12.71,12.79,12.83,12.54,12.6,2864800,36188823.0
2026-09-28,sz,000697,炼石航空,8.91,8.9,9.17,8.89,8.98,7291100,65753920.0
2026-09-28,sz,000698,ST沈化,3.66,3.67,3.68,3.59,3.59,4700200,16993853.0
2026-09-28,sz,000700,模塑科技,12.47,12.48,12.5,11.94,12.1,52884572,644580039.91
2026-09-28,sz,000701,厦门信达,5.46,5.23,5.25,5.09,5.17,35685071,183825545.98
2026-09-28,sz,000702,正虹科技,5.69,5.66,5.81,5.63,5.78,7654019,43746200.73
2026-09-28,sz,000703,恒逸石化,17.24,17.16,17.49,16.78,17.26,67426174,1158069084.27
2026-09-28,sz,000705,浙江震元,7.02,7.02,7.1,6.98,7.05,4378833,30840769.11
2026-09-28,sz,000707,双环科技,4.57,4.58,4.58,4.44,4.51,6098365,27406011.67
2026-09-28,sz,000708,中信特钢,12.92,12.89,12.98,12.77,12.79,8229968,105730727.34
2026-09-28,sz,000709,河钢股份,2.01,2.01,2.02,1.98,1.99,57267209,113975796.42
2026-09-28,sz,000710,贝瑞基因,11.01,10.9,11.0,10.07,10.28,68367367,712439662.82
2026-09-28,sz,000711,京蓝科技,4.82,4.9,4.92,4.68,4.7,51070560,242306655.2
2026-09-28,sz,000712,锦龙股份,9.98,9.9,10.0,9.69,9.75,33148291,325741827.87
2026-09-28,sz,000713,国投丰乐,6.35,6.35,6.47,6.07,6.11,17694437,108857822.44
2026-09-28,sz,000715,中兴商业,5.3,5.35,5.35,5.24,5.27,5596691,29590240.1
2026-09-28,sz,000716,黑芝麻,4.97,5.02,5.04,4.9,4.96,17940204,88815777.48
2026-09-28,sz,000717,中南股份,2.13,2.13,2.15,2.11,2.13,16550951,35213040.61
2026-09-28,sz,000718,苏宁环球,2.04,2.04,2.05,2.0,2.04,25923356,52439976.56
2026-09-28,sz,000719,中原传媒,12.09,12.11,12.17,11.78,11.86,5666994,67546114.58
2026-09-28,sz,000720,新能泰山,3.62,3.62,3.62,3.49,3.53,26419900,93084418.0
2026-09-28,sz,000721,西安饮食,6.13,6.1,6.14,6.01,6.06,8686104,52633044.2
2026-09-28,sz,000722,湖南发展,13.29,13.21,13.27,12.92,13.0,13823549,180390466.73
2026-09-28,sz,000723,美锦能源,3.52,3.49,3.5,3.41,3.44,49308583,169587675.86
2026-09-28,sz,000725,京东方Ａ,5.85,6.02,6.09,5.76,5.8,1400302308,8247027889.46
2026-09-28,sz,000726,鲁 泰Ａ,6.07,6.08,6.15,5.93,5.96,8138583,49015392.2
2026-09-28,sz,000727,冠捷科技,2.17,2.17,2.2,2.13,2.15,63922508,137499053.12
2026-09-28,sz,000728,国元证券,7.29,7.29,7.32,7.14,7.18,18503784,133101259.78
2026-09-28,sz,000729,燕京啤酒,10.78,10.81,11.02,10.73,10.85,18442500,200730344.22
2026-09-28,sz,000731,四川美丰,7.94,7.94,8.19,7.9,8.07,13213128,106189561.7
2026-09-28,sz,000733,振华科技,40.9,40.7,40.73,38.8,39.13,12614928,496445597.03
2026-09-28,sz,000735,罗 牛 山,5.64,5.63,5.77,5.53,5.67,62574023,354011008.45
2026-09-28,sz,000736,中交发展,4.6,4.68,4.68,4.53,4.6,13416499,61510481.46
2026-09-28,sz,000737,北方铜业,13.96,13.51,13.54,13.05,13.05,74889254,990943340.26
2026-09-28,sz,000738,航发控制,18.81,18.9,19.25,18.73,18.82,10917750,207155986.52
2026-09-28,sz,000739,普洛药业,25.3,25.3,27.0,24.96,26.81,22178254,585329088.98
2026-09-28,sz,000750,国海证券,3.61,3.6,3.61,3.53,3.55,32653418,116018311.7
2026-09-28,sz,000751,锌业股份,4.45,4.45,4.45,4.33,4.35,17517735,76340450.65
2026-09-28,sz,000752,*ST西发,8.96,8.96,9.13,8.88,9.01,2891800,26042397.0
2026-09-28,sz,000753,漳州发展,5.35,5.32,5.61,5.21,5.52,126773534,692169209.62
2026-09-28,sz,000755,山西高速,4.66,4.67,4.7,4.63,4.68,2996143,13971859.93
2026-09-28,sz,000756,新华制药,13.92,14.09,14.94,13.71,14.33,61892437,885396102.7
2026-09-28,sz,000757,浩物股份,4.3,4.28,4.32,4.22,4.26,8006900,34147083.22
2026-09-28,sz,000758,中色股份,5.8,5.75,5.75,5.58,5.63,22919039,129214961.38
2026-09-28,sz,000759,中百集团,6.39,6.37,6.4,6.11,6.18,49746216,308651799.19
2026-09-28,sz,000761,本钢板材,2.21,2.21,2.23,2.18,2.2,13338896,29334766.23
2026-09-28,sz,000762,西藏矿业,20.95,20.8,20.8,20.03,20.15,7886947,159802280.43
2026-09-28,sz,000766,通化金马,15.19,15.18,15.29,14.97,15.18,8373612,126662434.27
2026-09-28,sz,000767,晋控电力,3.29,3.3,3.31,3.23,3.26,49380031,160992234.37
2026-09-28,sz,000768,中航西飞,22.1,22.2,23.05,22.02,22.92,42177410,958546434.93
2026-09-28,sz,000776,广发证券,20.37,20.3,20.36,19.8,19.81,41433584,828220122.71
2026-09-28,sz,000777,中核科技,16.37,16.37,16.37,15.99,16.04,3212234,51783542.66
2026-09-28,sz,000778,新兴铸管,3.57,3.56,3.57,3.47,3.5,56418781,198237038.39
2026-09-28,sz,000779,甘咨询,8.58,8.6,8.61,8.22,8.36,20378690,169916961.9
2026-09-28,sz,000782,恒申新材,8.21,8.18,8.25,7.99,8.06,12260633,99453360.02
2026-09-28,sz,000783,长江证券,8.28,8.25,8.26,7.9,7.92,90577453,725684467.32
2026-09-28,sz,000785,居然智家,2.3,2.26,2.27,2.18,2.22,83124812,183890151.52
2026-09-28,sz,000786,北新建材,15.91,15.88,15.94,15.54,15.85,19168970,301868625.43
2026-09-28,sz,000788,北大医药,5.38,5.39,5.43,5.32,5.4,10687174,57372575.48
2026-09-28,sz,000789,万年青,4.11,4.09,4.13,4.05,4.09,4102576,16757163.81
2026-09-28,sz,000790,华神科技,4.68,5.15,5.15,4.38,4.42,126792816,598560826.63
2026-09-28,sz,000791,甘肃能源,7.05,7.01,7.11,7.0,7.09,12156566,85758327.6
2026-09-28,sz,000792,盐湖股份,23.7,23.33,23.59,22.92,23.13,49982094,1158676946.11
2026-09-28,sz,000793,ST华闻,2.03,2.04,2.04,2.0,2.01,11997160,24151030.0
2026-09-28,sz,000795,英洛华,8.52,8.3,8.42,8.16,8.24,14985300,123794117.46
2026-09-28,sz,000796,凯撒旅业,3.59,3.62,3.62,3.46,3.5,35602679,124742817.29
2026-09-28,sz,000797,中国武夷,2.78,2.64,2.66,2.57,2.61,78735172,205509823.78
2026-09-28,sz,000798,中水渔业,9.98,9.99,10.1,9.72,9.75,13520839,132543939.52
2026-09-28,sz,000799,酒鬼酒,36.66,36.66,36.98,36.01,36.02,3507805,127543338.7
2026-09-28,sz,000800,一汽解放,5.86,5.85,5.92,5.81,5.84,10272712,60169821.53
2026-09-28,sz,000801,四川九洲,11.85,11.88,11.93,11.43,11.54,7917766,91846279.88
2026-09-28,sz,000802,北京文化,3.91,3.91,3.96,3.74,3.79,62258536,236803085.96
2026-09-28,sz,000803,山高环能,7.17,7.17,7.17,6.85,6.88,8494706,59237514.68
2026-09-28,sz,000807,云铝股份,26.03,25.5,25.72,25.15,25.37,52469833,1331170569.69
2026-09-28,sz,000809,和展能源,3.46,3.45,3.46,3.3,3.41,30488549,102980312.38
2026-09-28,sz,000810,创维数字,9.35,9.34,9.4,8.95,9.02,18454650,167731146.0
2026-09-28,sz,000811,冰轮环境,39.45,39.01,39.8,37.5,37.9,32973277,1268001897.9
2026-09-28,sz,000812,陕西金叶,3.73,3.74,3.78,3.66,3.68,15751739,58200809.48
2026-09-28,sz,000813,德展健康,3.2,3.2,3.24,3.16,3.2,19577841,62347041.97
2026-09-28,sz,000815,美利云,15.27,15.27,15.32,14.5,14.58,26524674,390376662.64
2026-09-28,sz,000816,智慧农业,2.86,2.84,2.84,2.74,2.78,26556524,73651179.81
2026-09-28,sz,000818,航锦科技,11.86,11.93,11.96,11.24,11.31,15277756,174234624.8
2026-09-28,sz,000819,岳阳兴长,12.05,12.05,12.14,11.74,11.83,3580910,42532091.12
2026-09-28,sz,000820,神雾节能,3.58,3.6,3.61,3.45,3.51,9967600,35059634.0
2026-09-28,sz,000821,ST京机,7.45,7.41,7.45,7.23,7.25,5177801,37738753.28
2026-09-28,sz,000822,山东海化,4.22,4.22,4.23,4.16,4.19,6035365,25307333.7
2026-09-28,sz,000823,超声电子,24.48,24.0,24.39,22.03,22.18,160154483,3659096152.18
2026-09-28,sz,000825,太钢不锈,3.34,3.35,3.36,3.29,3.3,32668734,108246541.2
2026-09-28,sz,000826,*ST启环,1.78,1.78,1.8,1.74,1.76,14261400,25055372.0
2026-09-28,sz,000828,东莞控股,10.04,10.01,10.05,9.87,9.93,4115845,40890054.35
2026-09-28,sz,000829,天音控股,9.32,9.35,9.38,8.59,8.66,40121741,353299222.9
2026-09-28,sz,000830,鲁西化工,11.57,11.57,11.59,11.25,11.32,17207994,195503346.54
2026-09-28,sz,000831,中国稀土,53.9,52.77,53.2,51.29,52.29,20279020,1056576678.39
2026-09-28,sz,000833,粤桂股份,19.05,18.96,19.02,18.31,18.45,14605998,270697120.33
2026-09-28,sz,000837,秦川机床,9.61,9.61,9.66,9.37,9.47,7771821,73604041.67
2026-09-28,sz,000838,*ST发展,2.31,2.3,2.3,2.13,2.16,31116150,68241425.5
2026-09-28,sz,000839,国安股份,2.83,2.86,2.88,2.77,2.83,76164875,215218259.25
2026-09-28,sz,000848,承德露露,8.06,8.05,8.12,7.97,8.02,11456039,91910414.3
2026-09-28,sz,000850,华茂股份,5.12,5.62,5.63,4.99,5.14,206207321,1130074774.13
2026-09-28,sz,000852,石化机械,5.32,5.32,5.32,5.16,5.21,14069293,73470404.95
2026-09-28,sz,000856,冀东装备,8.81,8.9,8.92,8.67,8.82,4536187,39908838.77
2026-09-28,sz,000858,五 粮 液,69.67,69.5,69.66,68.72,68.91,15362198,1060222915.98
2026-09-28,sz,000859,国风新材,9.02,9.13,9.13,8.63,8.68,26434776,231977527.56
2026-09-28,sz,000860,顺鑫农业,10.09,10.09,10.22,9.99,10.11,8078482,81495493.5
2026-09-28,sz,000862,银星能源,5.23,5.23,5.28,5.19,5.24,14603971,76425310.33
2026-09-28,sz,000863,三湘印象,4.52,4.53,4.57,4.35,4.39,18456619,81572130.22
2026-09-28,sz,000868,安凯客车,3.99,3.9,4.39,3.9,4.18,92874003,385738633.32
2026-09-28,sz,000869,张 裕Ａ,16.94,16.94,17.5,16.94,17.05,2661388,45674022.47
2026-09-28,sz,000875,电投绿能,4.62,4.62,4.63,4.5,4.56,31078729,141796178.06
2026-09-28,sz,000876,新 希 望,6.92,6.86,6.9,6.72,6.82,37148773,252507233.37
2026-09-28,sz,000877,天山股份,3.77,3.75,3.76,3.59,3.6,35219679,128118953.67
2026-09-28,sz,000878,云南铜业,16.36,16.0,16.0,15.57,15.61,37981701,597450909.91
2026-09-28,sz,000880,潍柴重机,25.19,25.18,25.21,23.6,23.72,10582480,255182558.97
2026-09-28,sz,000881,中广核技,6.48,6.45,6.48,6.3,6.32,6758600,42855540.0
2026-09-28,sz,000882,华联股份,1.5,1.5,1.51,1.47,1.5,41948296,62525763.76
2026-09-28,sz,000883,湖北能源,4.34,4.34,4.35,4.3,4.34,17417400,75335749.0
2026-09-28,sz,000885,城发环境,11.63,11.69,11.69,11.49,11.54,2414066,27885819.12
2026-09-28,sz,000886,海南高速,4.61,4.64,4.64,4.53,4.56,11409265,52125643.27
2026-09-28,sz,000887,中鼎股份,19.38,19.29,19.29,18.34,18.55,25305256,471432745.0
2026-09-28,sz,000888,峨眉山Ａ,9.22,9.23,9.4,9.08,9.14,5379019,49316908.01
2026-09-28,sz,000889,中嘉博创,3.7,3.7,3.71,3.57,3.63,26757195,96718646.1
2026-09-28,sz,000890,法尔胜,7.35,7.35,7.41,6.87,7.02,18624600,131017925.0
2026-09-28,sz,000892,欢瑞世纪,4.51,4.72,4.86,4.26,4.33,119808039,537596675.83
2026-09-28,sz,000893,亚钾国际,37.18,37.09,37.38,36.03,36.29,10948770,399453322.06
2026-09-28,sz,000895,双汇发展,23.18,23.19,23.78,23.13,23.57,15978857,375559151.61
2026-09-28,sz,000897,津滨发展,1.88,1.87,1.9,1.85,1.88,27365380,51328202.4
2026-09-28,sz,000898,鞍钢股份,1.99,1.99,2.0,1.96,1.97,30975130,61177860.1
2026-09-28,sz,000899,赣能股份,8.98,8.93,9.14,8.93,8.99,8630439,77944169.17
2026-09-28,sz,000900,现代投资,3.55,3.54,3.56,3.5,3.52,8917800,31425287.0
2026-09-28,sz,000901,航天科技,14.06,14.02,14.19,13.72,13.87,11086811,153991773.1
2026-09-28,sz,000902,新洋丰,13.71,13.65,13.75,13.46,13.6,7019372,95378250.69
2026-09-28,sz,000903,ST云动,1.96,1.96,1.97,1.88,1.92,18573200,35425994.0
2026-09-28,sz,000905,厦门港务,9.81,9.56,9.68,9.26,9.42,51071396,481451169.04
2026-09-28,sz,000906,浙商中拓,6.18,6.15,6.22,6.02,6.19,10350848,63200055.18
2026-09-28,sz,000908,石药景峰,6.05,6.08,6.09,5.93,5.97,11276460,67504344.2
2026-09-28,sz,000909,*ST数源,5.32,5.37,5.43,5.19,5.19,4530900,23872709.0
2026-09-28,sz,000910,大亚圣象,7.6,7.35,7.57,6.84,6.84,30942369,220787713.83
2026-09-28,sz,000911,*ST广糖,5.11,5.07,5.19,4.95,4.98,5689901,28417356.09
2026-09-28,sz,000912,泸天化,3.93,3.91,3.92,3.81,3.84,30583205,117834249.16
2026-09-28,sz,000913,钱江摩托,10.54,10.54,10.75,10.46,10.53,3804448,40255146.15
2026-09-28,sz,000915,华特达因,23.97,23.97,24.08,23.54,23.57,1787960,42439662.07
2026-09-28,sz,000917,电广传媒,6.84,6.86,6.88,6.61,6.66,16821934,112515679.09
2026-09-28,sz,000919,金陵药业,6.42,6.45,6.49,6.39,6.46,7161241,46045386.38
2026-09-28,sz,000920,沃顿科技,12.71,12.56,12.87,12.12,12.24,17223469,212710704.41
2026-09-28,sz,000921,海信家电,26.36,26.45,26.85,26.2,26.5,5941464,157585608.85
2026-09-28,sz,000922,佳电股份,12.17,12.18,12.18,11.72,11.84,6525182,77521434.82
2026-09-28,sz,000923,河钢资源,15.75,15.6,15.65,15.0,15.04,11008433,167235868.41
2026-09-28,sz,000925,众合科技,7.93,8.02,8.05,7.68,7.76,17156361,133564180.08
2026-09-28,sz,000926,福星股份,2.12,2.11,2.13,2.07,2.11,30483220,64132824.8
2026-09-28,sz,000927,中国铁物,2.43,2.43,2.44,2.39,2.42,30842936,74390742.4
2026-09-28,sz,000928,中钢国际,5.29,5.29,5.31,5.23,5.25,11111780,58422744.6
2026-09-28,sz,000929,兰州黄河,9.17,9.25,9.52,9.1,9.21,5196801,48194932.19
2026-09-28,sz,000930,中粮科技,5.26,5.27,5.27,5.02,5.09,35059701,178080271.5
2026-09-28,sz,000931,中 关 村,4.52,4.52,4.56,4.47,4.52,14011617,63227922.12
2026-09-28,sz,000932,华菱钢铁,3.45,3.45,3.45,3.37,3.4,55955110,190456513.1
2026-09-28,sz,000933,神火股份,25.72,25.43,25.44,25.0,25.15,32822400,825925035.74
2026-09-28,sz,000935,四川双马,19.99,19.99,19.99,19.13,19.26,5297330,102783475.4
2026-09-28,sz,000936,华西股份,5.45,5.45,5.48,5.25,5.3,13809400,73568829.0
2026-09-28,sz,000937,冀中能源,4.42,4.4,4.41,4.3,4.38,31301264,136085316.14
2026-09-28,sz,000938,紫光股份,33.4,32.9,33.0,31.29,31.46,115917174,3685585142.61
2026-09-28,sz,000948,南天信息,13.11,13.11,13.23,12.9,13.09,4260965,55645292.27
2026-09-28,sz,000949,新乡化纤,6.86,6.85,6.89,6.48,6.58,32926742,217548766.81
2026-09-28,sz,000950,重药控股,5.19,5.2,5.24,5.15,5.21,12592837,65362652.35
2026-09-28,sz,000951,中国重汽,19.9,20.0,20.04,19.58,19.92,7686060,152309757.57
2026-09-28,sz,000952,广济药业,6.48,6.5,6.81,6.45,6.55,6867282,44847433.66
2026-09-28,sz,000953,中哲精化,6.02,6.0,6.1,5.92,5.99,5213500,31201649.0
2026-09-28,sz,000955,欣龙控股,4.03,4.04,4.12,3.97,4.01,9026386,36325588.68
2026-09-28,sz,000957,中通客车,9.68,9.65,9.79,9.64,9.72,6348690,61715863.28
2026-09-28,sz,000958,电投产融,5.03,5.05,5.06,4.97,4.97,13713493,68503361.21
2026-09-28,sz,000959,首钢股份,3.42,3.41,3.41,3.35,3.38,20566722,69422790.14
2026-09-28,sz,000960,锡业股份,31.61,31.2,31.25,30.18,30.34,24209561,740550657.66
2026-09-28,sz,000962,东方钽业,58.52,58.5,58.73,54.6,55.52,17806028,991578798.35
2026-09-28,sz,000963,华东医药,26.06,26.8,27.17,26.6,27.02,27909245,750578720.46
2026-09-28,sz,000965,天保基建,3.31,3.31,3.33,3.25,3.3,16328222,53814626.26
2026-09-28,sz,000966,长源电力,3.9,3.9,3.97,3.89,3.95,32936287,129554046.25
2026-09-28,sz,000967,盈峰环境,8.15,8.05,8.13,7.58,7.59,68935364,534305575.3
2026-09-28,sz,000968,蓝焰控股,6.85,6.85,6.9,6.7,6.88,14209748,96804180.55
2026-09-28,sz,000969,安泰科技,16.86,16.86,16.86,15.98,16.12,17406145,282278894.87
2026-09-28,sz,000970,中科三环,11.38,11.38,11.38,10.85,10.93,22257413,244690358.98
2026-09-28,sz,000972,中基健康,3.96,4.0,4.01,3.82,3.85,14902300,58185509.0
2026-09-28,sz,000973,佛塑科技,11.6,11.6,11.62,11.16,11.16,20098904,227002586.33
2026-09-28,sz,000975,山金国际,23.17,22.53,22.72,21.91,22.13,41075770,913369401.0
2026-09-28,sz,000977,浪潮信息,69.9,69.49,69.5,66.8,67.05,43618194,2953550623.06
2026-09-28,sz,000978,桂林旅游,7.91,7.61,7.7,7.12,7.12,66584102,479777711.24
2026-09-28,sz,000980,众泰汽车,2.04,2.0,2.24,1.97,2.24,483362057,1051055424.98
2026-09-28,sz,000981,山子高科,2.74,2.72,2.8,2.65,2.69,474270376,1294767734.9
2026-09-28,sz,000983,山西焦煤,6.53,6.5,6.5,6.38,6.48,43688740,281481715.66
2026-09-28,sz,000985,大庆华科,17.23,17.25,18.13,17.0,17.35,2615500,45503798.0
2026-09-28,sz,000987,越秀资本,7.26,7.26,7.27,7.09,7.13,20699553,147842687.37
2026-09-28,sz,000988,华工科技,102.9,102.03,102.3,92.61,92.61,59634422,5687972206.19
2026-09-28,sz,000989,九芝堂,8.52,8.5,8.62,8.48,8.56,10083405,86071087.75
2026-09-28,sz,000990,诚志股份,6.34,6.34,6.35,6.08,6.15,31391541,193705019.8
2026-09-28,sz,000993,闽东电力,19.32,18.35,18.95,17.39,17.39,67735608,1211670662.13
2026-09-28,sz,000995,皇台酒业,11.44,11.51,12.09,11.16,11.33,15237000,175783114.0
2026-09-28,sz,000997,新 大 陆,19.53,19.5,19.65,19.03,19.19,9313640,179374734.0
2026-09-28,sz,000998,隆平高科,8.68,8.69,8.74,8.31,8.43,27853239,233932517.4
2026-09-28,sz,000999,华润三九,23.39,23.39,23.58,23.36,23.49,5548091,130159494.68
2026-09-28,sz,001201,东瑞股份,14.66,14.95,16.13,14.6,16.13,13817063,212005782.51
2026-09-28,sz,001202,炬申股份,15.08,15.28,15.28,14.82,14.86,1419924,21244669.96
2026-09-28,sz,001203,大中矿业,23.11,22.88,22.95,21.69,21.8,15887516,350093457.22
2026-09-28,sz,001205,盛航股份,14.61,14.6,14.7,14.31,14.4,2876058,41528856.12
2026-09-28,sz,001206,依依股份,17.0,17.0,17.17,16.88,17.05,2447527,41676522.65
2026-09-28,sz,001207,联科科技,18.55,18.48,18.7,18.13,18.7,3824478,70373267.52
2026-09-28,sz,001208,华菱线缆,13.62,13.57,13.78,13.13,13.23,8121100,108105884.97
2026-09-28,sz,001209,洪兴股份,19.0,19.1,19.21,18.66,18.79,3427940,64529233.6
2026-09-28,sz,001210,金房能源,28.77,28.61,28.61,26.61,26.75,5174300,140682563.44
2026-09-28,sz,001211,双枪科技,25.68,25.66,28.19,25.62,27.29,8932220,240594444.58
2026-09-28,sz,001212,中旗新材,38.27,38.26,38.27,36.16,37.0,6189773,229794664.61
2026-09-28,sz,001213,中铁特货,3.49,3.48,3.49,3.44,3.46,5108800,17685261.0
2026-09-28,sz,001215,千味央厨,33.36,33.5,33.51,32.0,32.62,1736720,56599534.71
2026-09-28,sz,001216,华瓷股份,28.4,28.4,28.46,25.84,28.04,36040406,982277592.39
2026-09-28,sz,001217,华尔泰,11.03,11.08,11.1,10.8,11.08,4054700,44481095.0
2026-09-28,sz,001218,丽臣实业,23.8,23.82,24.1,23.4,23.49,1396500,32964336.6
2026-09-28,sz,001219,青岛食品,12.72,12.68,13.03,12.61,12.93,2254545,28936812.48
2026-09-28,sz,001220,世盟股份,31.78,31.7,31.94,31.31,31.62,631743,19930899.71
2026-09-28,sz,001221,悍高集团,34.86,34.88,34.99,32.91,32.92,2471522,83011075.9
2026-09-28,sz,001222,源飞宠物,15.62,15.75,16.1,15.64,15.7,3792039,59818498.14
2026-09-28,sz,001223,欧克科技,43.05,43.5,43.5,40.99,42.32,1768640,74293442.66
2026-09-28,sz,001225,和泰机电,34.6,35.64,36.31,33.3,33.45,1703468,58278779.84
2026-09-28,sz,001226,拓山重工,46.69,46.71,48.43,45.5,46.0,1247600,58568517.0
2026-09-28,sz,001227,兰州银行,2.07,2.07,2.08,2.04,2.06,61923845,127575472.33
2026-09-28,sz,001228,永泰运,37.42,37.45,38.27,36.18,36.63,4099205,152033789.15
2026-09-28,sz,001229,魅视科技,38.68,38.58,38.84,35.6,37.4,5564611,207753785.86
2026-09-28,sz,001230,劲旅环境,20.31,20.32,20.39,19.13,19.35,5945917,115758555.86
2026-09-28,sz,001231,农心科技,22.75,22.75,23.0,22.38,22.72,1511998,34354828.84
2026-09-28,sz,001232,嘉立创,198.98,199.02,200.5,188.6,191.2,4227618,817617406.0
2026-09-28,sz,001233,海安集团,45.35,45.36,45.6,42.82,43.51,2423822,106363257.08
2026-09-28,sz,001234,泰慕士,35.4,31.86,31.86,31.86,31.86,10658500,339579810.0
2026-09-28,sz,001236,弘业期货,7.77,7.73,7.76,7.62,7.66,7267800,55780243.0
2026-09-28,sz,001237,惠康科技,50.56,50.5,50.52,48.88,49.16,981395,48416941.27
2026-09-28,sz,001238,浙江正特,26.16,26.27,27.15,26.07,26.49,1436940,38261306.3
2026-09-28,sz,001239,永达股份,12.43,12.46,12.53,12.16,12.22,4484099,55116418.81
2026-09-28,sz,001248,华润新能,11.69,11.68,11.76,11.5,11.51,32266822,373989309.39
2026-09-28,sz,001255,博菲电气,27.2,27.28,28.0,26.74,27.33,2150593,58736617.47
2026-09-28,sz,001256,炜冈科技,21.89,21.8,21.98,21.18,21.33,1665400,35695248.0
2026-09-28,sz,001257,盛龙股份,22.24,22.08,22.08,21.16,21.3,6751968,145009241.14
2026-09-28,sz,001258,立新能源,10.44,10.38,10.54,10.17,10.24,32821440,337869217.4
2026-09-28,sz,001259,利仁科技,45.88,46.12,46.29,43.2,43.79,1165700,51418597.0
2026-09-28,sz,001260,坤泰股份,19.24,19.26,19.52,18.81,19.19,3801587,72664376.83
2026-09-28,sz,001266,宏英智能,35.6,35.65,37.88,35.65,36.07,6316689,231262784.14
2026-09-28,sz,001267,汇绿生态,36.75,37.75,38.32,33.08,33.21,46261838,1585731528.02
2026-09-28,sz,001268,联合精密,25.99,26.58,26.58,24.12,25.5,6371555,160477142.01
2026-09-28,sz,001269,欧晶科技,19.35,19.44,19.76,19.31,19.45,2391424,46664868.68
2026-09-28,sz,001270,铖昌科技,99.26,99.34,101.51,95.27,96.0,5104042,496892992.33
2026-09-28,sz,001277,速达股份,30.55,30.59,30.66,29.98,30.2,1087796,32864104.29
2026-09-28,sz,001278,一彬科技,16.76,16.61,17.1,16.59,16.71,3175809,53213344.3
2026-09-28,sz,001279,强邦新材,26.4,26.22,26.47,26.0,26.05,570752,14916356.8
2026-09-28,sz,001280,中国铀业,61.36,61.61,61.61,59.98,60.26,2323534,140649878.26
2026-09-28,sz,001282,三联锻造,16.74,16.83,16.92,16.3,16.71,4309317,71362136.12
2026-09-28,sz,001283,豪鹏科技,46.3,47.48,48.98,45.79,46.23,3662815,172884138.64
2026-09-28,sz,001285,瑞立科密,42.59,42.29,42.89,41.88,42.0,838126,35381509.72
2026-09-28,sz,001286,陕西能源,9.43,9.42,9.52,9.38,9.49,12551900,118717594.55
2026-09-28,sz,001287,中电港,24.42,24.4,24.5,22.91,23.06,13641437,318810939.43
2026-09-28,sz,001288,运机集团,34.84,34.93,34.97,33.33,33.6,5238511,177255714.56
2026-09-28,sz,001289,龙源电力,14.95,14.96,14.99,14.81,14.89,2406441,35788490.08
2026-09-28,sz,001296,长江材料,19.99,19.96,20.09,19.7,19.72,2095189,41538555.45
2026-09-28,sz,001298,好上好,16.94,16.82,16.9,16.24,16.25,5478579,90126682.4
2026-09-28,sz,001299,美能能源,10.16,10.19,10.22,9.97,10.03,4633010,46610479.98
2026-09-28,sz,001300,三柏硕,12.39,12.38,12.47,12.01,12.27,3190074,38870949.32
2026-09-28,sz,001301,尚太科技,47.65,47.59,47.59,46.4,46.79,4509975,211284548.44
2026-09-28,sz,001306,夏厦精密,57.19,56.9,57.69,56.0,57.06,1054103,59992383.03
2026-09-28,sz,001308,康冠科技,18.14,18.19,18.31,17.96,18.01,1762870,31850937.57
2026-09-28,sz,001309,德明利,394.43,394.58,396.98,367.67,371.28,9679859,3649107315.37
2026-09-28,sz,001311,多利科技,17.14,17.09,17.35,16.66,16.79,3671619,62118800.66
2026-09-28,sz,001312,福恩股份,18.35,18.35,18.36,17.81,17.83,3122698,56089365.12
2026-09-28,sz,001313,粤海饲料,7.31,7.3,7.35,7.11,7.18,7165500,51451464.0
2026-09-28,sz,001314,亿道信息,54.67,54.8,54.86,50.11,50.96,3412999,176564104.79
2026-09-28,sz,001316,润贝航科,27.71,27.68,28.4,27.19,27.6,3434416,95410650.2
2026-09-28,sz,001317,三羊马,65.3,65.32,71.7,62.9,64.3,19054165,1264676579.51
2026-09-28,sz,001318,阳光乳业,11.63,11.61,11.93,11.61,11.81,4066319,47983112.47
2026-09-28,sz,001319,铭科精技,21.33,21.32,21.41,20.9,20.99,1874877,39577579.17
2026-09-28,sz,001322,箭牌家居,6.51,6.54,6.6,6.33,6.35,7970000,51102322.0
2026-09-28,sz,001323,慕思股份,17.66,17.56,18.58,17.24,18.21,2661206,47591257.56
2026-09-28,sz,001324,长青科技,20.67,20.5,21.18,19.94,20.05,3523636,71695431.88
2026-09-28,sz,001325,元创股份,36.57,36.36,36.82,35.65,36.22,652675,23594941.25
2026-09-28,sz,001326,联域股份,110.15,109.05,109.37,100.15,103.56,4297460,447248511.4
2026-09-28,sz,001328,登康口腔,30.32,30.47,30.89,30.08,30.52,1034723,31526593.09
2026-09-28,sz,001330,博纳影业,5.78,6.36,6.36,6.36,6.36,41045600,261050016.0
2026-09-28,sz,001331,胜通能源,40.89,40.58,40.8,37.15,40.74,9871453,381997302.85
2026-09-28,sz,001332,锡装股份,27.19,27.11,27.11,26.03,26.46,2570626,67910407.6
2026-09-28,sz,001333,光华股份,20.23,20.45,20.45,19.8,19.94,1392900,27810617.0
2026-09-28,sz,001335,信凯科技,33.63,33.9,34.33,33.16,33.2,857697,28751511.29
2026-09-28,sz,001336,楚环科技,19.19,19.2,19.48,18.85,19.04,2102920,40205636.8
2026-09-28,sz,001337,四川黄金,46.71,45.57,45.78,43.55,43.7,8044394,357579005.33
2026-09-28,sz,001338,永顺泰,9.1,9.15,9.32,9.05,9.27,9388000,86353394.0
2026-09-28,sz,001339,智微智能,76.18,75.93,76.17,69.05,69.33,5805718,411983279.76
2026-09-28,sz,001356,富岭股份,9.5,9.49,9.54,9.29,9.36,3613609,33834120.03
2026-09-28,sz,001358,兴欣新材,25.48,25.73,25.73,24.08,24.68,2920806,72179380.68
2026-09-28,sz,001359,平安电工,87.89,87.45,87.87,80.0,81.0,2380901,195572852.68
2026-09-28,sz,001360,南矿集团,19.79,19.7,20.42,18.88,19.57,6520128,127582444.88
2026-09-28,sz,001365,天海电子,36.1,35.95,36.66,35.48,36.66,6833761,246711026.73
2026-09-28,sz,001366,播恩集团,13.05,13.01,13.19,12.85,13.1,4169400,54266374.0
2026-09-28,sz,001367,海森药业,21.5,21.55,21.76,21.27,21.46,1722647,37018636.46
2026-09-28,sz,001368,通达创智,38.0,38.15,41.8,38.15,41.8,11489017,459326893.05
2026-09-28,sz,001369,双欣材料,12.3,12.33,12.37,11.9,11.95,5442066,65371976.06
2026-09-28,sz,001373,翔腾新材,32.3,32.14,33.3,31.12,31.46,2947473,93474011.59
2026-09-28,sz,001376,百通能源,13.12,12.99,13.07,12.48,12.6,24366088,309052729.19
2026-09-28,sz,001378,德冠新材,23.17,23.16,23.36,22.04,22.35,5221657,117182002.06
2026-09-28,sz,001379,腾达科技,15.76,15.81,16.05,15.61,15.69,1460469,23038031.99
2026-09-28,sz,001380,华纬科技,19.13,19.3,19.3,18.58,18.69,3047247,57109864.74
2026-09-28,sz,001382,新亚电缆,16.41,16.43,16.5,16.14,16.38,1245921,20289283.28
2026-09-28,sz,001386,马可波罗,16.1,16.05,16.12,15.78,15.78,2313204,36793067.66
2026-09-28,sz,001387,雪祺电气,12.18,12.5,12.69,12.12,12.36,5805198,71728940.92
2026-09-28,sz,001388,信通电子,19.59,19.5,20.24,19.5,19.79,3547691,70421538.23
2026-09-28,sz,001389,广合科技,181.16,181.34,186.45,172.58,177.59,12912180,2296423116.66
2026-09-28,sz,001390,古麒绒材,17.78,17.79,17.98,17.4,17.42,2178285,38202175.14
2026-09-28,sz,001391,国货航,3.83,3.83,3.85,3.76,3.81,20073900,76277737.0
2026-09-28,sz,001393,维通利,42.04,42.0,42.0,39.88,39.93,2474516,100064260.97
2026-09-28,sz,001395,亚联机械,30.55,30.55,30.66,30.01,30.23,1119331,33898434.66
2026-09-28,sz,001396,誉帆科技,32.17,32.2,32.36,31.15,31.58,552361,17389692.95
2026-09-28,sz,001399,惠科股份,22.98,23.3,23.69,22.3,22.75,27600299,630067632.67
2026-09-28,sz,001400,江顺科技,80.21,81.0,84.35,77.4,82.86,4435273,361879331.04
2026-09-28,sz,001696,宗申动力,15.64,15.65,15.91,15.26,15.85,39682304,620789317.21
2026-09-28,sz,001872,招商港口,23.26,23.05,24.29,22.94,24.12,6834385,163518369.29
2026-09-28,sz,001896,豫能控股,10.79,10.85,10.88,10.43,10.54,38102139,403255200.1
2026-09-28,sz,001914,招商积余,8.87,8.87,9.1,8.82,9.06,10933390,98154761.86
2026-09-28,sz,001965,招商公路,9.88,9.82,9.91,9.78,9.85,7833429,77044880.3
2026-09-28,sz,001979,招商蛇口,7.18,7.17,7.22,7.04,7.19,100223799,716076989.93
2026-09-28,sz,002001,新 和 成,25.7,25.6,25.85,25.41,25.54,13461904,344344639.0
2026-09-28,sz,002003,伟星股份,11.58,11.57,11.65,11.29,11.35,15506159,177042873.99
2026-09-28,sz,002004,华邦健康,4.3,4.3,4.33,4.26,4.3,15767107,67685198.89
2026-09-28,sz,002005,德豪润达,2.8,2.8,2.81,2.71,2.77,32697803,90034122.19
2026-09-28,sz,002006,精工科技,13.56,13.5,13.55,13.02,13.11,6139400,81016544.0
2026-09-28,sz,002007,华兰生物,13.11,13.17,13.25,13.03,13.19,8788941,115408408.09
2026-09-28,sz,002008,大族激光,89.09,88.52,88.56,81.6,82.0,44783280,3747156298.0
2026-09-28,sz,002009,天奇股份,15.49,15.49,15.83,15.29,15.36,11260390,174999269.72
2026-09-28,sz,002010,传化智联,4.49,4.49,4.53,4.43,4.47,10411500,46456437.0
2026-09-28,sz,002011,盾安环境,14.08,14.0,14.1,12.71,12.83,61979974,813753560.52
2026-09-28,sz,002012,凯恩股份,7.05,7.02,7.1,6.86,6.93,8714000,60437971.0
2026-09-28,sz,002014,永新股份,10.96,10.96,11.0,10.82,10.98,1735640,18954714.0
2026-09-28,sz,002015,协鑫能科,14.96,14.95,14.95,14.46,14.52,36602188,534613375.94
2026-09-28,sz,002016,世荣兆业,4.67,4.68,4.71,4.58,4.61,10069000,46619693.0
2026-09-28,sz,002017,东信和平,14.2,14.22,14.22,13.65,13.75,11201452,154632832.92
2026-09-28,sz,002019,亿帆医药,9.36,9.38,9.47,9.33,9.38,5178631,48568118.4
2026-09-28,sz,002020,京新药业,11.25,11.25,11.36,11.11,11.35,12152405,136740016.2
2026-09-28,sz,002021,中捷资源,2.57,2.58,2.6,2.52,2.56,20535750,52469087.6
2026-09-28,sz,002022,科华生物,6.12,6.18,6.27,6.0,6.04,22706894,138603621.77
2026-09-28,sz,002023,海特高新,9.77,9.73,9.73,9.28,9.38,18504840,174866893.3
2026-09-28,sz,002024,ST易购,1.15,1.16,1.16,1.14,1.14,13729483,15736491.62
2026-09-28,sz,002025,航天电器,71.35,71.34,71.34,67.51,68.56,8230145,565219033.45
2026-09-28,sz,002026,山东威达,11.38,11.39,11.58,10.63,10.89,13663983,149315394.83
2026-09-28,sz,002027,分众传媒,4.66,4.66,4.74,4.66,4.68,118273637,556653593.17
2026-09-28,sz,002028,思源电气,125.22,125.79,125.79,120.04,121.07,13102547,1588619113.62
2026-09-28,sz,002029,七 匹 狼,9.26,9.3,9.33,8.79,8.86,57103271,514051920.29
2026-09-28,sz,002030,达安基因,5.67,5.77,5.82,5.57,5.62,20922055,118228366.5
2026-09-28,sz,002031,巨轮智能,5.35,5.3,5.69,5.2,5.56,182542785,994807416.91
2026-09-28,sz,002032,苏 泊 尔,39.23,39.4,39.89,39.22,39.66,2305800,91549873.0
2026-09-28,sz,002033,丽江股份,8.28,8.28,8.29,8.15,8.19,10632125,87086287.69
2026-09-28,sz,002034,旺能环境,14.15,14.13,14.14,13.79,13.84,4926348,68452579.17
2026-09-28,sz,002035,华帝股份,4.83,4.81,4.93,4.69,4.8,40718095,195099810.56
2026-09-28,sz,002036,联创电子,6.16,6.17,6.17,5.88,5.97,23311759,139547028.64
2026-09-28,sz,002037,保利联合,6.83,6.81,6.84,6.68,6.71,2936233,19775062.0
2026-09-28,sz,002038,双鹭药业,5.65,5.67,5.71,5.57,5.6,13096008,73603499.02
2026-09-28,sz,002039,黔源电力,18.94,19.0,19.55,18.95,19.48,8115506,156897436.33
2026-09-28,sz,002040,南 京 港,9.08,9.22,9.27,8.89,8.93,12281798,110332362.54
2026-09-28,sz,002041,登海种业,9.94,9.99,10.01,9.28,9.4,26427238,249640112.89
2026-09-28,sz,002042,华孚时尚,3.87,3.89,3.94,3.64,3.67,59869945,224611266.5
2026-09-28,sz,002043,兔 宝 宝,11.4,11.37,11.46,11.23,11.35,4970100,56410459.91
2026-09-28,sz,002044,美年健康,4.48,4.5,4.52,4.38,4.41,49162649,217733850.92
2026-09-28,sz,002045,国光电器,8.89,8.87,8.88,8.5,8.63,12930379,111700454.53
2026-09-28,sz,002046,国机精工,63.9,65.01,65.5,60.59,61.48,16559161,1028583702.43
2026-09-28,sz,002047,宝鹰股份,3.19,3.18,3.19,3.09,3.11,17345400,54226942.0
2026-09-28,sz,002048,宁波华翔,18.36,18.36,18.5,17.78,17.86,11265311,202538029.49
2026-09-28,sz,002049,紫光国微,60.6,60.45,60.45,58.38,58.63,10955084,646375812.2
2026-09-28,sz,002050,三花智控,36.08,36.08,36.4,35.32,35.44,36745528,1313143524.36
2026-09-28,sz,002051,中工国际,8.87,8.77,8.78,8.49,8.51,21583012,185174212.39
2026-09-28,sz,002052,同洲电子,8.3,8.29,8.37,7.96,8.02,7457901,60091185.01
2026-09-28,sz,002053,云南能投,9.44,9.44,9.47,9.33,9.41,3758099,35242918.84
2026-09-28,sz,002054,德美化工,7.05,7.02,7.12,6.97,6.99,6555480,46065519.25
2026-09-28,sz,002055,ST得润,6.88,6.89,6.89,6.3,6.5,23964700,155196921.0
2026-09-28,sz,002056,横店东磁,20.04,20.04,20.1,19.28,19.37,18386732,358913767.84
2026-09-28,sz,002057,中钢天源,8.93,8.92,8.92,8.57,8.64,13354249,115905014.13
2026-09-28,sz,002058,紫竹高科,17.22,17.6,17.6,16.33,16.69,2370600,39586371.0
2026-09-28,sz,002059,云南旅游,4.39,4.35,4.42,4.18,4.21,43470043,184391554.89
2026-09-28,sz,002060,广东建工,3.02,3.02,3.03,2.98,3.0,13671400,41005208.0
2026-09-28,sz,002061,浙江交科,3.3,3.3,3.31,3.24,3.26,17829660,58287665.8
2026-09-28,sz,002062,宏润建设,9.61,9.62,9.63,8.75,8.8,33451328,303397659.69
2026-09-28,sz,002063,远光软件,5.22,5.22,5.25,5.15,5.2,11849360,61568333.6
2026-09-28,sz,002064,华峰化学,9.61,9.63,9.75,9.51,9.53,22120503,212631050.19
2026-09-28,sz,002065,东华软件,6.56,6.55,6.57,6.43,6.46,18551695,120166135.37
2026-09-28,sz,002066,瑞泰科技,19.93,19.9,20.23,19.25,19.65,2811800,55605841.94
2026-09-28,sz,002067,景兴纸业,4.0,4.0,4.0,3.91,3.95,21284291,83942421.96
2026-09-28,sz,002068,黑猫股份,9.84,9.6,9.78,8.96,9.12,45965671,426844209.27
2026-09-28,sz,002069,獐子岛,3.67,3.68,3.7,3.62,3.67,9648750,35310048.5
2026-09-28,sz,002072,凯瑞德,7.36,7.42,7.42,7.0,7.09,9859810,70175782.0
2026-09-28,sz,002073,软控股份,5.67,5.67,5.7,5.55,5.58,11389387,63819946.8
2026-09-28,sz,002074,国轩高科,26.76,26.53,26.6,25.8,26.07,21962656,573013253.43
2026-09-28,sz,002075,沙钢股份,3.47,3.47,3.48,3.42,3.46,15915475,54798402.11
2026-09-28,sz,002076,星光股份,2.11,2.11,2.13,2.07,2.09,17118057,35854581.13
2026-09-28,sz,002077,大港股份,14.67,14.6,15.2,14.26,14.79,70575534,1045507202.17
2026-09-28,sz,002078,太阳纸业,13.54,13.58,13.73,13.42,13.54,14651822,198587346.52
2026-09-28,sz,002079,苏州固锝,8.94,8.93,8.95,8.5,8.55,21680231,187315690.28
2026-09-28,sz,002080,中材科技,57.2,56.07,56.66,52.22,52.74,47321374,2545481459.71
2026-09-28,sz,002081,金 螳 螂,4.97,4.98,5.05,4.71,4.76,166372972,799821054.22
2026-09-28,sz,002082,ST万邦,12.0,12.2,13.2,12.2,13.2,33993221,439360017.62
2026-09-28,sz,002083,孚日股份,9.48,9.5,9.51,9.15,9.21,18422728,170631127.37
2026-09-28,sz,002084,海鸥住工,6.44,6.32,6.4,5.8,5.8,85764811,514868603.86
2026-09-28,sz,002085,万丰奥威,9.44,9.43,9.48,9.22,9.28,17703870,164865219.79
2026-09-28,sz,002086,东方海洋,2.04,2.04,2.06,1.99,2.02,33267400,67092533.0
2026-09-28,sz,002088,鲁阳节能,8.05,8.0,8.07,7.92,7.96,1519032,12132068.64
2026-09-28,sz,002090,金智科技,9.02,8.98,9.03,8.79,8.85,4895339,43455118.56
2026-09-28,sz,002091,江苏国泰,7.51,7.5,7.61,7.42,7.49,9429090,70696128.65
2026-09-28,sz,002092,中泰化学,4.35,4.35,4.36,4.23,4.3,32600643,139498211.19
2026-09-28,sz,002093,国脉科技,7.77,7.66,8.19,7.59,8.16,63360950,503208640.73
2026-09-28,sz,002094,青岛金王,5.07,5.18,5.35,4.97,5.06,33202372,169094841.71
2026-09-28,sz,002095,生 意 宝,16.03,16.2,16.49,15.8,15.82,11141290,179430193.07
2026-09-28,sz,002096,易普力,9.03,9.02,9.06,8.82,8.96,3856400,34411610.0
2026-09-28,sz,002097,山河智能,6.89,6.89,6.9,6.64,6.73,14719250,98898329.5
2026-09-28,sz,002098,浔兴股份,8.41,8.43,8.46,8.2,8.32,7086579,58693848.17
2026-09-28,sz,002099,海翔药业,5.82,5.82,6.14,5.81,6.0,49847782,300420188.71
2026-09-28,sz,002100,天康生物,7.58,7.55,7.92,7.51,7.86,23303676,180564065.34
2026-09-28,sz,002101,广东鸿图,8.54,8.55,8.58,8.38,8.44,3592949,30366310.56
2026-09-28,sz,002102,ST能特,2.65,2.65,2.65,2.53,2.56,13902200,35822236.0
2026-09-28,sz,002103,广博股份,6.69,6.75,6.77,6.58,6.59,5042055,33447699.65
2026-09-28,sz,002104,恒宝股份,10.54,10.49,10.52,10.14,10.21,26005684,267320785.54
2026-09-28,sz,002105,信隆健康,6.06,6.08,6.14,5.92,5.98,7077046,42368104.62
2026-09-28,sz,002106,莱宝高科,12.51,12.27,13.03,12.02,12.16,46084849,580282439.08
2026-09-28,sz,002107,沃华医药,7.17,7.2,7.31,7.02,7.11,12180005,86645416.03
2026-09-28,sz,002108,沧州明珠,4.36,4.36,4.37,4.24,4.24,15274652,65225781.0
2026-09-28,sz,002109,ST兴化,2.77,2.78,2.82,2.75,2.79,3737000,10362063.0
2026-09-28,sz,002110,三钢闽光,2.87,2.85,2.86,2.81,2.84,20706091,58699270.59
2026-09-28,sz,002111,威海广泰,9.35,9.38,9.41,9.19,9.32,5560110,51578539.2
2026-09-28,sz,002112,三变科技,14.1,14.15,14.16,13.79,13.89,5428072,75500508.66
2026-09-28,sz,002114,罗平锌电,7.19,7.15,7.19,7.03,7.12,5611201,39833759.08
2026-09-28,sz,002115,三维通信,10.16,10.01,10.06,9.51,9.54,43704465,421822365.85
2026-09-28,sz,002116,中国海诚,7.11,7.15,7.19,7.01,7.07,3739574,26502574.9
2026-09-28,sz,002117,东港股份,7.94,7.93,7.99,7.78,7.81,4621491,36233746.32
2026-09-28,sz,002119,康强电子,29.61,27.37,30.65,27.37,29.71,126506423,3646959346.9
2026-09-28,sz,002120,韵达股份,6.83,6.8,6.83,6.71,6.77,24046211,162484609.61
2026-09-28,sz,002121,科陆电子,4.19,4.17,4.2,4.07,4.13,23215873,95560273.54
2026-09-28,sz,002122,ST汇洲,2.73,2.73,2.75,2.68,2.7,8862216,24018325.2
2026-09-28,sz,002123,梦网科技,7.74,7.79,7.8,7.4,7.53,16822200,126487315.0
2026-09-28,sz,002124,天邦食品,2.07,2.05,2.05,1.99,2.0,76864544,154217426.0
2026-09-28,sz,002125,湘潭电化,12.02,12.06,12.08,11.5,11.65,10844539,126815968.53
2026-09-28,sz,002126,银轮股份,36.11,36.11,36.32,34.0,34.37,20563742,714225460.61
2026-09-28,sz,002127,南极电商,2.92,2.93,3.05,2.92,2.95,50673504,150435390.66
2026-09-28,sz,002128,电投能源,27.82,27.65,27.88,27.43,27.74,11712025,323937932.89
2026-09-28,sz,002129,TCL中环,9.35,9.4,9.44,9.11,9.12,68963249,637103432.66
2026-09-28,sz,002130,沃尔核材,16.09,16.08,16.09,15.56,15.68,21342451,335582465.85
2026-09-28,sz,002131,利欧股份,4.31,4.31,4.33,4.16,4.2,169740222,714622822.77
2026-09-28,sz,002132,恒星科技,4.09,4.1,4.1,3.95,3.99,32943592,131765984.02
2026-09-28,sz,002133,广宇集团,2.83,2.86,2.87,2.79,2.83,11913800,33652204.0
2026-09-28,sz,002134,天津普林,26.31,26.22,26.5,24.1,24.3,17305691,430689558.71
2026-09-28,sz,002135,东南网架,6.0,6.04,6.07,5.83,5.87,12506682,74371042.69
2026-09-28,sz,002136,安 纳 达,11.72,11.76,11.8,11.49,11.62,3447820,39978594.8
2026-09-28,sz,002137,实益达,7.98,8.02,8.04,7.63,7.74,25090807,195214645.23
2026-09-28,sz,002138,顺络电子,51.3,51.34,51.46,47.33,47.89,30072933,1464073630.28
2026-09-28,sz,002139,拓邦股份,9.6,9.6,9.65,9.49,9.6,10308049,98720292.89
2026-09-28,sz,002140,东华科技,9.22,9.2,9.27,8.96,9.0,5719898,51832600.7
2026-09-28,sz,002141,贤丰控股,6.76,6.65,6.75,6.26,6.29,158907486,1020363671.94
2026-09-28,sz,002142,宁波银行,34.91,34.97,35.24,34.5,34.55,22591722,786136989.21
2026-09-28,sz,002144,宏达高科,10.9,10.9,10.97,10.72,10.82,2944600,31951700.19
2026-09-28,sz,002145,钛能化学,4.83,4.8,4.82,4.59,4.64,86016562,400973865.18
2026-09-28,sz,002146,荣盛发展,1.2,1.22,1.23,1.18,1.21,184752197,222740451.38
2026-09-28,sz,002148,北纬科技,6.27,6.23,6.31,6.06,6.15,11410020,70063242.66
2026-09-28,sz,002149,西部材料,32.93,32.46,33.14,31.28,31.55,14374485,457427548.1
2026-09-28,sz,002150,正泰电源,21.15,21.15,21.29,19.95,20.06,4786016,97294626.74
2026-09-28,sz,002151,北斗星通,29.12,29.01,29.26,28.4,28.45,13594086,390528591.34
2026-09-28,sz,002152,广电运通,9.03,9.03,9.06,8.82,8.88,14632671,130252132.32
2026-09-28,sz,002153,石基信息,7.46,7.43,7.46,7.22,7.29,14852843,108612683.35
2026-09-28,sz,002154,报 喜 鸟,3.84,3.83,3.84,3.76,3.81,18111779,68805385.7
2026-09-28,sz,002155,湖南黄金,23.69,22.99,23.14,22.45,22.67,41222157,938765261.35
2026-09-28,sz,002156,通富微电,61.02,61.03,61.36,58.03,58.9,53091473,3144147473.42
2026-09-28,sz,002157,正邦科技,2.92,2.9,2.94,2.88,2.91,116994307,339769677.41
2026-09-28,sz,002158,汉钟精机,27.4,27.38,27.45,24.66,24.66,15922218,403279694.77
2026-09-28,sz,002159,三特索道,13.46,13.56,13.56,13.19,13.25,1775001,23572763.28
2026-09-28,sz,002160,常铝股份,3.85,3.85,3.86,3.77,3.8,13046906,49620306.86
2026-09-28,sz,002161,远 望 谷,6.54,6.54,6.54,6.2,6.28,28705771,181042435.91
2026-09-28,sz,002162,悦心健康,4.11,4.14,4.18,4.08,4.13,20177780,83293039.8
2026-09-28,sz,002163,海南发展,7.56,7.47,7.55,7.26,7.32,23677692,174088656.44
2026-09-28,sz,002164,宁波东力,13.06,12.66,12.98,12.25,12.31,56603085,707356726.24
2026-09-28,sz,002165,红 宝 丽,6.89,6.9,6.97,6.7,6.76,37163676,252608193.85
2026-09-28,sz,002166,莱茵生物,6.68,6.68,6.78,6.65,6.71,7740865,51921518.39
2026-09-28,sz,002167,东方锆业,16.19,16.0,16.03,15.15,15.2,30367784,467382646.0
2026-09-28,sz,002168,ST惠程,3.59,3.59,3.63,3.54,3.55,2601800,9273017.0
2026-09-28,sz,002169,智光电气,13.44,13.37,13.41,12.18,12.26,30902910,390733108.35
2026-09-28,sz,002170,芭田股份,10.7,10.68,10.69,10.43,10.49,12319200,129455949.0
2026-09-28,sz,002171,楚江新材,10.25,10.2,10.3,9.57,9.67,46754422,459000297.46
2026-09-28,sz,002172,澳洋健康,5.42,5.29,5.44,5.05,5.07,131446877,680080897.71
2026-09-28,sz,002173,创新医疗,17.66,17.66,17.88,17.07,17.16,14132049,244943066.2
2026-09-28,sz,002174,游族网络,14.01,14.15,14.26,13.02,13.24,40575210,544908639.37
2026-09-28,sz,002175,*ST东智,2.5,2.5,2.52,2.39,2.44,13504500,33072440.0
2026-09-28,sz,002176,江特电机,8.29,8.29,8.29,8.01,8.08,29453965,238483421.45
2026-09-28,sz,002177,御银股份,5.43,5.43,5.46,5.31,5.39,12483478,67065305.86
2026-09-28,sz,002178,延华智能,5.07,5.05,5.11,4.85,4.9,50296092,248307162.5
2026-09-28,sz,002179,中航光电,34.24,34.24,34.25,32.87,33.27,22427063,748766277.36
2026-09-28,sz,002180,奔图科技,16.66,16.66,16.66,16.02,16.07,9384300,152074542.86
2026-09-28,sz,002181,粤 传 媒,9.58,9.58,9.68,8.62,8.69,106767561,956641772.83
2026-09-28,sz,002182,宝武镁业,11.39,11.4,11.43,10.88,10.97,10281583,113816506.44
2026-09-28,sz,002183,怡 亚 通,4.2,4.18,4.2,4.03,4.08,46949233,192168043.7
2026-09-28,sz,002184,海得控制,9.93,9.91,9.92,9.69,9.81,2746412,26877869.26
2026-09-28,sz,002185,华天科技,17.58,17.6,17.68,16.72,16.99,188239479,3218088503.69
2026-09-28,sz,002186,全 聚 德,9.39,9.35,9.43,9.24,9.32,2779424,25872381.44
2026-09-28,sz,002187,广百股份,5.44,5.44,5.5,5.37,5.4,7400342,40039697.64
2026-09-28,sz,002188,中天服务,5.59,5.6,5.7,5.48,5.57,8725300,48515597.44
2026-09-28,sz,002189,中光学,19.06,18.99,19.0,18.45,18.92,4318892,81060775.28
2026-09-28,sz,002190,成飞集成,23.46,23.39,23.4,22.83,23.04,3428291,78992809.09
2026-09-28,sz,002191,劲嘉股份,3.58,3.58,3.59,3.47,3.49,12980877,45496961.57
2026-09-28,sz,002192,融捷股份,58.75,58.12,58.16,55.7,56.09,8583122,485408251.67
2026-09-28,sz,002193,ST如意,4.65,4.65,4.65,4.52,4.54,2373294,10819659.7
2026-09-28,sz,002194,武汉凡谷,10.62,10.61,10.62,9.92,10.0,34168458,345697384.45
2026-09-28,sz,002195,岩山科技,6.01,6.02,6.03,5.82,5.88,67805006,399000003.67
2026-09-28,sz,002196,方正电机,10.13,10.3,10.58,10.11,10.26,33837189,349033679.61
2026-09-28,sz,002197,证通电子,6.5,6.56,6.58,6.31,6.38,14278200,91239653.0
2026-09-28,sz,002198,ST嘉应,3.61,3.59,3.65,3.55,3.57,3764300,13549680.0
2026-09-28,sz,002199,东晶电子,12.1,12.12,12.2,11.39,11.46,5262100,61131902.0
2026-09-28,sz,002200,交投生态,6.83,6.83,6.86,6.57,6.68,5979809,39845678.61
2026-09-28,sz,002201,九鼎新材,9.87,9.84,9.87,9.18,9.33,34485960,323488196.99
2026-09-28,sz,002202,金风科技,17.9,17.9,17.91,17.1,17.23,66763148,1161934423.37
2026-09-28,sz,002203,海亮股份,17.78,17.76,17.76,16.92,17.09,13913491,238246847.96
2026-09-28,sz,002204,大连重工,5.41,5.39,5.4,5.19,5.21,30338317,159746628.21
2026-09-28,sz,002205,国统股份,12.78,12.2,12.84,11.5,11.6,22850000,274241896.41
2026-09-28,sz,002206,海 利 得,4.87,4.88,4.9,4.79,4.84,6316316,30530575.44
2026-09-28,sz,002207,*ST准油,5.38,5.38,5.76,5.3,5.64,11619100,64186971.0
2026-09-28,sz,002208,合肥城建,10.08,10.02,10.06,9.59,9.69,17584582,171436702.49
2026-09-28,sz,002209,达 意 隆,13.34,13.34,13.45,13.11,13.23,3006500,39815032.0
2026-09-28,sz,002210,飞马国际,2.11,2.11,2.12,2.05,2.07,36616400,75936059.0
2026-09-28,sz,002211,ST宏达,3.8,3.79,3.79,3.66,3.69,5546100,20559969.0
2026-09-28,sz,002212,天融信,6.93,7.13,7.48,7.04,7.28,190604370,1387341374.93
2026-09-28,sz,002213,大为股份,29.2,29.0,29.47,27.45,27.75,10838958,305833585.44
2026-09-28,sz,002214,大立科技,18.22,18.3,18.5,17.34,17.55,7632690,134293039.95
2026-09-28,sz,002215,诺 普 信,9.62,9.62,9.67,9.3,9.33,12123481,114137639.3
2026-09-28,sz,002216,三全食品,11.49,11.49,11.6,11.42,11.48,3544323,40744571.35
2026-09-28,sz,002217,ST合力泰,1.56,1.56,1.57,1.5,1.51,98509106,149829899.12
2026-09-28,sz,002218,拓日新能,3.77,3.79,3.88,3.63,3.68,46295094,171970480.92
2026-09-28,sz,002219,新里程,2.06,2.07,2.09,2.03,2.07,54382755,111771085.33
2026-09-28,sz,002221,东华能源,5.71,5.7,5.73,5.54,5.59,14198030,79533611.64
2026-09-28,sz,002222,福晶科技,68.07,67.88,67.88,61.36,61.72,24568753,1548035905.23
2026-09-28,sz,002223,鱼跃医疗,26.38,26.46,26.61,26.26,26.33,6268535,165427881.9
2026-09-28,sz,002224,三 力 士,3.74,3.77,3.77,3.65,3.69,9889520,36446501.4
2026-09-28,sz,002225,濮耐股份,3.44,3.42,3.44,3.33,3.37,17228899,58096494.61
2026-09-28,sz,002226,江南化工,4.99,5.0,5.01,4.82,4.86,26998329,131339840.46
2026-09-28,sz,002227,*ST特迅,6.35,6.34,6.47,6.16,6.43,1844600,11660100.0
2026-09-28,sz,002228,合兴包装,3.27,3.24,3.28,3.18,3.23,31727930,102204287.1
2026-09-28,sz,002229,鸿博股份,10.52,10.52,10.56,10.13,10.26,16462001,169114424.54
2026-09-28,sz,002230,科大讯飞,38.32,38.28,38.44,37.25,37.25,20623296,773510425.03
2026-09-28,sz,002232,启明信息,14.8,15.05,16.28,14.9,16.28,24932543,393986983.86
2026-09-28,sz,002233,塔牌集团,6.73,6.75,6.78,6.61,6.67,14349231,95965788.85
2026-09-28,sz,002234,民和股份,7.75,7.72,7.88,7.65,7.81,5623100,43602996.0
2026-09-28,sz,002235,安妮股份,7.77,7.79,7.83,7.61,7.67,14766868,113514852.12
2026-09-28,sz,002236,大华股份,15.54,15.5,15.53,15.17,15.22,19261794,294150376.89
2026-09-28,sz,002237,恒邦股份,12.84,12.6,12.63,12.18,12.24,24047295,297120761.87
2026-09-28,sz,002238,天威视讯,8.43,7.75,8.14,7.59,7.59,24214805,188456091.97
2026-09-28,sz,002239,奥特佳,2.47,2.46,2.48,2.39,2.42,52469375,127144876.47
2026-09-28,sz,002240,盛新锂能,25.69,25.5,25.52,24.2,24.44,22711999,559697110.4
2026-09-28,sz,002241,歌尔股份,23.94,24.24,24.3,22.98,23.15,73753831,1724813744.95
2026-09-28,sz,002242,九阳股份,9.39,9.83,10.33,9.83,10.33,24628134,251850891.93
2026-09-28,sz,002243,力合科创,6.94,6.91,6.97,6.77,6.81,9699049,66174544.04
2026-09-28,sz,002244,滨江集团,8.32,8.3,8.67,8.15,8.6,49514277,421739912.73
2026-09-28,sz,002245,蔚蓝锂芯,16.76,17.25,17.5,16.1,16.24,69681256,1157740099.25
2026-09-28,sz,002246,北化股份,26.0,26.26,26.42,24.22,24.93,38133150,945341833.43
2026-09-28,sz,002247,聚力文化,2.45,2.46,2.49,2.43,2.47,16560400,40741419.0
2026-09-28,sz,002248,华东数控,9.48,9.55,9.57,9.21,9.29,9030415,84088254.81
2026-09-28,sz,002249,大洋电机,6.45,6.42,6.48,6.38,6.41,22825609,146601906.29
2026-09-28,sz,002250,联化科技,14.51,14.46,14.57,14.05,14.14,8035916,114088016.68
2026-09-28,sz,002251,步步高,3.44,3.44,3.45,3.33,3.35,59177706,199418084.16
2026-09-28,sz,002252,上海莱士,5.02,5.02,5.1,5.01,5.08,64376018,325926644.88
2026-09-28,sz,002253,川大智胜,8.7,8.67,8.95,8.43,8.48,15900569,137416329.96
2026-09-28,sz,002254,泰和新材,12.39,12.33,12.39,11.52,11.63,18716727,220769193.93
2026-09-28,sz,002255,海陆重工,7.52,7.52,7.52,7.21,7.23,10333128,75422301.0
2026-09-28,sz,002256,兆新股份,3.14,3.16,3.22,3.12,3.12,30333526,96090110.02
2026-09-28,sz,002258,利尔化学,14.23,14.5,14.52,13.8,13.93,13264705,185971182.52
2026-09-28,sz,002259,升达林业,4.74,4.79,4.84,4.61,4.81,41533494,197377948.64
2026-09-28,sz,002261,拓维信息,24.93,24.93,24.93,24.07,24.1,24848255,603445297.75
2026-09-28,sz,002262,恩华药业,21.16,21.22,21.76,21.15,21.55,7503422,160984335.1
2026-09-28,sz,002263,大东南,3.16,3.14,3.17,3.06,3.09,32488450,100661403.09
2026-09-28,sz,002264,新 华 都,8.13,7.88,8.09,7.42,7.64,85009734,653929457.61
2026-09-28,sz,002265,建设工业,19.36,19.46,19.46,18.85,18.95,8922302,169662641.48
2026-09-28,sz,002266,浙富控股,4.59,4.6,4.6,4.48,4.53,57377429,259032212.76
2026-09-28,sz,002267,陕天然气,7.12,7.1,7.15,7.08,7.15,4288144,30517793.72
2026-09-28,sz,002268,电科网安,14.74,14.88,14.98,14.47,14.84,16909442,250005205.92
2026-09-28,sz,002269,美邦服饰,1.39,1.39,1.4,1.35,1.36,36996200,50568735.0
2026-09-28,sz,002270,华明装备,17.75,17.69,17.7,16.95,17.02,13772777,236491933.36
2026-09-28,sz,002271,东方雨虹,10.4,10.39,10.46,10.07,10.12,33525344,340970997.6
2026-09-28,sz,002272,川润股份,15.55,15.7,15.7,14.29,14.42,23980303,352254624.01
2026-09-28,sz,002273,水晶光电,25.17,25.18,25.32,23.62,23.85,33089775,799137753.69
2026-09-28,sz,002274,华昌化工,5.95,5.9,5.94,5.75,5.81,17667158,102660134.68
2026-09-28,sz,002275,桂林三金,12.1,12.1,12.16,12.03,12.07,1052900,12703028.0
2026-09-28,sz,002276,万马股份,9.82,9.83,9.85,9.62,9.73,10455268,101460289.16
2026-09-28,sz,002277,友阿股份,5.25,5.24,5.26,5.05,5.07,15260129,78085314.18
2026-09-28,sz,002278,神开股份,7.96,7.96,7.98,7.76,7.89,5790889,45406713.99
2026-09-28,sz,002279,久其软件,6.57,6.54,6.59,6.41,6.47,16596076,107640356.48
2026-09-28,sz,002281,光迅科技,181.99,180.19,180.25,163.79,163.8,37582579,6309946801.49
2026-09-28,sz,002282,博深股份,6.05,6.07,6.15,5.96,6.06,4124600,24935845.0
2026-09-28,sz,002283,天润工业,8.01,7.96,8.03,7.55,7.69,30179897,233322424.6
2026-09-28,sz,002284,亚太股份,9.51,9.51,9.56,9.21,9.22,12477108,116549536.73
2026-09-28,sz,002285,世联行,3.26,3.28,3.49,3.07,3.26,317224933,1039504019.72
2026-09-28,sz,002286,保龄宝,8.46,8.42,8.55,8.15,8.31,25924861,214757098.16
2026-09-28,sz,002287,奇正藏药,19.38,19.46,19.54,19.17,19.29,1176314,22724814.81
2026-09-28,sz,002289,宇顺电子,34.91,34.91,35.29,33.3,33.88,2903440,98433288.62
2026-09-28,sz,002290,禾盛新材,73.89,73.9,74.5,69.31,69.6,8214696,580345194.22
2026-09-28,sz,002291,遥望科技,5.45,5.48,5.65,5.34,5.36,27009102,146529009.45
2026-09-28,sz,002292,奥飞娱乐,8.73,8.81,8.92,8.51,8.55,38445201,333009369.6
2026-09-28,sz,002293,罗莱生活,10.75,10.71,10.83,10.6,10.66,4726157,50594668.09
2026-09-28,sz,002294,信立泰,30.22,30.2,30.5,29.79,29.86,6641213,199342246.03
2026-09-28,sz,002295,精艺股份,9.88,9.8,10.05,9.6,9.65,7878310,76511597.8
2026-09-28,sz,002296,辉煌科技,9.43,9.51,9.76,9.28,9.75,22794046,219018530.45
2026-09-28,sz,002297,博云新材,22.47,22.47,22.51,20.22,20.38,102447439,2154323898.81
2026-09-28,sz,002298,中电鑫龙,8.56,8.5,8.85,8.44,8.61,45371075,393600597.44
2026-09-28,sz,002299,圣农发展,15.7,15.71,15.82,15.54,15.8,6254847,98112437.2
2026-09-28,sz,002300,太阳电缆,8.19,7.9,8.14,7.78,7.83,50296899,400005177.68
2026-09-28,sz,002301,齐心集团,8.91,8.88,8.9,8.35,8.48,40623716,346818526.82
2026-09-28,sz,002302,西部建设,4.69,4.65,4.69,4.6,4.61,4601142,21303311.62
2026-09-28,sz,002303,美盈森,6.35,6.35,6.38,6.03,6.09,101159703,623271886.74
2026-09-28,sz,002304,洋河股份,37.47,37.4,37.53,36.95,37.01,4099955,152274506.26
2026-09-28,sz,002305,*ST南置,2.01,2.01,2.04,2.0,2.02,14207400,28681100.0
2026-09-28,sz,002306,ST云网,2.15,2.15,2.17,2.06,2.11,10258600,21690051.0
2026-09-28,sz,002307,北新路桥,2.93,2.93,2.94,2.87,2.88,18691120,54180446.6
2026-09-28,sz,002309,中利集团,2.85,2.83,2.85,2.74,2.76,63535925,176173215.15
2026-09-28,sz,002310,东方新能,2.26,2.26,2.29,2.23,2.28,79794803,181153464.78
2026-09-28,sz,002311,海大集团,41.1,41.0,41.55,40.42,41.38,11790033,483766133.77
2026-09-28,sz,002312,川发龙蟒,8.21,8.2,8.22,8.03,8.11,17167033,139279160.13
2026-09-28,sz,002313,日海智能,8.98,9.05,9.06,8.6,8.63,17027981,148399504.96
2026-09-28,sz,002314,南山控股,2.27,2.27,2.29,2.24,2.27,28560372,64764807.56
2026-09-28,sz,002315,焦点科技,24.76,24.99,25.35,24.13,24.14,9382839,232216673.55
2026-09-28,sz,002316,亚联发展,4.3,4.31,4.42,4.24,4.36,14486932,62695758.8
2026-09-28,sz,002317,众生药业,23.35,23.35,23.6,22.78,23.11,15519379,358241664.96
2026-09-28,sz,002318,久立特材,18.4,18.34,18.38,17.8,18.08,6817711,123010161.32
2026-09-28,sz,002319,乐通股份,10.22,10.19,10.29,9.89,9.98,6165100,61690633.0
2026-09-28,sz,002320,海峡股份,6.76,6.52,6.57,6.34,6.34,43238503,278599488.88
2026-09-28,sz,002321,华英农业,2.27,2.31,2.38,2.04,2.12,207661586,449534572.17
2026-09-28,sz,002322,理工能科,11.99,11.96,12.09,11.86,12.01,5641018,67474047.02
2026-09-28,sz,002323,*ST雅博,1.25,1.24,1.25,1.21,1.22,36570330,44890251.12
2026-09-28,sz,002324,普利特,8.99,8.95,8.95,8.57,8.67,18669482,162516168.66
2026-09-28,sz,002326,永太科技,16.57,16.57,16.57,15.85,15.99,15054790,242264909.57
2026-09-28,sz,002327,富安娜,6.14,6.12,6.15,6.02,6.06,3105400,18875199.0
2026-09-28,sz,002328,新朋股份,8.75,8.84,8.85,8.22,8.26,61205044,511972438.65
2026-09-28,sz,002329,皇氏集团,3.6,3.6,3.62,3.49,3.54,16617302,58853536.01
2026-09-28,sz,002330,得利斯,4.05,4.05,4.12,4.02,4.1,9182067,37332263.34
2026-09-28,sz,002331,皖通科技,6.8,6.8,6.85,6.67,6.74,5751620,38754208.6
2026-09-28,sz,002332,仙琚制药,8.61,8.63,8.68,8.6,8.65,9109080,78768868.8
2026-09-28,sz,002333,罗普斯金,5.47,5.56,5.86,5.46,5.58,23619002,133462971.38
2026-09-28,sz,002334,英威腾,6.5,6.51,6.52,6.31,6.36,8990129,57295986.16
2026-09-28,sz,002335,科华数据,31.85,31.6,31.78,29.95,30.4,29253754,892880969.89
2026-09-28,sz,002337,赛象科技,4.79,4.77,4.79,4.67,4.7,12766218,60238409.78
2026-09-28,sz,002338,奥普光电,45.85,46.58,46.85,43.0,43.67,8051698,357049586.14
2026-09-28,sz,002339,积成电子,7.55,7.44,7.47,7.0,7.03,26179661,188901917.81
2026-09-28,sz,002340,格林美,6.12,6.11,6.12,5.96,5.99,57949803,347842828.21
2026-09-28,sz,002342,巨力索具,7.89,7.89,8.68,7.56,8.68,238724533,2008963896.16
2026-09-28,sz,002343,慈文传媒,5.72,5.81,5.92,5.56,5.59,11957159,67670043.05
2026-09-28,sz,002344,海宁皮城,3.99,3.99,4.02,3.93,3.95,8374001,33279118.8
2026-09-28,sz,002345,潮宏基,8.47,8.48,8.49,8.26,8.3,8157401,68049966.26
2026-09-28,sz,002346,柘中股份,18.41,18.41,18.49,17.75,17.97,5977133,108005181.61
2026-09-28,sz,002347,泰尔股份,5.84,5.9,6.42,5.87,6.42,49215452,311388253.84
2026-09-28,sz,002348,高乐股份,11.01,11.13,11.16,10.36,10.49,15791911,167217439.94
2026-09-28,sz,002349,精华制药,8.46,8.61,8.77,8.38,8.68,72860550,626642363.47
2026-09-28,sz,002350,北京科锐,13.71,13.72,13.8,13.25,13.42,4732532,63467056.52
2026-09-28,sz,002351,漫步者,9.87,9.88,10.02,9.75,9.87,6425246,63339517.75
2026-09-28,sz,002352,顺丰控股,30.54,30.54,30.7,30.3,30.44,11038929,336162774.82
2026-09-28,sz,002353,杰瑞股份,116.02,115.78,116.29,108.51,110.4,17769787,1970513263.52
2026-09-28,sz,002354,天娱数科,7.48,7.49,7.52,7.11,7.15,125253982,902815907.18
2026-09-28,sz,002355,兴民智通,4.64,4.63,4.67,4.5,4.6,9076290,41695808.57
2026-09-28,sz,002356,鹏飞绿能,2.67,2.67,2.69,2.62,2.62,11658282,30750950.94
2026-09-28,sz,002357,富临运业,11.72,11.75,12.0,11.2,11.37,6688534,76508067.56
2026-09-28,sz,002358,森源电气,5.13,5.13,5.16,5.06,5.09,7344311,37409237.86
2026-09-28,sz,002360,ST同德,5.5,5.6,5.78,5.52,5.58,8775700,49365320.0
2026-09-28,sz,002361,神剑股份,10.14,10.05,10.36,9.78,10.14,88048625,886879181.63
2026-09-28,sz,002362,汉王科技,15.75,15.81,16.47,15.55,15.85,6960465,110620243.05
2026-09-28,sz,002363,隆基机械,6.9,6.86,6.92,6.79,6.88,5045537,34589682.61
2026-09-28,sz,002364,中恒电气,34.92,34.92,34.99,32.28,32.61,20712871,686818339.05
2026-09-28,sz,002365,永安药业,13.48,13.43,13.56,13.1,13.18,21207924,281129959.87
2026-09-28,sz,002366,融发核电,5.58,5.56,5.56,5.42,5.48,17490932,95752439.32
2026-09-28,sz,002367,康力电梯,5.97,5.97,5.98,5.69,5.75,26307783,151960970.73
2026-09-28,sz,002368,太极股份,12.98,12.91,12.92,12.49,12.59,6496400,82013695.0
2026-09-28,sz,002369,卓翼科技,5.56,5.54,5.58,5.42,5.51,9602398,52732211.39
2026-09-28,sz,002370,亚太药业,5.12,5.12,5.17,5.06,5.09,9078082,46234451.1
2026-09-28,sz,002371,北方华创,653.06,654.19,655.6,625.13,633.93,5960740,3796812076.64
2026-09-28,sz,002372,伟星新材,8.17,8.11,8.2,8.03,8.09,5858700,47406664.54
2026-09-28,sz,002373,千方科技,7.29,7.29,7.33,7.15,7.26,11007497,79612430.15
2026-09-28,sz,002374,中锐股份,3.22,3.3,3.3,3.21,3.27,29141694,95138528.11
2026-09-28,sz,002375,亚厦股份,3.85,3.82,3.85,3.73,3.77,19029100,71844335.0
2026-09-28,sz,002376,新北洋,6.75,6.79,6.79,6.6,6.67,8029670,53587193.51
2026-09-28,sz,002377,国创高新,2.95,2.95,2.98,2.88,2.89,38838753,113355526.72
2026-09-28,sz,002378,章源钨业,22.5,22.47,22.47,21.27,21.36,15383184,332210954.28
2026-09-28,sz,002379,宏桥控股,16.11,15.9,16.0,15.67,15.77,19244024,304384248.34
2026-09-28,sz,002380,科远智慧,27.02,27.01,27.03,26.04,26.62,3108809,82521774.78
2026-09-28,sz,002381,双箭股份,5.55,5.6,5.61,5.5,5.56,4040031,22426620.81
2026-09-28,sz,002382,蓝帆医疗,5.95,5.94,6.18,5.94,6.09,26118831,158971237.29
2026-09-28,sz,002383,合众思壮,8.3,8.2,8.47,7.82,8.1,29112462,237676377.88
2026-09-28,sz,002384,东山精密,185.99,184.08,184.61,167.84,168.28,57805568,10009354159.42
2026-09-28,sz,002385,大北农,3.09,3.09,3.1,3.02,3.06,52597200,160481835.0
2026-09-28,sz,002386,天原股份,5.95,5.97,5.98,5.75,5.75,17079471,99308104.84
2026-09-28,sz,002387,维信诺,6.87,6.96,6.97,6.65,6.7,9996919,67485090.73
2026-09-28,sz,002388,新亚制程,7.76,7.82,8.16,7.57,7.78,49128560,385773605.8
2026-09-28,sz,002389,航天彩虹,18.31,18.36,18.36,17.89,18.08,10657457,192549536.85
2026-09-28,sz,002390,信邦制药,2.91,2.9,2.94,2.88,2.94,20636745,60127830.93
2026-09-28,sz,002391,长青股份,5.12,5.12,5.14,5.0,5.07,7153900,36159473.0
2026-09-28,sz,002392,北京利尔,7.6,7.59,7.6,7.41,7.48,9314888,69737657.84
2026-09-28,sz,002393,力生制药,13.82,13.82,13.96,13.75,13.85,1736472,24018339.33
2026-09-28,sz,002394,联发股份,10.23,10.32,10.57,10.18,10.28,7436705,77089394.25
2026-09-28,sz,002395,双象股份,14.05,14.38,15.46,13.91,13.98,30060102,438208562.22
2026-09-28,sz,002396,星网锐捷,36.65,35.92,36.18,32.99,32.99,60485691,2042213057.66
2026-09-28,sz,002397,梦洁股份,3.62,3.62,3.66,3.55,3.57,11260200,40379059.0
2026-09-28,sz,002398,垒知集团,4.27,4.24,4.29,4.19,4.26,12746989,53987154.47
2026-09-28,sz,002399,海普瑞,9.58,9.63,9.7,9.57,9.66,3231383,31111697.24
2026-09-28,sz,002400,省广集团,6.46,6.45,6.45,6.22,6.26,44316054,278466460.91
2026-09-28,sz,002401,中远海科,12.06,12.0,12.08,11.9,11.99,1952519,23419885.88
2026-09-28,sz,002402,和而泰,18.37,18.31,18.48,17.67,17.81,18645049,334103503.01
2026-09-28,sz,002403,爱仕达,10.33,10.44,10.77,10.18,10.47,24393349,253325366.27
2026-09-28,sz,002404,嘉欣丝绸,5.88,5.94,5.94,5.78,5.8,6894720,40199284.2
2026-09-28,sz,002405,四维图新,5.95,5.92,5.96,5.82,5.89,22820575,134063083.5
2026-09-28,sz,002406,远东传动,6.45,6.48,6.48,6.37,6.41,8279939,53167182.71
2026-09-28,sz,002407,多氟多,30.92,30.98,30.98,29.57,29.75,50512731,1518153745.8
2026-09-28,sz,002408,齐翔腾达,5.32,5.31,5.32,5.16,5.23,15704326,81942940.7
2026-09-28,sz,002409,雅克科技,132.62,131.38,132.0,124.18,124.7,13226796,1679071077.79
2026-09-28,sz,002410,广联达,8.4,8.4,8.43,8.27,8.31,17893743,148998888.35
2026-09-28,sz,002412,汉森制药,9.1,9.18,9.18,8.77,8.84,27690118,246115789.08
2026-09-28,sz,002413,雷科防务,8.97,9.31,9.57,9.01,9.18,306824908,2846523515.43
2026-09-28,sz,002414,高德红外,11.88,11.87,11.87,11.31,11.37,43221199,495831515.03
2026-09-28,sz,002415,海康威视,32.63,32.54,32.64,31.99,32.16,38456004,1240524884.5
2026-09-28,sz,002416,爱施德,9.06,9.05,9.07,8.77,8.8,11298672,100116528.52
2026-09-28,sz,002418,康盛股份,4.47,4.52,4.54,4.25,4.28,68094330,293599437.6
2026-09-28,sz,002419,天虹股份,4.55,4.57,4.59,4.52,4.56,11466093,52207479.15
2026-09-28,sz,002420,毅昌科技,6.08,6.1,6.13,5.95,6.02,6679900,40278692.0
2026-09-28,sz,002421,达实智能,3.11,3.19,3.26,3.08,3.13,152734964,479663417.71
2026-09-28,sz,002422,科伦药业,38.86,38.86,39.69,38.44,38.6,14376656,559415292.74
2026-09-28,sz,002423,中粮资本,9.05,9.05,9.16,8.98,9.05,9814700,88888695.0
2026-09-28,sz,002424,ST百灵,4.61,4.63,4.72,4.57,4.71,11999100,55563932.0
2026-09-28,sz,002425,凯撒文化,3.04,3.02,3.07,2.97,3.03,22426140,67536292.0
2026-09-28,sz,002426,胜利精密,2.8,2.81,2.84,2.63,2.67,181694691,490807854.52
2026-09-28,sz,002427,尤夫股份,4.52,4.52,4.55,4.44,4.48,7113586,31854846.42
2026-09-28,sz,002428,云南锗业,91.63,90.9,92.0,85.6,87.77,39971252,3528454217.08
2026-09-28,sz,002429,兆驰股份,8.3,8.29,8.3,7.97,8.03,69676785,562674347.89
2026-09-28,sz,002430,杭氧股份,24.9,24.83,24.9,23.8,24.12,10018115,242070212.15
2026-09-28,sz,002431,ST棕榈,1.31,1.32,1.33,1.28,1.29,14139700,18312315.0
2026-09-28,sz,002432,九安医疗,61.68,61.94,62.1,58.56,59.18,11077147,659311475.67
2026-09-28,sz,002434,万里扬,6.17,6.14,6.33,6.12,6.18,18479647,114903944.89
2026-09-28,sz,002436,兴森科技,43.31,43.69,43.87,41.0,41.14,89616372,3760702222.03
2026-09-28,sz,002437,誉衡药业,3.5,3.5,3.54,3.4,3.45,155925393,537459814.95
2026-09-28,sz,002438,江苏神通,13.76,13.76,14.07,13.68,13.94,7511135,104412053.07
2026-09-28,sz,002439,启明星辰,14.35,14.6,14.63,14.15,14.35,38014200,545834917.01
2026-09-28,sz,002440,闰土股份,12.79,12.7,13.41,12.55,13.2,44986420,585175375.71
2026-09-28,sz,002441,众业达,8.16,8.13,8.21,8.05,8.14,3029406,24603800.03
2026-09-28,sz,002442,龙星科技,5.42,5.33,5.35,5.17,5.23,25388701,132978119.22
2026-09-28,sz,002443,金洲管道,12.93,12.8,12.88,12.27,12.42,32818986,408116905.34
2026-09-28,sz,002444,巨星科技,27.28,27.36,27.65,26.78,26.96,8072920,218628697.72
2026-09-28,sz,002445,中南文化,3.11,3.12,3.14,3.06,3.08,40248688,124367246.38
2026-09-28,sz,002446,盛路通信,8.15,8.07,8.1,7.67,7.75,29964512,234171278.08
2026-09-28,sz,002448,中原内配,10.89,10.89,10.96,10.66,10.74,9390820,101255572.1
2026-09-28,sz,002449,国星光电,6.59,6.58,6.66,6.4,6.47,8300780,53855913.0
2026-09-28,sz,002451,摩恩电气,7.62,7.64,7.67,7.32,7.46,8738364,64881824.62
2026-09-28,sz,002452,长高电气,11.59,11.68,11.7,11.07,11.22,10123237,114018768.97
2026-09-28,sz,002453,华软科技,5.02,4.92,4.92,4.52,4.6,63719838,294640881.28
2026-09-28,sz,002454,松芝股份,5.14,5.13,5.2,5.07,5.11,9471819,48572742.58
2026-09-28,sz,002455,百川股份,6.79,6.85,6.86,6.59,6.65,17259744,114999207.37
2026-09-28,sz,002456,欧菲光,6.69,6.7,6.72,6.49,6.51,61022856,400337455.36
2026-09-28,sz,002457,青龙管业,11.09,11.02,11.2,10.81,10.87,12868237,140309061.98
2026-09-28,sz,002458,益生股份,8.09,8.09,8.15,7.99,8.12,22330480,180031968.16
2026-09-28,sz,002459,晶澳科技,6.7,6.73,6.8,6.5,6.56,27539884,181968104.97
2026-09-28,sz,002460,赣锋锂业,43.68,43.0,43.21,41.67,41.9,28920673,1220897755.64
2026-09-28,sz,002461,珠江啤酒,8.15,8.15,8.33,8.11,8.29,5284100,43727145.0
2026-09-28,sz,002462,嘉事堂,12.24,12.26,12.43,12.17,12.24,2159786,26473231.64
2026-09-28,sz,002463,沪电股份,124.05,123.0,123.75,116.23,117.2,42123735,4997113199.21
2026-09-28,sz,002465,海格通信,10.31,10.24,10.29,9.91,10.0,57307504,574386277.41
2026-09-28,sz,002466,天齐锂业,40.9,40.18,40.37,39.27,39.41,26326277,1045243314.03
2026-09-28,sz,002467,二六三,4.82,4.83,5.02,4.76,4.99,114198555,560851292.55
2026-09-28,sz,002468,申通快递,14.87,14.75,14.85,14.5,14.61,9122276,133531511.41
2026-09-28,sz,002469,三维化学,6.03,6.01,6.07,5.96,5.99,4830915,29014509.8
2026-09-28,sz,002470,金正大,2.02,2.01,2.02,1.93,1.95,111219400,218176514.0
2026-09-28,sz,002471,中超控股,5.52,5.51,5.56,5.2,5.26,68342811,363111567.79
2026-09-28,sz,002472,双环传动,38.94,39.04,39.43,38.47,38.79,19394207,755153583.56
2026-09-28,sz,002474,榕基软件,6.36,6.37,6.44,6.22,6.39,18772928,119350132.21
2026-09-28,sz,002475,立讯精密,52.0,52.06,52.17,49.3,49.92,92859513,4654262384.05
2026-09-28,sz,002476,新叶股份,5.02,5.01,5.01,4.8,4.87,8845287,43056352.66
2026-09-28,sz,002478,常宝股份,6.72,6.77,6.78,6.37,6.41,23341826,151346367.32
2026-09-28,sz,002479,富春环保,5.83,5.81,5.89,5.74,5.8,11469594,66446972.9
2026-09-28,sz,002480,新筑股份,5.14,5.1,5.65,5.1,5.65,29403384,162545729.58
2026-09-28,sz,002481,双塔食品,4.16,4.16,4.27,4.14,4.25,12009587,50377848.4
2026-09-28,sz,002482,广田集团,1.33,1.34,1.35,1.32,1.33,56378271,75132602.57
2026-09-28,sz,002483,润邦股份,6.02,6.02,6.06,5.83,5.86,14323010,84868647.13
2026-09-28,sz,002484,江海股份,57.96,57.86,57.96,52.16,52.16,39105620,2091266982.34
2026-09-28,sz,002485,ST雪发,5.88,5.85,5.89,5.73,5.76,1730489,9996180.72
2026-09-28,sz,002486,嘉麟杰,2.73,2.72,2.73,2.66,2.68,18800500,50454806.0
2026-09-28,sz,002487,大金重工,39.77,40.33,41.7,38.0,41.38,80959487,3228182078.43
2026-09-28,sz,002488,金固股份,7.34,7.34,7.37,7.04,7.19,16957217,121118436.84
2026-09-28,sz,002489,浙江永强,3.04,3.06,3.09,2.84,2.92,45367332,132004180.16
2026-09-28,sz,002490,山东墨龙,7.15,7.15,7.15,6.89,6.96,16226300,113103034.3
2026-09-28,sz,002491,通鼎互联,23.8,23.6,23.8,21.42,21.42,112730154,2477163031.83
2026-09-28,sz,002492,恒基达鑫,6.32,6.32,6.41,6.15,6.36,8382800,52921630.0
2026-09-28,sz,002493,荣盛石化,13.11,13.04,13.85,12.98,13.69,62486386,850326528.63
2026-09-28,sz,002494,华斯股份,5.0,4.99,5.02,4.82,4.84,18969176,92689710.67
2026-09-28,sz,002495,佳隆股份,2.4,2.41,2.44,2.38,2.42,20141173,48560715.2
2026-09-28,sz,002496,辉丰股份,2.13,2.11,2.14,2.07,2.09,15246900,31945333.0
2026-09-28,sz,002497,雅化集团,15.94,15.82,15.82,15.34,15.44,21691011,335713422.15
2026-09-28,sz,002498,汉缆股份,6.3,6.25,6.26,6.02,6.1,43917152,267986100.19
2026-09-28,sz,002500,山西证券,5.14,5.14,5.15,5.03,5.09,17853950,90608516.5
2026-09-28,sz,002501,*ST利源,1.3,1.29,1.3,1.26,1.27,27033100,34483645.0
2026-09-28,sz,002506,协鑫集成,2.36,2.35,2.39,2.27,2.31,160194323,370960294.62
2026-09-28,sz,002507,涪陵榨菜,11.04,11.09,11.13,11.02,11.09,4928313,54552329.49
2026-09-28,sz,002508,老板电器,16.58,16.58,16.7,16.31,16.55,6707953,110748003.03
2026-09-28,sz,002510,天汽模,5.65,5.65,5.73,5.58,5.61,15262341,86012555.65
2026-09-28,sz,002511,中顺洁柔,6.91,6.91,6.93,6.8,6.86,7490900,51334323.0
2026-09-28,sz,002512,ST达华,3.88,3.82,3.83,3.68,3.7,19098602,71424506.58
2026-09-28,sz,002513,蓝丰生化,5.31,5.31,5.4,5.2,5.32,7883901,41810506.27
2026-09-28,sz,002514,*ST宝馨,2.49,2.51,2.62,2.48,2.54,31431911,79802193.16
2026-09-28,sz,002515,金字火腿,7.4,7.4,7.4,7.0,7.08,58387839,414188888.83
2026-09-28,sz,002516,旷达科技,5.76,5.72,5.79,5.53,5.59,19379393,108501477.95
2026-09-28,sz,002517,恺英网络,16.17,16.1,16.15,15.51,15.68,30917725,486442176.37
2026-09-28,sz,002518,科士达,37.12,37.05,37.07,33.51,33.9,17396612,606318397.84
2026-09-28,sz,002519,银河电子,5.9,5.88,6.18,5.64,5.67,53585269,308993905.66
2026-09-28,sz,002520,日发精机,6.46,6.52,6.6,6.33,6.41,44740158,288043099.83
2026-09-28,sz,002521,齐峰新材,6.28,6.28,6.29,6.1,6.13,4647300,28650239.0
2026-09-28,sz,002522,浙江众成,5.59,5.57,5.57,5.21,5.25,51744855,274926274.82
2026-09-28,sz,002523,天桥起重,3.38,3.4,3.43,3.36,3.4,19390571,65763891.04
2026-09-28,sz,002524,光正眼科,4.03,4.08,4.1,3.98,4.03,14014887,56368714.0
2026-09-28,sz,002526,山东矿机,2.6,2.6,2.61,2.55,2.56,14052894,36128664.4
2026-09-28,sz,002527,新时达,10.75,10.81,10.88,10.41,10.47,5267883,55745247.77
2026-09-28,sz,002528,*ST英飞,5.73,5.77,6.05,5.75,5.92,18957147,112166865.22
2026-09-28,sz,002529,海源复材,6.59,6.63,6.72,6.52,6.61,4653025,30707726.25
2026-09-28,sz,002530,金财互联,7.03,7.09,7.09,6.88,6.94,7431599,51696142.51
2026-09-28,sz,002531,天顺风能,7.44,7.37,7.8,7.12,7.78,153821554,1157570907.78
2026-09-28,sz,002532,天山铝业,12.11,11.91,11.96,11.68,11.75,42428082,500533173.73
2026-09-28,sz,002533,金杯电工,10.91,10.81,10.88,10.58,10.71,4143083,44290324.19
2026-09-28,sz,002534,西子洁能,17.41,17.27,17.44,16.3,16.7,13454100,223980446.77
2026-09-28,sz,002535,林州重机,2.42,2.43,2.47,2.37,2.42,14443100,34902322.0
2026-09-28,sz,002536,飞龙股份,50.67,50.47,50.6,46.3,46.5,35707236,1698668050.52
2026-09-28,sz,002537,海联金汇,5.62,5.63,5.64,5.51,5.57,14262432,79300554.28
2026-09-28,sz,002538,ST司特,6.61,7.15,7.15,6.79,6.83,19870571,138120100.74
2026-09-28,sz,002539,云图控股,12.04,12.0,12.18,11.66,11.77,10085122,119479699.46
2026-09-28,sz,002540,亚太科技,4.98,4.98,4.99,4.88,4.91,9000195,44312821.92
2026-09-28,sz,002541,鸿路钢构,18.26,18.28,18.59,17.83,18.26,14954345,271165296.0
2026-09-28,sz,002542,*ST中岩,1.63,1.63,1.63,1.52,1.53,23011706,35823745.18
2026-09-28,sz,002543,万和电气,7.11,7.12,7.56,7.1,7.37,14559408,106658786.22
2026-09-28,sz,002544,普天科技,15.69,15.69,15.72,15.17,15.26,12088548,185546425.61
2026-09-28,sz,002545,东方铁塔,14.79,14.71,14.81,13.69,13.82,33887922,477956192.28
2026-09-28,sz,002546,新联电子,7.37,7.4,7.4,7.2,7.26,8111992,58942719.66
2026-09-28,sz,002547,*ST春兴,2.45,2.47,2.54,2.38,2.4,39542800,97629648.0
2026-09-28,sz,002548,金新农,3.82,3.84,3.95,3.77,3.86,23104830,88548136.84
2026-09-28,sz,002549,凯美特气,13.05,13.05,13.05,12.42,12.55,12142565,153103540.23
2026-09-28,sz,002550,千红制药,6.36,6.37,6.43,6.31,6.35,8736623,55496249.93
2026-09-28,sz,002551,尚荣医疗,3.35,3.35,3.38,3.31,3.36,10678974,35693890.96
2026-09-28,sz,002552,宝鼎科技,49.88,49.63,49.76,45.62,46.42,17326450,816241138.0
2026-09-28,sz,002553,南方精工,16.27,16.21,17.35,16.11,17.34,37017145,626232311.71
2026-09-28,sz,002554,惠博普,2.76,2.75,2.76,2.69,2.71,15141934,41190611.82
2026-09-28,sz,002555,三七互娱,17.38,17.37,17.42,17.02,17.05,15452605,264768542.94
2026-09-28,sz,002556,辉隆股份,5.08,5.06,5.1,5.01,5.06,9544281,48196546.01
2026-09-28,sz,002557,洽洽食品,18.2,18.4,18.5,18.27,18.44,6741040,124044285.36
2026-09-28,sz,002558,巨人网络,23.62,23.62,23.64,22.12,22.18,60647197,1373978954.11
2026-09-28,sz,002559,亚威股份,8.97,8.92,8.97,8.55,8.68,20006950,174004211.44
2026-09-28,sz,002560,通达股份,6.8,6.73,6.77,6.41,6.5,38547092,250941561.54
2026-09-28,sz,002561,徐家汇,7.33,7.33,7.4,7.23,7.28,4993318,36390632.86
2026-09-28,sz,002562,兄弟科技,5.0,5.0,5.05,4.77,4.79,26189432,126905925.18
2026-09-28,sz,002563,森马服饰,5.44,5.44,5.5,5.38,5.41,14749471,80135641.4
2026-09-28,sz,002564,天沃科技,5.28,5.2,5.4,5.07,5.1,40879305,209846533.91
2026-09-28,sz,002565,顺灏股份,8.78,8.53,8.93,8.38,8.53,107222178,922379417.5
2026-09-28,sz,002566,益盛药业,6.96,6.99,7.06,6.93,7.01,4619102,32326243.94
2026-09-28,sz,002567,唐人神,3.58,3.58,3.64,3.53,3.63,20453486,73344402.04
2026-09-28,sz,002568,百润股份,19.25,19.45,19.89,19.2,19.41,20642101,402277985.81
2026-09-28,sz,002569,*ST步森,11.43,11.35,11.78,11.34,11.59,1990200,22983590.0
2026-09-28,sz,002570,贝因美,4.38,4.4,4.42,4.33,4.37,14871021,64975207.28
2026-09-28,sz,002571,德力股份,10.97,11.07,11.07,10.67,10.82,3197900,34448544.0
2026-09-28,sz,002572,索菲亚,7.45,7.42,7.47,7.33,7.42,6059500,44789822.91
2026-09-28,sz,002573,清新环境,3.11,3.12,3.13,3.06,3.08,10177242,31442229.04
2026-09-28,sz,002574,明牌珠宝,4.97,4.97,4.99,4.88,4.94,6795918,33480651.26
2026-09-28,sz,002575,群兴玩具,5.06,5.12,5.13,4.95,4.99,15681901,78638781.98
2026-09-28,sz,002576,通达动力,14.49,14.51,14.7,14.33,14.53,2659108,38557391.11
2026-09-28,sz,002577,雷柏科技,21.9,22.01,22.01,21.09,21.41,5651927,120627829.51
2026-09-28,sz,002578,闽发铝业,4.08,4.07,4.16,3.98,4.12,22820400,92828449.0
2026-09-28,sz,002579,中京电子,19.22,18.39,18.98,17.3,17.3,110776975,1980713723.51
2026-09-28,sz,002580,圣阳股份,18.4,18.35,18.81,17.61,18.21,34521750,623993833.68
2026-09-28,sz,002581,*ST未名,4.97,5.04,5.11,4.76,4.76,6045900,29568240.0
2026-09-28,sz,002582,好想你,9.45,9.46,9.5,9.22,9.31,9279700,86547387.0
2026-09-28,sz,002583,海能达,8.03,8.75,8.83,8.35,8.46,91568767,789627988.8
2026-09-28,sz,002584,西陇科学,8.79,8.91,8.95,8.54,8.57,70843776,614633065.94
2026-09-28,sz,002585,双星新材,11.2,11.08,11.11,10.36,10.46,89857796,951587677.19
2026-09-28,sz,002586,围海股份,3.74,3.76,3.77,3.58,3.65,5578100,20397520.0
2026-09-28,sz,002587,奥拓电子,5.25,5.23,5.3,5.13,5.19,9586770,49896386.33
2026-09-28,sz,002588,史丹利,7.54,7.55,7.57,7.32,7.36,11676200,86272361.2
2026-09-28,sz,002589,瑞康医药,3.32,3.32,3.35,3.21,3.25,94098214,306493418.5
2026-09-28,sz,002590,万安科技,9.6,9.59,9.65,9.43,9.47,4024184,38243662.23
2026-09-28,sz,002591,恒大高新,6.37,6.34,6.4,6.2,6.34,9629208,60679658.14
2026-09-28,sz,002592,ST八菱,6.36,6.37,6.37,6.16,6.19,2283600,14203578.0
2026-09-28,sz,002593,日上集团,4.63,4.6,4.65,4.56,4.59,11851000,54460108.0
2026-09-28,sz,002594,比亚迪,84.34,83.61,84.28,83.18,83.35,18236497,1524934515.98
2026-09-28,sz,002595,豪迈科技,38.94,38.97,39.04,37.91,38.24,3755487,143784222.92
2026-09-28,sz,002596,海南瑞泽,3.22,3.22,3.27,3.16,3.22,16703103,53448071.57
2026-09-28,sz,002597,金禾实业,21.56,21.62,21.69,20.92,21.06,4076130,86004890.0
2026-09-28,sz,002598,ST章鼓,6.9,6.89,6.9,6.78,6.79,1830800,12488070.0
2026-09-28,sz,002599,盛通股份,5.58,5.58,5.62,5.46,5.51,4621490,25488072.78
2026-09-28,sz,002600,领益智造,12.23,12.16,12.25,11.8,12.01,72584079,871902747.94
2026-09-28,sz,002601,龙佰集团,15.0,15.0,15.0,14.68,14.75,9675300,143241802.2
2026-09-28,sz,002602,世纪华通,14.23,14.37,14.41,13.77,13.87,66448914,929953595.49
2026-09-28,sz,002603,以岭药业,15.14,15.15,15.28,15.06,15.15,9223260,139889977.0
2026-09-28,sz,002605,姚记科技,16.43,16.43,16.5,16.21,16.27,2322434,37873530.5
2026-09-28,sz,002606,大连电瓷,12.16,12.16,12.16,11.75,11.84,9189409,108948705.69
2026-09-28,sz,002607,中公教育,1.88,1.87,1.88,1.81,1.83,113705279,208382407.79
2026-09-28,sz,002608,江苏国信,7.24,7.22,7.27,7.2,7.25,8593770,62175475.1
2026-09-28,sz,002609,捷顺科技,7.81,7.82,7.99,7.76,7.9,7036354,55518518.69
2026-09-28,sz,002611,东方精工,14.44,14.31,14.84,14.28,14.71,32271269,471828279.05
2026-09-28,sz,002612,朗姿股份,17.14,17.76,17.94,16.81,16.99,15342957,266061149.82
2026-09-28,sz,002613,北玻股份,3.41,3.38,3.46,3.29,3.29,36085740,120370463.4
2026-09-28,sz,002614,奥佳华,8.33,9.13,9.13,7.66,8.5,189171249,1574292219.1
2026-09-28,sz,002615,哈尔斯,6.35,6.41,6.49,6.3,6.35,8195960,52276091.15
2026-09-28,sz,002616,长青集团,4.81,4.81,4.82,4.74,4.77,5326268,25465808.4
2026-09-28,sz,002617,露笑科技,6.68,6.66,6.78,6.55,6.75,92330378,617496077.59
2026-09-28,sz,002620,*ST瑞和,5.72,5.72,5.72,5.18,5.2,9464500,51223152.0
2026-09-28,sz,002622,皓宸医疗,2.72,2.67,2.67,2.46,2.55,102069969,257910788.1
2026-09-28,sz,002623,亚玛顿,19.05,19.43,19.79,18.52,18.78,12765976,245205378.6
2026-09-28,sz,002624,完美世界,9.69,9.58,9.63,9.32,9.37,41672023,392590724.66
2026-09-28,sz,002625,光启技术,24.97,24.97,25.12,22.47,22.47,46533324,1090506217.07
2026-09-28,sz,002626,金达威,16.19,16.38,16.38,15.96,16.02,3210294,51647915.92
2026-09-28,sz,002627,三峡旅游,6.6,6.63,6.69,6.44,6.5,7429597,48417315.5
2026-09-28,sz,002628,成都路桥,5.0,4.99,4.99,4.79,4.86,18553836,90004065.37
2026-09-28,sz,002629,仁智股份,4.29,4.29,4.36,4.23,4.31,10890636,46815287.72
2026-09-28,sz,002630,*ST华西,1.59,1.58,1.59,1.48,1.49,22526318,34037913.04
2026-09-28,sz,002631,德尔未来,13.93,13.89,14.02,12.95,12.99,61147011,820617887.16
2026-09-28,sz,002632,道明光学,9.59,9.55,9.62,9.08,9.12,13277507,122886192.24
2026-09-28,sz,002633,申科股份,15.86,15.78,16.18,15.02,15.27,7766546,119585965.98
2026-09-28,sz,002634,*ST棒杰,4.04,4.05,4.05,3.91,4.04,6407500,25452147.0
2026-09-28,sz,002635,安洁科技,15.81,15.94,15.97,14.56,14.72,44272236,668819875.51
2026-09-28,sz,002636,金安国纪,80.88,78.3,82.72,77.14,79.3,45560928,3639974627.01
2026-09-28,sz,002637,赞宇科技,10.47,10.61,10.65,10.15,10.18,14145918,145263043.55
2026-09-28,sz,002638,勤上股份,4.93,5.02,5.09,4.81,4.87,78838225,388699445.27
2026-09-28,sz,002639,雪人集团,14.28,14.02,15.25,14.01,14.25,107836578,1566766064.91
2026-09-28,sz,002640,跨境通,3.6,3.8,3.96,3.79,3.96,267571268,1049611658.61
2026-09-28,sz,002641,公元股份,3.78,3.77,3.8,3.73,3.75,5433539,20388299.69
2026-09-28,sz,002642,荣联科技,6.81,6.85,7.07,6.76,6.88,13197282,91125274.63
2026-09-28,sz,002643,万润股份,13.06,13.04,13.04,12.43,12.56,13990622,176623354.06
2026-09-28,sz,002644,佛慈制药,8.14,8.19,8.31,8.14,8.26,4966649,40825418.16
2026-09-28,sz,002645,华宏科技,18.2,18.1,18.2,17.0,17.06,24656195,432770624.96
2026-09-28,sz,002646,天佑德酒,7.08,7.09,7.46,6.97,7.08,14882731,106380666.37
2026-09-28,sz,002647,仁东控股,11.75,11.7,11.82,11.19,11.51,27908300,318986582.65
2026-09-28,sz,002648,卫星化学,26.64,26.52,26.95,26.31,26.79,31158842,833579346.5
2026-09-28,sz,002649,博彦科技,9.14,9.16,9.19,8.95,9.05,6677111,60395070.53
2026-09-28,sz,002650,ST加加,6.54,6.31,6.59,6.23,6.32,6482708,41322996.8
2026-09-28,sz,002651,利君股份,8.13,8.11,8.2,7.87,7.94,9247346,73741821.24
2026-09-28,sz,002652,扬子新材,4.58,4.64,4.66,4.42,4.46,12404760,55642845.8
2026-09-28,sz,002653,海思科,61.31,61.4,61.91,60.31,60.71,3851500,234027440.0
2026-09-28,sz,002654,万润科技,13.21,13.15,13.19,12.35,12.5,34166074,431416218.68
2026-09-28,sz,002655,共达电声,37.43,37.23,37.7,34.0,34.52,22654190,799805232.6
2026-09-28,sz,002656,摩登大道,2.76,2.8,2.8,2.74,2.76,10788900,29793064.0
2026-09-28,sz,002657,中科金财,14.89,14.89,14.89,14.31,14.49,5561874,80777488.34
2026-09-28,sz,002658,雪迪龙,7.32,7.32,7.69,7.21,7.27,7435594,54753107.98
2026-09-28,sz,002659,凯文教育,4.69,4.68,4.74,4.6,4.66,13768800,64090180.0
2026-09-28,sz,002660,茂硕电源,7.83,7.87,7.95,7.7,7.76,5145775,40066284.44
2026-09-28,sz,002661,克明食品,7.55,7.6,7.6,7.49,7.56,5562500,41969682.0
2026-09-28,sz,002662,峰璟股份,3.1,3.11,3.12,3.07,3.1,9334500,28895661.35
2026-09-28,sz,002663,普邦股份,1.7,1.7,1.72,1.69,1.71,26926946,45889661.71
2026-09-28,sz,002664,信质集团,14.72,14.66,14.83,14.3,14.35,4195020,60652075.9
2026-09-28,sz,002666,德联集团,4.24,4.24,4.25,4.15,4.17,10116281,42365285.2
2026-09-28,sz,002667,*ST威领,21.02,20.95,22.5,19.97,22.0,19639267,419406173.7
2026-09-28,sz,002668,TCL智家,8.93,8.95,9.05,8.7,8.76,13621959,120425416.74
2026-09-28,sz,002669,康达新材,15.15,14.8,16.6,14.47,14.76,53365800,826300928.24
2026-09-28,sz,002670,国盛证券,11.48,11.13,11.19,10.93,11.03,19605957,216486927.54
2026-09-28,sz,002671,龙泉股份,4.03,4.03,4.06,3.98,4.02,9387870,37691481.6
2026-09-28,sz,002672,东江环保,3.71,3.8,3.94,3.59,3.67,36012985,133072460.66
2026-09-28,sz,002673,西部证券,6.61,6.6,6.62,6.49,6.53,20144181,131504447.14
2026-09-28,sz,002674,兴业科技,20.42,20.41,20.41,19.46,19.5,9184500,181324066.73
2026-09-28,sz,002675,东诚药业,12.68,12.68,12.76,12.59,12.65,3630331,45931779.22
2026-09-28,sz,002676,顺威股份,5.26,5.23,5.29,5.12,5.24,9840398,51254247.15
2026-09-28,sz,002677,浙江美大,6.4,6.37,6.55,6.18,6.18,10851992,68165337.0
2026-09-28,sz,002678,珠江钢琴,4.39,4.39,4.42,4.29,4.34,6951709,30117935.91
2026-09-28,sz,002679,福建金森,11.58,11.1,12.73,10.83,11.86,38161023,437748698.07
2026-09-28,sz,002681,奋达科技,4.49,4.47,4.51,4.39,4.42,31444578,139247051.99
2026-09-28,sz,002682,龙洲股份,5.05,4.93,5.0,4.89,4.92,29996632,148084949.92
2026-09-28,sz,002683,广东宏大,28.26,28.1,28.2,26.85,27.06,6924885,188750170.6
2026-09-28,sz,002685,华东重机,5.48,5.45,5.48,5.2,5.24,25684545,135950516.5
2026-09-28,sz,002686,亿利达,6.21,6.22,6.26,6.1,6.23,7132507,44094759.26
2026-09-28,sz,002687,乔治白,5.77,5.86,5.94,5.5,5.7,22734064,128291575.89
2026-09-28,sz,002688,金河生物,5.15,5.15,5.19,5.1,5.15,4704279,24158841.27
2026-09-28,sz,002689,ST远智,2.93,2.95,2.95,2.84,2.86,5054500,14563956.0
2026-09-28,sz,002690,美亚光电,15.83,15.83,15.96,15.34,15.39,4935282,76641221.0
2026-09-28,sz,002691,*ST冀凯,4.09,4.07,4.09,3.96,4.0,2284700,9160808.0
2026-09-28,sz,002692,远程股份,4.29,4.29,4.3,4.18,4.24,9774319,41285829.8
2026-09-28,sz,002693,双成药业,8.98,9.01,9.36,8.85,9.1,15485800,140672916.0
2026-09-28,sz,002694,*ST顾地,2.52,2.53,2.62,2.5,2.52,2636300,6715535.0
2026-09-28,sz,002695,煌上煌,10.53,10.52,10.66,10.39,10.54,11724422,123420586.36
2026-09-28,sz,002696,百洋股份,6.65,6.65,6.74,5.99,6.49,17322650,112301193.0
2026-09-28,sz,002697,红旗连锁,4.61,4.63,4.66,4.58,4.61,12379428,57102607.08
2026-09-28,sz,002698,博实股份,11.32,11.35,11.37,11.08,11.12,5706294,63691781.62
2026-09-28,sz,002700,万憬能源,6.36,6.36,6.4,6.25,6.31,5608700,35324208.0
2026-09-28,sz,002701,奥瑞金,4.32,4.32,4.33,4.21,4.24,22897219,97374155.12
2026-09-28,sz,002702,海欣食品,5.55,5.5,5.54,5.39,5.44,35086790,190982615.6
2026-09-28,sz,002703,浙江世宝,15.18,14.97,15.62,14.71,15.26,30714705,467835426.75
2026-09-28,sz,002705,新宝股份,11.77,12.01,12.38,11.87,11.98,21410243,259602963.41
2026-09-28,sz,002706,良信股份,8.61,8.65,8.65,8.38,8.4,13682472,115556226.12
2026-09-28,sz,002707,众信旅游,5.09,5.09,5.13,4.99,5.02,14747397,74240699.97
2026-09-28,sz,002708,光洋股份,16.45,16.11,17.51,16.11,17.01,53732854,912132469.91
2026-09-28,sz,002709,天赐材料,31.76,31.7,31.75,30.34,30.47,35069759,1078794381.22
2026-09-28,sz,002712,思美传媒,4.96,4.96,5.0,4.84,4.88,11207000,54774737.0
2026-09-28,sz,002713,东易日盛,10.47,10.47,10.47,9.96,10.04,13064348,132551232.16
2026-09-28,sz,002714,牧原股份,40.48,40.38,41.95,40.24,41.71,46567139,1922902763.74
2026-09-28,sz,002715,登云股份,13.11,13.13,13.2,12.81,13.02,3122917,40561399.81
2026-09-28,sz,002716,湖南白银,9.09,8.83,8.85,8.45,8.53,115101297,992292129.07
2026-09-28,sz,002717,*ST岭南,0.85,0.78,0.81,0.77,0.77,103341100,80083685.0
2026-09-28,sz,002718,友邦吊顶,85.96,85.06,85.07,78.33,80.19,2272550,183501446.5
2026-09-28,sz,002719,ST麦趣,6.25,6.2,6.2,5.98,6.03,3777800,22851530.0
2026-09-28,sz,002721,金一文化,2.66,2.65,2.65,2.56,2.56,38692500,100108530.0
2026-09-28,sz,002722,物产金轮,13.28,13.33,13.4,13.16,13.2,2171251,28746577.9
2026-09-28,sz,002723,小崧股份,7.38,7.51,7.51,7.19,7.36,9171800,67165498.8
2026-09-28,sz,002724,海洋王,7.22,7.15,7.64,6.96,7.0,41346460,297365195.48
2026-09-28,sz,002725,跃岭股份,10.86,10.85,10.86,10.52,10.71,4068730,43556100.2
2026-09-28,sz,002726,ST龙大,2.39,2.33,2.49,2.28,2.43,46130899,110061870.27
2026-09-28,sz,002727,一心堂,10.6,10.6,10.75,10.59,10.68,4190301,44681210.65
2026-09-28,sz,002728,特一药业,9.61,9.75,9.87,9.5,9.67,17231893,166817769.53
2026-09-28,sz,002729,好利科技,13.97,14.0,14.1,13.37,13.46,3463567,47048802.12
2026-09-28,sz,002730,电光科技,22.31,22.35,22.46,20.63,20.98,9494304,201057570.48
2026-09-28,sz,002732,燕塘乳业,14.17,14.13,14.31,14.05,14.07,2253854,31917452.56
2026-09-28,sz,002733,雄韬股份,17.72,17.63,17.66,16.7,16.91,9785725,166515087.52
2026-09-28,sz,002734,利民股份,19.86,19.87,20.1,18.46,18.54,37197110,705590140.78
2026-09-28,sz,002735,王子新材,11.38,11.37,11.43,10.68,10.73,19454065,212062742.8
2026-09-28,sz,002736,国信证券,9.84,9.84,9.87,9.62,9.68,19540066,189709000.04
2026-09-28,sz,002737,葵花药业,11.24,11.28,11.4,11.22,11.3,2962217,33423405.76
2026-09-28,sz,002738,中矿资源,42.58,41.58,41.93,40.25,40.63,18494487,755241944.61
2026-09-28,sz,002739,儒意电影,8.35,8.42,8.49,8.18,8.19,34034492,281189247.42
2026-09-28,sz,002741,光华科技,28.6,28.55,28.55,25.74,25.74,45160508,1190667106.33
2026-09-28,sz,002742,冀衡医药,4.14,4.15,4.19,4.05,4.1,16290100,66637400.0
2026-09-28,sz,002743,ST富煌,4.75,4.7,4.75,4.4,4.49,12175400,55141279.0
2026-09-28,sz,002745,木林森,11.87,11.85,11.91,11.24,11.29,43090921,494207425.53
2026-09-28,sz,002746,仙坛股份,6.19,6.15,6.35,6.13,6.33,12562393,78462355.65
2026-09-28,sz,002747,埃斯顿,29.35,29.32,29.89,28.3,28.45,29855509,860285535.49
2026-09-28,sz,002748,世龙实业,12.11,12.13,12.19,11.8,11.92,3168600,37760903.0
2026-09-28,sz,002749,国光股份,8.44,8.41,8.48,8.37,8.44,1408879,11857747.7
2026-09-28,sz,002752,昇兴股份,6.15,6.12,6.17,5.99,6.02,7674067,46516424.33
2026-09-28,sz,002753,永东股份,6.82,6.78,6.82,6.67,6.71,5476816,36834469.72
2026-09-28,sz,002755,奥赛康,12.6,12.58,12.79,12.42,12.5,8425324,105766327.42
2026-09-28,sz,002756,永兴材料,39.08,38.65,38.81,37.56,37.87,8049399,305811693.78
2026-09-28,sz,002757,南兴股份,19.4,19.58,19.64,18.71,18.77,23399580,443109085.5
2026-09-28,sz,002758,浙农股份,8.62,8.62,8.76,8.41,8.48,5503060,46934944.15
2026-09-28,sz,002759,ST天际,13.89,13.87,13.87,13.33,13.44,12362181,166802104.4
2026-09-28,sz,002760,凤形股份,17.65,17.74,17.76,17.25,17.5,2058417,35995657.31
2026-09-28,sz,002761,浙江建投,7.23,7.24,7.28,7.2,7.25,7827149,56674260.26
2026-09-28,sz,002762,金发拉比,10.25,10.26,10.36,9.64,9.75,8226600,80760184.0
2026-09-28,sz,002763,汇洁股份,7.39,7.42,7.42,7.3,7.33,3646199,26778021.57
2026-09-28,sz,002765,蓝黛科技,6.88,6.9,6.9,6.73,6.78,5346988,36325170.77
2026-09-28,sz,002766,索菱股份,4.02,4.05,4.08,3.97,3.99,13109500,52530173.0
2026-09-28,sz,002767,先锋电子,18.71,18.6,18.85,18.0,18.27,2681000,49403511.0
2026-09-28,sz,002768,国恩股份,78.01,78.01,78.07,70.21,70.21,13569635,978524165.06
2026-09-28,sz,002769,普路通,6.73,6.78,6.8,6.6,6.61,7937998,53000316.58
2026-09-28,sz,002771,真视通,13.55,13.56,13.59,13.25,13.3,5336310,71335774.09
2026-09-28,sz,002772,众兴菌业,10.64,10.67,10.74,10.25,10.26,10582936,109662733.98
2026-09-28,sz,002773,康弘药业,20.42,20.49,21.99,20.01,21.1,17724394,373087090.11
2026-09-28,sz,002774,快意电梯,17.46,17.52,17.68,16.51,16.64,9908400,167312976.0
2026-09-28,sz,002775,文科股份,3.33,3.33,3.34,3.25,3.32,9984055,32853474.85
2026-09-28,sz,002777,久远银海,12.52,12.5,12.61,12.31,12.47,3957858,49263240.23
2026-09-28,sz,002778,中晟高科,15.83,15.79,15.98,15.55,15.69,1723288,27117859.84
2026-09-28,sz,002779,中坚科技,82.86,82.85,83.71,75.8,76.46,3941466,306618515.33
2026-09-28,sz,002780,三夫户外,14.91,14.99,15.1,14.53,14.84,5730900,84980250.55
2026-09-28,sz,002782,可立克,14.96,14.96,14.96,13.95,14.14,9616735,136900556.03
2026-09-28,sz,002783,凯龙股份,8.02,8.02,8.09,7.87,8.02,6946670,55389150.3
2026-09-28,sz,002785,万里石,41.0,39.81,39.98,36.9,36.9,7952545,297300933.2
2026-09-28,sz,002786,银宝山新,7.7,7.7,7.76,7.53,7.59,4914386,37496383.22
2026-09-28,sz,002787,华源控股,26.35,26.43,26.74,24.97,25.11,12311500,314315875.0
2026-09-28,sz,002788,鹭燕医药,10.89,10.71,10.85,10.55,10.69,15296144,163512638.77
2026-09-28,sz,002789,*ST建艺,14.05,14.01,14.06,13.53,13.74,1594500,21872176.0
2026-09-28,sz,002790,瑞尔特,6.49,6.46,6.52,6.32,6.4,17053392,109142350.34
2026-09-28,sz,002791,坚朗五金,15.48,15.48,15.59,14.98,15.11,3332370,50662747.13
2026-09-28,sz,002792,通宇通讯,33.05,32.71,32.73,30.17,30.4,21051269,653092667.2
2026-09-28,sz,002793,罗欣药业,4.66,4.66,4.92,4.62,4.75,29055703,137790698.24
2026-09-28,sz,002795,永和智控,7.94,7.95,7.99,7.23,7.5,23122220,173169964.6
2026-09-28,sz,002796,世嘉科技,29.16,28.99,28.99,26.24,26.24,11387741,304859714.0
2026-09-28,sz,002797,第一创业,6.21,6.22,6.22,6.08,6.1,39724972,243154123.09
2026-09-28,sz,002798,帝欧水华,6.6,6.63,6.66,6.45,6.57,9321955,60994592.91
2026-09-28,sz,002799,环球印务,6.82,6.92,6.95,6.8,6.86,5101843,34992634.95
2026-09-28,sz,002800,天顺股份,14.64,14.64,14.79,14.4,14.59,1904384,27684803.12
2026-09-28,sz,002801,微光股份,27.1,27.1,27.32,26.06,26.42,1215798,32084065.14
2026-09-28,sz,002802,洪汇新材,12.42,12.42,12.42,12.18,12.26,2700869,33195131.88
2026-09-28,sz,002803,吉宏股份,19.42,19.69,20.84,19.18,20.21,20982486,419454350.44
2026-09-28,sz,002805,丰元股份,16.16,16.01,16.13,15.23,15.43,7837203,121534054.81
2026-09-28,sz,002806,华锋股份,15.21,15.19,15.22,14.47,14.75,7699983,113407393.06
2026-09-28,sz,002807,江阴银行,4.16,4.17,4.19,4.12,4.15,36111582,149880469.88
2026-09-28,sz,002809,红墙股份,8.49,8.44,8.49,8.3,8.38,5347204,44834733.31
2026-09-28,sz,002810,山东赫达,21.23,21.23,21.3,20.02,20.38,4273076,87494213.54
2026-09-28,sz,002811,郑中设计,16.36,16.42,16.44,15.25,15.87,12662703,201014160.0
2026-09-28,sz,002812,恩捷股份,46.3,46.3,46.41,44.7,45.09,10794143,488166829.04
2026-09-28,sz,002813,路畅科技,23.1,23.65,25.0,23.35,23.98,5958569,143729337.9
2026-09-28,sz,002815,崇达技术,23.83,23.8,23.88,22.05,22.22,59711993,1350994800.89
2026-09-28,sz,002816,*ST和科,21.29,21.37,21.85,20.8,21.2,1214300,25796985.0
2026-09-28,sz,002817,黄山胶囊,6.73,6.76,6.82,6.66,6.75,3913921,26388228.91
2026-09-28,sz,002818,富森美,11.15,11.14,11.45,11.13,11.31,4932444,55483095.12
2026-09-28,sz,002819,东方中科,26.66,27.5,28.53,24.41,24.97,29241690,766756067.1
2026-09-28,sz,002820,桂发祥,9.75,9.74,9.9,9.61,9.69,5884642,57151352.82
2026-09-28,sz,002821,凯莱英,178.3,180.63,181.66,176.8,180.53,6719166,1203669364.15
2026-09-28,sz,002822,ST中装,2.91,2.91,2.96,2.9,2.91,5165942,15091054.64
2026-09-28,sz,002823,凯中精密,12.92,12.88,13.02,12.54,12.66,4241233,53891317.32
2026-09-28,sz,002824,和胜股份,27.22,27.2,27.33,25.12,25.2,14090261,363266825.1
2026-09-28,sz,002825,纳尔股份,9.43,9.55,9.55,9.21,9.25,3260905,30378212.62
2026-09-28,sz,002826,易明医药,17.68,17.77,17.96,17.4,17.54,5037042,88931176.24
2026-09-28,sz,002827,高争民爆,76.59,76.0,76.5,68.93,68.93,10255271,728044723.47
2026-09-28,sz,002828,贝肯能源,10.85,10.77,10.82,10.56,10.73,4907560,52436275.77
2026-09-28,sz,002829,星网宇达,19.96,20.07,20.07,19.21,19.44,3750660,73213030.42
2026-09-28,sz,002830,名雕股份,14.98,14.97,15.2,14.61,14.71,2482540,36660742.0
2026-09-28,sz,002831,裕同科技,29.0,28.96,28.97,27.5,27.63,9929834,276219447.88
2026-09-28,sz,002832,比音勒芬,25.15,25.35,25.65,24.75,24.97,5717982,143147692.76
2026-09-28,sz,002833,弘亚数控,18.32,18.28,18.75,18.22,18.47,3767113,69632152.33
2026-09-28,sz,002835,同为股份,13.08,13.17,13.3,12.86,13.03,1927399,25045502.03
2026-09-28,sz,002836,新宏泽,12.27,12.5,12.73,11.26,11.57,21774440,256089635.23
2026-09-28,sz,002837,英维克,57.22,56.98,57.27,54.1,54.36,29974688,1654487612.59
2026-09-28,sz,002838,道恩股份,25.65,25.45,25.62,24.4,24.48,5506264,136097936.34
2026-09-28,sz,002839,张家港行,4.25,4.25,4.27,4.18,4.22,26380173,111196059.6
2026-09-28,sz,002840,华统股份,7.75,7.73,8.06,7.52,8.0,27624484,215845380.57
2026-09-28,sz,002841,视源股份,44.94,44.94,46.8,44.01,44.1,8010134,360828789.4
2026-09-28,sz,002842,翔鹭钨业,32.86,32.6,32.7,30.67,30.81,16214259,506165009.9
2026-09-28,sz,002843,泰嘉股份,15.71,15.71,15.73,14.67,14.84,9369261,139918890.96
2026-09-28,sz,002845,同兴达,14.02,14.08,14.23,13.66,13.74,5894065,81679277.0
2026-09-28,sz,002846,英联股份,11.28,11.18,11.19,10.64,10.8,16182165,175468518.37
2026-09-28,sz,002847,盐津铺子,43.15,42.8,43.43,42.8,43.41,1606729,69445511.73
2026-09-28,sz,002848,高斯贝尔,15.44,15.26,15.39,14.26,14.82,14512600,213897009.0
2026-09-28,sz,002849,威星智能,24.75,25.24,25.47,22.28,22.28,31685530,733052579.0
2026-09-28,sz,002850,科达利,169.27,168.99,169.09,162.8,163.0,3476356,571878713.57
2026-09-28,sz,002851,麦格米特,122.61,123.0,126.2,113.83,115.4,37601319,4468307309.24
2026-09-28,sz,002852,道道全,8.09,8.18,8.9,7.86,8.9,28064323,237995171.94
2026-09-28,sz,002853,皮阿诺,21.26,21.38,21.66,20.45,20.57,982701,20423057.82
2026-09-28,sz,002855,捷荣技术,12.91,13.23,13.23,12.52,12.68,9607508,122373093.64
2026-09-28,sz,002856,*ST美芝,17.79,17.77,18.45,17.5,18.02,7985700,143574003.0
2026-09-28,sz,002857,三晖电气,17.69,17.7,17.88,17.26,17.64,1914850,33674887.5
2026-09-28,sz,002858,力盛体育,11.66,11.67,11.88,11.49,11.55,4459700,51849942.0
2026-09-28,sz,002859,洁美科技,65.63,65.15,65.41,59.15,59.98,13202167,808963163.76
2026-09-28,sz,002861,瀛通通讯,14.73,14.66,14.7,13.98,14.06,4814500,68430487.0
2026-09-28,sz,002862,实丰文化,15.35,15.69,15.85,14.8,14.95,7176450,108553824.85
2026-09-28,sz,002863,今飞凯达,4.76,4.76,4.78,4.68,4.75,7285414,34517983.6
2026-09-28,sz,002864,盘龙药业,20.95,20.97,21.2,20.71,20.94,1443070,30129811.6
2026-09-28,sz,002865,钧达股份,37.6,37.6,37.88,36.05,36.14,5570466,204036888.02
2026-09-28,sz,002866,传艺科技,14.3,14.39,14.39,13.73,13.96,5470771,76231233.14
2026-09-28,sz,002867,周大生,10.07,10.05,10.09,10.01,10.04,5118782,51390963.28
2026-09-28,sz,002868,绿康生化,22.42,22.4,22.54,21.92,22.19,1604215,35630416.3
2026-09-28,sz,002869,金溢科技,16.81,16.95,17.28,16.67,16.7,4555946,76707835.75
2026-09-28,sz,002870,香山股份,48.2,48.28,48.4,45.91,46.26,2670090,124748367.8
2026-09-28,sz,002871,伟隆股份,18.2,18.2,18.2,17.21,17.6,3087527,54238995.76
2026-09-28,sz,002872,ST天圣,5.94,5.94,6.05,5.83,6.04,3422500,20329701.0
2026-09-28,sz,002873,新天药业,8.38,8.45,8.53,8.32,8.44,4976987,41878469.54
2026-09-28,sz,002875,安奈儿,12.97,13.01,13.08,12.59,12.72,4094543,52223820.53
2026-09-28,sz,002876,三利谱,32.54,32.88,32.88,31.46,31.54,4389594,139754468.27
2026-09-28,sz,002877,智能自控,7.45,7.45,7.47,7.33,7.41,3806308,28170974.82
2026-09-28,sz,002878,元隆雅图,12.58,12.58,12.66,12.32,12.42,3473900,43219956.8
2026-09-28,sz,002879,长缆科技,17.92,17.8,18.28,16.78,17.41,15999400,279541257.06
2026-09-28,sz,002880,卫光生物,21.51,21.4,22.12,21.4,21.97,2723907,59492747.32
2026-09-28,sz,002881,美格智能,45.53,45.87,45.87,42.32,42.6,7363566,320017757.7
2026-09-28,sz,002882,金龙羽,21.71,22.05,23.06,20.8,22.28,12307075,267581223.01
2026-09-28,sz,002883,*ST中设,9.26,9.25,9.25,9.1,9.16,384800,3519784.0
2026-09-28,sz,002884,凌霄泵业,15.4,15.45,15.45,15.15,15.25,1498861,22887717.73
2026-09-28,sz,002885,京泉华,28.04,28.06,28.27,25.78,26.28,12876019,342632996.47
2026-09-28,sz,002886,沃特股份,25.51,25.52,25.77,24.01,24.18,25935222,636004569.03
2026-09-28,sz,002887,绿茵生态,9.14,9.28,10.04,9.28,9.47,13487490,129189080.9
2026-09-28,sz,002888,惠威科技,19.03,19.03,19.11,18.2,18.44,2451860,45269680.0
2026-09-28,sz,002889,东方嘉盛,12.06,12.23,12.25,11.87,11.96,1715592,20587452.72
2026-09-28,sz,002890,弘宇股份,15.31,15.54,15.66,15.02,15.19,1376380,20920343.88
2026-09-28,sz,002891,中宠股份,27.83,27.96,28.7,27.65,27.81,4988064,139849645.32
2026-09-28,sz,002892,科力尔,8.63,8.63,8.69,8.49,8.56,4355779,37286551.76
2026-09-28,sz,002893,京能热力,10.15,10.22,10.32,10.15,10.18,8352804,85412172.04
2026-09-28,sz,002895,川恒股份,30.17,30.16,30.49,29.82,30.03,3106686,93499814.77
2026-09-28,sz,002896,中大力德,61.22,60.6,63.59,60.07,63.31,10081731,624725166.25
2026-09-28,sz,002897,意华股份,65.71,65.58,65.64,59.14,59.14,11815780,718923659.12
2026-09-28,sz,002899,英派斯,21.14,21.25,21.46,20.45,20.61,4257294,88553389.36
2026-09-28,sz,002900,哈三联,12.61,12.83,13.34,12.46,13.06,26008405,335467657.35
2026-09-28,sz,002901,大博医疗,41.34,41.34,41.88,40.82,41.3,1220639,50438241.38
2026-09-28,sz,002902,铭普光磁,27.86,27.59,27.64,25.23,25.56,21240996,551581771.41
2026-09-28,sz,002903,宇环数控,29.99,29.94,30.95,28.69,29.31,8294125,244213314.17
2026-09-28,sz,002905,金逸影视,8.78,8.77,8.95,8.61,8.76,5375600,46801411.0
2026-09-28,sz,002906,华阳集团,27.5,27.34,27.5,26.51,26.67,4862539,130707930.33
2026-09-28,sz,002907,华森制药,14.43,14.73,14.73,14.35,14.49,10301436,149424896.2
2026-09-28,sz,002908,德生科技,7.0,7.0,7.04,6.89,6.98,3200980,22289427.4
2026-09-28,sz,002909,集泰股份,8.29,7.9,8.04,7.46,7.46,16353700,126196165.4
2026-09-28,sz,002910,庄园牧场,9.98,10.04,10.14,9.81,9.86,4963400,49228531.0
2026-09-28,sz,002911,佛燃能源,11.17,11.14,11.34,11.11,11.28,5583885,62798829.7
2026-09-28,sz,002912,中新赛克,24.06,25.97,26.47,25.97,26.47,7965713,209587119.61
2026-09-28,sz,002913,奥士康,86.8,87.28,88.36,81.51,82.8,12264812,1032650809.85
2026-09-28,sz,002915,中欣氟材,16.82,16.75,17.0,16.11,16.2,5074356,82980995.22
2026-09-28,sz,002916,深南电路,394.5,390.21,393.5,368.83,370.98,7666433,2888353918.64
2026-09-28,sz,002917,金奥博,10.14,10.13,10.2,9.94,10.04,2241470,22515702.5
2026-09-28,sz,002918,蒙娜丽莎,10.56,10.66,11.22,10.49,10.57,18133350,194586544.78
2026-09-28,sz,002919,名臣健康,16.48,16.55,16.66,15.49,15.72,3559263,56630900.48
2026-09-28,sz,002920,德赛西威,82.88,82.5,82.98,79.76,80.0,5974926,483640690.56
2026-09-28,sz,002921,联诚精密,20.89,20.68,20.78,19.5,19.79,3916087,78199562.98
2026-09-28,sz,002922,伊戈尔,22.75,22.72,22.73,21.14,21.35,15111594,326680206.23
2026-09-28,sz,002923,润都股份,10.85,10.88,10.95,10.67,10.75,6137414,66126483.48
2026-09-28,sz,002925,盈趣科技,23.02,22.87,23.08,21.76,22.12,12910591,288033349.61
2026-09-28,sz,002926,华西证券,8.23,8.2,8.25,8.03,8.08,12095000,97873839.0
2026-09-28,sz,002927,泰永长征,19.58,19.82,19.82,18.99,19.11,9610451,184506105.89
2026-09-28,sz,002928,华夏航空,6.2,6.19,6.19,5.99,6.08,28619515,173429863.74
2026-09-28,sz,002929,润建股份,51.4,51.35,51.37,47.3,47.7,7664344,371770272.6
2026-09-28,sz,002930,宏川智慧,9.17,9.18,9.27,8.97,9.01,5370108,48595100.76
2026-09-28,sz,002931,锋龙股份,40.48,40.48,40.68,38.5,38.86,5735328,224772875.64
2026-09-28,sz,002932,*ST明德,15.26,15.31,15.31,15.05,15.1,517864,7829368.04
2026-09-28,sz,002933,新兴装备,27.73,27.76,28.0,27.09,27.15,1207049,33171970.92
2026-09-28,sz,002935,天奥电子,18.08,17.86,18.86,17.51,18.26,23445103,422794639.21
2026-09-28,sz,002936,郑州银行,1.71,1.71,1.72,1.69,1.7,79735169,135896589.87
2026-09-28,sz,002937,兴瑞科技,30.25,30.1,30.2,27.23,27.23,15182986,423849465.08
2026-09-28,sz,002938,鹏鼎控股,82.94,82.5,82.71,78.1,79.66,22030925,1759961739.49
2026-09-28,sz,002939,长城证券,7.76,7.73,7.76,7.63,7.67,13404875,102878315.75
2026-09-28,sz,002940,昂利康,22.84,22.8,23.13,22.34,22.46,3743586,84485907.11
2026-09-28,sz,002941,新疆交建,10.4,10.42,10.53,10.27,10.34,6808203,70618188.96
2026-09-28,sz,002942,新农股份,16.77,16.99,17.03,16.45,16.48,3248641,53980881.27
2026-09-28,sz,002943,宇晶股份,31.05,30.95,31.03,28.72,28.98,8887270,261634632.37
2026-09-28,sz,002945,华林证券,14.48,14.35,14.42,13.94,14.07,9144105,128852252.23
2026-09-28,sz,002946,新乳业,14.33,14.35,14.65,14.3,14.54,5421360,78691383.4
2026-09-28,sz,002947,恒铭达,63.41,63.09,63.37,57.5,58.25,6354274,376960140.71
2026-09-28,sz,002948,青岛银行,6.04,6.05,6.19,6.03,6.06,46884956,286428456.16
2026-09-28,sz,002949,华阳国际,13.08,13.07,13.55,12.88,13.2,6887400,91235905.0
2026-09-28,sz,002950,奥美医疗,8.55,8.6,8.66,8.45,8.49,5126492,43851368.44
2026-09-28,sz,002951,金时科技,16.98,16.81,17.18,15.81,15.81,9997400,162616503.0
2026-09-28,sz,002952,亚世光电,19.33,19.22,19.46,18.94,19.12,3447662,65967489.58
2026-09-28,sz,002953,日丰股份,10.29,10.21,10.28,9.84,9.94,7628672,76031312.26
2026-09-28,sz,002955,鸿合科技,37.46,37.3,37.31,35.75,36.29,4736171,171632035.68
2026-09-28,sz,002956,西麦食品,17.33,17.28,18.18,17.13,17.85,7078980,126446283.33
2026-09-28,sz,002957,科瑞技术,41.4,40.99,41.33,37.26,37.26,20602939,789633909.66
2026-09-28,sz,002958,青农商行,2.89,2.88,2.9,2.86,2.88,49733029,143248166.81
2026-09-28,sz,002959,小熊电器,31.58,32.04,34.58,32.04,33.78,4921418,165495608.85
2026-09-28,sz,002960,青鸟智控,8.78,8.81,8.86,8.41,8.44,8224286,70576896.78
2026-09-28,sz,002961,瑞达期货,13.56,13.57,13.61,13.08,13.11,12462715,165632473.11
2026-09-28,sz,002962,五方光电,13.42,13.68,14.76,13.53,14.76,31291098,457594981.44
2026-09-28,sz,002963,豪尔赛,23.51,23.51,23.53,21.56,22.1,6533300,145072685.0
2026-09-28,sz,002965,祥鑫科技,31.79,31.79,31.88,30.03,30.44,11624954,357472299.89
2026-09-28,sz,002966,苏州银行,9.2,9.18,9.31,9.17,9.29,31118420,288215884.09
2026-09-28,sz,002967,广电计量,18.11,18.2,18.44,17.86,18.01,9473400,171337439.54
2026-09-28,sz,002968,新大正,9.75,9.84,9.92,9.61,9.73,4718485,46064914.6
2026-09-28,sz,002969,嘉美包装,11.1,11.02,11.06,10.61,10.69,19011018,204347145.77
2026-09-28,sz,002970,锐明技术,42.35,42.32,42.39,39.75,39.9,4041567,163790234.61
2026-09-28,sz,002971,和远气体,43.19,41.51,42.34,38.87,39.43,19899979,795269582.41
2026-09-28,sz,002972,科安达,13.29,13.19,13.31,12.8,13.14,4228260,54941998.8
2026-09-28,sz,002973,侨银股份,12.35,12.35,12.47,11.9,12.2,5476100,66460759.68
2026-09-28,sz,002975,博杰股份,110.9,111.25,111.41,99.88,100.0,13983176,1449167612.22
2026-09-28,sz,002976,瑞玛精密,24.28,24.25,24.31,22.65,22.71,8006203,186144772.41
2026-09-28,sz,002977,*ST天箭,19.66,19.68,19.86,18.7,18.79,1338600,25445293.0
2026-09-28,sz,002978,安宁股份,24.8,24.7,24.79,24.1,24.28,1693604,41250915.31
2026-09-28,sz,002979,雷赛智能,53.99,53.89,54.0,51.44,52.0,5750232,300894633.8
2026-09-28,sz,002980,华盛昌,108.11,108.01,108.1,99.66,100.28,8193520,837589510.36
2026-09-28,sz,002981,朝阳科技,24.24,24.35,24.45,22.86,23.2,4303587,101841295.38
2026-09-28,sz,002982,湘佳股份,12.42,12.46,12.84,12.33,12.72,4623284,58211476.84
2026-09-28,sz,002983,芯瑞达,22.17,21.9,22.6,21.65,21.73,1951573,42908640.49
2026-09-28,sz,002984,森麒麟,12.93,12.99,13.0,12.66,12.72,5804300,74027852.0
2026-09-28,sz,002985,北摩高科,27.43,27.36,27.8,26.85,26.91,2741860,74590549.2
2026-09-28,sz,002986,宇新股份,12.8,12.87,12.88,12.5,12.66,2893635,36634071.26
2026-09-28,sz,002987,京北方,10.55,10.54,10.62,10.39,10.5,7701585,80744614.72
2026-09-28,sz,002988,豪美新材,31.0,31.0,31.28,30.32,30.64,3680018,112924829.66
2026-09-28,sz,002989,中天精装,25.83,25.61,25.78,23.81,24.4,10144962,247694626.84
2026-09-28,sz,002990,盛视科技,56.45,56.4,56.77,50.9,51.01,17100521,895897006.93
2026-09-28,sz,002991,甘源食品,37.11,37.11,37.45,36.92,37.24,455959,16932931.86
2026-09-28,sz,002992,宝明科技,33.53,33.53,33.7,32.11,32.51,1703500,55559859.0
2026-09-28,sz,002993,奥海科技,34.28,34.58,34.58,32.2,32.49,5336296,175684198.26
2026-09-28,sz,002995,天地在线,17.02,17.3,17.3,16.45,16.53,4728332,78611023.32
2026-09-28,sz,002996,顺博合金,5.88,5.88,5.92,5.81,5.84,4983313,29144473.68
2026-09-28,sz,002997,瑞鹄模具,26.14,26.13,26.13,25.36,25.46,1735080,44486088.08
2026-09-28,sz,002998,优彩资源,8.26,8.27,8.36,7.99,8.0,12183400,98697020.0
2026-09-28,sz,002999,天禾股份,6.35,6.35,6.39,6.25,6.31,9908015,62506618.35
2026-09-28,sz,003000,劲仔食品,9.38,9.4,9.57,9.38,9.53,4670264,44362971.96
2026-09-28,sz,003001,中岩大地,21.1,23.2,23.2,19.62,19.83,19151584,389507058.43
2026-09-28,sz,003002,壶化股份,15.4,15.38,15.67,14.92,15.54,6515524,99817287.68
2026-09-28,sz,003003,天元股份,10.98,11.01,11.17,10.84,11.01,4087800,44954127.69
2026-09-28,sz,003004,声迅股份,58.06,57.9,59.2,56.5,57.0,1608800,92897425.0
2026-09-28,sz,003005,竞业达,14.85,14.87,15.16,14.51,14.82,10554039,155973420.85
2026-09-28,sz,003006,百亚股份,22.64,22.99,23.09,22.07,22.49,49477500,1116580375.38
2026-09-28,sz,003007,直真科技,40.76,40.52,40.62,38.66,39.68,1953742,77392078.06
2026-09-28,sz,003008,开普检测,19.75,19.88,20.05,19.5,19.65,1212849,23961380.66
2026-09-28,sz,003009,中天火箭,46.58,46.58,46.78,44.78,45.23,2467964,112008443.81
2026-09-28,sz,003010,若羽臣,28.45,28.5,29.15,27.88,27.99,4614480,131392100.79
2026-09-28,sz,003011,海象新材,19.98,20.0,20.09,19.45,19.9,4410715,87184755.84
2026-09-28,sz,003012,东鹏控股,4.61,4.62,4.64,4.53,4.55,6710200,30663214.0
2026-09-28,sz,003013,地铁设计,16.3,16.2,16.23,15.39,15.5,5612564,87949629.4
2026-09-28,sz,003015,日久光电,12.39,12.49,12.49,12.0,12.13,4604346,56065635.82
2026-09-28,sz,003016,欣贺股份,7.7,7.64,7.65,7.47,7.53,6801356,51319323.36
2026-09-28,sz,003017,大洋生物,22.9,22.89,23.11,22.46,22.61,1677648,38151859.84
2026-09-28,sz,003018,金富科技,48.5,48.55,49.07,44.9,44.96,10225719,471693535.78
2026-09-28,sz,003019,宸展光电,27.41,27.4,27.4,25.9,26.1,3664280,96303191.44
2026-09-28,sz,003020,立方制药,16.99,17.02,17.26,16.79,16.94,2386619,40426679.86
2026-09-28,sz,003021,兆威机电,69.87,70.1,70.98,68.51,68.91,2488099,172808263.4
2026-09-28,sz,003022,联泓新科,19.18,19.18,19.18,18.12,18.3,8396475,154828952.25
2026-09-28,sz,003023,彩虹集团,25.73,25.78,26.09,25.05,25.7,2128000,54488178.0
2026-09-28,sz,003025,思进智能,12.2,12.3,12.3,11.92,11.98,2019312,24318722.32
2026-09-28,sz,003026,中晶科技,35.55,35.46,35.77,32.91,33.83,24799790,845662933.04
2026-09-28,sz,003027,同兴科技,16.54,16.61,16.64,16.24,16.35,1298300,21305941.0
2026-09-28,sz,003028,振邦智能,23.61,23.66,23.89,23.37,23.47,1079340,25425280.6
2026-09-28,sz,003029,吉大正元,17.59,17.63,17.99,17.13,17.71,6297774,110542712.49
2026-09-28,sz,003030,祖名股份,26.87,26.87,27.3,26.14,26.22,2420300,63939506.0
2026-09-28,sz,003031,中瓷电子,129.35,129.28,129.28,116.42,116.99,10303440,1239722916.41
2026-09-28,sz,003032,传智教育,9.0,8.93,9.0,8.66,8.75,37415637,327739704.71
2026-09-28,sz,003033,征和工业,91.74,91.2,92.8,86.82,87.4,2166542,191380270.76
2026-09-28,sz,003035,南网能源,5.31,5.3,5.32,5.18,5.22,22828925,119352295.25
2026-09-28,sz,003036,泰坦股份,56.56,55.55,55.75,50.9,50.9,8644050,449862432.65
2026-09-28,sz,003037,三和管桩,5.8,5.8,5.82,5.73,5.75,2196276,12657046.52
2026-09-28,sz,003038,鑫铂股份,10.71,10.66,10.91,10.56,10.63,3213958,34259188.88
2026-09-28,sz,003039,顺控发展,12.62,12.59,12.7,12.32,12.5,4702797,58603605.94
2026-09-28,sz,003040,楚天龙,14.5,14.36,14.38,13.95,14.05,39845416,561849518.64
2026-09-28,sz,003041,真爱美家,41.31,41.66,41.66,38.61,38.68,2143580,84675702.75
2026-09-28,sz,003042,中农联合,14.29,14.29,15.0,13.92,14.17,9360172,132990222.55
2026-09-28,sz,003043,华亚智能,63.1,63.1,63.5,59.1,59.92,3833869,232025828.84
2026-09-28,sz,003816,中国广核,4.19,4.2,4.3,4.19,4.26,117857962,501189993.76
