date,market,code,name,prev_close,open,high,low,close,volume,amount
2026-10-09,sh,600000,浦发银行,9.7,9.7,9.74,9.54,9.54,94795849,915309833.0
2026-10-09,sh,600004,白云机场,7.67,7.7,7.76,7.66,7.7,10665562,82305288.0
2026-10-09,sh,600006,东风股份,5.5,5.45,5.49,5.27,5.45,33194113,178152735.0
2026-10-09,sh,600007,中国国贸,20.71,20.72,20.83,20.3,20.45,2880000,59077688.0
2026-10-09,sh,600008,首创环保,2.76,2.76,2.79,2.75,2.77,68633960,190712646.0
2026-10-09,sh,600009,上海机场,22.53,22.65,22.72,22.53,22.57,6137599,138767674.0
2026-10-09,sh,600010,包钢股份,2.1,2.1,2.13,2.08,2.12,321943055,677400683.0
2026-10-09,sh,600011,华能国际,7.24,7.23,7.38,7.22,7.33,133867044,979354361.0
2026-10-09,sh,600012,皖通高速,15.94,15.98,16.78,15.93,16.29,12389304,203742704.0
2026-10-09,sh,600015,华夏银行,6.31,6.31,6.35,6.3,6.3,79163650,500480871.0
2026-10-09,sh,600016,民生银行,3.54,3.55,3.57,3.49,3.49,260167486,915273422.0
2026-10-09,sh,600017,日照港,2.86,2.87,2.9,2.85,2.88,42665245,122831883.0
2026-10-09,sh,600018,上港集团,5.54,5.56,5.58,5.5,5.5,47683866,263989057.0
2026-10-09,sh,600019,宝钢股份,5.97,5.97,6.01,5.86,5.87,105005057,621841840.0
2026-10-09,sh,600020,中原高速,3.89,3.89,3.93,3.88,3.92,10123716,39624576.0
2026-10-09,sh,600021,上海电力,12.98,12.92,13.02,12.71,12.87,20363900,261081338.0
2026-10-09,sh,600022,山东钢铁,1.3,1.3,1.33,1.3,1.31,125557740,165733356.0
2026-10-09,sh,600023,浙能电力,5.38,5.4,5.42,5.3,5.32,61696383,330818390.0
2026-10-09,sh,600025,华能水电,10.1,10.09,10.2,10.07,10.11,29967670,303769036.0
2026-10-09,sh,600026,中远海能,22.62,23.07,23.6,22.22,23.49,155656721,3582837246.0
2026-10-09,sh,600027,华电国际,5.16,5.17,5.25,5.14,5.19,108677005,565372385.0
2026-10-09,sh,600028,中国石化,5.48,5.48,5.52,5.38,5.39,254665013,1387888210.0
2026-10-09,sh,600029,南方航空,4.81,4.81,4.85,4.8,4.85,30896898,149033827.0
2026-10-09,sh,600030,中信证券,25.4,25.49,26.02,25.31,25.91,105762145,2720888490.0
2026-10-09,sh,600031,三一重工,17.03,17.05,17.24,16.82,16.95,66171103,1124033851.0
2026-10-09,sh,600032,浙江新能,7.78,7.7,7.7,7.38,7.58,68490000,514187718.0
2026-10-09,sh,600033,福建高速,3.71,3.71,3.75,3.7,3.74,29345800,109558423.0
2026-10-09,sh,600035,楚天高速,3.73,3.74,3.77,3.72,3.76,13584464,50873426.0
2026-10-09,sh,600036,招商银行,41.71,41.72,42.09,41.42,41.42,86192401,3607539112.0
2026-10-09,sh,600037,歌华有线,7.16,7.14,7.46,7.08,7.44,34524762,251213743.0
2026-10-09,sh,600038,中直股份,26.69,26.7,26.98,26.39,26.57,4524968,120360775.0
2026-10-09,sh,600039,四川路桥,8.89,8.89,8.97,8.81,8.84,17265580,152935476.0
2026-10-09,sh,600048,保利发展,5.77,5.72,5.83,5.62,5.65,203135910,1154935383.0
2026-10-09,sh,600050,中国联通,4.27,4.26,4.3,4.25,4.3,125694923,538313702.0
2026-10-09,sh,600051,宁波联合,6.39,6.4,6.45,6.2,6.38,6032800,38059598.0
2026-10-09,sh,600052,东望时代,3.89,3.99,4.26,3.94,4.12,63477304,259806754.0
2026-10-09,sh,600053,*ST九鼎,7.83,7.86,7.87,7.37,7.6,2432600,18496889.0
2026-10-09,sh,600054,黄山旅游,10.29,10.3,10.41,10.24,10.37,3627148,37432326.0
2026-10-09,sh,600055,万东医疗,10.38,10.41,10.52,10.29,10.48,4558900,47380393.0
2026-10-09,sh,600056,中国医药,8.98,8.98,9.17,8.95,9.14,18433830,167687772.0
2026-10-09,sh,600057,厦门象屿,6.23,6.27,6.33,6.23,6.29,16549366,103990838.0
2026-10-09,sh,600058,五矿发展,8.68,8.67,9.0,8.63,8.94,12325348,109046919.0
2026-10-09,sh,600059,古越龙山,11.88,12.11,12.25,10.96,11.66,99541877,1138714557.0
2026-10-09,sh,600060,海信视像,27.1,27.29,27.82,27.0,27.19,9380563,257799482.0
2026-10-09,sh,600061,国投资本,6.11,6.12,6.23,6.1,6.21,38879700,239982616.0
2026-10-09,sh,600062,华润双鹤,16.16,16.16,16.46,16.14,16.44,10687400,175048582.0
2026-10-09,sh,600063,皖维高新,5.36,5.36,5.6,5.31,5.54,48913800,267024529.0
2026-10-09,sh,600064,南京高科,8.02,8.02,8.15,7.99,7.99,27571554,222421468.0
2026-10-09,sh,600066,宇通客车,26.89,26.89,27.22,26.16,27.04,22208076,596714112.0
2026-10-09,sh,600067,冠城新材,2.67,2.67,2.73,2.6,2.72,27249762,72678026.0
2026-10-09,sh,600071,凤凰光学,15.67,15.67,16.24,15.02,16.18,4288165,66630241.0
2026-10-09,sh,600072,中船科技,9.47,9.47,9.5,9.19,9.35,39907722,372190893.0
2026-10-09,sh,600073,光明肉业,5.46,5.48,5.53,5.42,5.43,11028183,60148426.0
2026-10-09,sh,600075,新疆天业,4.65,4.65,4.75,4.6,4.72,27982749,130974925.0
2026-10-09,sh,600076,康欣新材,2.16,2.18,2.23,2.13,2.23,35797290,78082936.0
2026-10-09,sh,600078,澄星股份,9.76,9.81,10.0,9.63,9.98,12292573,120912667.0
2026-10-09,sh,600079,ST人福,19.18,19.19,19.32,19.01,19.23,10808200,207139602.0
2026-10-09,sh,600080,ST金花,4.58,4.58,4.63,4.51,4.63,2635850,12040677.0
2026-10-09,sh,600081,东风科技,10.92,10.71,10.89,10.13,10.6,21123317,220738016.0
2026-10-09,sh,600082,ST海泰,3.3,3.3,3.3,3.2,3.26,7068700,22947266.0
2026-10-09,sh,600084,*ST尼雅,4.26,4.28,4.28,4.16,4.26,3099100,13042794.0
2026-10-09,sh,600085,同仁堂,23.93,23.93,24.45,23.89,24.28,9942783,241687902.0
2026-10-09,sh,600088,中视传媒,13.09,13.15,13.89,12.8,13.82,19526189,261790634.0
2026-10-09,sh,600089,特变电工,17.79,17.8,17.82,17.43,17.74,47684173,841713452.0
2026-10-09,sh,600094,大名城,4.39,4.39,4.54,4.33,4.43,48626351,215165919.0
2026-10-09,sh,600095,湘财股份,8.55,8.52,8.95,8.41,8.9,90998858,795661950.0
2026-10-09,sh,600096,云天化,27.9,27.85,28.46,27.81,28.32,17544739,493564985.0
2026-10-09,sh,600097,开创国际,9.21,9.23,9.36,9.0,9.36,3033800,27833413.0
2026-10-09,sh,600098,广州发展,6.49,6.47,6.53,6.42,6.43,18550858,120025595.0
2026-10-09,sh,600099,林海股份,9.35,9.37,9.41,9.02,9.38,3055900,28234706.0
2026-10-09,sh,600100,同方股份,6.48,6.47,6.65,6.37,6.63,25565763,166428548.0
2026-10-09,sh,600101,明星电力,7.85,7.85,7.87,7.68,7.84,10437566,80945082.0
2026-10-09,sh,600103,青山纸业,3.36,3.34,3.43,3.21,3.42,134302640,446753805.0
2026-10-09,sh,600104,上汽集团,10.93,10.9,11.0,10.8,10.83,35124408,381696631.0
2026-10-09,sh,600105,永鼎股份,33.56,32.53,33.23,30.78,32.47,109618582,3513044956.0
2026-10-09,sh,600106,重庆路桥,4.52,4.52,4.57,4.38,4.52,12988176,58079040.0
2026-10-09,sh,600107,*ST尔雅,5.62,5.62,6.08,5.57,6.0,2644876,15485004.0
2026-10-09,sh,600108,亚盛集团,3.97,4.0,4.29,3.9,4.24,278142422,1151756857.0
2026-10-09,sh,600109,国金证券,8.05,8.08,8.26,8.03,8.2,28583014,233249763.0
2026-10-09,sh,600110,诺德股份,11.09,10.91,10.97,10.22,10.73,95746186,1015585099.0
2026-10-09,sh,600111,北方稀土,34.5,34.4,35.12,34.0,35.01,40080614,1386507930.0
2026-10-09,sh,600113,浙江东日,28.12,28.12,29.13,27.77,28.81,4676248,133735421.0
2026-10-09,sh,600114,东睦股份,24.27,24.2,24.2,22.96,23.9,13098522,308219014.0
2026-10-09,sh,600115,中国东航,3.26,3.26,3.31,3.25,3.3,151930376,499064607.0
2026-10-09,sh,600116,三峡水利,6.21,6.21,6.27,6.18,6.2,12993100,80907530.0
2026-10-09,sh,600117,西宁特钢,2.16,2.15,2.19,2.14,2.18,12299525,26622776.0
2026-10-09,sh,600118,中国卫星,56.47,56.0,56.46,52.86,54.66,24201537,1311352149.0
2026-10-09,sh,600119,*ST长投,4.7,4.73,4.82,4.67,4.82,1435010,6784686.0
2026-10-09,sh,600120,浙江东方,4.6,4.61,4.69,4.6,4.67,36320138,168687752.0
2026-10-09,sh,600121,郑州煤电,5.65,5.55,5.6,5.33,5.53,182350301,997060402.0
2026-10-09,sh,600123,兰花科创,6.99,7.01,7.1,6.96,7.07,18153934,127534126.0
2026-10-09,sh,600125,铁龙物流,5.28,5.28,5.34,5.27,5.32,8673631,46075875.0
2026-10-09,sh,600126,杭钢股份,5.88,5.83,5.97,5.77,5.95,27037070,158757040.0
2026-10-09,sh,600127,金健米业,13.8,13.8,15.18,13.4,15.18,201939841,2959497543.0
2026-10-09,sh,600128,苏豪弘业,8.68,8.63,8.71,8.38,8.7,3176700,27299325.0
2026-10-09,sh,600129,太极集团,13.42,13.42,14.02,13.28,13.97,18565820,256252815.0
2026-10-09,sh,600130,波导股份,4.58,4.58,5.04,4.43,4.86,44007768,209104683.0
2026-10-09,sh,600131,国网信通,15.07,15.07,15.83,14.93,15.57,23515919,360543417.0
2026-10-09,sh,600132,重庆啤酒,38.27,38.48,38.85,38.35,38.62,3446453,133229468.0
2026-10-09,sh,600133,东湖高新,7.81,7.79,7.87,7.68,7.79,11833575,92166223.0
2026-10-09,sh,600135,乐凯胶片,7.59,7.59,7.59,7.22,7.56,9833100,72704988.0
2026-10-09,sh,600136,ST明诚,1.46,1.46,1.49,1.44,1.48,7789700,11379786.0
2026-10-09,sh,600137,浪莎股份,18.1,18.11,18.25,17.26,18.07,1562600,27707957.0
2026-10-09,sh,600138,中青旅,6.89,6.87,7.04,6.87,7.01,6422300,44624723.0
2026-10-09,sh,600141,兴发集团,26.87,26.9,27.3,26.66,27.3,20392797,551771348.0
2026-10-09,sh,600143,金发科技,12.82,12.82,13.25,12.82,13.22,39019100,511618802.0
2026-10-09,sh,600148,长春一东,15.7,15.74,15.75,15.1,15.71,1924500,29730568.0
2026-10-09,sh,600149,廊坊发展,5.16,5.17,5.2,4.96,5.11,8469600,42856708.0
2026-10-09,sh,600150,中国船舶,39.81,39.99,40.47,38.18,38.54,105602409,4087925871.0
2026-10-09,sh,600151,航天机电,9.12,9.19,9.19,8.76,9.04,20872960,186645248.0
2026-10-09,sh,600152,维科技术,9.18,8.85,8.96,8.36,8.73,95052520,823446232.0
2026-10-09,sh,600153,建发股份,8.96,8.99,9.13,8.95,9.01,32695192,296113483.0
2026-10-09,sh,600155,华创云信,5.84,5.84,6.01,5.84,5.96,29526442,175223703.0
2026-10-09,sh,600156,华升股份,7.15,7.11,7.39,6.8,7.35,24978901,176798643.0
2026-10-09,sh,600157,永泰能源,1.45,1.44,1.47,1.44,1.46,370249087,538926948.0
2026-10-09,sh,600158,中体产业,6.86,6.83,7.02,6.7,6.99,27360185,187257575.0
2026-10-09,sh,600159,大龙地产,2.72,2.72,2.79,2.65,2.77,20392200,55300202.0
2026-10-09,sh,600160,巨化股份,32.28,32.4,33.24,31.71,33.03,40856004,1327382740.0
2026-10-09,sh,600161,天坛生物,12.55,12.51,12.86,12.51,12.73,18801151,238981539.0
2026-10-09,sh,600162,香江控股,4.16,4.17,4.19,3.96,4.17,78949089,321431808.0
2026-10-09,sh,600163,中闽能源,5.67,5.63,5.66,5.52,5.6,46021754,256345465.0
2026-10-09,sh,600165,宁科生物,3.3,3.3,3.38,3.2,3.38,15784200,51694452.0
2026-10-09,sh,600166,福田汽车,2.77,2.77,2.83,2.74,2.82,96608926,269238332.0
2026-10-09,sh,600167,联美控股,5.8,5.86,6.08,5.78,6.05,21789497,129214397.0
2026-10-09,sh,600168,武汉控股,4.42,4.42,4.45,4.35,4.43,4540700,19984508.0
2026-10-09,sh,600169,ST太重,2.2,2.19,2.23,2.19,2.22,11557100,25595460.0
2026-10-09,sh,600170,上海建工,2.22,2.22,2.24,2.2,2.23,98700190,219350031.0
2026-10-09,sh,600171,上海贝岭,21.3,21.21,21.33,20.63,21.23,9480188,199055398.0
2026-10-09,sh,600172,黄河旋风,13.5,13.25,13.73,12.62,13.61,149461925,1968038049.0
2026-10-09,sh,600173,卧龙新能,5.89,5.93,5.95,5.72,5.93,5717000,33412932.0
2026-10-09,sh,600176,中国巨石,39.55,39.0,39.28,36.01,38.57,211731537,7953408100.0
2026-10-09,sh,600177,雅戈尔,8.4,8.4,8.52,8.36,8.37,30934083,261103120.0
2026-10-09,sh,600178,东安动力,9.77,9.77,10.25,9.59,9.85,9707025,95480706.0
2026-10-09,sh,600179,安通控股,4.39,4.39,4.43,4.34,4.38,26995829,118093887.0
2026-10-09,sh,600180,*ST瑞茂,1.46,1.48,1.48,1.41,1.46,10658800,15346550.0
2026-10-09,sh,600182,S佳通,12.27,12.25,12.34,11.97,12.2,2023500,24556270.0
2026-10-09,sh,600183,生益科技,131.86,126.7,127.04,118.68,124.14,69157220,8489130205.0
2026-10-09,sh,600184,光电股份,17.38,17.37,17.37,16.21,16.96,14543805,243378924.0
2026-10-09,sh,600185,珠免集团,4.69,4.71,4.77,4.64,4.77,24062398,113241073.0
2026-10-09,sh,600186,莲花控股,11.46,11.25,11.26,10.31,10.76,213337425,2248280264.0
2026-10-09,sh,600187,*ST国中,1.24,1.24,1.25,1.21,1.25,16732951,20609106.0
2026-10-09,sh,600188,兖矿能源,19.95,20.02,20.77,19.84,20.48,53887089,1097698329.0
2026-10-09,sh,600189,泉阳泉,8.76,8.72,8.94,8.6,8.76,39497149,345478238.0
2026-10-09,sh,600191,华资实业,8.73,8.71,8.92,8.57,8.9,6503000,56755591.0
2026-10-09,sh,600192,长城电工,7.21,7.18,7.22,6.82,7.21,10637799,74595612.0
2026-10-09,sh,600195,中牧股份,6.64,6.66,6.78,6.59,6.73,8539665,57031583.0
2026-10-09,sh,600196,复星医药,23.76,23.58,24.03,23.54,23.89,22949610,546672821.0
2026-10-09,sh,600197,伊力特,9.29,9.35,9.4,9.24,9.4,3361883,31369553.0
2026-10-09,sh,600198,大唐电信,7.09,7.09,7.19,6.92,7.16,13325000,93987050.0
2026-10-09,sh,600199,金种子酒,6.93,6.98,7.07,6.81,7.06,14851438,103060087.0
2026-10-09,sh,600201,生物股份,11.59,11.52,11.9,11.35,11.84,14936275,173105743.0
2026-10-09,sh,600202,哈空调,5.16,5.14,5.22,5.0,5.21,6434200,32867105.0
2026-10-09,sh,600203,福日电子,9.64,9.55,9.68,9.27,9.67,11479600,108841466.0
2026-10-09,sh,600206,有研新材,44.64,43.55,49.0,42.4,47.95,83277748,3827215970.0
2026-10-09,sh,600207,安彩高科,5.09,5.17,5.6,4.95,5.6,49329804,271154865.0
2026-10-09,sh,600208,衢州发展,2.85,2.85,2.89,2.8,2.86,91258373,258369060.0
2026-10-09,sh,600210,紫江企业,6.4,6.42,6.61,6.4,6.6,42591600,278871565.0
2026-10-09,sh,600211,西藏药业,36.16,36.16,36.79,36.01,36.78,2879239,105334102.0
2026-10-09,sh,600212,绿能慧充,5.63,5.59,5.71,5.46,5.67,6647100,36990462.0
2026-10-09,sh,600215,派斯林,6.06,6.08,6.1,5.82,6.09,7613704,45401596.0
2026-10-09,sh,600216,浙江医药,12.5,12.48,12.67,12.38,12.59,13013502,163351769.0
2026-10-09,sh,600217,中再资环,3.3,3.29,3.36,3.27,3.34,16417523,54466362.0
2026-10-09,sh,600218,全柴动力,8.05,7.99,8.5,7.95,8.43,26763362,220678140.0
2026-10-09,sh,600219,南山铝业,4.88,4.86,4.91,4.79,4.88,145628588,705536797.0
2026-10-09,sh,600221,海航控股,1.22,1.21,1.23,1.21,1.22,162342184,197728672.0
2026-10-09,sh,600222,太龙药业,7.62,7.62,7.8,7.36,7.78,13562938,102877335.0
2026-10-09,sh,600223,福瑞达,5.69,5.73,5.84,5.7,5.83,11649859,67348206.0
2026-10-09,sh,600226,亨通股份,5.18,5.14,5.18,4.87,5.04,96124388,479802191.0
2026-10-09,sh,600227,赤天化,4.04,4.1,4.16,3.8,4.12,223929734,902811978.0
2026-10-09,sh,600228,返利科技,9.33,9.33,9.55,9.0,9.42,24423000,226597759.0
2026-10-09,sh,600229,城市传媒,5.67,5.68,5.93,5.56,5.91,10137767,58174912.0
2026-10-09,sh,600230,沧州大化,13.58,13.44,13.82,13.28,13.74,16235355,220033769.0
2026-10-09,sh,600231,凌钢股份,1.69,1.68,1.72,1.65,1.71,23598904,39704485.0
2026-10-09,sh,600232,金鹰股份,6.88,6.87,7.03,6.7,6.86,11402710,77810384.0
2026-10-09,sh,600233,圆通速递,17.78,17.89,18.43,17.83,18.21,27547068,502897766.0
2026-10-09,sh,600234,科新发展,18.82,18.72,19.27,17.92,19.04,2591811,47922478.0
2026-10-09,sh,600235,民丰特纸,5.94,5.98,5.98,5.78,5.95,5775500,34100715.0
2026-10-09,sh,600236,桂冠电力,9.87,9.87,9.97,9.7,9.93,16150240,159431757.0
2026-10-09,sh,600237,铜峰电子,8.84,8.59,8.64,8.08,8.42,43878750,365081022.0
2026-10-09,sh,600238,ST椰岛,4.05,4.05,4.06,3.97,4.04,2727900,10937770.0
2026-10-09,sh,600239,ST云城,1.42,1.41,1.43,1.39,1.42,15229552,21429651.0
2026-10-09,sh,600241,时代万恒,10.69,11.76,11.76,11.76,11.76,5862166,68939072.0
2026-10-09,sh,600243,*ST海华,3.56,3.57,3.63,3.42,3.49,4483500,15631884.0
2026-10-09,sh,600246,万通发展,12.14,12.1,12.1,11.21,11.88,78569837,918201003.0
2026-10-09,sh,600248,陕建股份,2.87,2.88,2.92,2.87,2.89,17013263,49232118.0
2026-10-09,sh,600249,两面针,5.34,5.32,5.45,5.26,5.44,9182000,49178999.0
2026-10-09,sh,600250,南京商旅,8.73,8.68,8.84,8.48,8.8,7395800,64173159.0
2026-10-09,sh,600251,冠农股份,10.33,10.24,10.43,10.07,10.39,17771288,182073777.0
2026-10-09,sh,600252,中恒集团,2.17,2.16,2.27,2.16,2.25,81105365,180136038.0
2026-10-09,sh,600255,鑫科材料,3.34,3.32,3.35,3.23,3.35,63148759,208438951.0
2026-10-09,sh,600256,广汇能源,6.8,7.06,7.33,6.99,7.2,279227906,2000957759.0
2026-10-09,sh,600257,大湖股份,5.4,5.43,5.53,5.29,5.51,12945800,69950309.0
2026-10-09,sh,600258,首旅酒店,10.74,10.75,11.01,10.73,10.97,18066943,197027241.0
2026-10-09,sh,600259,中稀有色,70.1,69.98,71.54,68.63,70.9,7271885,509323199.0
2026-10-09,sh,600261,阳光照明,3.26,3.25,3.28,3.17,3.27,20664500,66572448.0
2026-10-09,sh,600262,北方股份,14.44,14.5,14.77,14.06,14.7,4753020,68508571.0
2026-10-09,sh,600265,*ST景谷,22.63,22.62,22.95,22.45,22.88,762900,17298263.0
2026-10-09,sh,600266,城建发展,4.35,4.38,4.5,4.31,4.45,57934856,255144038.0
2026-10-09,sh,600267,海正药业,11.64,11.63,11.99,11.41,11.94,30346492,357395850.0
2026-10-09,sh,600268,国电南自,10.31,10.32,10.37,10.1,10.29,10881572,111236419.0
2026-10-09,sh,600269,赣粤高速,3.82,3.83,3.89,3.81,3.87,21965717,84841583.0
2026-10-09,sh,600271,航天信息,6.57,6.57,6.77,6.5,6.75,14990220,99440743.0
2026-10-09,sh,600272,开开实业,15.5,15.43,15.68,14.47,15.65,24590621,371369890.0
2026-10-09,sh,600273,嘉化能源,6.27,6.28,6.33,6.25,6.3,13524717,85199882.0
2026-10-09,sh,600276,恒瑞医药,47.01,46.64,47.24,45.8,46.85,62812798,2925353823.0
2026-10-09,sh,600278,东方创业,6.46,6.44,6.62,6.43,6.62,6675620,43554622.0
2026-10-09,sh,600279,重庆港,4.35,4.35,4.4,4.29,4.34,6294800,27277019.0
2026-10-09,sh,600280,中央商场,2.96,2.97,3.18,2.92,3.17,56742800,173200047.0
2026-10-09,sh,600281,华阳新材,4.62,4.65,4.66,4.45,4.66,11939200,54468131.0
2026-10-09,sh,600282,南钢股份,4.61,4.61,4.69,4.58,4.61,51855400,240727316.0
2026-10-09,sh,600283,钱江水利,8.03,8.06,8.07,7.95,8.06,1970540,15791438.0
2026-10-09,sh,600284,浦东建设,5.15,5.12,5.24,5.12,5.23,16467594,85462762.0
2026-10-09,sh,600285,羚锐制药,19.08,19.15,19.8,19.09,19.66,14437525,282320913.0
2026-10-09,sh,600287,苏豪时尚,5.01,5.0,5.07,4.87,5.04,4064600,20186470.0
2026-10-09,sh,600288,大恒科技,10.21,10.21,10.5,9.98,10.48,13475051,137794660.0
2026-10-09,sh,600289,ST信通,4.83,4.83,5.04,4.62,4.98,8666600,41909129.0
2026-10-09,sh,600292,电投水电,11.4,11.46,11.46,11.21,11.31,5970306,67478558.0
2026-10-09,sh,600293,三峡新材,3.93,0.0,0.0,0.0,3.93,0,0.0
2026-10-09,sh,600295,鄂尔多斯,13.13,13.15,13.4,13.06,13.21,7761331,102741889.0
2026-10-09,sh,600298,安琪酵母,37.97,38.08,38.35,37.37,37.86,6086800,230505634.0
2026-10-09,sh,600299,安迪苏,8.35,8.3,8.5,8.28,8.48,25658345,215799324.0
2026-10-09,sh,600300,维维股份,3.08,3.1,3.17,3.08,3.16,30343800,94909538.0
2026-10-09,sh,600301,华锡有色,48.71,48.6,49.55,48.16,48.99,10757579,525342204.0
2026-10-09,sh,600302,ST标准,6.76,6.76,6.82,6.48,6.8,2812900,18702231.0
2026-10-09,sh,600303,曙光股份,3.17,3.19,3.19,2.97,3.13,34090900,104435788.0
2026-10-09,sh,600305,恒顺醋业,6.77,6.77,6.89,6.77,6.85,10380236,71050550.0
2026-10-09,sh,600307,酒钢宏兴,1.46,1.45,1.48,1.45,1.48,41610500,61041052.0
2026-10-09,sh,600308,华泰股份,3.25,3.25,3.29,3.23,3.29,7430789,24249238.0
2026-10-09,sh,600309,万华化学,69.79,69.79,70.56,69.45,70.2,19826977,1388559821.0
2026-10-09,sh,600310,广西能源,4.97,5.0,5.07,4.7,4.85,138422283,665637346.0
2026-10-09,sh,600312,平高电气,20.53,20.31,20.68,20.2,20.58,15513885,317492880.0
2026-10-09,sh,600313,农发种业,6.88,6.9,7.37,6.76,7.35,107504248,764048228.0
2026-10-09,sh,600315,上海家化,18.5,18.46,19.58,18.46,19.45,18351370,350096459.0
2026-10-09,sh,600316,洪都航空,32.42,32.49,32.76,30.8,31.56,10700378,336506979.0
2026-10-09,sh,600318,新力金融,6.72,6.7,7.16,6.63,7.12,28966627,199219117.0
2026-10-09,sh,600319,亚星化学,6.3,6.3,6.34,6.09,6.32,4475100,27799760.0
2026-10-09,sh,600320,振华重工,4.08,4.09,4.14,4.05,4.12,39056334,159988022.0
2026-10-09,sh,600322,津投城开,2.82,2.82,2.85,2.73,2.83,36899640,102832218.0
2026-10-09,sh,600323,瀚蓝环境,29.76,29.8,30.27,29.6,29.81,5155559,154725239.0
2026-10-09,sh,600325,华发股份,2.86,2.86,2.92,2.79,2.89,125649979,358204582.0
2026-10-09,sh,600326,西藏天路,6.53,6.51,6.64,6.4,6.63,15993122,104287322.0
2026-10-09,sh,600327,大东方,3.83,3.84,3.99,3.78,3.98,17185543,66864397.0
2026-10-09,sh,600328,中盐化工,5.7,5.7,5.8,5.69,5.79,15742377,90507096.0
2026-10-09,sh,600329,达仁堂,35.54,35.59,36.04,35.53,35.8,2644299,94886521.0
2026-10-09,sh,600330,天通股份,24.21,23.85,24.1,22.22,23.23,95480476,2207907225.0
2026-10-09,sh,600331,宏达股份,11.55,11.58,11.83,11.37,11.71,29822447,346568414.0
2026-10-09,sh,600332,白云山,19.69,19.69,20.04,19.69,19.97,11091507,221156861.0
2026-10-09,sh,600333,长春燃气,6.84,6.81,7.0,6.62,6.87,21707905,147339050.0
2026-10-09,sh,600335,国机汽车,5.2,5.22,5.28,5.17,5.28,13142010,68743005.0
2026-10-09,sh,600336,澳柯玛,6.14,6.13,6.22,5.94,6.22,7552600,45831891.0
2026-10-09,sh,600337,ST美克,3.74,3.66,3.66,3.37,3.5,55102516,190155852.0
2026-10-09,sh,600338,西藏珠峰,11.99,12.07,12.3,11.8,12.28,29649861,358448676.0
2026-10-09,sh,600339,中油工程,3.37,3.36,3.41,3.33,3.35,69163074,233112366.0
2026-10-09,sh,600340,*ST华幸,1.34,1.33,1.38,1.29,1.32,97508290,129517488.0
2026-10-09,sh,600343,航天动力,19.1,19.0,19.03,17.43,18.39,30326851,549864579.0
2026-10-09,sh,600345,长江通信,46.42,46.0,46.18,43.38,45.58,6385888,285822325.0
2026-10-09,sh,600346,恒力石化,16.4,16.32,16.6,16.2,16.45,22071538,361751356.0
2026-10-09,sh,600348,华阳股份,9.09,9.14,9.2,9.05,9.08,25287197,230083862.0
2026-10-09,sh,600350,山东高速,10.26,10.27,10.71,10.26,10.58,22139497,233932663.0
2026-10-09,sh,600351,亚宝药业,6.82,6.81,7.08,6.78,7.07,39223532,273846699.0
2026-10-09,sh,600352,浙江龙盛,12.35,12.29,12.52,12.17,12.48,34497596,427388746.0
2026-10-09,sh,600353,旭光电子,27.55,27.2,27.35,24.95,26.41,45669577,1189194115.0
2026-10-09,sh,600354,敦煌种业,9.08,9.26,9.99,8.9,9.99,124945607,1198876915.0
2026-10-09,sh,600356,恒丰纸业,10.8,10.7,10.94,10.32,10.73,16522292,175188232.0
2026-10-09,sh,600358,国旅联合,5.47,5.6,5.63,5.44,5.54,8946500,49258153.0
2026-10-09,sh,600359,新农开发,7.31,7.3,7.7,7.18,7.66,32926675,245516692.0
2026-10-09,sh,600360,华微电子,10.24,10.19,10.32,9.91,10.21,41700560,421574813.0
2026-10-09,sh,600361,创新新材,3.45,3.45,3.51,3.44,3.5,37089600,128934448.0
2026-10-09,sh,600362,江西铜业,41.89,41.45,42.66,41.06,42.51,31419158,1314805240.0
2026-10-09,sh,600363,ST联光,10.98,10.66,10.7,9.92,10.26,89224185,914641423.0
2026-10-09,sh,600365,ST通葡,2.86,2.87,2.87,2.77,2.81,2146800,6012482.0
2026-10-09,sh,600366,宁波韵升,10.81,10.89,10.91,10.41,10.88,27090850,288754076.0
2026-10-09,sh,600367,红星发展,32.62,32.55,32.56,30.46,32.1,21661765,685128794.0
2026-10-09,sh,600368,五洲交通,4.27,4.24,4.28,4.23,4.24,20161947,85606411.0
2026-10-09,sh,600369,西南证券,3.88,3.89,3.96,3.88,3.94,33557318,131853125.0
2026-10-09,sh,600370,*ST三房,1.36,1.36,1.36,1.29,1.34,22502543,29828471.0
2026-10-09,sh,600371,万向德农,13.61,13.73,14.97,13.32,14.97,65395693,949505124.0
2026-10-09,sh,600372,中航机载,11.16,11.16,11.26,10.98,11.19,19044243,211872922.0
2026-10-09,sh,600373,中文传媒,7.37,7.37,7.85,7.37,7.81,28343411,216510330.0
2026-10-09,sh,600375,汉马科技,3.65,3.64,3.72,3.58,3.7,18746517,68397463.0
2026-10-09,sh,600376,首开股份,3.2,3.19,3.29,3.09,3.23,62245923,197081061.0
2026-10-09,sh,600377,宁沪高速,13.19,13.19,13.5,13.19,13.49,17761300,238530205.0
2026-10-09,sh,600378,昊华科技,40.5,39.99,40.47,38.4,39.91,27075751,1067524108.0
2026-10-09,sh,600379,宝光股份,13.45,13.42,13.51,12.75,13.43,10003000,131397728.0
2026-10-09,sh,600380,健康元,9.9,9.87,10.17,9.86,10.13,24047101,242051596.0
2026-10-09,sh,600381,*ST春天,4.12,4.1,4.13,3.94,4.13,3231742,13067810.0
2026-10-09,sh,600382,广东明珠,5.67,5.7,5.7,5.5,5.69,9806800,54985539.0
2026-10-09,sh,600383,金地集团,2.57,2.57,2.62,2.48,2.54,172637240,436509358.0
2026-10-09,sh,600386,北巴传媒,3.52,3.5,3.61,3.44,3.59,8688100,30580448.0
2026-10-09,sh,600388,紫金龙净,16.79,16.9,17.3,16.76,17.07,11396124,195281993.0
2026-10-09,sh,600389,江山股份,17.95,17.95,18.18,17.8,18.11,5341433,96396183.0
2026-10-09,sh,600390,五矿资本,4.81,4.8,4.89,4.8,4.87,35814049,173794060.0
2026-10-09,sh,600391,航发科技,39.38,39.18,39.37,36.09,37.41,16430600,611867026.0
2026-10-09,sh,600392,盛和资源,19.7,19.63,19.91,18.88,19.84,38866216,755713647.0
2026-10-09,sh,600395,盘江股份,5.07,5.07,5.14,5.04,5.11,30252264,154058743.0
2026-10-09,sh,600396,华电辽能,12.56,12.55,12.55,11.7,12.23,80303888,962636487.0
2026-10-09,sh,600397,江钨装备,15.72,15.49,15.49,14.67,15.35,47107200,709207301.0
2026-10-09,sh,600398,海澜之家,5.85,5.85,6.05,5.85,6.01,50868743,304645342.0
2026-10-09,sh,600399,抚顺特钢,4.3,4.32,4.38,4.24,4.27,38443300,164865326.0
2026-10-09,sh,600400,红豆股份,3.62,3.7,3.98,3.64,3.98,194969093,744163051.0
2026-10-09,sh,600403,大有能源,7.41,7.31,7.56,7.0,7.53,122236057,900356471.0
2026-10-09,sh,600405,动力源,4.88,4.88,4.9,4.72,4.85,8349500,40180567.0
2026-10-09,sh,600406,国电南瑞,22.86,22.78,22.93,22.4,22.4,46639856,1053867051.0
2026-10-09,sh,600408,安泰集团,3.44,3.49,3.78,3.31,3.78,210563162,750030326.0
2026-10-09,sh,600409,三友化工,6.32,6.32,6.42,6.21,6.34,23332200,147072941.0
2026-10-09,sh,600410,华胜天成,13.92,13.79,14.07,13.18,13.98,54763818,745620062.0
2026-10-09,sh,600415,小商品城,10.83,10.83,11.1,10.73,11.05,33637332,367542196.0
2026-10-09,sh,600416,湘电股份,8.24,8.22,8.31,8.12,8.28,11056800,90891719.0
2026-10-09,sh,600418,江淮汽车,24.72,22.25,23.2,22.25,22.75,282787028,6346789424.0
2026-10-09,sh,600419,天润乳业,9.15,9.18,9.41,9.14,9.33,11148330,103596354.0
2026-10-09,sh,600420,国药现代,8.42,8.42,8.54,8.4,8.51,9016979,76597486.0
2026-10-09,sh,600422,昆药集团,8.18,8.18,8.4,8.18,8.36,9135000,75956119.0
2026-10-09,sh,600423,*ST柳化,2.67,2.66,2.69,2.63,2.69,1867200,4964658.0
2026-10-09,sh,600425,青松建化,3.63,3.61,3.69,3.61,3.66,12929410,47113469.0
2026-10-09,sh,600426,华鲁恒升,19.82,19.73,20.21,19.73,20.12,29217566,586116064.0
2026-10-09,sh,600428,中远海特,10.98,10.97,11.06,10.67,10.95,39567160,432038797.0
2026-10-09,sh,600429,三元股份,4.81,4.8,4.94,4.75,4.94,17742700,86252129.0
2026-10-09,sh,600433,冠豪高新,3.28,3.26,3.34,3.23,3.32,23755782,77953078.0
2026-10-09,sh,600435,北方导航,11.02,11.04,11.07,10.68,11.02,13302037,144507201.0
2026-10-09,sh,600436,片仔癀,118.19,117.51,120.5,117.51,119.82,2660193,316985239.0
2026-10-09,sh,600438,通威股份,11.44,11.43,11.73,11.18,11.65,48923248,562508204.0
2026-10-09,sh,600439,ST瑞贝卡,1.84,1.84,1.87,1.83,1.87,7586071,14025170.0
2026-10-09,sh,600444,国机通用,14.5,14.5,14.65,13.96,14.45,2577400,36726892.0
2026-10-09,sh,600446,金证股份,10.15,10.14,10.7,9.98,10.68,21436088,222804483.0
2026-10-09,sh,600448,华纺股份,3.06,3.08,3.11,2.95,3.11,55822906,169490048.0
2026-10-09,sh,600449,宁夏建材,12.32,12.33,12.34,11.95,12.24,7375400,89427797.0
2026-10-09,sh,600452,涪陵电力,8.82,8.82,8.87,8.75,8.85,15068819,132801910.0
2026-10-09,sh,600455,博通股份,24.52,24.52,24.87,23.39,24.71,1511600,36487739.0
2026-10-09,sh,600456,宝钛股份,24.51,24.65,24.8,24.23,24.7,3687000,90575129.0
2026-10-09,sh,600458,时代新材,10.76,11.08,11.28,10.92,11.27,41603824,463490730.0
2026-10-09,sh,600459,贵研铂业,17.97,17.87,18.15,17.5,18.09,11931611,212832390.0
2026-10-09,sh,600460,士兰微,29.64,29.2,29.52,27.8,29.09,67111748,1923131760.0
2026-10-09,sh,600461,洪城环境,8.89,8.89,9.05,8.88,8.92,19890072,178677718.0
2026-10-09,sh,600463,空港股份,8.21,8.25,8.42,7.83,8.19,4587700,36993475.0
2026-10-09,sh,600467,好当家,2.39,2.38,2.45,2.36,2.45,37343197,89692980.0
2026-10-09,sh,600468,百利电气,5.89,5.86,5.93,5.65,5.92,16458940,95163435.0
2026-10-09,sh,600469,风神股份,4.93,4.94,5.03,4.92,5.02,6926250,34483533.0
2026-10-09,sh,600470,六国化工,5.51,5.53,5.66,5.42,5.63,18100767,100295537.0
2026-10-09,sh,600475,华光环能,14.4,14.59,14.77,14.22,14.53,6842022,99060949.0
2026-10-09,sh,600476,*ST湘邮,9.86,9.91,9.98,9.68,9.91,1009801,9926137.0
2026-10-09,sh,600477,杭萧钢构,2.41,2.41,2.45,2.36,2.44,26368470,63476215.0
2026-10-09,sh,600478,科力远,4.64,4.64,5.1,4.62,5.1,61382629,308873445.0
2026-10-09,sh,600479,千金药业,12.13,12.12,12.48,11.75,12.44,48447700,591594859.0
2026-10-09,sh,600480,凌云股份,7.65,7.65,7.79,7.53,7.77,13187471,101097282.0
2026-10-09,sh,600481,双良节能,3.97,3.97,4.05,3.88,4.04,31291418,124247878.0
2026-10-09,sh,600482,中国动力,34.68,34.96,34.96,32.53,33.46,20764520,691786149.0
2026-10-09,sh,600483,福能股份,11.22,11.3,11.34,11.18,11.23,19360244,218291150.0
2026-10-09,sh,600486,扬农化工,51.55,51.55,52.96,51.28,52.58,3134984,164278936.0
2026-10-09,sh,600487,亨通光电,52.7,51.88,53.25,49.63,52.95,143574558,7392176815.0
2026-10-09,sh,600488,津药药业,6.52,6.49,6.54,6.23,6.47,92271702,590755037.0
2026-10-09,sh,600489,中金黄金,21.48,21.68,23.05,21.68,22.95,92203311,2066211816.0
2026-10-09,sh,600490,鹏欣资源,6.71,6.79,6.88,6.65,6.83,30225920,204558406.0
2026-10-09,sh,600491,ST龙元,1.5,1.49,1.5,1.4,1.48,44888600,65277444.0
2026-10-09,sh,600493,凤竹纺织,6.58,6.59,6.6,6.32,6.54,6411100,41463423.0
2026-10-09,sh,600495,晋西车轴,4.07,4.07,4.11,4.03,4.1,9807643,39979687.0
2026-10-09,sh,600496,精工钢构,3.35,3.36,3.37,3.3,3.34,29692460,98956323.0
2026-10-09,sh,600497,驰宏锌锗,8.8,8.75,8.93,8.58,8.91,64279833,563109524.0
2026-10-09,sh,600498,烽火通信,34.49,33.9,34.15,31.96,33.65,60415521,2002714451.0
2026-10-09,sh,600499,科达制造,11.43,11.31,11.41,11.13,11.3,26368097,297595203.0
2026-10-09,sh,600500,中化国际,5.07,5.01,5.09,4.9,5.03,76688362,382383029.0
2026-10-09,sh,600501,航天晨光,14.73,14.89,14.97,14.06,14.63,8694124,125550305.0
2026-10-09,sh,600502,安徽建工,4.24,4.24,4.28,4.22,4.25,33419636,142100349.0
2026-10-09,sh,600503,华丽家族,2.53,2.51,2.56,2.4,2.52,103342538,255883599.0
2026-10-09,sh,600505,西昌电力,10.59,10.58,10.6,10.31,10.49,5493242,57200007.0
2026-10-09,sh,600506,统一股份,16.03,16.04,16.1,15.3,16.03,11217430,176176587.0
2026-10-09,sh,600507,方大特钢,4.12,4.13,4.18,4.09,4.1,24629401,101828897.0
2026-10-09,sh,600508,上海能源,10.65,10.64,10.78,10.51,10.67,17947013,191242672.0
2026-10-09,sh,600509,天富能源,7.26,7.25,7.3,7.16,7.28,15686753,113496773.0
2026-10-09,sh,600510,黑牡丹,6.24,6.28,6.33,6.0,6.25,10048281,61976183.0
2026-10-09,sh,600511,国药股份,26.29,26.3,26.8,26.2,26.67,5523311,147099275.0
2026-10-09,sh,600512,腾达建设,2.08,2.07,2.11,2.05,2.11,24791200,51569776.0
2026-10-09,sh,600513,联环药业,16.6,16.46,16.98,15.92,16.28,38608454,632873481.0
2026-10-09,sh,600515,海南机场,2.7,2.7,2.76,2.68,2.75,86563998,235634993.0
2026-10-09,sh,600516,方大炭素,5.29,5.27,5.41,5.26,5.39,50331918,269832620.0
2026-10-09,sh,600517,国网英大,5.0,5.0,5.04,4.94,5.0,19782518,98676720.0
2026-10-09,sh,600518,康美药业,1.33,1.32,1.35,1.31,1.35,149197614,198820575.0
2026-10-09,sh,600519,贵州茅台,1255.79,1255.42,1282.0,1255.42,1263.0,3511051,4453223189.0
2026-10-09,sh,600520,三佳科技,23.41,23.41,23.41,21.42,22.6,8654400,192699111.0
2026-10-09,sh,600521,华海药业,16.65,16.77,17.46,16.58,17.45,72199528,1238170946.0
2026-10-09,sh,600522,中天科技,30.49,30.0,30.34,28.48,30.09,149051167,4382802445.0
2026-10-09,sh,600523,贵航股份,11.7,11.7,11.75,11.43,11.72,4028740,46698036.0
2026-10-09,sh,600525,长园集团,4.79,4.76,4.79,4.58,4.74,15790700,74124696.0
2026-10-09,sh,600526,菲达环保,4.7,4.7,4.72,4.63,4.71,6655587,31123796.0
2026-10-09,sh,600527,江南高纤,2.17,2.16,2.21,2.13,2.21,45356000,98449903.0
2026-10-09,sh,600528,中铁工业,6.84,6.86,6.91,6.84,6.86,11483149,78960011.0
2026-10-09,sh,600529,山东药玻,18.1,18.12,18.39,18.09,18.28,5829815,106594614.0
2026-10-09,sh,600530,ST交昂,3.69,3.69,3.73,3.62,3.71,3062903,11232507.0
2026-10-09,sh,600531,豫光金铅,10.97,11.0,11.23,10.81,11.19,30445383,335924031.0
2026-10-09,sh,600533,栖霞建设,2.24,2.24,2.3,2.18,2.27,20289391,45367019.0
2026-10-09,sh,600535,天士力,14.01,14.03,14.28,14.02,14.2,16459720,233526549.0
2026-10-09,sh,600536,中国软件,30.21,30.17,31.42,29.8,31.32,13974218,428247671.0
2026-10-09,sh,600537,*ST亿晶,2.09,2.09,2.1,2.01,2.07,20708100,42644800.0
2026-10-09,sh,600538,国发股份,4.78,4.78,4.82,4.63,4.82,7128100,33723829.0
2026-10-09,sh,600539,狮头股份,13.3,13.24,13.39,12.6,13.37,8309700,108311666.0
2026-10-09,sh,600540,新赛股份,5.44,5.49,5.77,5.31,5.76,110063967,610747868.0
2026-10-09,sh,600543,*ST莫高,4.07,4.07,4.09,3.96,4.08,1277800,5155815.0
2026-10-09,sh,600545,卓郎智能,3.85,3.82,3.84,3.48,3.66,82004644,296192162.0
2026-10-09,sh,600546,山煤国际,13.56,13.56,13.95,13.5,13.9,21101313,290477109.0
2026-10-09,sh,600547,山东黄金,26.43,26.67,27.45,26.3,27.17,117887149,3171980390.0
2026-10-09,sh,600548,深高速,8.16,8.16,8.35,8.13,8.34,7184789,59457381.0
2026-10-09,sh,600549,厦门钨业,43.19,42.97,43.4,41.55,43.05,31950609,1357767468.0
2026-10-09,sh,600550,保变电气,10.42,10.49,10.49,10.12,10.33,18483190,189763064.0
2026-10-09,sh,600551,时代出版,7.95,7.95,8.26,7.8,8.23,25686341,206942764.0
2026-10-09,sh,600552,凯盛科技,15.99,15.73,15.79,14.39,15.12,59965604,900763044.0
2026-10-09,sh,600556,天下秀,4.48,4.5,4.8,4.43,4.77,60310105,278851695.0
2026-10-09,sh,600557,康缘药业,12.22,12.22,12.44,11.97,12.4,7364202,90510823.0
2026-10-09,sh,600558,大西洋,4.9,4.87,5.05,4.78,4.96,23747038,116445097.0
2026-10-09,sh,600559,老白干酒,10.95,11.03,11.12,10.96,11.09,10345615,114340195.0
2026-10-09,sh,600560,金自天正,11.37,11.3,11.43,10.98,11.39,2178000,24429404.0
2026-10-09,sh,600561,江西长运,6.09,6.09,6.14,5.85,6.06,4868700,29032123.0
2026-10-09,sh,600562,国睿科技,26.44,26.39,26.67,25.13,26.48,10628370,275607858.0
2026-10-09,sh,600563,法拉电子,113.49,113.48,113.9,109.34,113.1,2870117,320414556.0
2026-10-09,sh,600566,济川药业,26.02,26.02,26.99,25.79,26.7,11361358,303812177.0
2026-10-09,sh,600567,山鹰国际,1.31,1.31,1.33,1.31,1.32,46869934,61768999.0
2026-10-09,sh,600568,ST中珠,2.28,2.28,2.29,2.24,2.26,7115100,16053386.0
2026-10-09,sh,600569,安阳钢铁,1.77,1.77,1.81,1.76,1.8,18876541,33736837.0
2026-10-09,sh,600570,恒生电子,18.83,18.81,19.52,18.61,19.49,20489926,390777455.0
2026-10-09,sh,600571,信雅达,10.07,10.02,10.65,9.9,10.6,10966020,113000385.0
2026-10-09,sh,600572,康恩贝,4.3,4.31,4.43,4.29,4.41,61522943,268991865.0
2026-10-09,sh,600573,惠泉啤酒,11.11,11.1,11.94,10.99,11.76,21525099,245029133.0
2026-10-09,sh,600575,淮河能源,3.23,3.23,3.29,3.22,3.26,40973900,133551822.0
2026-10-09,sh,600576,祥源文旅,5.19,5.18,5.27,5.12,5.26,5250563,27249760.0
2026-10-09,sh,600577,精达股份,8.84,8.8,8.84,8.52,8.66,78792771,682260938.0
2026-10-09,sh,600578,京能电力,5.36,5.34,5.38,5.26,5.35,49304702,262263484.0
2026-10-09,sh,600579,中化装备,7.01,7.0,7.04,6.81,7.04,4210000,29199056.0
2026-10-09,sh,600580,卧龙电驱,25.35,25.27,25.64,24.44,25.56,23098209,578118858.0
2026-10-09,sh,600581,*ST八钢,2.45,2.46,2.48,2.41,2.48,7180700,17479593.0
2026-10-09,sh,600582,天地科技,4.96,4.96,5.04,4.93,5.01,30288612,151914913.0
2026-10-09,sh,600583,海油工程,6.61,6.58,6.7,6.51,6.59,43233730,284763701.0
2026-10-09,sh,600584,长电科技,62.6,62.03,63.18,58.73,62.74,68519567,4177850375.0
2026-10-09,sh,600585,海螺水泥,17.38,17.3,17.54,17.3,17.39,19620683,341271907.0
2026-10-09,sh,600586,金晶科技,3.94,3.95,3.99,3.87,3.97,13032500,51210685.0
2026-10-09,sh,600587,新华医疗,12.99,12.9,13.12,12.62,13.12,14391656,185888057.0
2026-10-09,sh,600588,用友网络,9.01,9.01,9.39,8.83,9.37,49109417,447736620.0
2026-10-09,sh,600589,大位科技,7.09,7.09,7.13,6.78,7.12,38428080,266876795.0
2026-10-09,sh,600590,泰豪科技,8.02,8.0,8.0,7.64,7.94,20067624,156675099.0
2026-10-09,sh,600592,龙溪股份,15.55,15.43,15.51,14.74,15.32,20723980,312658127.0
2026-10-09,sh,600593,大连圣亚,48.97,49.0,49.85,47.01,48.7,11300000,544447983.0
2026-10-09,sh,600594,益佰制药,3.59,3.58,3.69,3.52,3.68,23169228,83745403.0
2026-10-09,sh,600595,中孚实业,5.99,5.95,6.1,5.93,6.08,58584713,352562230.0
2026-10-09,sh,600596,新安股份,10.48,10.48,10.98,10.48,10.95,46207587,499765566.0
2026-10-09,sh,600597,光明乳业,6.86,6.89,7.08,6.89,7.04,16411339,115147575.0
2026-10-09,sh,600598,北大荒,12.64,12.7,13.21,12.6,13.16,40123566,520758664.0
2026-10-09,sh,600600,青岛啤酒,50.42,50.48,51.3,50.47,51.21,5733824,292608980.0
2026-10-09,sh,600601,方正科技,12.65,12.42,12.46,11.39,11.93,236201131,2792474427.0
2026-10-09,sh,600602,云赛智联,15.71,15.64,16.02,15.32,15.98,15534943,243417811.0
2026-10-09,sh,600603,广汇物流,4.74,4.79,5.1,4.78,5.06,26772390,132985915.0
2026-10-09,sh,600604,市北高新,4.74,4.7,4.8,4.63,4.76,17192200,81007991.0
2026-10-09,sh,600605,汇通能源,29.1,29.1,29.8,27.9,29.4,5436660,156812799.0
2026-10-09,sh,600606,绿地控股,1.47,1.47,1.5,1.44,1.48,200120023,292601274.0
2026-10-09,sh,600609,金杯汽车,3.53,3.5,3.58,3.42,3.58,39961275,139303519.0
2026-10-09,sh,600610,中毅达,7.56,7.56,7.74,7.37,7.71,21928721,166196542.0
2026-10-09,sh,600611,大众交通,4.25,4.23,4.34,4.16,4.33,34008853,144470130.0
2026-10-09,sh,600612,老凤祥,31.37,31.65,32.18,31.48,32.14,1917720,61206798.0
2026-10-09,sh,600613,神奇制药,8.2,8.36,8.75,7.94,8.72,90699150,763684701.0
2026-10-09,sh,600615,鑫源智造,9.66,9.63,10.48,9.43,9.89,10016714,98635829.0
2026-10-09,sh,600616,金枫酒业,5.18,5.27,5.3,4.91,5.15,31088036,157497224.0
2026-10-09,sh,600617,国新能源,3.74,4.1,4.1,3.58,3.72,209562981,788142370.0
2026-10-09,sh,600618,氯碱化工,9.85,9.87,10.02,9.76,9.98,6227246,61769636.0
2026-10-09,sh,600619,海立股份,13.39,13.38,13.79,13.32,13.61,30491448,414108670.0
2026-10-09,sh,600620,天宸股份,4.32,4.35,4.39,4.19,4.37,7053900,30258407.0
2026-10-09,sh,600621,华鑫股份,13.16,13.23,14.48,13.16,14.48,50073504,702519115.0
2026-10-09,sh,600622,光大嘉宝,2.48,2.46,2.55,2.41,2.5,33609320,83036742.0
2026-10-09,sh,600623,华谊集团,8.69,8.7,8.8,8.6,8.72,12791756,111242379.0
2026-10-09,sh,600624,ST复华,4.69,4.69,4.71,4.58,4.63,3626594,16721447.0
2026-10-09,sh,600626,申达股份,3.72,3.73,3.79,3.65,3.79,11483501,42687178.0
2026-10-09,sh,600628,新世界,6.35,6.34,6.48,6.28,6.46,7588201,48519402.0
2026-10-09,sh,600629,华建集团,16.38,16.38,18.02,16.08,18.02,35447084,616352447.0
2026-10-09,sh,600630,龙头股份,7.66,7.59,7.93,7.39,7.92,50442359,387417088.0
2026-10-09,sh,600633,浙数文化,9.83,9.83,10.22,9.76,10.19,19935846,199185382.0
2026-10-09,sh,600635,大众公用,4.5,4.51,4.55,4.43,4.49,30060842,134584198.0
2026-10-09,sh,600637,东方明珠,8.48,8.47,8.79,8.36,8.76,43523321,373228574.0
2026-10-09,sh,600638,新黄浦,5.26,5.24,5.33,5.11,5.26,14680596,76494343.0
2026-10-09,sh,600639,浦东金桥,10.07,10.06,10.19,9.86,9.86,10309533,102687751.0
2026-10-09,sh,600640,国脉文化,12.28,12.25,13.03,12.17,12.94,22457304,284374624.0
2026-10-09,sh,600641,先导基电,45.32,44.2,45.87,41.45,44.66,73277392,3217837257.0
2026-10-09,sh,600642,申能股份,9.09,9.14,9.2,9.07,9.08,25244355,230551177.0
2026-10-09,sh,600643,爱建集团,4.01,4.01,4.14,3.98,4.12,18046267,73330553.0
2026-10-09,sh,600644,乐山电力,9.08,9.08,9.08,8.6,8.88,23510367,206200494.0
2026-10-09,sh,600645,中源协和,18.68,18.8,19.13,18.21,19.1,9056145,169036872.0
2026-10-09,sh,600648,外高桥,9.81,9.74,9.82,9.45,9.59,4415931,42461914.0
2026-10-09,sh,600649,城投控股,3.99,4.0,4.06,3.94,4.03,31698103,126552799.0
2026-10-09,sh,600650,锦江在线,10.24,10.25,10.38,10.08,10.38,2694900,27587155.0
2026-10-09,sh,600651,飞乐音响,4.92,4.9,5.05,4.9,5.03,19784670,98484710.0
2026-10-09,sh,600653,申华控股,1.66,1.65,1.7,1.62,1.69,43236086,71699036.0
2026-10-09,sh,600654,中安科,2.97,2.96,3.12,2.91,3.1,76828465,232342754.0
2026-10-09,sh,600655,豫园股份,4.58,4.6,4.72,4.59,4.68,21476851,100310242.0
2026-10-09,sh,600657,信达地产,3.35,3.34,3.42,3.23,3.34,75920547,250476059.0
2026-10-09,sh,600658,电子城,4.13,4.13,4.2,4.02,4.19,17209700,70696395.0
2026-10-09,sh,600660,福耀玻璃,51.65,51.64,54.3,51.57,54.0,18902396,1012166155.0
2026-10-09,sh,600661,昂立教育,9.52,9.55,9.73,9.27,9.61,10491724,99826905.0
2026-10-09,sh,600662,外服控股,4.24,4.25,4.33,4.21,4.32,15061100,64314757.0
2026-10-09,sh,600663,陆家嘴,11.12,11.21,11.54,10.01,10.15,89266918,939631958.0
2026-10-09,sh,600664,哈药股份,7.24,7.17,7.42,6.82,7.39,429450381,3049962226.0
2026-10-09,sh,600665,天地源,3.35,3.33,3.38,3.21,3.34,13627515,44798466.0
2026-10-09,sh,600666,奥瑞德,3.14,3.15,3.2,3.05,3.19,58003300,181025880.0
2026-10-09,sh,600667,太极实业,16.55,16.51,16.52,15.27,16.32,135794106,2155007895.0
2026-10-09,sh,600668,尖峰集团,7.38,7.38,7.46,7.32,7.45,4100597,30339848.0
2026-10-09,sh,600671,天目药业,22.87,22.84,22.95,21.61,22.92,3192426,70723969.0
2026-10-09,sh,600673,东阳光,30.15,29.85,29.88,28.12,29.76,24534621,708739894.0
2026-10-09,sh,600674,川投能源,16.91,16.93,17.2,16.85,17.04,43995338,751341033.0
2026-10-09,sh,600675,中华企业,2.42,2.41,2.47,2.38,2.43,55329340,133638658.0
2026-10-09,sh,600676,久事动娱,6.5,6.5,6.69,6.47,6.67,7616210,50133931.0
2026-10-09,sh,600678,ST金顶,5.54,5.54,5.57,5.36,5.54,7709100,42104231.0
2026-10-09,sh,600679,上海凤凰,10.68,10.66,10.79,10.47,10.77,4635101,49345514.0
2026-10-09,sh,600681,百川能源,3.63,3.63,3.64,3.56,3.59,24067500,86332867.0
2026-10-09,sh,600682,南京新百,5.75,5.73,5.87,5.66,5.86,14804233,85445236.0
2026-10-09,sh,600683,京投发展,8.74,8.77,8.86,8.34,8.84,16496400,141849948.0
2026-10-09,sh,600684,珠江股份,3.61,3.61,3.67,3.52,3.64,15771963,56635034.0
2026-10-09,sh,600685,中船防务,29.19,29.39,29.52,27.84,28.41,15556685,441192237.0
2026-10-09,sh,600686,金龙汽车,11.05,10.98,11.1,10.73,11.04,17666262,192659999.0
2026-10-09,sh,600688,上海石化,2.81,2.81,2.84,2.79,2.83,65724135,185027431.0
2026-10-09,sh,600689,上海三毛,11.89,11.95,11.95,11.4,11.89,2704700,31543865.0
2026-10-09,sh,600690,海尔智家,20.43,20.43,20.95,20.43,20.81,30220853,627331209.0
2026-10-09,sh,600691,潞化科技,2.76,2.76,2.8,2.71,2.8,39299261,108288806.0
2026-10-09,sh,600692,亚通股份,6.69,6.72,6.78,6.39,6.63,8570900,56148065.0
2026-10-09,sh,600693,东百集团,9.47,9.5,10.25,9.36,10.16,103246579,1018534273.0
2026-10-09,sh,600694,大商股份,14.42,14.4,14.82,14.38,14.8,5782738,84569073.0
2026-10-09,sh,600697,欧亚集团,11.26,11.31,11.49,11.05,11.48,5572000,62734824.0
2026-10-09,sh,600698,湖南天雁,6.63,6.66,6.67,6.39,6.63,17984638,117086819.0
2026-10-09,sh,600699,均胜电子,21.11,20.4,22.38,20.39,22.0,76851976,1644130532.0
2026-10-09,sh,600702,舍得酒业,32.37,32.49,32.79,31.85,32.62,4711782,152036401.0
2026-10-09,sh,600703,三安光电,11.88,11.8,11.82,11.24,11.78,93661852,1077530094.0
2026-10-09,sh,600704,物产中大,4.92,4.92,5.02,4.91,5.0,60417831,301135781.0
2026-10-09,sh,600706,曲江文旅,7.95,7.96,8.06,7.65,8.03,7742532,60613933.0
2026-10-09,sh,600707,彩虹股份,9.15,8.88,9.0,8.33,8.73,169253329,1463364426.0
2026-10-09,sh,600708,光明地产,3.07,3.07,3.11,2.98,3.09,21887139,66434136.0
2026-10-09,sh,600710,苏美达,11.43,11.42,11.55,11.34,11.41,8815380,100709904.0
2026-10-09,sh,600711,盛屯矿业,10.28,10.16,10.68,10.15,10.62,61943019,646694936.0
2026-10-09,sh,600712,南宁百货,5.33,5.34,5.71,5.2,5.64,27199140,148129548.0
2026-10-09,sh,600713,南京医药,5.01,5.0,5.14,4.97,5.14,17712850,89881893.0
2026-10-09,sh,600714,金瑞矿业,17.05,16.98,16.98,15.77,16.79,15212710,248872134.0
2026-10-09,sh,600715,文投控股,1.6,1.6,1.76,1.58,1.76,125212455,213668564.0
2026-10-09,sh,600716,凤凰股份,3.7,3.7,3.75,3.61,3.71,7591107,27910460.0
2026-10-09,sh,600717,天津港,4.36,4.36,4.41,4.35,4.37,29602144,129915986.0
2026-10-09,sh,600718,东软集团,7.82,7.81,8.32,7.81,8.26,17988637,145535522.0
2026-10-09,sh,600719,大连热电,8.39,8.18,8.47,7.91,8.38,35298918,288820241.0
2026-10-09,sh,600720,中交设计,5.19,5.2,5.24,5.17,5.2,6129000,31887643.0
2026-10-09,sh,600721,百花医药,12.58,12.64,12.75,11.74,12.61,85172395,1040465063.0
2026-10-09,sh,600722,金牛化工,16.19,16.35,17.05,15.43,16.88,158276481,2608503538.0
2026-10-09,sh,600724,宁波富达,4.98,4.97,5.08,4.88,5.02,9240600,45989402.0
2026-10-09,sh,600725,云维股份,3.33,3.33,3.34,3.22,3.33,17347022,56994888.0
2026-10-09,sh,600726,华电能源,5.01,5.02,5.04,4.8,4.98,53730740,264099590.0
2026-10-09,sh,600727,鲁北化工,7.8,7.81,7.85,7.69,7.83,15050752,117092475.0
2026-10-09,sh,600728,佳都科技,4.4,4.42,4.56,4.38,4.54,30467000,136103181.0
2026-10-09,sh,600729,重百集团,18.47,18.5,19.05,18.43,19.02,4884014,91822767.0
2026-10-09,sh,600730,*ST高科,8.76,8.71,8.88,8.4,8.79,6371700,54904006.0
2026-10-09,sh,600731,湖南海利,5.91,5.91,5.95,5.82,5.93,3066800,18071270.0
2026-10-09,sh,600732,爱旭股份,10.95,10.97,11.03,10.64,10.95,25743239,279817880.0
2026-10-09,sh,600733,北汽蓝谷,4.77,4.76,4.78,4.55,4.73,129075184,600795616.0
2026-10-09,sh,600734,*ST实达,1.85,1.85,1.87,1.79,1.87,31882638,58185891.0
2026-10-09,sh,600735,ST新华锦,6.51,6.42,6.85,6.38,6.81,6855120,45697777.0
2026-10-09,sh,600736,苏州高新,6.48,6.47,6.54,6.27,6.48,19759600,126216640.0
2026-10-09,sh,600737,中粮糖业,15.12,15.1,15.73,14.74,15.61,109707145,1678325478.0
2026-10-09,sh,600738,丽尚国潮,4.18,4.17,4.31,4.12,4.3,13077700,55042088.0
2026-10-09,sh,600739,辽宁成大,10.13,10.15,10.39,10.13,10.33,13981700,143513368.0
2026-10-09,sh,600740,山西焦化,3.79,3.79,3.85,3.77,3.83,39375514,150062124.0
2026-10-09,sh,600741,华域汽车,15.15,15.14,15.55,15.13,15.55,22741295,350525088.0
2026-10-09,sh,600742,富维股份,7.7,7.69,7.83,7.54,7.76,6313100,48441839.0
2026-10-09,sh,600743,华远控股,2.33,2.34,2.37,2.24,2.36,84497037,194601760.0
2026-10-09,sh,600744,华银电力,6.17,6.18,6.18,5.88,6.08,65225635,391263968.0
2026-10-09,sh,600745,*ST闻泰,16.0,15.82,15.89,15.13,15.64,29117410,450682997.0
2026-10-09,sh,600746,江苏索普,7.18,7.39,7.89,7.35,7.56,39191500,295918148.0
2026-10-09,sh,600748,上实发展,4.09,4.09,4.15,3.96,4.11,16304130,65851547.0
2026-10-09,sh,600749,西藏旅游,12.54,12.44,12.67,12.16,12.62,5443400,67450390.0
2026-10-09,sh,600750,华润江中,22.6,22.63,23.14,22.63,22.88,6170434,141585062.0
2026-10-09,sh,600751,海航科技,2.87,2.88,2.94,2.85,2.92,30188248,87189827.0
2026-10-09,sh,600753,ST海钦,13.65,13.41,13.61,12.91,13.4,3633726,48022469.0
2026-10-09,sh,600754,锦江酒店,17.54,17.54,18.09,17.53,18.0,9689943,173204763.0
2026-10-09,sh,600755,厦门国贸,5.69,5.68,5.8,5.65,5.79,19960228,114590691.0
2026-10-09,sh,600756,浪潮软件,13.54,13.44,13.99,13.15,13.93,8153171,110859196.0
2026-10-09,sh,600757,长江传媒,7.36,7.38,7.63,7.35,7.56,14240141,106786708.0
2026-10-09,sh,600758,辽宁能源,3.87,3.86,3.92,3.76,3.91,64188888,246153373.0
2026-10-09,sh,600759,ST洲际,2.29,2.3,2.3,2.22,2.27,82688327,186830793.0
2026-10-09,sh,600760,中航沈飞,43.57,43.65,43.98,42.87,43.32,8256895,357279584.0
2026-10-09,sh,600761,安徽合力,14.92,14.99,15.19,14.93,15.06,8315864,125389708.0
2026-10-09,sh,600763,通策医疗,33.5,33.51,33.88,33.04,33.8,4885638,163760503.0
2026-10-09,sh,600764,中国海防,18.31,18.31,18.49,17.72,18.06,6370572,114670473.0
2026-10-09,sh,600765,中航重机,13.03,12.99,13.19,12.89,13.14,11034870,144018787.0
2026-10-09,sh,600768,富邦新材,14.75,14.75,14.85,14.3,14.68,2233800,32542680.0
2026-10-09,sh,600769,祥龙电业,13.81,13.81,14.0,13.13,13.9,12725400,171892123.0
2026-10-09,sh,600770,综艺股份,6.03,5.97,6.01,5.56,5.88,62199211,361851691.0
2026-10-09,sh,600771,广誉远,14.01,14.01,14.43,13.98,14.38,12488087,178213404.0
2026-10-09,sh,600773,西藏城投,9.82,9.87,10.02,9.57,9.89,18955600,186085712.0
2026-10-09,sh,600774,汉商集团,7.85,7.85,7.95,7.6,7.92,4435200,34581187.0
2026-10-09,sh,600775,南京熊猫,9.44,9.48,9.57,9.06,9.5,21297376,198374078.0
2026-10-09,sh,600776,东方通信,12.15,12.12,12.34,11.78,12.32,13687285,164558459.0
2026-10-09,sh,600777,新潮能源,4.05,4.05,4.24,4.05,4.13,51931481,215264809.0
2026-10-09,sh,600778,友好集团,5.71,5.71,5.84,5.53,5.82,10512864,59806152.0
2026-10-09,sh,600779,水井坊,25.99,26.04,26.38,25.71,26.24,1476000,38382075.0
2026-10-09,sh,600780,通宝能源,6.2,6.18,6.23,6.1,6.18,10902791,67124182.0
2026-10-09,sh,600782,新钢股份,2.7,2.7,2.74,2.69,2.7,41373945,112124282.0
2026-10-09,sh,600783,鲁信创投,14.21,14.22,14.34,13.71,14.12,11870497,166339916.0
2026-10-09,sh,600784,鲁银投资,6.97,6.97,7.03,6.78,7.03,7233900,50020678.0
2026-10-09,sh,600785,新华百货,10.76,10.9,11.84,10.72,11.59,51429136,582777612.0
2026-10-09,sh,600787,中储股份,4.62,4.63,4.71,4.6,4.7,27129479,126712124.0
2026-10-09,sh,600789,鲁抗医药,8.15,8.03,8.4,7.91,8.28,113853412,933970937.0
2026-10-09,sh,600790,轻纺城,3.77,3.79,3.79,3.63,3.76,41658426,154041356.0
2026-10-09,sh,600791,京能置业,6.71,6.65,6.9,6.29,6.72,15820900,103856895.0
2026-10-09,sh,600792,云煤能源,5.22,5.16,5.25,4.73,5.04,92654500,464280241.0
2026-10-09,sh,600793,宜宾纸业,16.51,16.47,16.47,15.36,16.02,4313900,68283762.0
2026-10-09,sh,600794,保税科技,3.18,3.18,3.23,3.13,3.21,13473900,42911112.0
2026-10-09,sh,600795,国电电力,5.45,5.45,5.49,5.4,5.44,113658065,619591031.0
2026-10-09,sh,600796,钱江生化,5.12,5.11,5.19,5.04,5.19,5346760,27387705.0
2026-10-09,sh,600797,浙大网新,6.37,6.37,6.58,6.24,6.55,16174328,103795811.0
2026-10-09,sh,600798,宁波海运,3.47,3.49,3.5,3.37,3.46,20931637,71499086.0
2026-10-09,sh,600800,渤海化学,3.22,3.22,3.26,3.13,3.25,17979391,57538441.0
2026-10-09,sh,600801,华新建材,23.65,23.42,23.92,23.4,23.52,4977738,117832260.0
2026-10-09,sh,600802,福建水泥,7.14,7.07,7.53,6.71,7.19,71404159,497924979.0
2026-10-09,sh,600803,新奥股份,19.49,19.49,19.75,19.45,19.49,9296702,182167067.0
2026-10-09,sh,600805,悦达投资,4.65,4.67,4.73,4.63,4.72,12535747,58738854.0
2026-10-09,sh,600807,济高发展,2.66,2.67,2.71,2.55,2.7,21868490,57804007.0
2026-10-09,sh,600808,马钢股份,2.44,2.43,2.46,2.4,2.42,70729301,171498399.0
2026-10-09,sh,600809,山西汾酒,115.1,115.17,117.1,114.35,115.73,5350041,619726687.0
2026-10-09,sh,600810,神马股份,6.27,6.29,6.45,6.2,6.41,7024863,44359930.0
2026-10-09,sh,600812,华北制药,5.48,5.6,6.03,5.58,6.03,115872239,687660547.0
2026-10-09,sh,600814,杭州解百,6.88,6.87,7.25,6.81,7.19,17154060,121393669.0
2026-10-09,sh,600815,厦工股份,3.84,3.85,3.88,3.62,3.8,114846705,429400519.0
2026-10-09,sh,600816,建元信托,2.38,2.38,2.42,2.37,2.41,53429992,128057769.0
2026-10-09,sh,600817,宇通重工,9.85,9.87,9.9,9.7,9.89,2691582,26438894.0
2026-10-09,sh,600818,ST中路,9.84,9.84,9.84,9.3,9.6,5479320,51919317.0
2026-10-09,sh,600819,耀皮玻璃,5.53,5.49,5.6,5.39,5.59,6512700,35755034.0
2026-10-09,sh,600820,隧道股份,5.29,5.31,5.36,5.29,5.31,18132300,96641875.0
2026-10-09,sh,600821,金开新能,5.59,5.62,5.69,5.53,5.68,40215121,225343824.0
2026-10-09,sh,600822,上海物贸,9.02,9.02,9.21,8.86,9.19,6109413,55195303.0
2026-10-09,sh,600824,益民集团,3.69,3.7,3.84,3.67,3.84,18590564,69966248.0
2026-10-09,sh,600825,新华传媒,11.39,12.53,12.53,12.53,12.53,49929048,625610971.0
2026-10-09,sh,600826,兰生股份,7.9,7.85,8.1,7.84,8.08,6439402,51340405.0
2026-10-09,sh,600827,百联股份,7.91,7.93,8.1,7.91,8.04,20938081,168060387.0
2026-10-09,sh,600828,茂业商业,4.31,4.27,4.6,4.27,4.57,34654669,153303349.0
2026-10-09,sh,600829,人民同泰,9.25,9.2,9.53,8.98,9.52,11194467,103442399.0
2026-10-09,sh,600830,香溢融通,8.54,8.54,9.09,8.47,8.91,31952821,283647147.0
2026-10-09,sh,600831,广电网络,3.36,3.4,3.57,3.28,3.55,24789100,84816394.0
2026-10-09,sh,600833,第一医药,10.39,10.39,10.6,10.23,10.56,4951300,51553540.0
2026-10-09,sh,600834,申通地铁,7.65,7.65,7.75,7.59,7.7,2512800,19274260.0
2026-10-09,sh,600835,上海机电,17.7,17.73,17.98,17.42,17.82,4901039,86715020.0
2026-10-09,sh,600838,上海九百,8.11,8.16,8.78,8.07,8.7,26402734,223082658.0
2026-10-09,sh,600839,四川长虹,6.43,6.4,6.43,6.26,6.42,40112686,253871591.0
2026-10-09,sh,600841,动力新科,5.68,5.73,5.73,5.48,5.66,13457900,75142108.0
2026-10-09,sh,600843,上工申贝,7.44,7.41,8.18,7.41,8.18,36739739,292866986.0
2026-10-09,sh,600844,金煤科技,3.29,3.29,3.34,3.19,3.33,36347000,118374447.0
2026-10-09,sh,600845,宝信软件,17.38,17.41,17.78,17.17,17.7,11851346,206995595.0
2026-10-09,sh,600846,同济科技,10.68,10.66,10.75,10.45,10.72,1735199,18441905.0
2026-10-09,sh,600847,万里股份,13.1,13.49,13.98,12.45,13.18,10218005,134797435.0
2026-10-09,sh,600848,上海临港,8.92,8.95,9.04,8.66,8.82,13979331,122902660.0
2026-10-09,sh,600850,电科数字,13.28,13.32,13.67,13.06,13.61,9923817,132284827.0
2026-10-09,sh,600851,海欣股份,7.66,7.7,7.85,7.5,7.82,6467201,49503682.0
2026-10-09,sh,600853,龙建股份,3.29,3.29,3.34,3.25,3.33,9530680,31334502.0
2026-10-09,sh,600854,春兰股份,4.74,4.74,4.77,4.6,4.76,7091483,33240364.0
2026-10-09,sh,600855,航天长峰,12.3,12.33,12.4,11.84,12.38,6448600,78207165.0
2026-10-09,sh,600857,宁波中百,17.05,17.13,18.33,16.34,17.98,10001405,171963082.0
2026-10-09,sh,600858,银座股份,4.9,4.9,5.05,4.85,5.05,10811002,53513578.0
2026-10-09,sh,600859,王府井,9.67,9.69,9.9,9.67,9.89,13906375,136208195.0
2026-10-09,sh,600860,京城股份,7.51,7.49,7.64,7.33,7.61,5541500,41438578.0
2026-10-09,sh,600861,北京人力,12.81,12.79,12.93,12.77,12.88,2114640,27203262.0
2026-10-09,sh,600862,中航高科,17.55,17.51,17.66,17.3,17.56,8896977,155477994.0
2026-10-09,sh,600863,华能蒙电,5.1,5.06,5.2,5.0,5.18,225349847,1155043481.0
2026-10-09,sh,600864,哈投股份,5.5,5.49,5.91,5.49,5.82,73315060,419349988.0
2026-10-09,sh,600865,百大集团,10.46,10.58,11.51,10.28,11.51,40817953,449311790.0
2026-10-09,sh,600866,星湖科技,4.25,4.27,4.42,4.23,4.4,35131646,152919433.0
2026-10-09,sh,600867,通化东宝,7.77,7.79,7.9,7.73,7.88,17567213,137749182.0
2026-10-09,sh,600868,梅雁吉祥,2.75,2.75,2.78,2.67,2.77,35802814,97388953.0
2026-10-09,sh,600869,远东股份,17.11,16.88,17.23,16.25,17.11,113113768,1898647918.0
2026-10-09,sh,600871,石化油服,2.16,2.16,2.19,2.15,2.18,120988665,262694690.0
2026-10-09,sh,600872,中炬高新,17.26,17.33,17.84,17.26,17.71,15475043,272683754.0
2026-10-09,sh,600873,梅花生物,7.55,7.6,7.76,7.51,7.7,28235030,217081508.0
2026-10-09,sh,600874,创业环保,5.55,5.55,5.61,5.54,5.59,8733600,48746243.0
2026-10-09,sh,600875,东方电气,23.48,23.27,23.55,22.78,23.5,24696828,573421318.0
2026-10-09,sh,600876,凯盛新能,7.52,7.49,7.59,7.3,7.59,8085106,60253960.0
2026-10-09,sh,600877,电科芯片,11.03,11.03,11.14,10.71,11.04,12522900,136736626.0
2026-10-09,sh,600879,航天电子,13.73,13.68,13.73,12.93,13.33,65275933,863700116.0
2026-10-09,sh,600880,博瑞传播,4.11,4.1,4.4,3.95,4.34,66236472,278369229.0
2026-10-09,sh,600881,亚泰集团,1.86,1.86,1.92,1.84,1.92,111377700,209839637.0
2026-10-09,sh,600882,妙可蓝多,19.21,19.99,21.13,19.44,21.13,15613151,316678834.0
2026-10-09,sh,600883,博闻科技,8.04,8.08,8.15,7.68,8.05,4318903,34192839.0
2026-10-09,sh,600884,杉杉股份,11.87,11.75,12.15,11.67,11.99,74884986,895602386.0
2026-10-09,sh,600885,宏发股份,32.29,32.29,32.54,31.75,32.26,11618975,374246927.0
2026-10-09,sh,600886,国投电力,15.64,15.7,15.99,15.65,15.78,34794146,552339902.0
2026-10-09,sh,600887,伊利股份,27.32,27.35,27.83,27.3,27.66,59244547,1637951840.0
2026-10-09,sh,600888,新疆众和,9.83,9.75,9.83,9.37,9.67,33942669,324858347.0
2026-10-09,sh,600889,*ST京化,13.23,13.11,13.24,13.0,13.2,1249026,16384264.0
2026-10-09,sh,600892,大晟文化,4.05,4.04,4.45,3.94,4.38,50641200,212873467.0
2026-10-09,sh,600893,航发动力,38.09,37.92,38.39,36.96,37.83,22683430,851927897.0
2026-10-09,sh,600894,广日股份,7.66,7.67,7.76,7.58,7.76,7809080,60046297.0
2026-10-09,sh,600895,张江高科,27.39,27.33,27.98,26.85,27.9,16709271,458228769.0
2026-10-09,sh,600897,厦门空港,14.41,14.49,14.68,14.31,14.64,3978786,57590196.0
2026-10-09,sh,600900,长江电力,28.9,28.98,29.4,28.91,28.99,133103266,3879076274.0
2026-10-09,sh,600901,江苏金租,6.99,7.01,7.11,7.0,7.0,29666040,209254217.0
2026-10-09,sh,600903,贵州燃气,6.84,6.78,6.87,6.66,6.79,42333516,285961002.0
2026-10-09,sh,600905,三峡能源,3.53,3.53,3.55,3.52,3.55,65254500,230984542.0
2026-10-09,sh,600906,财达证券,6.22,6.23,6.37,6.2,6.34,24249953,152692531.0
2026-10-09,sh,600908,无锡银行,5.93,5.95,5.98,5.85,5.87,26314890,155598793.0
2026-10-09,sh,600909,华安证券,7.5,7.49,7.71,7.33,7.66,101037493,759798527.0
2026-10-09,sh,600916,中国黄金,7.15,7.18,7.35,7.18,7.32,24029418,174480815.0
2026-10-09,sh,600917,重庆燃气,4.96,4.94,5.01,4.89,4.96,6612700,32650455.0
2026-10-09,sh,600918,中泰证券,5.36,5.38,5.5,5.37,5.47,33862004,184244992.0
2026-10-09,sh,600919,江苏银行,12.57,12.59,12.65,12.35,12.37,106606512,1330709816.0
2026-10-09,sh,600925,苏能股份,4.19,4.2,4.25,4.18,4.23,10493000,44241636.0
2026-10-09,sh,600926,杭州银行,17.43,17.39,17.5,17.15,17.15,45419598,784720183.0
2026-10-09,sh,600927,永安期货,11.94,11.98,12.2,11.85,12.16,5967653,71886616.0
2026-10-09,sh,600928,西安银行,3.57,3.58,3.61,3.54,3.55,30571564,108985723.0
2026-10-09,sh,600929,雪天盐业,5.88,5.88,5.95,5.81,5.94,20850987,122645226.0
2026-10-09,sh,600930,华电新能,3.98,3.98,4.02,3.94,3.97,128990956,512199755.0
2026-10-09,sh,600933,爱柯迪,12.9,12.9,13.12,12.72,13.0,11038051,142846834.0
2026-10-09,sh,600935,华塑股份,2.3,2.3,2.35,2.28,2.34,18957400,43849467.0
2026-10-09,sh,600936,北投科技,4.27,4.25,4.39,4.16,4.38,39925618,170341773.0
2026-10-09,sh,600938,中国海油,34.17,34.17,34.37,33.78,33.82,37013509,1260142635.0
2026-10-09,sh,600939,重庆建工,2.64,2.63,2.69,2.61,2.66,9437900,24983984.0
2026-10-09,sh,600941,中国移动,97.96,97.68,98.88,97.58,97.98,12830742,1262727746.0
2026-10-09,sh,600955,维远股份,12.59,12.64,13.25,12.6,13.06,6418300,83081771.0
2026-10-09,sh,600956,新天绿能,7.26,7.29,7.36,7.2,7.21,8734700,63447161.0
2026-10-09,sh,600958,东方证券,8.52,8.52,8.71,8.5,8.67,43643256,375784578.0
2026-10-09,sh,600959,江苏有线,3.09,3.09,3.19,3.06,3.19,42793686,134133709.0
2026-10-09,sh,600960,渤海汽车,3.86,3.86,3.9,3.76,3.9,10328100,39526119.0
2026-10-09,sh,600961,株冶集团,22.24,22.24,22.75,21.73,22.6,26889067,599394220.0
2026-10-09,sh,600962,国投中鲁,24.32,24.35,24.8,23.14,24.78,5375675,128002156.0
2026-10-09,sh,600963,岳阳林纸,3.36,3.37,3.4,3.33,3.39,25403630,85551223.0
2026-10-09,sh,600965,*ST福成,2.56,2.57,2.58,2.5,2.54,4936600,12516790.0
2026-10-09,sh,600966,博汇纸业,4.84,4.83,4.87,4.69,4.81,11704900,55921368.0
2026-10-09,sh,600967,内蒙一机,12.9,12.71,12.82,12.2,12.49,47870245,596857324.0
2026-10-09,sh,600968,海油发展,4.03,4.04,4.09,3.98,3.98,49624800,200598318.0
2026-10-09,sh,600969,郴电国际,9.51,9.49,9.52,9.0,9.3,8549622,78654766.0
2026-10-09,sh,600970,中材国际,7.78,7.78,7.86,7.75,7.76,15174100,118507620.0
2026-10-09,sh,600971,恒源煤电,8.43,8.44,8.56,8.37,8.39,15404687,130267176.0
2026-10-09,sh,600973,宝胜股份,5.72,5.69,5.76,5.58,5.74,11968781,67824484.0
2026-10-09,sh,600975,新五丰,5.09,5.1,5.18,5.08,5.18,12771602,65611781.0
2026-10-09,sh,600976,健民集团,26.98,26.92,27.64,26.76,27.51,1953900,53458053.0
2026-10-09,sh,600977,中国电影,13.4,13.39,14.1,13.35,13.93,51682301,709179877.0
2026-10-09,sh,600979,广安爱众,3.94,3.95,3.96,3.84,3.93,26271510,102188611.0
2026-10-09,sh,600980,北矿科技,18.54,18.57,18.65,17.9,18.54,2101139,38443617.0
2026-10-09,sh,600981,苏豪汇鸿,2.39,2.38,2.45,2.35,2.44,18535000,44471237.0
2026-10-09,sh,600982,宁波能源,5.35,5.31,5.35,5.25,5.31,46136550,244456514.0
2026-10-09,sh,600983,惠而浦,7.5,7.5,7.56,7.37,7.5,1588501,11880243.0
2026-10-09,sh,600984,建设机械,3.65,3.62,3.69,3.55,3.69,27953100,101149534.0
2026-10-09,sh,600985,淮北矿业,16.29,16.35,16.68,16.3,16.39,24103714,396986098.0
2026-10-09,sh,600986,浙文互联,6.77,6.8,7.18,6.65,7.17,57522820,398332076.0
2026-10-09,sh,600987,航民股份,6.29,6.32,6.37,6.28,6.32,5881200,37214867.0
2026-10-09,sh,600988,赤峰黄金,39.07,39.68,42.0,39.5,41.38,76223081,3097807476.0
2026-10-09,sh,600989,宝丰能源,23.32,23.34,23.43,22.94,23.25,58131350,1346151566.0
2026-10-09,sh,600990,四创电子,17.42,17.42,17.68,16.81,17.64,2831324,48775141.0
2026-10-09,sh,600992,贵绳股份,10.39,10.31,10.33,9.78,10.15,10637433,106670437.0
2026-10-09,sh,600993,马应龙,22.65,22.65,23.13,22.6,22.95,5499240,126270193.0
2026-10-09,sh,600995,南网储能,12.06,12.08,12.17,12.0,12.02,9848500,118796814.0
2026-10-09,sh,600996,贵广网络,6.69,6.73,6.95,6.52,6.89,24002749,161703896.0
2026-10-09,sh,600997,开滦股份,5.31,5.31,5.42,5.3,5.35,14500023,77709126.0
2026-10-09,sh,600998,九州通,5.06,5.08,5.13,5.05,5.08,42219388,214916218.0
2026-10-09,sh,600999,招商证券,16.86,16.85,17.16,16.63,17.04,44138147,746280146.0
2026-10-09,sh,601000,唐山港,4.69,4.68,4.77,4.66,4.68,45727545,215803084.0
2026-10-09,sh,601001,晋控煤业,17.4,17.34,17.9,17.3,17.7,17196700,303399109.0
2026-10-09,sh,601002,晋亿实业,5.3,5.26,5.3,5.09,5.22,16425600,85325817.0
2026-10-09,sh,601003,柳钢股份,3.57,3.58,3.62,3.55,3.58,16623751,59517952.0
2026-10-09,sh,601005,重庆钢铁,1.2,1.2,1.22,1.19,1.21,78881000,95185336.0
2026-10-09,sh,601006,大秦铁路,4.84,4.83,4.9,4.82,4.87,195887564,954390991.0
2026-10-09,sh,601007,金陵饭店,6.73,6.7,6.84,6.66,6.81,5227891,35280676.0
2026-10-09,sh,601008,连云港,4.44,4.43,4.46,4.36,4.45,9558325,42095810.0
2026-10-09,sh,601009,南京银行,12.11,12.12,12.2,11.9,11.91,57556332,692975143.0
2026-10-09,sh,601010,ST文峰,1.4,1.41,1.41,1.37,1.4,10663000,14830813.0
2026-10-09,sh,601011,宝泰隆,2.97,3.0,3.05,2.93,3.04,67257826,201606380.0
2026-10-09,sh,601012,隆基绿能,11.07,11.06,11.3,10.89,11.24,80081643,889613765.0
2026-10-09,sh,601015,陕西黑猫,3.83,3.84,3.87,3.71,3.84,102553463,389023042.0
2026-10-09,sh,601016,节能风电,3.28,3.28,3.28,3.21,3.26,79185134,256822345.0
2026-10-09,sh,601018,宁波港,3.59,3.61,3.65,3.6,3.63,82587963,299728249.0
2026-10-09,sh,601019,山东出版,6.8,6.83,7.07,6.79,7.06,14960239,103617482.0
2026-10-09,sh,601020,华钰矿业,19.35,19.5,19.76,19.1,19.65,17822238,347458704.0
2026-10-09,sh,601021,春秋航空,39.65,39.74,40.25,39.62,40.15,4230814,169285308.0
2026-10-09,sh,601022,宁波远洋,8.46,8.5,8.55,8.2,8.37,9565466,79660942.0
2026-10-09,sh,601026,道生天合,15.24,15.09,15.24,14.68,14.95,7126060,106317215.0
2026-10-09,sh,601033,永兴股份,14.18,14.18,14.42,14.18,14.33,4449600,63876077.0
2026-10-09,sh,601038,一拖股份,13.78,13.81,13.96,13.5,13.76,5690100,77926675.0
2026-10-09,sh,601058,赛轮轮胎,12.94,13.0,13.3,12.95,13.19,32950300,431963436.0
2026-10-09,sh,601059,信达证券,15.56,0.0,0.0,0.0,15.56,0,0.0
2026-10-09,sh,601061,中信金属,10.87,10.8,11.04,10.59,10.99,13959622,150983753.0
2026-10-09,sh,601065,江盐集团,6.64,6.64,6.78,6.63,6.76,4606800,30895614.0
2026-10-09,sh,601066,中信建投,22.75,22.79,23.32,22.63,23.21,14235018,327595581.0
2026-10-09,sh,601068,中铝国际,4.44,4.45,4.6,4.45,4.58,22319500,100994816.0
2026-10-09,sh,601069,西部黄金,24.14,24.59,26.55,24.49,26.55,28146511,712910470.0
2026-10-09,sh,601077,渝农商行,6.78,6.74,6.8,6.66,6.67,94134400,633140657.0
2026-10-09,sh,601083,锦江航运,13.02,13.0,13.42,12.78,13.38,12964886,170011584.0
2026-10-09,sh,601086,国芳集团,13.58,13.71,14.94,13.43,14.94,70351919,1006742995.0
2026-10-09,sh,601088,中国神华,47.49,47.48,49.2,47.33,48.4,46331374,2248003087.0
2026-10-09,sh,601089,福元医药,16.29,16.38,16.56,16.14,16.42,3780547,61843921.0
2026-10-09,sh,601091,沈鼓集团,24.2,23.5,23.66,22.47,23.03,58199061,1339327373.0
2026-10-09,sh,601096,宏盛华源,4.04,4.05,4.11,4.01,4.1,22268744,90396042.0
2026-10-09,sh,601098,中南传媒,10.48,10.32,10.88,10.18,10.79,23990884,253618565.0
2026-10-09,sh,601099,太平洋,3.4,3.39,3.5,3.37,3.49,137443720,472992299.0
2026-10-09,sh,601100,恒立液压,87.39,87.0,87.44,82.46,84.75,12071868,1015312626.0
2026-10-09,sh,601101,昊华能源,13.15,13.1,13.28,12.98,13.17,18248006,239248684.0
2026-10-09,sh,601106,中国一重,2.95,2.96,2.99,2.91,2.98,52465588,154981867.0
2026-10-09,sh,601107,四川成渝,6.27,6.28,6.41,6.27,6.39,15841071,100675599.0
2026-10-09,sh,601108,财通证券,7.94,7.96,8.15,7.91,8.11,42549950,342141388.0
2026-10-09,sh,601111,中国国航,5.74,5.74,5.8,5.73,5.78,42767120,246476882.0
2026-10-09,sh,601112,振石股份,15.21,15.19,15.42,15.11,15.38,4033360,61618481.0
2026-10-09,sh,601113,华鼎股份,3.49,3.49,3.54,3.43,3.54,10814822,37724011.0
2026-10-09,sh,601116,三江购物,9.94,9.95,10.48,9.81,10.43,17953661,182861376.0
2026-10-09,sh,601117,中国化学,7.15,7.13,7.26,7.11,7.25,54115096,388707335.0
2026-10-09,sh,601118,海南橡胶,6.51,6.57,7.16,6.41,7.16,284292959,1930793299.0
2026-10-09,sh,601121,宝地矿业,7.1,7.13,7.16,6.96,7.11,10346400,73042375.0
2026-10-09,sh,601123,马矿股份,16.85,16.71,17.05,16.19,17.05,14291119,237164768.0
2026-10-09,sh,601126,四方股份,35.27,35.3,35.3,33.39,34.34,18156310,619125554.0
2026-10-09,sh,601127,赛力斯,47.97,47.77,47.8,43.86,46.58,47847044,2164640340.0
2026-10-09,sh,601128,常熟银行,6.28,6.28,6.32,6.23,6.23,50953717,319665921.0
2026-10-09,sh,601133,柏诚股份,21.81,21.61,21.68,19.9,20.88,12135756,251053136.0
2026-10-09,sh,601136,首创证券,13.65,13.65,13.99,13.6,13.95,11339579,156500801.0
2026-10-09,sh,601137,博威合金,18.41,18.34,18.45,17.83,18.16,11505255,208871837.0
2026-10-09,sh,601138,工业富联,55.69,55.0,56.32,53.4,56.07,79114109,4334954970.0
2026-10-09,sh,601139,深圳燃气,6.51,6.54,6.63,6.49,6.49,32218305,211672074.0
2026-10-09,sh,601155,新城控股,12.82,12.81,13.2,12.59,12.76,21641294,276236378.0
2026-10-09,sh,601156,东航物流,18.47,18.57,18.66,18.35,18.55,4691400,86654566.0
2026-10-09,sh,601158,重庆水务,4.04,4.05,4.07,4.03,4.06,7399700,29974986.0
2026-10-09,sh,601162,天风证券,3.49,3.5,3.59,3.48,3.58,129475296,458162118.0
2026-10-09,sh,601163,三角轮胎,12.2,12.22,12.3,12.12,12.27,2773100,33869736.0
2026-10-09,sh,601166,兴业银行,18.24,18.24,18.37,18.04,18.05,91482321,1665697163.0
2026-10-09,sh,601168,西部矿业,35.13,34.71,36.25,34.4,36.01,39487829,1394578557.0
2026-10-09,sh,601169,北京银行,5.66,5.68,5.69,5.56,5.57,187546800,1054679785.0
2026-10-09,sh,601177,杭齿前进,13.7,13.65,13.66,13.05,13.58,5989656,79887285.0
2026-10-09,sh,601179,中国西电,11.79,11.8,11.83,11.3,11.66,62064410,715160635.0
2026-10-09,sh,601186,中国铁建,6.06,6.07,6.1,6.06,6.07,47880104,291135580.0
2026-10-09,sh,601187,厦门银行,6.89,6.89,6.94,6.82,6.83,23574400,162147951.0
2026-10-09,sh,601188,龙江交通,2.89,2.88,2.92,2.87,2.91,14851494,43048517.0
2026-10-09,sh,601198,东兴证券,13.06,0.0,0.0,0.0,13.06,0,0.0
2026-10-09,sh,601199,江南水务,6.21,6.2,6.3,6.08,6.27,12108200,74868917.0
2026-10-09,sh,601200,上海环境,6.82,6.82,6.88,6.81,6.85,7821752,53567309.0
2026-10-09,sh,601208,东材科技,50.92,49.18,50.97,46.01,48.47,98245959,4750835588.0
2026-10-09,sh,601211,国泰海通,16.6,16.68,16.93,16.5,16.81,59468565,994321583.0
2026-10-09,sh,601212,白银有色,5.57,5.64,5.75,5.48,5.73,150763518,848580227.0
2026-10-09,sh,601216,君正集团,4.77,4.77,4.89,4.77,4.85,114517600,555414014.0
2026-10-09,sh,601218,吉鑫科技,5.95,5.92,5.94,5.45,5.8,174528238,997325511.0
2026-10-09,sh,601222,林洋能源,6.04,6.06,6.13,6.03,6.04,27426325,166461033.0
2026-10-09,sh,601225,陕西煤业,26.6,26.72,27.3,26.52,26.97,40041648,1082494673.0
2026-10-09,sh,601226,华电科工,6.61,6.59,6.63,6.38,6.62,9475100,61688379.0
2026-10-09,sh,601228,广州港,3.16,3.16,3.19,3.14,3.14,30951300,97986631.0
2026-10-09,sh,601229,上海银行,9.81,9.83,9.87,9.63,9.63,67499716,656581700.0
2026-10-09,sh,601231,环旭电子,23.07,22.74,22.78,21.72,22.63,20395773,454833163.0
2026-10-09,sh,601233,桐昆股份,22.68,22.74,23.05,22.06,22.95,25174661,569209471.0
2026-10-09,sh,601236,红塔证券,6.99,7.0,7.17,7.0,7.13,34113990,242419912.0
2026-10-09,sh,601238,广汽集团,5.36,5.3,5.3,5.15,5.27,77822444,405620821.0
2026-10-09,sh,601279,英利汽车,3.61,3.59,3.64,3.49,3.62,13409400,47790808.0
2026-10-09,sh,601288,农业银行,7.02,7.04,7.09,6.98,6.98,341751781,2406076600.0
2026-10-09,sh,601298,青岛港,10.05,10.06,10.18,10.0,10.04,12809061,129000319.0
2026-10-09,sh,601311,骆驼股份,7.4,7.4,7.61,7.37,7.53,22211697,167178795.0
2026-10-09,sh,601318,中国平安,52.67,52.71,53.15,52.68,52.83,59593634,3153261224.0
2026-10-09,sh,601319,中国人保,7.91,7.89,7.94,7.82,7.82,51103378,401939366.0
2026-10-09,sh,601326,秦港股份,3.6,3.62,3.68,3.61,3.65,35808799,130894515.0
2026-10-09,sh,601328,交通银行,7.83,7.84,7.92,7.77,7.78,283824808,2231787607.0
2026-10-09,sh,601330,绿色动力,8.32,8.28,8.31,8.15,8.24,8838500,72543343.0
2026-10-09,sh,601333,广深铁路,3.09,3.1,3.14,3.09,3.09,71875560,224072220.0
2026-10-09,sh,601336,新华保险,56.12,56.0,57.0,55.84,56.9,9518063,537066391.0
2026-10-09,sh,601339,百隆东方,7.38,7.32,7.46,7.28,7.43,7329200,54106253.0
2026-10-09,sh,601360,三六零,8.67,8.62,9.13,8.54,9.11,148661769,1317446426.0
2026-10-09,sh,601366,利群股份,3.6,3.6,3.74,3.57,3.73,16341487,59645598.0
2026-10-09,sh,601368,绿城水务,4.6,4.6,4.65,4.55,4.65,4968500,22859632.0
2026-10-09,sh,601369,陕鼓动力,8.53,8.53,8.57,8.41,8.44,9814470,83018163.0
2026-10-09,sh,601375,中原证券,3.91,3.9,3.99,3.89,3.97,37722972,149069180.0
2026-10-09,sh,601377,兴业证券,5.68,5.68,5.8,5.66,5.77,63765784,366079746.0
2026-10-09,sh,601388,怡球资源,3.17,3.16,3.21,3.13,3.2,28081624,89156490.0
2026-10-09,sh,601390,中国中铁,4.28,4.27,4.31,4.27,4.29,85659031,367358490.0
2026-10-09,sh,601398,工商银行,8.31,8.33,8.37,8.21,8.22,338703258,2810588785.0
2026-10-09,sh,601399,国机重装,3.13,3.11,3.15,3.07,3.13,78864640,245403805.0
2026-10-09,sh,601456,国联民生,8.38,8.4,8.52,8.38,8.49,15340818,129607522.0
2026-10-09,sh,601500,通用股份,3.84,3.83,3.91,3.82,3.9,11489780,44341218.0
2026-10-09,sh,601512,中新集团,8.39,8.41,8.58,8.25,8.34,4868603,40737104.0
2026-10-09,sh,601515,衢州东峰,3.18,3.18,3.27,3.15,3.24,23584569,75889918.0
2026-10-09,sh,601518,吉林高速,2.78,2.78,2.81,2.77,2.8,12174660,33971124.0
2026-10-09,sh,601519,大智慧,8.34,8.39,9.17,8.26,9.17,96499463,846133219.0
2026-10-09,sh,601528,瑞丰银行,5.15,5.16,5.21,5.12,5.12,22642336,117058149.0
2026-10-09,sh,601555,东吴证券,7.97,8.0,8.24,8.0,8.18,38393216,312589515.0
2026-10-09,sh,601566,九牧王,9.22,9.27,10.14,9.19,10.14,40201027,389665330.0
2026-10-09,sh,601567,三星电气,13.75,13.7,13.84,13.26,13.36,24417086,327222804.0
2026-10-09,sh,601568,北元化工,3.57,3.58,3.63,3.57,3.59,21887544,78808726.0
2026-10-09,sh,601577,长沙银行,9.88,9.86,9.98,9.71,9.72,35187300,345531597.0
2026-10-09,sh,601579,会稽山,39.6,40.35,40.8,37.35,40.28,43728929,1702515127.0
2026-10-09,sh,601588,北辰实业,1.8,1.79,1.83,1.76,1.83,44062301,79035679.0
2026-10-09,sh,601595,上海电影,22.49,22.41,24.74,22.41,24.74,12551514,295094661.0
2026-10-09,sh,601598,中国外运,6.71,6.78,6.99,6.73,6.9,22148094,152330175.0
2026-10-09,sh,601599,浙文影业,3.21,3.2,3.35,3.18,3.35,30798702,100807392.0
2026-10-09,sh,601600,中国铝业,9.02,9.04,9.1,8.88,9.07,123557858,1111621419.0
2026-10-09,sh,601601,中国太保,30.83,30.91,31.34,30.8,31.15,30356686,943392836.0
2026-10-09,sh,601606,长城军工,30.5,30.5,30.65,29.41,30.4,13804487,412983842.0
2026-10-09,sh,601607,上海医药,16.47,16.54,16.75,16.5,16.68,17246797,287608847.0
2026-10-09,sh,601608,中信重工,4.6,4.59,4.64,4.52,4.63,26867988,123167707.0
2026-10-09,sh,601609,金田股份,11.11,11.05,11.18,10.49,10.78,44012396,474657602.0
2026-10-09,sh,601611,中国核建,10.0,9.95,10.05,9.81,10.01,18835450,186937189.0
2026-10-09,sh,601615,明阳智能,9.56,9.52,9.56,9.31,9.5,42604059,402513898.0
2026-10-09,sh,601616,广电电气,3.76,3.76,3.79,3.68,3.79,13153040,49146708.0
2026-10-09,sh,601618,中国中冶,2.55,2.55,2.59,2.54,2.57,89634302,230335507.0
2026-10-09,sh,601619,嘉泽新能,3.93,3.93,3.99,3.89,3.97,28086843,110735951.0
2026-10-09,sh,601628,中国人寿,35.94,35.95,36.38,35.73,36.15,15804391,569819927.0
2026-10-09,sh,601633,长城汽车,13.41,13.41,13.82,13.41,13.78,19427807,264925695.0
2026-10-09,sh,601636,旗滨集团,5.22,5.2,5.26,5.08,5.23,44511654,230607128.0
2026-10-09,sh,601658,邮储银行,5.49,5.49,5.52,5.4,5.41,191388568,1041930823.0
2026-10-09,sh,601665,齐鲁银行,7.15,7.16,7.2,7.08,7.08,46394400,330737915.0
2026-10-09,sh,601666,平煤股份,8.85,8.93,9.1,8.83,8.96,24498199,219351264.0
2026-10-09,sh,601668,中国建筑,4.39,4.39,4.42,4.34,4.35,249585321,1092134962.0
2026-10-09,sh,601669,中国电建,4.58,4.57,4.6,4.55,4.58,80275481,367315678.0
2026-10-09,sh,601677,明泰铝业,16.06,16.1,16.26,15.94,16.17,17518427,282315714.0
2026-10-09,sh,601678,滨化股份,5.66,5.66,5.75,5.61,5.74,53213631,302301322.0
2026-10-09,sh,601686,友发集团,5.02,5.03,5.09,5.0,5.07,7460600,37724735.0
2026-10-09,sh,601688,华泰证券,17.6,17.62,18.1,17.59,17.97,53361339,952418055.0
2026-10-09,sh,601689,拓普集团,42.88,42.22,43.33,41.37,43.05,22223389,941049269.0
2026-10-09,sh,601696,中银证券,10.76,10.75,11.09,10.71,11.04,31403752,342807635.0
2026-10-09,sh,601698,中国卫通,22.99,22.9,23.07,21.95,22.58,18617393,416811106.0
2026-10-09,sh,601699,潞安环能,15.27,15.28,15.75,15.2,15.52,29788714,461678594.0
2026-10-09,sh,601700,风范股份,6.38,6.37,6.37,6.06,6.35,49657758,307252416.0
2026-10-09,sh,601702,华峰铝业,14.91,14.99,15.56,14.91,15.34,6618494,101079687.0
2026-10-09,sh,601717,中创智领,13.35,13.39,13.79,13.31,13.79,26369160,357652344.0
2026-10-09,sh,601718,ST际华,1.93,1.93,1.95,1.92,1.94,9889019,19114868.0
2026-10-09,sh,601727,上海电气,6.42,6.43,6.46,6.32,6.45,46389389,296413390.0
2026-10-09,sh,601728,中国电信,6.42,6.43,6.55,6.41,6.49,127663242,830955234.0
2026-10-09,sh,601766,中国中车,6.22,6.21,6.32,6.19,6.3,168172327,1054509878.0
2026-10-09,sh,601777,千里科技,8.05,8.13,8.32,7.87,8.27,34273429,277094000.0
2026-10-09,sh,601778,晶科科技,3.37,3.37,3.4,3.28,3.38,84956822,283449608.0
2026-10-09,sh,601788,光大证券,13.43,13.46,13.72,13.41,13.68,15214830,206590694.0
2026-10-09,sh,601789,宁波建工,4.18,4.18,4.25,4.11,4.24,26926772,112601818.0
2026-10-09,sh,601798,蓝科高新,7.7,7.7,7.73,7.35,7.6,6496400,48710025.0
2026-10-09,sh,601799,星宇股份,68.1,67.9,69.39,67.18,68.95,4025950,274835844.0
2026-10-09,sh,601800,中国交建,6.05,6.06,6.16,6.06,6.07,61073525,373703202.0
2026-10-09,sh,601801,皖新传媒,5.41,5.4,5.74,5.39,5.69,40377781,225707421.0
2026-10-09,sh,601808,中海油服,12.56,12.58,12.75,12.53,12.57,17797809,225292825.0
2026-10-09,sh,601811,新华文轩,19.01,18.9,20.91,18.19,20.91,59160646,1172870481.0
2026-10-09,sh,601816,京沪高铁,4.81,4.81,4.86,4.8,4.81,182326905,882021934.0
2026-10-09,sh,601818,光大银行,3.08,3.08,3.1,3.06,3.06,209091428,643943292.0
2026-10-09,sh,601825,沪农商行,8.71,8.73,8.77,8.55,8.55,23587099,203742546.0
2026-10-09,sh,601827,三峰环境,7.9,8.17,8.22,7.95,8.04,13739100,111082606.0
2026-10-09,sh,601828,美凯龙,2.17,2.17,2.23,2.14,2.23,56926611,124232380.0
2026-10-09,sh,601838,成都银行,19.58,19.59,19.85,19.29,19.29,17556605,341681352.0
2026-10-09,sh,601857,中国石油,11.59,11.58,11.85,11.56,11.6,171902089,2015175246.0
2026-10-09,sh,601858,中国科传,21.15,21.2,22.47,20.96,22.23,12050966,261794275.0
2026-10-09,sh,601860,紫金银行,2.59,2.6,2.63,2.57,2.58,71180843,184282028.0
2026-10-09,sh,601865,福莱特,9.12,9.12,9.42,9.1,9.38,14877300,137910214.0
2026-10-09,sh,601866,中远海发,2.47,2.47,2.51,2.45,2.46,86752888,214290516.0
2026-10-09,sh,601868,中国能建,2.38,2.39,2.4,2.36,2.39,252414403,601329601.0
2026-10-09,sh,601869,长飞光纤,393.99,386.12,393.0,366.01,387.87,10045212,3819699759.0
2026-10-09,sh,601872,招商轮船,22.03,22.47,22.65,20.65,22.07,211556768,4564449449.0
2026-10-09,sh,601877,正泰电器,25.69,25.72,25.75,25.31,25.59,13678220,349363591.0
2026-10-09,sh,601878,浙商证券,8.84,8.87,8.98,8.83,8.96,19598928,174520974.0
2026-10-09,sh,601880,辽港股份,1.48,1.48,1.5,1.47,1.48,96050498,142391238.0
2026-10-09,sh,601881,中国银河,11.4,11.38,11.66,11.37,11.6,24150088,278619061.0
2026-10-09,sh,601882,海天精工,21.6,21.5,21.63,20.5,20.99,6579600,138287735.0
2026-10-09,sh,601886,江河集团,12.89,12.78,13.16,12.69,13.07,10672042,137942724.0
2026-10-09,sh,601888,中国中免,50.69,50.51,50.97,50.2,50.88,13683684,692075059.0
2026-10-09,sh,601890,亚星锚链,9.46,9.45,9.5,8.93,9.17,49087846,446796776.0
2026-10-09,sh,601898,中煤能源,14.09,14.09,14.64,14.05,14.39,44479104,640791458.0
2026-10-09,sh,601899,紫金矿业,29.37,29.51,31.06,29.51,30.8,238347368,7241916951.0
2026-10-09,sh,601900,南方传媒,12.37,12.43,12.94,12.37,12.9,15916489,202338927.0
2026-10-09,sh,601901,方正证券,6.6,6.59,6.74,6.59,6.71,36828187,245590613.0
2026-10-09,sh,601908,京运通,2.92,2.91,2.97,2.89,2.96,36346647,106819013.0
2026-10-09,sh,601916,浙商银行,2.92,2.93,2.95,2.91,2.91,167873971,491706823.0
2026-10-09,sh,601918,新集能源,11.53,11.53,11.98,11.41,11.58,47966128,558941998.0
2026-10-09,sh,601919,中远海控,16.6,16.62,16.87,16.58,16.67,83318481,1393396874.0
2026-10-09,sh,601921,浙版传媒,7.45,7.49,7.76,7.45,7.73,14719106,112165634.0
2026-10-09,sh,601928,凤凰传媒,8.33,8.34,8.65,8.32,8.62,18093169,153380661.0
2026-10-09,sh,601929,吉视传媒,2.27,2.29,2.5,2.23,2.5,199725100,475031390.0
2026-10-09,sh,601933,永辉超市,2.96,2.94,3.04,2.92,3.01,94563508,281315390.0
2026-10-09,sh,601939,建设银行,11.15,11.14,11.23,10.97,10.98,126880367,1405255982.0
2026-10-09,sh,601949,中国出版,5.73,5.7,6.05,5.61,6.0,58958145,344184350.0
2026-10-09,sh,601952,苏垦农发,8.94,8.96,9.41,8.92,9.38,31774735,292754343.0
2026-10-09,sh,601956,东贝集团,5.52,5.59,5.59,5.22,5.32,38915641,207451696.0
2026-10-09,sh,601958,金钼股份,18.92,18.88,19.13,18.44,19.05,24309426,456753325.0
2026-10-09,sh,601963,重庆银行,11.2,11.25,11.3,10.91,10.91,17438847,192970925.0
2026-10-09,sh,601965,中国汽研,14.05,14.02,14.51,13.92,14.35,19665547,281491447.0
2026-10-09,sh,601966,玲珑轮胎,10.47,10.5,10.67,10.47,10.66,9585447,101569879.0
2026-10-09,sh,601968,宝钢包装,4.47,4.47,4.54,4.45,4.51,7880000,35481339.0
2026-10-09,sh,601969,海南矿业,9.08,9.09,9.24,8.99,9.11,14622629,133212232.0
2026-10-09,sh,601975,招商南油,4.97,4.98,5.08,4.54,4.78,432855415,2059249564.0
2026-10-09,sh,601985,中国核电,9.17,9.16,9.21,9.1,9.11,104620837,958284607.0
2026-10-09,sh,601988,中国银行,6.81,6.82,6.87,6.76,6.77,297887233,2032058745.0
2026-10-09,sh,601990,南京证券,6.53,6.55,6.66,6.53,6.62,21438267,141615380.0
2026-10-09,sh,601991,大唐发电,5.35,5.33,5.36,5.22,5.34,136874910,723159602.0
2026-10-09,sh,601992,金隅集团,1.41,1.41,1.44,1.4,1.42,48405043,68669583.0
2026-10-09,sh,601995,中金公司,30.19,30.19,31.15,30.12,31.1,22241511,683167138.0
2026-10-09,sh,601996,丰林集团,2.84,2.83,2.9,2.73,2.88,20074931,56398554.0
2026-10-09,sh,601997,贵阳银行,5.64,5.65,5.69,5.61,5.63,37937180,214224743.0
2026-10-09,sh,601998,中信银行,9.08,9.1,9.17,8.96,9.0,54218654,490180095.0
2026-10-09,sh,601999,出版传媒,6.7,6.67,7.15,6.51,7.1,24201226,165615297.0
2026-10-09,sh,603000,人民网,16.1,16.01,16.84,15.87,16.79,19459511,319000665.0
2026-10-09,sh,603001,奥康国际,11.33,11.25,11.49,10.82,11.4,10362199,115472945.0
2026-10-09,sh,603002,宏昌电子,18.69,19.06,20.13,17.01,17.68,159102977,2962862410.0
2026-10-09,sh,603004,鼎龙科技,19.77,19.61,20.58,19.15,19.75,6261050,124024193.0
2026-10-09,sh,603005,晶方科技,25.82,25.61,25.68,24.04,25.1,36185519,900495624.0
2026-10-09,sh,603006,XD联明股,10.77,10.74,10.85,10.2,10.61,3393700,35549843.0
2026-10-09,sh,603007,顺景科技,4.43,4.42,4.45,4.26,4.44,14168792,61609959.0
2026-10-09,sh,603008,ST喜临门,10.7,10.8,11.09,10.59,11.08,10205357,111310333.0
2026-10-09,sh,603009,北特科技,43.35,43.39,43.75,40.62,42.99,8868424,372467465.0
2026-10-09,sh,603010,万盛股份,12.18,12.18,12.55,11.83,12.48,8776800,106630665.0
2026-10-09,sh,603011,合锻智能,23.33,23.2,23.2,21.0,21.84,28600707,620931655.0
2026-10-09,sh,603012,创力集团,8.61,8.65,8.66,8.22,8.55,14477733,121611962.0
2026-10-09,sh,603013,亚普股份,14.29,14.3,14.56,14.19,14.52,3150110,45429356.0
2026-10-09,sh,603014,威高血净,29.97,30.0,30.5,29.85,30.45,1262205,38083764.0
2026-10-09,sh,603015,弘讯科技,10.48,10.38,10.5,9.96,10.46,5617102,57436099.0
2026-10-09,sh,603016,新宏泰,31.68,32.2,32.2,30.02,31.57,3241643,100598729.0
2026-10-09,sh,603017,中衡设计,10.01,9.99,10.01,9.62,10.0,6191300,60915941.0
2026-10-09,sh,603018,华设集团,5.11,5.08,5.16,5.03,5.15,7275540,37021528.0
2026-10-09,sh,603019,中科曙光,76.78,76.39,76.63,72.61,75.37,27381118,2033557190.0
2026-10-09,sh,603020,爱普股份,12.75,13.0,13.08,11.85,12.93,23083827,291198759.0
2026-10-09,sh,603021,*ST华鹏,4.26,4.28,4.5,4.13,4.5,9406710,40310366.0
2026-10-09,sh,603022,新通联,9.08,9.08,9.18,8.66,9.03,3551200,31532555.0
2026-10-09,sh,603023,威帝股份,3.99,4.01,4.03,3.8,4.02,10559800,41422279.0
2026-10-09,sh,603025,大豪科技,12.71,12.71,12.96,12.53,12.91,5393664,68740122.0
2026-10-09,sh,603026,石大胜华,59.0,58.7,64.88,58.06,62.76,23438196,1454912617.0
2026-10-09,sh,603027,千禾味业,7.41,7.41,7.47,7.36,7.4,12842557,95143846.0
2026-10-09,sh,603028,赛福天,7.07,7.11,7.11,6.69,7.01,4705380,32406497.0
2026-10-09,sh,603029,天鹅股份,16.66,16.61,16.72,15.98,16.64,2630200,42937173.0
2026-10-09,sh,603030,全筑股份,2.05,2.05,2.09,1.97,2.08,36725500,74525001.0
2026-10-09,sh,603031,安孚科技,33.9,33.6,33.94,32.18,33.35,8395139,277276396.0
2026-10-09,sh,603032,德新科技,18.14,18.03,18.66,17.61,18.56,11065117,202186383.0
2026-10-09,sh,603033,三维股份,7.65,7.67,7.79,7.47,7.7,7142036,54267146.0
2026-10-09,sh,603035,常熟汽饰,10.39,10.41,10.5,10.27,10.49,2462100,25612012.0
2026-10-09,sh,603036,如通股份,13.49,13.55,13.57,12.7,13.17,5030500,65580617.0
2026-10-09,sh,603037,凯众股份,10.71,10.64,10.64,9.64,10.07,18744936,187151084.0
2026-10-09,sh,603038,华立股份,15.24,15.14,15.57,14.63,15.24,5989100,90473392.0
2026-10-09,sh,603039,泛微网络,33.2,33.18,34.98,32.13,34.73,11226377,375121638.0
2026-10-09,sh,603040,新坐标,42.53,42.53,42.71,40.04,42.0,3165987,131034687.0
2026-10-09,sh,603041,美思德,11.43,11.46,11.57,11.11,11.55,2727340,30979666.0
2026-10-09,sh,603042,华脉科技,16.05,15.87,15.87,14.56,15.58,27554344,420230005.0
2026-10-09,sh,603043,广州酒家,13.29,13.36,13.57,13.24,13.52,3652580,49227826.0
2026-10-09,sh,603045,福达合金,45.03,45.2,45.2,42.44,44.47,4763998,208376536.0
2026-10-09,sh,603048,浙江黎明,24.12,24.25,24.34,22.73,23.34,3381800,78876404.0
2026-10-09,sh,603049,中策橡胶,43.41,43.63,43.86,43.1,43.71,2882115,125331644.0
2026-10-09,sh,603050,科林电气,15.92,15.92,16.06,15.7,15.99,2856392,45361852.0
2026-10-09,sh,603051,鹿山新材,23.5,23.23,23.48,21.68,22.6,6686862,149734630.0
2026-10-09,sh,603052,可川科技,48.25,48.25,48.49,44.1,46.82,4392040,202580880.0
2026-10-09,sh,603053,成都燃气,8.83,8.84,8.86,8.77,8.82,2095400,18466332.0
2026-10-09,sh,603055,台华新材,9.45,9.42,9.71,9.42,9.7,8894402,85439487.0
2026-10-09,sh,603057,紫燕食品,17.76,17.81,17.9,17.36,17.63,1863500,32759342.0
2026-10-09,sh,603058,永吉股份,8.39,8.35,8.76,7.99,8.66,8998100,75482370.0
2026-10-09,sh,603059,倍加洁,25.98,26.5,26.5,25.2,25.73,1448600,37287479.0
2026-10-09,sh,603060,国检集团,5.54,5.55,5.62,5.42,5.62,6144604,33979663.0
2026-10-09,sh,603061,金海通,296.7,292.75,297.0,270.0,293.02,3486782,987676624.0
2026-10-09,sh,603062,麦加芯彩,37.59,37.59,37.74,36.43,37.61,439956,16381867.0
2026-10-09,sh,603063,禾望电气,26.66,26.53,26.53,24.83,25.76,18658073,475131710.0
2026-10-09,sh,603065,宿迁联盛,14.03,13.93,14.26,13.11,13.68,17470900,237945706.0
2026-10-09,sh,603066,音飞储存,9.27,9.22,9.29,8.95,9.29,4374500,39834093.0
2026-10-09,sh,603067,振华股份,38.46,38.0,42.31,36.45,42.31,41638158,1658361885.0
2026-10-09,sh,603068,博通集成,42.44,42.66,46.68,41.4,43.5,22307450,973926775.0
2026-10-09,sh,603069,海汽集团,13.24,13.24,13.52,12.88,13.51,3915590,51653023.0
2026-10-09,sh,603070,万控智造,11.44,11.48,11.48,10.88,11.2,3304100,36591122.0
2026-10-09,sh,603071,物产环能,12.53,12.55,12.63,12.41,12.63,2239300,28098155.0
2026-10-09,sh,603072,天和磁材,29.17,29.23,29.56,28.95,29.51,1639516,48069680.0
2026-10-09,sh,603073,彩蝶实业,22.97,22.97,22.97,20.67,20.67,9583100,201331598.0
2026-10-09,sh,603075,热威股份,20.04,20.04,20.18,19.05,19.75,2846100,55645484.0
2026-10-09,sh,603076,乐惠国际,19.97,20.08,20.15,19.3,20.12,1849140,36515541.0
2026-10-09,sh,603077,和邦生物,2.19,2.18,2.24,2.18,2.23,128954299,284840824.0
2026-10-09,sh,603078,江化微,28.14,28.41,28.66,26.53,27.63,19249733,528327031.0
2026-10-09,sh,603079,圣达生物,13.32,13.3,13.44,12.62,13.31,5546400,72345339.0
2026-10-09,sh,603080,新疆火炬,20.4,20.31,20.4,19.51,20.13,2830300,56427621.0
2026-10-09,sh,603081,大丰实业,9.44,9.41,9.46,9.12,9.46,3023800,28125513.0
2026-10-09,sh,603082,北自科技,39.4,39.48,39.61,37.24,38.79,4065736,155834029.0
2026-10-09,sh,603083,剑桥科技,193.1,190.98,198.74,184.54,193.0,23360940,4489282113.0
2026-10-09,sh,603085,天成自控,10.15,10.1,10.22,9.52,9.82,13665270,134300146.0
2026-10-09,sh,603086,先达股份,6.21,6.12,6.14,5.9,6.11,18867720,113299623.0
2026-10-09,sh,603087,甘李药业,73.56,73.56,76.4,72.31,75.52,10704939,792535063.0
2026-10-09,sh,603088,宁波精达,9.69,9.73,9.75,9.25,9.72,8910438,84837785.0
2026-10-09,sh,603089,正裕工业,9.48,9.43,9.48,9.12,9.45,3046900,28326429.0
2026-10-09,sh,603090,宏盛股份,34.9,34.9,34.98,32.5,34.7,4240800,143020184.0
2026-10-09,sh,603091,众鑫股份,45.8,46.11,46.12,44.91,45.82,833638,37792705.0
2026-10-09,sh,603092,德力佳,47.42,46.6,49.92,46.52,47.74,4438711,213597284.0
2026-10-09,sh,603093,南华期货,13.09,13.07,13.67,12.73,13.52,22323064,296338662.0
2026-10-09,sh,603095,越剑智能,13.82,13.76,13.78,13.0,13.7,3248220,43627905.0
2026-10-09,sh,603096,新经典,15.75,15.75,17.33,15.22,17.33,4314300,70710476.0
2026-10-09,sh,603097,江苏华辰,18.9,18.99,19.0,17.93,18.31,1931480,35429082.0
2026-10-09,sh,603098,森特股份,10.6,10.69,10.79,10.23,10.79,4618399,48459559.0
2026-10-09,sh,603099,长白山,43.12,43.2,43.93,41.7,42.82,14357628,614741462.0
2026-10-09,sh,603100,川仪股份,18.46,18.44,18.76,18.22,18.63,4616377,85423075.0
2026-10-09,sh,603101,汇嘉时代,7.26,7.25,7.99,7.18,7.99,18752831,146219698.0
2026-10-09,sh,603102,百合股份,36.75,36.71,36.91,35.71,36.73,1227586,44557995.0
2026-10-09,sh,603103,横店影视,15.35,15.32,16.45,15.22,16.3,6940221,110219391.0
2026-10-09,sh,603105,芯能科技,8.8,8.64,8.74,8.46,8.63,18576272,159802169.0
2026-10-09,sh,603106,恒银科技,7.09,7.08,7.46,6.9,7.43,15586590,112538224.0
2026-10-09,sh,603107,上海汽配,12.42,12.42,12.42,12.16,12.29,2487100,30486198.0
2026-10-09,sh,603108,润达医疗,9.66,9.7,10.06,9.41,9.97,16268774,158131929.0
2026-10-09,sh,603109,神驰机电,17.27,17.2,17.36,16.7,17.33,1822428,31079293.0
2026-10-09,sh,603110,东方材料,23.95,23.55,23.9,21.95,23.38,9466800,216251918.0
2026-10-09,sh,603111,康尼机电,6.07,6.08,6.12,5.97,6.09,5241000,31684606.0
2026-10-09,sh,603112,华翔股份,16.65,16.68,16.81,15.66,16.45,9229502,149244235.0
2026-10-09,sh,603113,金能科技,5.0,5.01,5.1,4.97,5.09,14832526,74759474.0
2026-10-09,sh,603115,海星股份,66.3,65.02,65.33,60.83,64.11,8370020,529349063.0
2026-10-09,sh,603116,红蜻蜓,7.15,7.21,7.21,6.86,7.18,13186100,92524744.0
2026-10-09,sh,603117,万林物流,3.94,3.95,3.98,3.8,3.97,9731200,37857510.0
2026-10-09,sh,603118,共进股份,15.08,14.8,15.1,13.98,14.64,53408190,774462439.0
2026-10-09,sh,603119,浙江荣泰,48.84,48.48,49.07,45.19,48.55,10226543,482979100.0
2026-10-09,sh,603120,肯特催化,53.7,53.17,54.13,50.61,52.9,2715556,142148089.0
2026-10-09,sh,603121,华培动力,11.92,11.82,11.95,11.25,11.89,5617150,64871475.0
2026-10-09,sh,603122,合富中国,13.56,13.83,13.93,13.02,13.76,31748900,428445638.0
2026-10-09,sh,603123,翠微股份,9.25,9.28,9.68,9.04,9.64,28572807,267399102.0
2026-10-09,sh,603124,江南新材,115.45,114.22,114.88,103.91,108.39,5374719,580574662.0
2026-10-09,sh,603125,常青科技,20.9,20.92,21.01,19.98,20.63,3193043,65379033.0
2026-10-09,sh,603126,中材节能,6.37,6.38,6.5,6.32,6.49,8214100,52737608.0
2026-10-09,sh,603127,昭衍新药,52.06,52.0,52.96,50.1,52.6,54513558,2818919862.0
2026-10-09,sh,603128,华贸物流,5.41,5.41,5.44,5.36,5.39,7330574,39558622.0
2026-10-09,sh,603129,春风动力,272.97,272.92,274.09,266.0,271.54,1554200,419486964.0
2026-10-09,sh,603130,云中马,39.8,39.8,39.8,37.7,38.7,1359575,52461726.0
2026-10-09,sh,603131,上海沪工,13.48,13.36,13.54,12.84,13.49,5864100,77190579.0
2026-10-09,sh,603132,金徽股份,17.86,17.86,17.97,17.0,17.61,7385822,128466045.0
2026-10-09,sh,603135,中重科技,8.39,8.46,8.46,8.13,8.39,6928247,57400388.0
2026-10-09,sh,603136,天目湖,8.92,8.91,9.11,8.8,9.11,5748645,51417688.0
2026-10-09,sh,603137,恒尚节能,19.56,19.37,19.38,17.62,18.65,17884502,324170478.0
2026-10-09,sh,603138,海量数据,13.13,13.1,13.95,12.44,13.9,17944057,236811225.0
2026-10-09,sh,603139,康惠股份,34.45,34.45,34.45,32.32,34.01,2034600,67915287.0
2026-10-09,sh,603150,万朗磁塑,64.87,63.14,65.0,58.51,61.93,2851700,175083233.0
2026-10-09,sh,603151,邦基科技,17.85,17.88,18.94,16.99,18.79,4394536,79260691.0
2026-10-09,sh,603153,上海建科,13.59,13.58,13.68,13.35,13.62,1530900,20637924.0
2026-10-09,sh,603155,新亚强,14.03,13.88,15.43,13.57,15.43,29764151,452225096.0
2026-10-09,sh,603156,养元饮品,42.2,41.88,42.58,40.6,42.36,9256884,384419495.0
2026-10-09,sh,603158,腾龙股份,10.0,9.95,10.04,9.5,9.98,12157300,118460362.0
2026-10-09,sh,603159,上海亚虹,22.27,22.12,22.43,21.53,21.88,3906400,85867375.0
2026-10-09,sh,603160,汇顶科技,51.55,51.43,52.88,50.83,51.95,4302682,223499389.0
2026-10-09,sh,603161,科华控股,14.31,14.32,14.39,13.66,14.18,2521880,35239952.0
2026-10-09,sh,603162,海通发展,13.5,13.4,13.49,12.74,13.23,37148044,484158183.0
2026-10-09,sh,603163,圣晖集成,72.0,71.23,71.69,66.16,69.55,1934416,132752915.0
2026-10-09,sh,603165,荣晟环保,13.88,13.83,13.91,13.32,13.79,7468081,101337128.0
2026-10-09,sh,603166,福达股份,10.37,10.4,10.56,10.11,10.53,6759009,69834143.0
2026-10-09,sh,603167,渤海轮渡,8.0,7.99,8.02,7.94,8.0,2254360,17981876.0
2026-10-09,sh,603168,莎普爱思,5.95,5.94,6.05,5.78,6.04,6361954,37668012.0
2026-10-09,sh,603169,兰石重装,6.06,6.08,6.12,5.97,6.1,14116800,85270010.0
2026-10-09,sh,603170,宝立食品,13.5,13.56,14.0,13.48,13.78,6642728,91418028.0
2026-10-09,sh,603171,税友股份,37.44,37.44,40.06,36.8,39.8,6345367,242927201.0
2026-10-09,sh,603172,万丰股份,19.69,19.8,19.83,18.77,19.48,2552799,49188471.0
2026-10-09,sh,603173,福斯达,29.88,29.86,29.86,28.57,29.61,939900,27382397.0
2026-10-09,sh,603175,超颖电子,102.58,101.72,102.8,95.83,99.76,2240404,222138067.0
2026-10-09,sh,603176,汇通集团,5.26,5.28,5.4,5.18,5.37,5013900,26508394.0
2026-10-09,sh,603177,德创环保,10.8,10.78,11.03,10.2,10.63,3653000,38183085.0
2026-10-09,sh,603178,圣龙股份,16.3,16.2,16.29,15.66,16.23,8101361,129554299.0
2026-10-09,sh,603179,新泉股份,37.51,37.0,37.42,34.96,37.1,19860174,718999918.0
2026-10-09,sh,603180,金牌家居,15.75,15.82,15.96,15.42,15.84,1217300,19107998.0
2026-10-09,sh,603181,皇马科技,12.24,12.29,12.36,12.1,12.32,3783900,46334721.0
2026-10-09,sh,603182,嘉华股份,13.64,13.64,13.72,13.31,13.63,1971600,26737808.0
2026-10-09,sh,603183,建研院,5.19,5.19,5.33,4.76,5.06,64161520,327245133.0
2026-10-09,sh,603185,弘元绿能,14.87,14.87,14.96,14.41,14.88,16429937,241732268.0
2026-10-09,sh,603186,华正新材,224.25,215.5,217.0,201.83,206.46,22596366,4624928731.0
2026-10-09,sh,603187,海容冷链,10.71,10.7,10.88,10.61,10.85,4012628,43108574.0
2026-10-09,sh,603188,亚邦股份,5.04,4.92,5.3,4.84,5.07,66595300,334335341.0
2026-10-09,sh,603189,*ST网达,10.2,10.31,10.4,9.81,10.08,6107200,61381092.0
2026-10-09,sh,603190,亚通精工,16.11,16.18,16.18,15.44,16.03,1847020,29087826.0
2026-10-09,sh,603191,望变电气,13.14,13.18,13.21,12.7,13.19,6569800,84975281.0
2026-10-09,sh,603192,汇得科技,21.15,21.11,21.11,19.95,20.84,3542988,72686316.0
2026-10-09,sh,603193,润本股份,19.43,19.53,19.99,19.43,19.94,2521506,49677195.0
2026-10-09,sh,603194,中力股份,33.38,33.5,33.95,33.15,33.25,1281620,42981329.0
2026-10-09,sh,603195,公牛集团,38.89,38.83,39.48,38.69,39.04,3272339,128255879.0
2026-10-09,sh,603196,璞源材料,17.44,17.48,17.75,16.8,17.73,2724490,47203812.0
2026-10-09,sh,603197,保隆科技,28.81,28.74,28.89,27.57,28.52,2916352,82095170.0
2026-10-09,sh,603198,迎驾贡酒,38.5,38.46,39.15,37.9,38.87,2970034,114682299.0
2026-10-09,sh,603199,九华旅游,31.39,31.31,31.71,31.01,31.65,1077599,33794831.0
2026-10-09,sh,603200,上海洗霸,49.21,49.21,54.13,47.51,53.92,35975046,1838097115.0
2026-10-09,sh,603201,常润股份,15.17,14.8,15.13,14.45,14.93,3566506,52461978.0
2026-10-09,sh,603202,天有为,50.34,50.34,50.94,49.87,50.64,919585,46349378.0
2026-10-09,sh,603203,快克智能,39.34,38.99,39.18,35.64,37.58,8535430,318174795.0
2026-10-09,sh,603205,健尔康,21.72,21.7,21.98,21.45,21.88,924593,20114144.0
2026-10-09,sh,603206,嘉环科技,13.31,13.28,13.61,12.93,13.58,3387300,44941831.0
2026-10-09,sh,603207,小方制药,24.07,23.9,24.56,23.51,24.47,2522922,60864636.0
2026-10-09,sh,603208,江山欧派,11.4,11.48,11.48,10.98,11.35,2164125,24282289.0
2026-10-09,sh,603209,兴通股份,15.12,15.07,15.28,14.87,15.18,6038200,90996932.0
2026-10-09,sh,603210,泰鸿万立,13.73,13.73,13.73,13.32,13.61,5675950,76763910.0
2026-10-09,sh,603211,晋拓股份,18.52,18.4,18.51,17.52,18.35,4241100,76460149.0
2026-10-09,sh,603212,赛伍技术,11.3,11.36,11.38,10.75,11.3,9913014,109467793.0
2026-10-09,sh,603213,镇洋发展,13.7,13.68,13.86,13.63,13.86,2364600,32573320.0
2026-10-09,sh,603214,爱婴室,13.66,13.72,13.77,13.24,13.77,2601650,35078535.0
2026-10-09,sh,603215,比依股份,15.24,15.14,15.4,14.97,15.31,1931700,29368412.0
2026-10-09,sh,603216,梦天家居,21.91,21.95,24.1,21.2,24.1,8896900,201398679.0
2026-10-09,sh,603217,元利科技,26.5,26.77,26.77,25.01,25.7,3142754,80716529.0
2026-10-09,sh,603218,日月股份,9.51,9.48,9.63,9.39,9.44,14417359,136784894.0
2026-10-09,sh,603219,富佳股份,13.1,13.0,13.07,12.34,12.82,7001800,88926172.0
2026-10-09,sh,603220,中贝通信,15.88,15.68,15.99,15.24,15.94,18267522,285657625.0
2026-10-09,sh,603221,爱丽家居,24.29,24.06,25.8,22.91,25.43,13254901,322299903.0
2026-10-09,sh,603222,济民健康,8.05,7.99,8.32,7.78,8.3,20760522,167461482.0
2026-10-09,sh,603223,恒通股份,9.27,9.27,9.3,8.98,9.24,9105696,83199555.0
2026-10-09,sh,603225,新凤鸣,17.09,16.91,17.26,16.55,17.0,10245528,172762531.0
2026-10-09,sh,603226,菲林格尔,28.41,28.47,29.02,26.88,29.02,6257956,175775530.0
2026-10-09,sh,603227,雪峰科技,7.53,7.54,7.63,7.5,7.57,6728300,50979479.0
2026-10-09,sh,603228,景旺电子,97.89,97.0,100.3,92.51,96.98,30576638,2955367097.0
2026-10-09,sh,603229,奥翔药业,8.06,8.05,8.21,7.91,8.19,8041668,64965015.0
2026-10-09,sh,603230,内蒙新华,13.02,12.95,13.54,11.97,13.3,54607871,698682429.0
2026-10-09,sh,603231,索宝蛋白,17.05,17.02,17.09,16.81,17.01,1708900,28932271.0
2026-10-09,sh,603232,格尔软件,15.44,15.39,16.98,14.57,16.98,25051514,400137732.0
2026-10-09,sh,603233,大参林,18.36,18.36,18.95,18.2,18.76,13582012,253555021.0
2026-10-09,sh,603235,天新药业,25.77,25.61,25.99,25.53,25.94,584591,15115789.0
2026-10-09,sh,603236,移远通信,68.49,68.0,72.6,67.0,72.2,18996854,1329209733.0
2026-10-09,sh,603237,五芳斋,15.33,15.4,15.4,14.99,15.32,1753400,26646932.0
2026-10-09,sh,603238,诺邦股份,12.77,12.78,12.81,12.38,12.73,2329800,29361470.0
2026-10-09,sh,603239,浙江仙通,13.58,13.55,14.66,13.13,14.37,6806208,95471104.0
2026-10-09,sh,603248,锡华科技,21.44,21.4,21.4,19.39,20.64,18030005,365545255.0
2026-10-09,sh,603255,鼎际得,31.2,31.33,32.2,30.71,31.89,2111485,66593686.0
2026-10-09,sh,603256,宏和科技,124.64,122.78,123.94,112.55,117.5,16486809,1929986564.0
2026-10-09,sh,603257,中国瑞林,63.39,63.0,63.81,60.7,63.57,1370428,85356234.0
2026-10-09,sh,603258,电魂网络,13.88,13.8,14.65,13.41,14.5,6214421,87093049.0
2026-10-09,sh,603259,药明康德,162.0,162.0,162.5,151.62,157.8,60449666,9417207735.0
2026-10-09,sh,603260,合盛硅业,31.33,31.81,33.48,31.4,33.04,18900745,620601371.0
2026-10-09,sh,603261,立航科技,47.61,47.76,49.62,46.2,49.26,1889400,90201903.0
2026-10-09,sh,603262,技源集团,16.96,17.11,17.35,16.71,17.35,2304949,39296968.0
2026-10-09,sh,603266,天龙股份,21.31,21.26,22.37,21.08,22.21,17289500,377224542.0
2026-10-09,sh,603267,鸿远电子,45.1,44.8,44.9,42.65,44.16,6467675,281492577.0
2026-10-09,sh,603268,松发股份,218.75,219.9,220.66,198.6,203.5,11713568,2392832301.0
2026-10-09,sh,603269,海鸥股份,24.3,24.44,24.44,21.93,23.12,29905888,685102147.0
2026-10-09,sh,603270,金帝股份,29.02,29.0,29.02,26.3,27.24,8236232,224929750.0
2026-10-09,sh,603271,永杰新材,38.82,38.8,40.28,37.97,40.22,2410607,94714474.0
2026-10-09,sh,603272,*ST联翔,15.01,15.01,15.01,14.1,14.43,2189500,31536382.0
2026-10-09,sh,603273,天元智能,14.44,14.4,14.5,13.6,14.14,2500700,34947689.0
2026-10-09,sh,603275,众辰科技,36.11,36.1,36.26,34.33,35.85,1080550,37931603.0
2026-10-09,sh,603276,恒兴新材,17.68,17.68,18.28,17.46,18.18,4938890,88813347.0
2026-10-09,sh,603277,银都股份,11.18,11.23,11.33,10.82,11.21,2183290,24226870.0
2026-10-09,sh,603278,大业股份,10.21,10.08,10.2,9.66,10.1,36912237,366214168.0
2026-10-09,sh,603279,景津装备,11.09,11.13,11.27,11.04,11.25,7490606,83710163.0
2026-10-09,sh,603280,南方路机,27.89,27.72,28.9,27.61,28.9,3111881,88316134.0
2026-10-09,sh,603281,江瀚新材,18.15,18.3,19.13,18.06,18.95,8360559,156857034.0
2026-10-09,sh,603282,亚光股份,17.1,17.4,17.4,16.16,16.99,1836399,30569398.0
2026-10-09,sh,603283,赛腾股份,39.16,38.96,39.0,36.12,37.67,15815880,590491853.0
2026-10-09,sh,603284,林平发展,40.23,40.15,41.02,39.77,41.0,921859,37249415.0
2026-10-09,sh,603285,键邦股份,36.91,36.95,37.27,33.84,35.36,4081222,143371761.0
2026-10-09,sh,603286,日盈电子,42.83,42.6,44.2,39.6,43.59,4507835,187748004.0
2026-10-09,sh,603288,海天味业,33.86,33.87,34.34,33.65,33.67,14526149,494240855.0
2026-10-09,sh,603289,泰瑞机器,10.69,10.72,10.75,10.3,10.6,7053365,74110206.0
2026-10-09,sh,603290,斯达半导,78.85,78.39,78.69,73.64,76.25,5851273,442582209.0
2026-10-09,sh,603291,联合水务,8.71,8.71,8.82,8.39,8.6,2848700,24318853.0
2026-10-09,sh,603293,埃泰克,35.18,35.0,35.33,34.1,35.05,1213200,42031912.0
2026-10-09,sh,603296,华勤技术,72.55,72.0,74.63,71.3,74.55,14246887,1037772215.0
2026-10-09,sh,603297,永新光学,101.2,100.2,100.5,95.28,98.38,1161200,113844727.0
2026-10-09,sh,603298,杭叉集团,21.73,21.75,22.15,21.74,22.05,4501964,98948388.0
2026-10-09,sh,603299,苏盐井神,8.71,8.76,8.82,8.69,8.77,5556810,48743263.0
2026-10-09,sh,603300,海南华铁,4.5,4.5,4.6,4.48,4.58,36393352,165307399.0
2026-10-09,sh,603301,振德医疗,78.49,78.8,81.36,78.41,81.0,1829879,146174954.0
2026-10-09,sh,603303,XD得邦照,27.73,27.49,28.7,26.68,28.56,2563044,70774505.0
2026-10-09,sh,603305,旭升集团,10.87,10.82,11.15,10.55,11.06,17915779,194093279.0
2026-10-09,sh,603306,华懋科技,66.91,66.21,66.49,61.4,65.02,9786633,624016324.0
2026-10-09,sh,603307,XD扬州金,25.37,25.37,25.46,24.09,25.25,1099345,27345200.0
2026-10-09,sh,603308,应流股份,36.07,35.86,36.02,33.11,34.28,25290257,861113937.0
2026-10-09,sh,603309,维力医疗,11.14,11.14,11.33,11.03,11.26,2985800,33338491.0
2026-10-09,sh,603310,巍华新材,14.52,14.52,14.64,14.45,14.6,1568000,22821992.0
2026-10-09,sh,603311,金海高科,25.68,25.46,25.57,23.88,25.0,4658300,115371546.0
2026-10-09,sh,603312,西典新能,33.08,32.9,33.06,31.62,32.16,768887,24815671.0
2026-10-09,sh,603313,梦百合,6.22,6.25,6.54,6.2,6.38,25203447,160594760.0
2026-10-09,sh,603315,福鞍股份,10.46,10.48,10.51,9.97,10.35,5836500,59381947.0
2026-10-09,sh,603316,诚邦股份,14.64,14.4,14.67,13.67,14.58,16674150,236364910.0
2026-10-09,sh,603317,天味食品,12.51,12.54,12.75,12.52,12.73,7671053,96995639.0
2026-10-09,sh,603318,水发燃气,9.09,9.19,9.2,8.64,8.9,33682988,297060318.0
2026-10-09,sh,603319,美湖股份,26.21,26.07,26.8,24.92,26.55,16660571,431458659.0
2026-10-09,sh,603320,迪贝电气,17.7,17.75,17.9,16.85,17.74,1672165,28993507.0
2026-10-09,sh,603321,梅轮电梯,7.07,7.03,7.1,6.76,7.02,7638800,52791303.0
2026-10-09,sh,603322,超讯科技,26.58,26.46,26.65,25.3,26.45,6175400,160405109.0
2026-10-09,sh,603323,苏农银行,4.54,4.54,4.58,4.47,4.48,41129352,185509599.0
2026-10-09,sh,603324,盛剑科技,23.55,23.76,23.79,21.8,22.93,3846900,87255258.0
2026-10-09,sh,603325,博隆技术,54.36,54.42,55.2,53.46,55.06,571586,31190530.0
2026-10-09,sh,603326,我乐家居,7.68,7.68,7.76,7.36,7.6,3424200,25789449.0
2026-10-09,sh,603327,福蓉科技,7.94,7.94,8.01,7.76,8.01,11968291,94424176.0
2026-10-09,sh,603328,依顿电子,13.55,13.45,13.47,12.2,12.68,59671366,761109381.0
2026-10-09,sh,603329,上海雅仕,10.23,10.24,10.28,9.82,10.1,3820280,38389984.0
2026-10-09,sh,603330,天洋新材,9.06,9.0,9.04,8.55,8.92,28326369,248554456.0
2026-10-09,sh,603331,百达精工,12.43,12.41,12.41,11.98,12.26,3379292,41153325.0
2026-10-09,sh,603332,苏州龙杰,12.19,12.1,12.14,11.67,12.02,3835000,45710819.0
2026-10-09,sh,603333,福华尚纬,9.0,8.97,9.04,8.65,9.01,8540900,75567575.0
2026-10-09,sh,603334,丰倍生物,33.41,33.15,33.15,32.23,33.02,2364913,77180897.0
2026-10-09,sh,603335,迪生力,5.95,5.95,6.0,5.75,5.99,9528100,55836004.0
2026-10-09,sh,603336,宏辉果蔬,9.6,9.6,9.66,9.0,9.5,16732222,156152755.0
2026-10-09,sh,603337,XD杰克科,34.71,34.91,35.35,34.71,35.02,1875016,65644353.0
2026-10-09,sh,603338,浙江鼎力,52.26,52.2,53.39,51.3,51.48,2681779,138926678.0
2026-10-09,sh,603339,四方科技,12.08,12.05,12.13,11.62,12.08,6761799,80216093.0
2026-10-09,sh,603341,龙旗科技,33.95,33.8,34.72,33.37,34.47,6859761,233942767.0
2026-10-09,sh,603344,星德胜,21.47,21.55,21.55,20.33,21.12,3121854,64865347.0
2026-10-09,sh,603345,安井食品,78.39,78.5,81.35,78.5,81.02,5419516,435757240.0
2026-10-09,sh,603348,文灿股份,14.41,14.5,14.6,14.0,14.58,2458818,35144319.0
2026-10-09,sh,603350,安乃达,28.28,28.4,28.4,27.16,28.07,609523,16908710.0
2026-10-09,sh,603351,威尔药业,28.49,28.49,28.62,27.6,28.48,1907000,53671521.0
2026-10-09,sh,603352,至信股份,25.0,25.0,25.54,24.94,25.52,1360237,34450697.0
2026-10-09,sh,603353,和顺石油,37.13,36.99,36.99,34.2,35.5,5919100,209733611.0
2026-10-09,sh,603355,莱克电气,32.44,32.38,33.0,31.6,32.27,4181041,135246270.0
2026-10-09,sh,603356,华菱精工,16.41,16.61,16.61,15.36,16.47,2813200,44852977.0
2026-10-09,sh,603357,设计总院,5.97,5.98,6.05,5.94,6.03,3231300,19374043.0
2026-10-09,sh,603358,华达科技,44.49,44.48,44.98,41.82,43.06,6970087,299177940.0
2026-10-09,sh,603359,*ST东珠,1.97,1.98,1.99,1.88,1.95,6623360,12765585.0
2026-10-09,sh,603360,百傲化学,12.19,12.43,12.43,11.49,12.0,11980721,141898876.0
2026-10-09,sh,603363,傲农生物,2.78,2.76,2.85,2.76,2.84,25938411,72764255.0
2026-10-09,sh,603365,水星家纺,16.41,16.46,17.12,16.35,17.1,3559300,59769546.0
2026-10-09,sh,603366,日出东方,7.3,7.31,7.57,7.06,7.56,28398938,208846841.0
2026-10-09,sh,603367,辰欣药业,14.44,14.32,14.71,14.12,14.68,9046600,131181414.0
2026-10-09,sh,603368,柳药集团,15.22,15.2,15.51,15.2,15.48,4490604,69041674.0
2026-10-09,sh,603369,今世缘,27.65,27.65,28.05,27.22,27.62,6031494,166523440.0
2026-10-09,sh,603370,华新精科,27.21,27.24,27.56,26.28,27.52,1833386,49343980.0
2026-10-09,sh,603373,安邦护卫,52.2,51.94,52.77,48.3,50.0,4231507,213257996.0
2026-10-09,sh,603375,盛景微,41.78,41.82,42.1,38.58,40.43,3673070,147188169.0
2026-10-09,sh,603376,大明电子,26.85,26.85,28.47,26.26,28.15,4016082,110845206.0
2026-10-09,sh,603377,ST东时,3.02,3.01,3.09,2.98,3.07,2699272,8207328.0
2026-10-09,sh,603378,*ST亚士,4.72,4.66,4.7,4.25,4.45,10300817,45580083.0
2026-10-09,sh,603379,三美股份,47.75,47.56,48.66,47.06,48.32,5706663,273138066.0
2026-10-09,sh,603380,易德龙,31.16,31.18,31.25,29.3,30.68,2965890,89319147.0
2026-10-09,sh,603381,永臻股份,14.72,14.7,14.75,14.2,14.71,2978990,43195722.0
2026-10-09,sh,603382,海阳科技,18.94,19.03,19.1,18.4,18.98,1628300,30534336.0
2026-10-09,sh,603383,顶点软件,26.11,26.21,27.19,25.81,27.17,3598020,95473102.0
2026-10-09,sh,603385,惠达卫浴,5.58,5.61,5.8,5.51,5.68,5156200,29000826.0
2026-10-09,sh,603386,骏亚科技,17.5,17.07,17.41,15.75,16.47,11822100,195087071.0
2026-10-09,sh,603387,基蛋生物,10.16,10.05,10.1,9.68,10.05,13507548,133243527.0
2026-10-09,sh,603389,亚振家居,43.5,43.13,43.8,42.25,43.2,938260,40175476.0
2026-10-09,sh,603390,通达电气,11.32,11.23,11.31,10.19,10.74,18213220,195300047.0
2026-10-09,sh,603391,力聚热能,71.89,71.07,71.89,67.49,70.86,3671693,255412911.0
2026-10-09,sh,603392,万泰生物,26.5,26.49,27.06,25.99,26.96,6766773,179663497.0
2026-10-09,sh,603393,新天然气,25.46,25.3,25.67,25.1,25.19,6012200,152399914.0
2026-10-09,sh,603395,红四方,25.39,25.53,26.88,24.72,26.59,14037019,364741635.0
2026-10-09,sh,603396,金辰股份,31.91,31.6,31.98,29.51,30.35,16296755,495453444.0
2026-10-09,sh,603398,*ST沐邦,7.78,7.78,8.56,7.56,8.56,12635006,101478780.0
2026-10-09,sh,603399,永杉锂业,13.55,13.39,14.46,13.19,14.05,84248637,1166494601.0
2026-10-09,sh,603400,华之杰,47.7,45.8,46.25,42.93,42.93,6568943,286680592.0
2026-10-09,sh,603402,陕西旅游,57.7,57.58,59.26,56.81,59.08,1663657,96365897.0
2026-10-09,sh,603406,天富龙,27.93,27.93,28.22,27.46,28.11,1524393,42518352.0
2026-10-09,sh,603407,长裕集团,56.45,56.35,56.35,52.41,53.22,3887300,208169818.0
2026-10-09,sh,603408,建霖家居,11.42,11.38,11.69,11.29,11.64,1558300,17895494.0
2026-10-09,sh,603409,汇通控股,17.55,17.46,17.62,16.76,17.47,2456175,42207240.0
2026-10-09,sh,603416,信捷电气,44.15,44.39,45.4,43.32,45.11,1679300,74437583.0
2026-10-09,sh,603418,友升股份,50.0,50.0,50.28,48.62,49.23,2917841,143832884.0
2026-10-09,sh,603421,鼎信通讯,6.11,6.1,6.19,5.84,6.18,18541290,111734590.0
2026-10-09,sh,603429,*ST集友,8.87,8.88,9.01,8.5,8.65,1579600,13758466.0
2026-10-09,sh,603435,嘉德利,44.04,43.6,43.99,41.18,43.2,2272800,96294063.0
2026-10-09,sh,603439,三力制药,12.65,12.58,12.6,11.74,12.55,14404126,175351739.0
2026-10-09,sh,603444,吉比特,339.28,339.0,346.98,338.68,346.07,1265921,434083987.0
2026-10-09,sh,603448,天博智能,58.32,58.01,58.05,55.55,57.73,3206056,181965859.0
2026-10-09,sh,603456,九洲药业,16.35,16.26,16.41,15.85,16.31,21054212,339369037.0
2026-10-09,sh,603458,勘设股份,10.77,10.78,11.14,10.37,10.99,12144300,131413906.0
2026-10-09,sh,603459,红板科技,75.11,74.1,74.86,70.0,73.51,6894491,497157362.0
2026-10-09,sh,603466,风语筑,11.51,11.53,12.04,10.88,12.0,55537072,635462369.0
2026-10-09,sh,603468,津富士达,21.95,21.89,22.11,21.21,22.08,3238746,70198076.0
2026-10-09,sh,603477,巨星农牧,13.75,13.79,14.03,13.65,13.92,10404679,143721943.0
2026-10-09,sh,603486,科沃斯,47.96,47.65,48.81,47.6,48.66,3493745,168320312.0
2026-10-09,sh,603488,展鹏科技,7.61,7.61,7.71,7.19,7.62,8139400,60470033.0
2026-10-09,sh,603489,八方股份,27.8,27.63,27.97,27.02,27.9,2065240,56834227.0
2026-10-09,sh,603496,恒为科技,21.83,21.83,22.41,21.61,22.29,5836875,128610120.0
2026-10-09,sh,603499,翔港科技,12.45,12.37,12.43,11.82,12.3,4669176,56778735.0
2026-10-09,sh,603500,祥和实业,9.83,9.88,10.09,9.28,10.04,15687495,151335918.0
2026-10-09,sh,603501,豪威集团,78.96,78.39,80.23,77.33,79.15,10290199,809277253.0
2026-10-09,sh,603505,金石资源,13.9,14.03,14.19,13.9,14.06,9570067,134696587.0
2026-10-09,sh,603506,南都物业,12.28,12.28,12.32,11.65,12.06,4513860,53850236.0
2026-10-09,sh,603507,振江股份,27.42,27.45,27.66,25.39,26.24,16950226,445101339.0
2026-10-09,sh,603508,思维列控,20.46,20.48,20.64,20.21,20.51,2652138,54159845.0
2026-10-09,sh,603511,爱慕股份,12.88,12.94,13.03,12.7,12.97,1643500,21162122.0
2026-10-09,sh,603515,欧普照明,14.87,14.83,15.24,14.8,15.11,2006599,30263341.0
2026-10-09,sh,603516,淳中科技,73.86,73.7,73.86,68.0,72.8,7488185,531786689.0
2026-10-09,sh,603517,ST绝味,11.16,11.2,11.25,10.96,11.21,3833000,42590080.0
2026-10-09,sh,603518,锦泓集团,7.81,7.8,7.96,7.72,7.94,5981977,46894228.0
2026-10-09,sh,603519,立霸股份,16.43,16.65,17.35,16.12,17.17,8001936,134295477.0
2026-10-09,sh,603520,司太立,8.55,8.56,8.74,8.39,8.72,8301780,71184475.0
2026-10-09,sh,603527,众源新材,9.71,9.71,9.74,9.33,9.71,6466300,61667236.0
2026-10-09,sh,603528,多伦科技,6.25,6.25,6.41,6.06,6.41,11053200,68949273.0
2026-10-09,sh,603529,爱玛科技,22.89,22.9,23.57,22.84,23.28,13080951,304996873.0
2026-10-09,sh,603530,神马电力,40.71,40.71,41.58,38.5,40.0,4554900,180658152.0
2026-10-09,sh,603533,掌阅科技,23.13,23.1,25.44,22.32,25.44,36814436,872887939.0
2026-10-09,sh,603535,嘉诚国际,6.28,6.26,6.38,6.17,6.37,5009045,31412296.0
2026-10-09,sh,603536,惠发食品,10.19,10.19,10.33,9.97,10.31,6666020,67763851.0
2026-10-09,sh,603538,美诺华,29.46,28.86,28.99,26.61,28.45,65127291,1823060402.0
2026-10-09,sh,603551,奥普科技,9.49,9.43,9.62,9.42,9.56,3498200,33397572.0
2026-10-09,sh,603556,海兴电力,22.3,22.39,22.55,21.83,22.26,3104800,68753298.0
2026-10-09,sh,603557,*ST起步,3.12,3.1,3.12,3.03,3.1,4115000,12646013.0
2026-10-09,sh,603558,健盛集团,12.85,12.87,12.92,12.67,12.83,2897900,37128836.0
2026-10-09,sh,603559,中通国脉,8.61,8.54,8.66,8.15,8.61,9221400,77399684.0
2026-10-09,sh,603565,中谷物流,11.78,11.81,11.9,11.44,11.75,19390954,226783511.0
2026-10-09,sh,603566,普莱柯,10.18,10.17,10.31,10.1,10.29,2709240,27707458.0
2026-10-09,sh,603567,珍宝岛,5.26,5.29,5.59,5.13,5.4,48715169,261378261.0
2026-10-09,sh,603568,伟明环保,13.36,13.35,13.52,13.09,13.1,12510422,165245523.0
2026-10-09,sh,603569,长久物流,5.92,5.93,5.97,5.82,5.96,3465000,20437506.0
2026-10-09,sh,603577,汇金通,9.63,9.63,9.65,9.1,9.35,3343100,31113960.0
2026-10-09,sh,603578,三星新材,14.18,13.71,14.04,13.2,13.79,5017000,68038484.0
2026-10-09,sh,603579,荣泰健康,17.83,17.71,18.03,16.98,18.01,3287300,57324913.0
2026-10-09,sh,603580,艾艾精工,72.67,73.28,73.28,67.0,69.8,5021411,348803933.0
2026-10-09,sh,603583,捷昌驱动,27.28,27.2,28.43,27.06,28.27,7475965,209478817.0
2026-10-09,sh,603585,苏利股份,10.63,10.62,10.82,10.45,10.81,3841651,40801817.0
2026-10-09,sh,603586,金麒麟,13.74,13.74,13.86,13.35,13.84,1761400,23948856.0
2026-10-09,sh,603587,地素时尚,12.37,12.4,12.52,12.2,12.48,2846900,35241298.0
2026-10-09,sh,603588,高能环境,15.74,15.74,16.8,15.41,16.59,63298842,1012911744.0
2026-10-09,sh,603589,口子窖,17.79,17.9,18.19,17.83,18.15,6194737,111627875.0
2026-10-09,sh,603590,康辰药业,31.19,31.33,31.39,29.9,30.98,5796296,177118521.0
2026-10-09,sh,603595,ST东尼,31.0,30.8,30.92,29.31,30.0,1932200,57990855.0
2026-10-09,sh,603596,伯特利,27.33,27.2,27.48,26.68,27.29,10228849,277148445.0
2026-10-09,sh,603598,引力传媒,18.49,18.7,19.8,17.82,19.62,33669400,637951936.0
2026-10-09,sh,603599,广信股份,10.39,10.41,10.51,10.32,10.46,8600911,89613245.0
2026-10-09,sh,603600,永艺股份,10.1,10.12,10.24,9.89,10.23,3537316,35613671.0
2026-10-09,sh,603601,再升科技,9.81,9.69,9.9,8.83,9.27,113712797,1051229066.0
2026-10-09,sh,603602,纵横通信,12.18,12.12,12.31,11.61,12.25,9582355,114783090.0
2026-10-09,sh,603605,珀莱雅,55.12,55.12,56.6,54.88,56.22,5264497,294040075.0
2026-10-09,sh,603606,东方电缆,37.54,37.16,37.76,34.88,36.3,27913073,1017885404.0
2026-10-09,sh,603607,京华激光,22.05,21.89,21.89,20.65,21.68,5087828,108514142.0
2026-10-09,sh,603608,天创时尚,18.84,18.65,19.71,17.94,19.35,12478200,233496533.0
2026-10-09,sh,603609,禾丰股份,6.31,6.31,6.4,6.26,6.38,2953295,18742028.0
2026-10-09,sh,603610,麒盛科技,12.96,12.96,13.0,12.32,12.74,5125900,64822012.0
2026-10-09,sh,603611,诺力股份,15.9,16.0,16.17,15.5,15.85,1907831,30064138.0
2026-10-09,sh,603612,索通发展,16.17,16.15,16.51,15.93,16.32,9780092,158902454.0
2026-10-09,sh,603613,国联股份,18.44,18.4,18.79,18.09,18.72,11611230,214073018.0
2026-10-09,sh,603615,茶花股份,18.23,18.23,18.3,17.51,18.14,2770000,49457973.0
2026-10-09,sh,603616,韩建河山,5.65,5.59,5.63,5.39,5.57,11260000,62143371.0
2026-10-09,sh,603617,君禾股份,6.66,6.7,6.74,6.42,6.68,6190936,40716545.0
2026-10-09,sh,603618,杭电股份,32.09,31.99,31.99,29.74,31.29,38156971,1173360867.0
2026-10-09,sh,603619,中曼石油,21.65,21.44,21.7,20.9,21.21,24207017,514615769.0
2026-10-09,sh,603626,科森科技,23.25,23.0,25.58,22.05,24.49,59857551,1418877611.0
2026-10-09,sh,603628,清源股份,10.28,10.3,10.35,9.94,10.35,5168684,52350668.0
2026-10-09,sh,603629,利通电子,93.64,93.5,95.0,89.58,94.58,19662132,1811519754.0
2026-10-09,sh,603630,拉芳家化,15.81,16.99,17.39,15.79,16.27,30342025,507423188.0
2026-10-09,sh,603633,徕木股份,6.13,6.12,6.15,5.86,6.13,9153577,55058161.0
2026-10-09,sh,603636,南威软件,7.46,7.47,7.94,7.14,7.85,43825357,331701970.0
2026-10-09,sh,603637,镇海股份,13.52,13.47,13.5,12.5,12.99,8463729,109761806.0
2026-10-09,sh,603638,艾迪精密,19.79,19.6,19.82,18.57,19.25,14190145,269676375.0
2026-10-09,sh,603639,海利尔,10.45,10.42,10.54,10.34,10.49,1102500,11547267.0
2026-10-09,sh,603648,畅联股份,9.48,9.42,9.59,9.33,9.56,2822400,26675272.0
2026-10-09,sh,603650,彤程新材,59.07,59.07,59.07,54.77,57.39,12155152,691292340.0
2026-10-09,sh,603655,朗博科技,29.95,30.0,30.13,28.09,29.55,1333800,38662974.0
2026-10-09,sh,603656,泰禾智能,17.18,17.21,17.22,16.49,17.09,2244900,37792372.0
2026-10-09,sh,603657,春光科技,37.37,37.39,37.65,35.49,36.65,5730200,208164316.0
2026-10-09,sh,603658,安图生物,33.21,33.22,33.53,32.95,33.45,2553300,85073804.0
2026-10-09,sh,603659,璞泰来,21.86,21.86,22.86,21.58,22.33,51641609,1154217364.0
2026-10-09,sh,603660,苏州科达,8.88,8.95,8.95,8.36,8.88,16108622,138919044.0
2026-10-09,sh,603661,恒林股份,33.65,33.7,33.99,32.3,33.83,2533100,84135233.0
2026-10-09,sh,603662,柯力传感,45.6,45.37,46.1,43.16,45.8,4591029,204678299.0
2026-10-09,sh,603663,三祥新材,41.73,41.76,41.79,38.68,39.9,20257026,807876705.0
2026-10-09,sh,603665,康隆达,24.2,24.15,25.25,23.75,25.07,4741572,116199976.0
2026-10-09,sh,603666,亿嘉和,25.28,25.33,25.5,23.43,24.57,3444156,83412546.0
2026-10-09,sh,603667,五洲新春,47.0,46.87,47.94,44.0,47.5,13819617,633680236.0
2026-10-09,sh,603668,天马科技,11.19,10.07,10.73,10.07,10.46,20615310,211477274.0
2026-10-09,sh,603669,灵康药业,6.64,6.64,7.03,6.5,6.96,46655118,318478919.0
2026-10-09,sh,603676,卫信康,9.05,8.99,9.23,8.91,9.18,2761479,25150098.0
2026-10-09,sh,603677,奇精机械,14.27,14.33,14.48,13.81,14.29,1809500,25469157.0
2026-10-09,sh,603678,火炬电子,42.17,41.59,41.77,38.2,39.7,20804084,821041852.0
2026-10-09,sh,603679,华体科技,22.33,22.33,22.49,20.6,21.92,8480555,181565560.0
2026-10-09,sh,603680,今创集团,10.2,10.2,10.28,9.96,10.13,3916606,39502193.0
2026-10-09,sh,603681,永冠新材,18.41,18.3,18.4,17.34,18.14,6080847,108467981.0
2026-10-09,sh,603682,锦和商管,9.12,9.3,9.39,8.5,9.01,24432590,216211912.0
2026-10-09,sh,603683,晶华新材,14.86,14.84,14.84,14.07,14.7,15661308,226503683.0
2026-10-09,sh,603685,晨丰科技,26.17,25.95,28.28,25.3,28.1,5640787,152101245.0
2026-10-09,sh,603686,福龙马,15.1,14.87,14.94,14.38,14.8,37097264,544165845.0
2026-10-09,sh,603687,大胜达,13.76,13.56,14.0,12.95,13.77,16908889,225536767.0
2026-10-09,sh,603688,石英股份,41.52,41.02,41.2,38.4,40.28,12255254,486175599.0
2026-10-09,sh,603689,皖天然气,7.85,7.85,7.89,7.81,7.85,5188600,40724743.0
2026-10-09,sh,603690,至纯科技,21.5,21.43,21.43,19.96,20.73,18297091,375144160.0
2026-10-09,sh,603693,江苏新能,12.36,12.19,12.23,11.75,12.0,14247503,170565753.0
2026-10-09,sh,603696,安记食品,13.47,13.46,14.25,13.1,14.09,29164811,401726786.0
2026-10-09,sh,603697,有友食品,9.72,9.72,9.95,9.65,9.92,8312719,82077906.0
2026-10-09,sh,603698,航天工程,20.28,20.4,20.5,19.16,19.76,11806350,232321091.0
2026-10-09,sh,603699,纽威股份,42.64,42.69,43.16,40.75,41.67,4646926,193795654.0
2026-10-09,sh,603700,宁水集团,11.63,11.6,11.61,11.06,11.49,4649300,52610377.0
2026-10-09,sh,603701,德宏股份,18.95,19.07,19.54,18.65,19.45,4626082,88246601.0
2026-10-09,sh,603703,盛洋科技,9.71,9.66,9.66,9.03,9.53,11571200,108034330.0
2026-10-09,sh,603706,东方环宇,17.56,17.47,17.71,17.04,17.43,1523300,26402514.0
2026-10-09,sh,603707,健友股份,8.1,8.1,8.23,8.03,8.18,10253917,83750074.0
2026-10-09,sh,603708,家家悦,8.95,8.97,9.31,8.9,9.31,7551176,69124449.0
2026-10-09,sh,603709,中源家居,12.75,12.57,12.63,11.92,12.53,3833158,47325465.0
2026-10-09,sh,603711,香飘飘,12.07,12.08,12.38,11.91,12.3,5205694,63212424.0
2026-10-09,sh,603712,七一二,11.26,11.21,11.31,10.82,11.26,10599300,116964820.0
2026-10-09,sh,603713,密尔克卫,66.93,67.0,69.37,65.91,69.07,2592739,176605893.0
2026-10-09,sh,603716,塞力医疗,16.18,16.1,16.54,15.31,16.47,11164647,177844793.0
2026-10-09,sh,603717,天域生物,6.02,6.0,6.09,5.69,6.06,9067107,53289358.0
2026-10-09,sh,603718,*ST海利,3.08,3.08,3.09,2.99,3.06,5703200,17258841.0
2026-10-09,sh,603719,良品铺子,9.29,9.34,9.52,9.19,9.52,5146526,48162877.0
2026-10-09,sh,603721,中广天择,18.06,18.06,19.44,17.69,19.31,11446100,214020958.0
2026-10-09,sh,603722,阿科力,27.86,28.02,28.04,26.53,27.72,1194900,32552014.0
2026-10-09,sh,603725,天安新材,11.93,11.99,12.13,11.27,11.83,9569472,111319372.0
2026-10-09,sh,603726,朗迪集团,23.22,23.03,23.41,22.16,23.21,3243700,73822183.0
2026-10-09,sh,603727,博迈科,20.25,20.47,21.08,19.85,20.93,13860023,284673203.0
2026-10-09,sh,603728,鸣志电器,48.61,48.23,50.1,46.78,49.55,5834288,282215082.0
2026-10-09,sh,603729,ST龙韵,12.49,12.52,12.69,12.21,12.58,1452300,18052601.0
2026-10-09,sh,603730,岱美股份,9.68,9.68,9.84,9.22,9.66,19684508,187722385.0
2026-10-09,sh,603733,仙鹤股份,17.94,17.97,18.08,17.6,17.78,6132299,109166047.0
2026-10-09,sh,603737,三棵树,22.85,22.69,23.45,22.21,23.21,10801734,246795156.0
2026-10-09,sh,603738,泰晶科技,31.15,31.18,31.18,28.07,29.89,27458105,808829241.0
2026-10-09,sh,603739,蔚蓝生物,13.71,13.58,13.98,13.3,13.84,25554034,349428317.0
2026-10-09,sh,603755,日辰股份,26.13,26.28,26.66,25.56,26.53,1491200,38937395.0
2026-10-09,sh,603757,大元泵业,69.61,69.04,73.94,62.66,72.78,12819565,878390440.0
2026-10-09,sh,603758,秦安股份,10.37,10.41,10.41,9.79,10.31,6978700,70310276.0
2026-10-09,sh,603759,海天股份,8.15,8.19,8.23,7.88,7.96,6469904,51652876.0
2026-10-09,sh,603766,隆鑫通用,14.04,14.0,14.34,13.88,14.03,16714952,237643116.0
2026-10-09,sh,603767,中马传动,14.64,14.63,14.88,14.16,14.7,11543200,167888224.0
2026-10-09,sh,603768,常青股份,12.22,12.25,12.3,11.72,12.01,4350650,51980429.0
2026-10-09,sh,603773,沃格光电,80.7,76.71,79.17,72.76,76.8,24043300,1827105618.0
2026-10-09,sh,603776,永安行,20.48,20.47,20.5,19.82,20.3,1799427,36264247.0
2026-10-09,sh,603777,来伊份,14.03,13.98,14.15,13.19,14.15,9287014,126504154.0
2026-10-09,sh,603778,国晟科技,8.2,8.09,8.39,7.9,8.32,53769344,438107342.0
2026-10-09,sh,603779,威龙股份,8.35,8.29,8.61,7.86,8.58,33577205,276877685.0
2026-10-09,sh,603786,科博达,36.4,36.5,37.68,35.79,37.55,2257616,82970571.0
2026-10-09,sh,603787,新日股份,10.45,10.43,10.53,10.18,10.5,2424700,25118826.0
2026-10-09,sh,603788,宁波高发,15.0,14.5,14.69,13.76,14.16,12880570,182817436.0
2026-10-09,sh,603789,ST星农,6.02,6.01,6.01,5.85,5.96,2991130,17705856.0
2026-10-09,sh,603790,雅运股份,25.3,25.2,25.43,24.15,25.3,3214876,79581321.0
2026-10-09,sh,603797,联泰环保,4.77,4.77,4.85,4.59,4.76,26903700,126769739.0
2026-10-09,sh,603798,康普顿,14.19,14.24,14.47,13.58,14.31,6227690,86769622.0
2026-10-09,sh,603799,华友钴业,35.23,34.8,35.75,34.36,35.6,43813873,1541264163.0
2026-10-09,sh,603800,洪田股份,50.93,50.59,50.91,46.12,48.35,5237678,250690457.0
2026-10-09,sh,603801,志邦家居,6.16,6.21,6.35,6.13,6.33,7615840,47396437.0
2026-10-09,sh,603803,瑞斯康达,10.9,10.7,10.89,9.99,10.58,23126841,241553902.0
2026-10-09,sh,603806,福斯特,14.24,14.24,14.44,13.84,14.35,26548656,375865682.0
2026-10-09,sh,603808,歌力思,8.82,8.82,8.89,8.64,8.86,3550800,31179057.0
2026-10-09,sh,603809,豪能股份,8.34,8.3,8.52,8.25,8.49,9104935,76311933.0
2026-10-09,sh,603810,丰山集团,12.41,12.37,13.65,12.26,12.95,10023076,128959725.0
2026-10-09,sh,603811,诚意药业,6.92,6.92,7.08,6.86,7.07,5679100,39718265.0
2026-10-09,sh,603813,原尚股份,25.87,26.1,26.1,24.19,25.69,680100,17136369.0
2026-10-09,sh,603815,交建股份,5.07,5.08,5.09,4.89,5.02,10770595,53676271.0
2026-10-09,sh,603816,顾家家居,23.29,23.17,23.72,23.12,23.53,4504720,105631704.0
2026-10-09,sh,603817,海峡环保,5.76,5.76,5.84,5.64,5.84,13218100,75768681.0
2026-10-09,sh,603818,曲美家居,4.05,4.11,4.38,4.06,4.29,55240389,233868496.0
2026-10-09,sh,603819,神力股份,15.96,15.96,15.96,14.79,15.75,8101582,124088078.0
2026-10-09,sh,603822,ST嘉澳,68.0,68.0,68.6,66.39,67.58,694200,46765449.0
2026-10-09,sh,603823,百合花,46.59,45.01,45.13,41.93,41.93,20317318,855381191.0
2026-10-09,sh,603825,ST华扬,7.42,7.39,7.42,7.12,7.25,2287900,16500883.0
2026-10-09,sh,603826,坤彩科技,14.99,14.99,15.2,14.52,15.0,10482530,155335095.0
2026-10-09,sh,603828,*ST利达,5.96,6.05,6.05,5.4,5.82,3717332,21171122.0
2026-10-09,sh,603829,洛凯股份,15.38,15.33,15.75,14.81,15.63,3719971,56877683.0
2026-10-09,sh,603833,欧派家居,30.69,30.68,31.18,30.32,31.08,3379800,104239290.0
2026-10-09,sh,603836,海程邦达,9.59,9.59,9.59,9.18,9.47,3860540,36210714.0
2026-10-09,sh,603838,*ST四通,11.77,12.0,12.95,11.9,12.95,4301800,53996269.0
2026-10-09,sh,603839,安正时尚,6.8,6.8,6.86,6.54,6.83,4888800,32823074.0
2026-10-09,sh,603843,*ST正平,5.9,5.85,6.13,5.57,6.01,16797320,97341685.0
2026-10-09,sh,603848,好太太,13.77,13.67,13.7,13.22,13.64,2431545,32777040.0
2026-10-09,sh,603855,华荣股份,16.79,16.79,16.83,16.41,16.73,1976588,32794552.0
2026-10-09,sh,603856,东宏股份,11.84,11.78,11.86,11.54,11.75,2617100,30571813.0
2026-10-09,sh,603858,步长制药,14.6,14.63,14.84,14.61,14.81,5754764,84975720.0
2026-10-09,sh,603859,能科科技,35.72,35.64,37.15,33.34,36.83,7753100,270035548.0
2026-10-09,sh,603860,中公高科,26.37,26.38,26.77,25.0,26.5,1763500,45743278.0
2026-10-09,sh,603861,白云电器,11.0,10.95,11.09,10.63,10.99,5643400,61264918.0
2026-10-09,sh,603863,松炀资源,13.62,12.99,13.93,12.81,13.88,23965700,323844747.0
2026-10-09,sh,603866,桃李面包,4.3,4.3,4.42,4.28,4.4,20649290,89949784.0
2026-10-09,sh,603867,新化股份,34.66,34.75,34.75,32.28,33.9,7976675,266350537.0
2026-10-09,sh,603868,飞科电器,31.79,31.57,32.25,31.21,32.16,1630047,51766291.0
2026-10-09,sh,603869,ST智知,8.4,8.36,8.36,8.1,8.28,708115,5806482.0
2026-10-09,sh,603871,嘉友国际,12.18,12.2,12.36,12.1,12.29,8915315,109371183.0
2026-10-09,sh,603876,鼎胜新材,17.12,17.12,17.95,16.98,17.77,25136618,441609577.0
2026-10-09,sh,603877,太平鸟,12.16,12.15,12.32,11.97,12.32,2921600,35552687.0
2026-10-09,sh,603878,武进不锈,4.88,4.88,4.91,4.72,4.89,9276932,44595399.0
2026-10-09,sh,603879,永悦科技,5.01,5.03,5.03,4.73,4.99,8687793,42497759.0
2026-10-09,sh,603880,南卫股份,8.29,8.32,8.56,7.89,8.56,9590270,80138556.0
2026-10-09,sh,603881,数据港,22.35,22.2,22.73,21.66,22.66,17172009,380643750.0
2026-10-09,sh,603882,金域医学,28.29,28.03,28.97,27.36,28.82,10596561,296438065.0
2026-10-09,sh,603883,老百姓,13.28,13.27,13.54,13.21,13.53,12174619,163273964.0
2026-10-09,sh,603885,吉祥航空,9.67,9.7,9.79,9.62,9.73,10962188,106348677.0
2026-10-09,sh,603886,元祖股份,13.21,13.2,13.28,12.7,13.1,4567100,59055414.0
2026-10-09,sh,603887,城地香江,8.25,8.33,8.36,7.94,8.33,15880943,129447275.0
2026-10-09,sh,603888,新华网,16.92,16.91,17.99,16.86,17.8,24552980,428190331.0
2026-10-09,sh,603889,新澳股份,6.24,6.19,6.38,6.15,6.34,11964529,74920889.0
2026-10-09,sh,603890,春秋电子,14.69,14.6,14.66,13.92,14.57,19371921,276120937.0
2026-10-09,sh,603893,瑞芯微,199.56,198.1,207.28,193.85,202.72,12300315,2471748269.0
2026-10-09,sh,603895,天永智能,25.35,25.43,25.47,24.02,25.29,935600,23165336.0
2026-10-09,sh,603896,寿仙谷,14.68,14.61,14.87,14.55,14.86,1255500,18483791.0
2026-10-09,sh,603897,长城科技,28.3,28.01,28.4,26.16,27.46,7974905,215744095.0
2026-10-09,sh,603898,好莱客,11.55,11.6,11.86,11.4,11.74,3647811,42384948.0
2026-10-09,sh,603899,晨光股份,22.13,22.25,22.53,22.2,22.4,2236745,50133692.0
2026-10-09,sh,603900,莱绅通灵,6.25,6.31,6.52,6.11,6.51,14867900,94337853.0
2026-10-09,sh,603901,永创智能,9.08,9.09,9.24,8.9,9.21,6715955,60909829.0
2026-10-09,sh,603903,中持股份,13.07,13.16,13.28,12.62,13.1,8285240,107498011.0
2026-10-09,sh,603906,龙蟠科技,20.94,21.6,22.8,21.0,21.37,106885121,2342022541.0
2026-10-09,sh,603908,牧高笛,20.12,20.05,20.19,19.0,19.75,2434460,47475489.0
2026-10-09,sh,603909,建发合诚,10.09,10.09,10.25,9.75,10.07,3465237,34601892.0
2026-10-09,sh,603912,佳力图,8.56,8.57,8.57,7.93,8.38,15900356,130871265.0
2026-10-09,sh,603915,国茂股份,12.81,12.81,12.95,12.46,12.88,6362586,80890364.0
2026-10-09,sh,603916,苏博特,10.34,10.41,10.41,9.96,10.3,6534400,66392792.0
2026-10-09,sh,603917,合力科技,13.74,13.7,13.79,12.98,13.6,4974700,66471462.0
2026-10-09,sh,603918,金桥信息,10.19,10.2,10.71,9.96,10.66,12237322,126662415.0
2026-10-09,sh,603919,金徽酒,16.86,16.85,17.6,16.7,17.5,16426195,282163010.0
2026-10-09,sh,603920,世运电路,43.18,42.11,43.24,39.49,40.82,32754223,1342301514.0
2026-10-09,sh,603922,ST金鸿顺,11.47,11.4,11.68,11.0,11.38,1056700,11971645.0
2026-10-09,sh,603926,铁流股份,16.25,16.35,16.67,15.38,16.5,4081459,65400590.0
2026-10-09,sh,603927,中科软,13.49,13.53,14.11,13.34,14.05,12688892,174609982.0
2026-10-09,sh,603928,兴业股份,14.38,15.08,15.38,13.18,13.69,59787286,828324867.0
2026-10-09,sh,603929,亚翔集成,137.8,135.93,136.5,126.01,132.5,3950501,516015381.0
2026-10-09,sh,603931,格林达,31.24,31.15,31.24,28.9,30.4,4691548,140642188.0
2026-10-09,sh,603933,睿能科技,18.12,18.11,18.16,17.28,18.1,2763900,49075735.0
2026-10-09,sh,603936,博敏电子,18.95,18.94,18.94,17.06,17.69,52020875,918140244.0
2026-10-09,sh,603937,丽岛新材,13.16,13.0,13.49,12.75,13.16,15045790,195288625.0
2026-10-09,sh,603938,三孚股份,41.39,40.84,41.1,38.0,40.4,12554259,498515763.0
2026-10-09,sh,603939,益丰药房,23.53,23.59,24.27,23.43,24.05,17516884,421241325.0
2026-10-09,sh,603948,建业股份,20.79,20.43,20.69,20.05,20.62,6374050,130039163.0
2026-10-09,sh,603949,雪龙集团,16.57,15.3,16.07,14.94,15.61,23344060,361890069.0
2026-10-09,sh,603950,长源东谷,50.4,51.13,51.13,47.0,49.26,6049171,293436423.0
2026-10-09,sh,603955,大千生态,24.55,24.51,24.79,24.1,24.49,1534746,37489720.0
2026-10-09,sh,603956,威派格,6.81,6.82,6.99,6.6,6.97,15545955,105232540.0
2026-10-09,sh,603958,哈森股份,17.71,17.71,17.95,16.94,17.79,6570600,114470682.0
2026-10-09,sh,603959,ST百利,4.22,4.25,4.29,4.12,4.27,3999800,16838927.0
2026-10-09,sh,603960,克来机电,16.19,16.02,16.26,15.12,15.99,6113707,95422264.0
2026-10-09,sh,603966,法兰泰克,7.57,7.6,7.7,7.17,7.35,12039942,88743065.0
2026-10-09,sh,603967,中创物流,12.58,12.56,12.84,12.46,12.66,5525660,69650631.0
2026-10-09,sh,603968,醋化股份,12.3,11.99,11.99,11.36,11.86,16614409,194775827.0
2026-10-09,sh,603969,银龙股份,7.16,7.16,7.33,7.05,7.24,10002905,71775454.0
2026-10-09,sh,603970,中农立华,11.68,11.79,11.98,11.65,11.95,6986000,82651764.0
2026-10-09,sh,603976,正川股份,29.25,29.84,29.84,28.02,29.63,3402152,98256575.0
2026-10-09,sh,603977,国泰集团,10.48,10.51,10.64,10.27,10.6,6101862,63727620.0
2026-10-09,sh,603978,深圳新星,26.25,26.78,26.89,24.61,25.19,16996043,432862823.0
2026-10-09,sh,603979,金诚信,72.13,71.24,75.5,71.24,75.05,6702383,495393561.0
2026-10-09,sh,603980,吉华集团,9.0,9.07,9.3,8.8,9.27,55337139,498994401.0
2026-10-09,sh,603982,泉峰汽车,6.74,6.68,6.71,6.4,6.63,18034359,117816219.0
2026-10-09,sh,603983,丸美生物,28.93,28.93,29.42,27.96,29.1,3607305,103215252.0
2026-10-09,sh,603985,恒润股份,16.54,16.3,16.45,15.24,15.98,11163677,175533440.0
2026-10-09,sh,603986,兆易创新,334.4,325.0,329.5,311.42,326.46,33451282,10756244366.0
2026-10-09,sh,603987,康德莱,7.56,7.53,7.68,7.45,7.64,4796600,36338597.0
2026-10-09,sh,603988,中电电机,17.03,17.01,17.15,16.17,17.11,3546901,58883655.0
2026-10-09,sh,603989,艾华集团,26.89,26.55,26.65,24.81,26.37,15974324,410655537.0
2026-10-09,sh,603990,麦迪科技,19.05,19.0,19.64,18.42,19.4,16497531,313334998.0
2026-10-09,sh,603991,领先股份,163.96,164.19,164.8,154.09,163.02,3015603,481681131.0
2026-10-09,sh,603992,松霖科技,19.02,19.02,19.15,18.4,19.04,3638365,68292791.0
2026-10-09,sh,603993,洛阳钼业,16.61,16.61,17.33,16.52,17.22,149703621,2537818596.0
2026-10-09,sh,603995,甬金股份,25.25,25.25,25.42,24.0,25.03,5357000,132323578.0
2026-10-09,sh,603997,继峰股份,13.47,13.4,13.58,13.32,13.4,16557400,222605531.0
2026-10-09,sh,603998,方盛制药,10.31,10.24,10.68,10.22,10.63,15677800,164747223.0
2026-10-09,sh,603999,读者传媒,6.6,6.63,7.0,6.39,6.96,21008240,140773790.0
2026-10-09,sh,605001,威奥股份,5.82,5.82,5.88,5.61,5.85,5895850,33869340.0
2026-10-09,sh,605003,众望布艺,24.21,24.08,24.6,23.35,24.5,1009767,24182560.0
2026-10-09,sh,605005,合兴股份,15.9,15.88,16.04,15.63,15.98,1083200,17201436.0
2026-10-09,sh,605006,山东玻纤,14.23,14.13,14.2,13.11,13.77,25464437,345611599.0
2026-10-09,sh,605007,五洲特纸,15.12,15.12,15.77,14.95,15.35,6475101,99568436.0
2026-10-09,sh,605008,长鸿高科,13.35,13.4,13.8,13.23,13.55,3491080,46998872.0
2026-10-09,sh,605009,豪悦护理,25.13,25.2,25.94,25.13,25.89,2380149,61127351.0
2026-10-09,sh,605011,杭州热电,19.11,19.1,19.31,18.77,18.94,14808815,280493201.0
2026-10-09,sh,605016,百龙创园,20.22,20.14,20.35,19.88,20.28,2669910,53665204.0
2026-10-09,sh,605018,长华集团,11.46,11.35,11.42,10.75,11.36,8215400,91052002.0
2026-10-09,sh,605020,永和股份,29.94,30.03,30.93,29.02,30.7,13417455,405117876.0
2026-10-09,sh,605028,世茂能源,23.43,23.44,23.68,22.6,23.15,1018400,23433779.0
2026-10-09,sh,605033,美邦股份,19.75,19.6,19.82,19.11,19.75,2385600,46524249.0
2026-10-09,sh,605050,福然德,10.21,10.22,10.3,10.01,10.2,2020300,20452048.0
2026-10-09,sh,605055,迎丰股份,8.56,8.56,8.79,8.23,8.61,4219100,35696404.0
2026-10-09,sh,605056,咸亨国际,13.25,13.3,13.31,12.64,13.11,6858500,88631326.0
2026-10-09,sh,605058,澳弘电子,48.5,48.01,53.35,47.12,53.35,21189109,1066564773.0
2026-10-09,sh,605060,联德股份,37.53,38.23,38.23,34.02,35.49,5602100,197844326.0
2026-10-09,sh,605066,天正电气,6.72,6.75,6.92,6.65,6.84,9687900,65685486.0
2026-10-09,sh,605068,明新旭腾,20.2,20.2,20.4,19.32,20.18,3698800,73419965.0
2026-10-09,sh,605069,正和生态,12.69,12.75,13.2,12.21,13.1,21604967,273010686.0
2026-10-09,sh,605077,华康股份,11.7,11.6,11.88,11.42,11.85,8659890,101045547.0
2026-10-09,sh,605080,浙江自然,22.62,22.82,23.81,22.14,22.86,1945226,44230744.0
2026-10-09,sh,605086,龙高股份,23.1,23.0,23.28,22.38,22.99,1443800,32929206.0
2026-10-09,sh,605088,冠盛股份,23.69,23.6,23.6,21.32,22.05,14429002,315517273.0
2026-10-09,sh,605089,味知香,22.43,22.53,22.89,22.24,22.85,1856168,41990398.0
2026-10-09,sh,605090,九丰能源,31.69,31.57,31.8,30.9,31.24,7948739,248619845.0
2026-10-09,sh,605098,行动教育,54.02,54.35,56.26,53.12,56.1,1428673,78142282.0
2026-10-09,sh,605099,共创草坪,27.89,27.88,28.1,26.99,27.24,1750418,47728917.0
2026-10-09,sh,605100,华丰股份,38.4,37.98,42.01,37.24,41.11,13055395,511526927.0
2026-10-09,sh,605108,同庆楼,12.0,12.0,12.3,11.9,12.28,2632620,31826269.0
2026-10-09,sh,605111,新洁能,50.18,50.16,50.62,47.0,49.8,14191176,694206974.0
2026-10-09,sh,605116,奥锐特,19.84,19.84,20.1,19.42,20.02,2758400,54883609.0
2026-10-09,sh,605117,德业股份,76.96,76.4,76.97,74.4,75.68,10289582,775797576.0
2026-10-09,sh,605118,力鼎光电,31.06,30.95,30.95,29.39,30.48,4003500,120801227.0
2026-10-09,sh,605122,四方新材,12.08,12.13,12.13,11.39,11.99,3863000,45449790.0
2026-10-09,sh,605123,派克新材,76.0,76.0,76.36,72.94,74.6,1293400,96059004.0
2026-10-09,sh,605128,上海沿浦,24.78,24.8,24.99,24.17,24.66,4412226,108010002.0
2026-10-09,sh,605133,嵘泰股份,25.17,24.91,26.75,24.89,26.53,12468362,323753957.0
2026-10-09,sh,605136,丽人丽妆,8.58,8.58,9.44,8.55,9.44,17060500,158789251.0
2026-10-09,sh,605138,盛泰集团,6.15,6.12,6.23,6.0,6.18,3197500,19540428.0
2026-10-09,sh,605151,西上海,18.42,18.31,18.5,17.5,18.48,1707500,30853289.0
2026-10-09,sh,605155,西大门,14.7,14.7,14.71,13.81,14.45,2979000,42366061.0
2026-10-09,sh,605158,华达新材,7.66,7.63,7.74,7.38,7.48,4996100,37650916.0
2026-10-09,sh,605162,新中港,10.35,10.15,10.56,9.71,10.45,26568610,266987514.0
2026-10-09,sh,605166,聚合顺,8.39,8.43,8.46,8.15,8.44,4296600,35712869.0
2026-10-09,sh,605167,利柏特,15.33,15.35,15.35,14.6,15.22,4168247,62494689.0
2026-10-09,sh,605168,三人行,47.36,48.0,52.1,46.31,52.1,8638204,432550940.0
2026-10-09,sh,605169,洪通燃气,13.52,13.46,13.6,12.82,13.2,5181085,68197419.0
2026-10-09,sh,605177,东亚药业,25.72,26.9,28.29,25.14,28.29,15182900,402750333.0
2026-10-09,sh,605178,时空科技,62.87,62.87,62.87,58.03,61.9,3166440,190357000.0
2026-10-09,sh,605179,一鸣食品,24.21,24.05,25.8,23.09,25.54,27645021,684554005.0
2026-10-09,sh,605180,华生科技,13.86,13.86,13.96,13.2,13.85,3312001,44763928.0
2026-10-09,sh,605183,确成股份,16.43,16.41,16.65,16.22,16.59,1621456,26682893.0
2026-10-09,sh,605186,健麾信息,24.27,24.27,24.97,23.42,24.77,2012900,48776142.0
2026-10-09,sh,605188,国光连锁,12.58,12.7,13.84,12.4,13.84,23383815,310725690.0
2026-10-09,sh,605189,富春染织,14.14,14.09,14.27,13.66,14.25,6635996,92703677.0
2026-10-09,sh,605196,华通线缆,34.0,33.88,34.2,32.0,33.2,11333700,374057590.0
2026-10-09,sh,605198,安德利,63.6,64.47,65.31,61.47,62.25,3063021,192858092.0
2026-10-09,sh,605199,ST葫芦娃,5.83,5.83,5.87,5.65,5.81,1510800,8684697.0
2026-10-09,sh,605208,永茂泰,14.51,14.67,14.82,14.05,14.77,7458595,107665520.0
2026-10-09,sh,605218,伟时电子,13.48,13.41,13.57,12.69,13.42,5855900,76744370.0
2026-10-09,sh,605222,起帆电缆,21.6,21.45,21.57,20.7,21.43,6186000,130754669.0
2026-10-09,sh,605228,神通科技,11.25,11.25,11.59,11.09,11.53,6662682,75975837.0
2026-10-09,sh,605255,天普股份,56.1,56.29,56.29,52.73,53.9,678700,36655265.0
2026-10-09,sh,605258,协和电子,38.48,38.59,39.36,36.24,38.04,5961400,224468191.0
2026-10-09,sh,605259,绿田机械,17.41,17.41,17.66,17.01,17.6,936986,16262540.0
2026-10-09,sh,605266,健之佳,16.06,16.06,16.23,15.73,16.23,1751092,27992280.0
2026-10-09,sh,605268,王力安防,10.05,10.05,10.29,9.98,10.29,5946400,60249787.0
2026-10-09,sh,605277,新亚电子,16.64,16.51,16.63,15.75,16.28,8816851,141979008.0
2026-10-09,sh,605286,同力天启,25.2,25.2,25.2,23.99,24.7,2487252,60839970.0
2026-10-09,sh,605287,德才股份,36.53,36.78,40.18,35.26,40.18,9252580,349821921.0
2026-10-09,sh,605288,凯迪股份,66.32,65.99,67.46,62.5,65.61,2399136,155045683.0
2026-10-09,sh,605289,罗曼股份,90.36,89.31,90.02,83.69,88.45,2456507,213460943.0
2026-10-09,sh,605296,神农集团,30.22,30.51,31.21,29.34,29.92,3377377,101591545.0
2026-10-09,sh,605298,必得科技,44.97,45.65,45.65,41.2,42.8,1830714,77977630.0
2026-10-09,sh,605299,舒华体育,12.26,12.19,12.48,11.81,12.43,6223700,75654347.0
2026-10-09,sh,605300,佳禾食品,10.5,10.47,10.61,10.37,10.61,5340203,55989798.0
2026-10-09,sh,605303,园林股份,31.53,34.68,34.68,29.08,32.21,26283409,849336393.0
2026-10-09,sh,605305,中际联合,30.56,30.41,30.68,29.78,30.12,2981158,89662568.0
2026-10-09,sh,605318,法狮龙,71.91,72.73,73.0,67.18,69.47,1150603,79814534.0
2026-10-09,sh,605319,无锡振华,22.09,22.04,22.47,21.28,21.38,5094320,110425312.0
2026-10-09,sh,605333,沪光股份,16.49,16.55,16.58,16.15,16.5,2042662,33475456.0
2026-10-09,sh,605336,*ST帅电,11.65,11.51,11.68,11.3,11.6,1088730,12451985.0
2026-10-09,sh,605337,李子园,9.14,9.14,9.32,9.04,9.32,4252009,39115333.0
2026-10-09,sh,605338,巴比食品,18.77,18.8,18.98,18.67,18.98,2917900,54967863.0
2026-10-09,sh,605339,南侨食品,13.36,13.41,13.5,13.12,13.48,1284593,17082342.0
2026-10-09,sh,605358,立昂微,42.67,41.61,42.46,38.69,40.64,39581319,1596469765.0
2026-10-09,sh,605365,立达信,14.17,14.14,14.59,13.8,14.53,6191929,87880048.0
2026-10-09,sh,605366,宏柏新材,11.04,11.0,11.58,9.94,9.94,94722388,1033147537.0
2026-10-09,sh,605368,蓝天燃气,6.84,6.84,6.87,6.79,6.84,3480800,23779249.0
2026-10-09,sh,605369,拱东医疗,17.73,17.73,17.81,17.06,17.66,1781520,30964845.0
2026-10-09,sh,605376,博迁新材,109.82,107.0,109.74,99.03,104.68,15041220,1556459548.0
2026-10-09,sh,605377,华旺科技,8.08,8.09,8.12,7.9,8.05,3509200,28102126.0
2026-10-09,sh,605378,野马电池,17.27,18.45,18.99,17.62,18.08,28501455,520790925.0
2026-10-09,sh,605388,均瑶健康,6.93,6.56,7.15,6.56,6.91,65297867,446183181.0
2026-10-09,sh,605389,长龄液压,59.4,58.81,59.24,54.06,56.15,1826760,102347754.0
2026-10-09,sh,605398,新炬网络,22.87,22.35,23.55,21.6,23.4,7382386,166284105.0
2026-10-09,sh,605399,晨光新材,11.87,11.83,13.06,11.8,13.06,6071145,77810099.0
2026-10-09,sh,605488,福莱新材,28.26,28.08,28.14,26.13,27.89,9002887,244518147.0
2026-10-09,sh,605499,东鹏饮料,113.04,113.2,115.94,112.64,114.11,3978731,454280378.0
2026-10-09,sh,605500,森林包装,7.53,7.47,7.55,7.27,7.54,4592600,34059095.0
2026-10-09,sh,605507,国邦医药,17.5,17.5,17.89,17.31,17.31,9039075,158687302.0
2026-10-09,sh,605555,德昌股份,12.09,12.18,12.33,11.45,11.93,7586939,89671188.0
2026-10-09,sh,605566,福莱蒽特,34.12,34.12,34.8,31.81,33.47,5910500,195641075.0
2026-10-09,sh,605567,春雪食品,9.73,9.74,9.84,9.36,9.68,5170300,49286852.0
2026-10-09,sh,605577,龙版传媒,14.73,15.02,16.2,14.45,16.2,38743117,590208806.0
2026-10-09,sh,605580,恒盛能源,20.2,20.2,20.7,19.22,20.28,8006600,159552754.0
2026-10-09,sh,605588,冠石科技,42.35,42.52,42.68,39.69,41.46,1442400,59286857.0
2026-10-09,sh,605589,圣泉集团,35.8,35.36,35.65,32.6,34.01,35899905,1214158921.0
2026-10-09,sh,605598,上海港湾,23.86,23.86,23.94,22.58,23.48,2884500,66887449.0
2026-10-09,sh,605599,菜百股份,13.4,13.47,14.39,13.47,14.35,10005180,140167466.0
2026-10-09,sh,688001,华兴源创,56.72,56.49,56.7,51.08,55.2,12388324,670514682.0
2026-10-09,sh,688002,睿创微纳,171.82,171.5,172.0,164.68,170.72,9234133,1555872865.0
2026-10-09,sh,688003,天准科技,69.27,70.05,70.06,62.67,66.22,4268962,280046051.0
2026-10-09,sh,688004,博汇科技,29.3,28.95,31.58,27.41,31.04,8844228,259265020.0
2026-10-09,sh,688005,容百科技,24.38,24.37,25.24,23.91,24.55,23126952,568281684.0
2026-10-09,sh,688006,杭可科技,20.38,20.38,21.2,19.7,20.62,17033875,350477553.0
2026-10-09,sh,688007,光峰科技,10.15,10.08,10.28,9.71,10.22,9192911,91467426.0
2026-10-09,sh,688008,澜起科技,197.01,191.99,199.3,188.57,197.6,34991976,6792373340.0
2026-10-09,sh,688009,中国通号,4.71,4.71,4.75,4.69,4.73,27757307,131101177.0
2026-10-09,sh,688010,福光股份,25.63,25.58,25.58,23.4,24.73,4976304,121571144.0
2026-10-09,sh,688011,新光光电,58.24,58.61,61.5,56.0,60.97,2660187,156819034.0
2026-10-09,sh,688012,中微公司,313.24,312.63,313.18,293.92,311.0,18587589,5634388327.0
2026-10-09,sh,688013,天臣医疗,24.34,24.46,24.47,22.78,24.0,1407603,33169801.0
2026-10-09,sh,688015,交控科技,16.55,16.53,16.91,16.31,16.84,2116024,35082565.0
2026-10-09,sh,688016,心脉医疗,83.56,83.94,85.25,83.39,84.9,1183963,99989912.0
2026-10-09,sh,688017,绿的谐波,255.88,255.0,266.0,244.67,263.76,5683809,1445620570.0
2026-10-09,sh,688018,乐鑫科技,117.65,116.68,121.68,113.87,116.9,6644787,779351391.0
2026-10-09,sh,688019,安集科技,204.21,202.17,203.3,192.16,201.4,6070561,1201932654.0
2026-10-09,sh,688020,方邦股份,126.06,124.8,124.8,107.5,117.78,4767059,550471497.0
2026-10-09,sh,688021,奥福科技,19.87,20.0,20.1,18.46,19.57,1562625,30173145.0
2026-10-09,sh,688022,ST瀚川,9.81,9.97,10.48,9.8,10.47,11132406,113532297.0
2026-10-09,sh,688023,安恒信息,44.48,44.02,49.42,43.29,48.81,6600834,306645534.0
2026-10-09,sh,688025,杰普特,389.42,388.0,398.16,368.58,394.32,3429501,1321031533.0
2026-10-09,sh,688026,洁特生物,29.25,28.96,28.96,25.0,27.95,18012220,482702877.0
2026-10-09,sh,688027,国盾量子,314.96,313.0,321.5,302.39,318.07,1726435,538658958.0
2026-10-09,sh,688028,沃尔德,100.48,99.31,100.0,91.95,98.8,8799374,847763491.0
2026-10-09,sh,688029,南微医学,80.9,80.9,83.98,80.0,83.3,2209035,181161868.0
2026-10-09,sh,688030,山石网科,19.44,19.3,20.18,18.24,19.92,6919491,132464913.0
2026-10-09,sh,688031,星环科技,86.26,85.95,85.95,79.06,84.82,6781014,562401780.0
2026-10-09,sh,688032,禾迈股份,67.35,66.66,68.98,66.66,68.11,831716,56617183.0
2026-10-09,sh,688033,*ST天宜,7.24,7.2,7.38,7.16,7.32,2566752,18704790.0
2026-10-09,sh,688035,德邦科技,66.4,66.0,66.5,59.18,63.47,6343947,397847429.0
2026-10-09,sh,688036,传音控股,46.1,46.0,49.49,45.51,48.95,19022495,909929322.0
2026-10-09,sh,688037,芯源微,311.63,311.63,311.63,283.57,307.54,5159770,1535359083.0
2026-10-09,sh,688038,中科通达,18.48,18.47,18.59,17.2,18.48,2290633,41078417.0
2026-10-09,sh,688039,当虹科技,32.54,32.29,34.11,30.23,33.81,4194258,134356288.0
2026-10-09,sh,688041,海光信息,220.53,217.78,221.48,209.66,219.59,18827092,4054300016.0
2026-10-09,sh,688045,必易微,53.35,53.9,53.9,49.3,52.01,2613488,134029594.0
2026-10-09,sh,688046,药康生物,35.5,35.23,35.5,32.9,34.63,8833429,300011758.0
2026-10-09,sh,688047,龙芯中科,95.2,94.4,96.06,91.38,95.83,3795934,355560311.0
2026-10-09,sh,688048,长光华芯,231.76,223.0,230.5,212.72,219.2,16243328,3588895576.0
2026-10-09,sh,688049,炬芯科技,42.45,42.01,45.25,41.32,42.9,13936265,601114507.0
2026-10-09,sh,688050,爱博医疗,37.79,37.89,39.35,37.61,39.16,3401761,131685455.0
2026-10-09,sh,688051,佳华科技,24.5,24.68,25.62,23.1,25.18,2883822,70065308.0
2026-10-09,sh,688052,纳芯微,209.77,209.91,210.49,199.03,206.77,3127025,638142313.0
2026-10-09,sh,688053,ST思科瑞,38.55,38.48,38.48,36.58,38.05,801590,29980697.0
2026-10-09,sh,688055,龙腾光电,3.51,3.51,3.53,3.38,3.5,9134310,31593408.0
2026-10-09,sh,688056,莱伯泰科,45.28,44.52,48.02,43.87,47.17,3433620,157996115.0
2026-10-09,sh,688057,金达莱,17.93,17.89,18.12,16.92,17.7,4037854,70619038.0
2026-10-09,sh,688058,宝兰德,25.25,25.35,25.84,23.78,25.77,1053049,26172167.0
2026-10-09,sh,688059,华锐精密,80.2,80.0,80.2,72.2,77.28,4131485,311838325.0
2026-10-09,sh,688060,云涌科技,35.68,35.92,36.37,34.11,36.15,567990,19952643.0
2026-10-09,sh,688061,灿瑞科技,40.13,40.4,40.4,37.22,39.32,1713482,66381214.0
2026-10-09,sh,688062,迈威生物,24.33,24.4,24.98,23.5,24.78,8128712,196172264.0
2026-10-09,sh,688063,派能科技,41.2,41.0,42.66,40.88,42.11,9272266,389016014.0
2026-10-09,sh,688065,凯赛生物,37.72,37.78,38.6,37.58,38.46,3900128,148909910.0
2026-10-09,sh,688066,*ST航图,9.17,9.17,9.35,8.98,9.19,10492666,95798717.0
2026-10-09,sh,688067,爱威科技,24.2,24.24,24.24,23.04,24.07,1242538,29434559.0
2026-10-09,sh,688068,热景生物,85.48,85.0,85.54,80.0,84.54,3168323,262127531.0
2026-10-09,sh,688069,德林海,34.07,34.06,34.2,32.23,34.0,2534818,84404827.0
2026-10-09,sh,688070,纵横股份,33.52,33.5,34.01,32.33,33.96,1831556,60717067.0
2026-10-09,sh,688071,华依科技,33.71,33.59,35.68,33.16,35.35,3332655,114839040.0
2026-10-09,sh,688072,拓荆科技,616.07,607.0,624.93,580.01,616.25,5273258,3171910174.0
2026-10-09,sh,688073,毕得医药,70.8,71.5,71.96,66.28,70.5,4494303,308875561.0
2026-10-09,sh,688075,安旭生物,30.64,30.6,30.97,30.03,30.89,928202,28264104.0
2026-10-09,sh,688076,ST诺泰,28.93,29.03,29.1,28.7,29.01,1635843,47289602.0
2026-10-09,sh,688077,大地熊,26.9,26.89,27.04,25.66,26.71,2938420,77562173.0
2026-10-09,sh,688078,龙软科技,30.32,30.11,30.4,28.61,29.88,1562712,45995577.0
2026-10-09,sh,688079,美迪凯,14.54,14.37,14.41,12.9,14.04,21811661,299444814.0
2026-10-09,sh,688080,映翰通,35.83,35.83,35.98,34.04,35.9,1078162,37909727.0
2026-10-09,sh,688081,兴图新科,24.69,24.16,24.67,22.67,23.95,1641873,38574809.0
2026-10-09,sh,688082,盛美上海,273.22,273.11,273.11,256.2,265.96,5332260,1409406112.0
2026-10-09,sh,688083,中望软件,47.78,47.69,51.11,47.36,50.9,2462113,121052293.0
2026-10-09,sh,688084,晶品特装,40.22,40.21,40.41,37.98,39.7,1437209,56158629.0
2026-10-09,sh,688085,三友医疗,12.99,13.03,13.29,12.77,13.26,2922547,37949052.0
2026-10-09,sh,688087,英科再生,31.45,31.27,31.59,30.61,31.29,1742246,54205047.0
2026-10-09,sh,688088,虹软科技,27.4,27.58,28.7,27.29,28.61,5809359,162405626.0
2026-10-09,sh,688089,ST嘉必优,8.33,8.35,8.45,8.21,8.44,1089763,9049568.0
2026-10-09,sh,688090,瑞松科技,67.13,66.35,67.8,62.0,66.72,8306991,544947082.0
2026-10-09,sh,688091,上海谊众,36.58,36.5,37.07,35.3,36.8,2814655,101650547.0
2026-10-09,sh,688092,爱科科技,22.13,22.03,22.03,20.6,22.02,1087270,23146886.0
2026-10-09,sh,688093,世华科技,21.2,21.2,21.33,20.34,20.88,1789093,37147119.0
2026-10-09,sh,688095,福昕软件,52.3,52.39,56.36,51.2,56.36,3309760,178061716.0
2026-10-09,sh,688096,京源环保,8.03,7.98,8.16,7.41,8.06,12987285,101185196.0
2026-10-09,sh,688097,博众精工,39.6,39.39,39.39,37.44,38.77,5732719,219951194.0
2026-10-09,sh,688098,申联生物,8.41,8.36,8.49,8.08,8.32,3662366,30125583.0
2026-10-09,sh,688099,晶晨股份,94.57,100.0,103.78,97.89,99.71,39047254,3913551804.0
2026-10-09,sh,688100,威胜信息,24.26,24.26,25.6,23.82,25.25,3678723,90786299.0
2026-10-09,sh,688101,三达膜,14.27,14.33,14.33,13.84,14.29,2349613,33104197.0
2026-10-09,sh,688102,斯瑞新材,28.43,28.34,28.34,25.9,27.17,14933763,400568508.0
2026-10-09,sh,688103,国力电子,70.52,70.9,70.92,63.74,68.11,3209344,214734853.0
2026-10-09,sh,688105,诺唯赞,26.2,25.84,26.81,24.5,26.6,18536245,472393039.0
2026-10-09,sh,688106,金宏气体,24.2,24.19,24.19,23.0,23.9,12586110,297044146.0
2026-10-09,sh,688107,安路科技,26.54,26.5,26.68,25.12,26.34,6264236,162734719.0
2026-10-09,sh,688108,赛诺医疗,15.44,15.48,16.0,15.01,15.94,11495098,178258209.0
2026-10-09,sh,688109,品茗科技,64.21,64.43,66.28,59.01,62.67,1002090,61646615.0
2026-10-09,sh,688110,东芯股份,105.73,104.79,105.75,99.0,104.38,14113093,1445116729.0
2026-10-09,sh,688111,金山办公,218.99,218.67,229.79,216.01,228.95,5912407,1320274877.0
2026-10-09,sh,688112,鼎阳科技,91.68,91.24,91.65,84.0,87.36,6554584,573462032.0
2026-10-09,sh,688113,联测科技,36.47,36.56,36.6,34.91,36.42,753004,26935613.0
2026-10-09,sh,688114,华大智造,66.56,66.56,68.8,63.05,67.95,11712738,767256266.0
2026-10-09,sh,688115,思林杰,60.26,62.8,62.8,53.24,57.23,2488686,140511532.0
2026-10-09,sh,688116,天奈科技,33.95,33.66,35.0,33.44,34.4,12056132,412681624.0
2026-10-09,sh,688117,圣诺生物,17.98,17.9,18.16,17.36,18.03,8173944,144930687.0
2026-10-09,sh,688118,普元信息,19.44,19.45,19.91,18.5,19.89,2379105,45661377.0
2026-10-09,sh,688119,中钢洛耐,3.73,3.78,3.79,3.61,3.79,11491385,42591207.0
2026-10-09,sh,688120,华海清科,222.3,220.0,227.64,213.01,225.37,10479356,2301878560.0
2026-10-09,sh,688121,*ST卓然,1.08,1.02,1.03,0.95,1.01,13811903,13725434.0
2026-10-09,sh,688122,西部超导,52.22,52.1,54.85,51.86,54.78,19080292,1024937354.0
2026-10-09,sh,688123,聚辰股份,150.53,148.91,149.35,138.0,147.35,8627390,1252144603.0
2026-10-09,sh,688125,安达智能,106.82,108.08,108.08,99.0,105.63,1336443,137312923.0
2026-10-09,sh,688126,沪硅产业,21.57,21.28,21.55,20.42,21.37,53694670,1128237679.0
2026-10-09,sh,688127,蓝特光学,57.93,57.65,57.88,53.41,55.48,8430671,464825828.0
2026-10-09,sh,688128,中国电研,21.91,21.9,22.17,21.18,21.66,2299619,49620196.0
2026-10-09,sh,688129,东来技术,22.37,22.42,22.49,21.58,22.39,989464,21821085.0
2026-10-09,sh,688130,晶华微,24.54,24.62,24.62,22.41,23.66,2198523,51527021.0
2026-10-09,sh,688131,皓元医药,94.15,94.53,95.68,89.0,93.16,5828186,533438952.0
2026-10-09,sh,688132,邦彦技术,15.76,15.74,15.85,15.0,15.72,2090046,32348105.0
2026-10-09,sh,688133,泰坦科技,20.64,20.68,21.17,19.92,21.15,5982930,122332533.0
2026-10-09,sh,688135,利扬芯片,35.31,35.45,35.45,32.34,34.93,11416947,388294297.0
2026-10-09,sh,688136,科兴制药,23.36,23.03,23.35,22.31,23.24,7464249,170262907.0
2026-10-09,sh,688137,近岸蛋白,150.0,148.0,161.95,138.69,161.18,8794232,1335902706.0
2026-10-09,sh,688138,清溢光电,33.87,33.43,33.63,30.6,32.31,7852133,253009869.0
2026-10-09,sh,688139,海尔生物,34.75,34.72,35.3,33.61,35.13,5679797,196283104.0
2026-10-09,sh,688141,杰华特,90.39,88.86,88.86,82.68,86.66,18235324,1560780917.0
2026-10-09,sh,688143,长盈通,160.29,156.0,167.66,154.2,163.03,10742081,1744634943.0
2026-10-09,sh,688146,中船特气,183.21,180.21,182.54,170.51,177.8,10544895,1856001128.0
2026-10-09,sh,688147,微导纳米,89.25,89.43,89.98,82.59,89.01,10534405,913912885.0
2026-10-09,sh,688148,芳源股份,6.06,6.12,6.28,5.96,6.21,28294740,173874702.0
2026-10-09,sh,688150,莱特光电,36.94,36.76,36.88,32.5,35.15,8403109,289688016.0
2026-10-09,sh,688151,华强科技,16.45,16.45,16.54,15.74,16.24,2716988,43682469.0
2026-10-09,sh,688152,麒麟信安,38.21,38.0,45.85,37.45,45.85,11454742,482931983.0
2026-10-09,sh,688153,唯捷创芯,24.33,24.36,24.69,23.2,24.07,4641697,110907562.0
2026-10-09,sh,688155,先惠技术,56.96,56.8,58.4,55.33,56.25,5050072,286916514.0
2026-10-09,sh,688156,路德科技,24.36,24.12,24.56,21.1,22.8,8390177,191283328.0
2026-10-09,sh,688157,松井股份,18.48,18.53,18.71,17.48,18.09,2554712,46056465.0
2026-10-09,sh,688158,优刻得,27.23,27.03,27.48,25.77,27.37,13994183,373211008.0
2026-10-09,sh,688159,有方科技,34.67,34.2,35.28,32.28,35.15,4535179,152660711.0
2026-10-09,sh,688160,步科股份,87.61,87.01,89.7,83.5,88.92,1247599,107645963.0
2026-10-09,sh,688161,威高骨科,22.3,22.26,23.08,21.93,22.94,1929185,43346950.0
2026-10-09,sh,688162,巨一科技,24.95,25.03,25.05,23.69,24.56,1267127,30704904.0
2026-10-09,sh,688163,赛伦生物,35.3,35.0,35.3,33.2,34.87,1525517,52561189.0
2026-10-09,sh,688165,埃夫特,14.32,14.11,14.55,13.86,14.36,5864149,83332386.0
2026-10-09,sh,688166,博瑞医药,33.43,33.38,33.79,32.0,33.53,8246941,272920877.0
2026-10-09,sh,688167,炬光科技,244.88,240.0,252.43,230.02,238.0,6703437,1619894231.0
2026-10-09,sh,688168,安博通,39.44,39.0,39.83,35.3,39.56,6506833,244778740.0
2026-10-09,sh,688169,石头科技,107.15,107.28,108.79,105.83,108.14,5266882,564085510.0
2026-10-09,sh,688170,德龙激光,59.19,58.5,58.99,53.12,56.0,5440071,304571120.0
2026-10-09,sh,688171,纬德信息,24.14,24.32,26.24,23.37,25.9,4819904,120197494.0
2026-10-09,sh,688172,燕东微,40.35,39.98,40.22,37.1,39.55,14623196,566338049.0
2026-10-09,sh,688173,希荻微,12.32,12.32,12.45,11.56,12.13,11530964,138271469.0
2026-10-09,sh,688175,高凌信息,30.94,30.11,30.8,28.64,30.66,7678952,229144412.0
2026-10-09,sh,688176,亚虹医药,12.94,13.08,13.7,12.61,13.47,20117877,264225708.0
2026-10-09,sh,688177,百奥泰,19.23,19.06,19.84,18.46,19.3,5585575,106443240.0
2026-10-09,sh,688178,万德斯,28.35,28.5,29.02,27.0,28.81,1361826,38165059.0
2026-10-09,sh,688179,阿拉丁,20.13,20.1,20.44,18.5,20.1,24788755,484539440.0
2026-10-09,sh,688180,君实生物,33.42,33.38,34.03,32.8,33.83,12915460,431301028.0
2026-10-09,sh,688181,八亿时空,39.7,40.0,40.47,36.9,38.61,7653080,295008880.0
2026-10-09,sh,688182,灿勤科技,25.6,25.35,25.42,23.76,24.74,5154608,126635861.0
2026-10-09,sh,688183,生益电子,105.22,103.12,103.69,95.16,101.2,16630887,1648550222.0
2026-10-09,sh,688184,ST帕瓦,10.9,10.93,10.97,10.56,10.87,674736,7268597.0
2026-10-09,sh,688185,康希诺,99.56,101.0,101.0,90.5,98.46,16111353,1532559355.0
2026-10-09,sh,688186,广大特材,14.16,14.09,14.31,13.87,14.23,3674344,51838288.0
2026-10-09,sh,688187,时代电气,44.17,44.3,46.39,44.01,46.05,5464923,248391375.0
2026-10-09,sh,688188,柏楚电子,94.6,94.05,96.36,92.75,95.32,2385594,225142721.0
2026-10-09,sh,688189,ST南新,6.38,6.4,6.43,6.29,6.41,2670415,16979847.0
2026-10-09,sh,688190,云路股份,65.16,64.71,66.54,62.7,66.17,1073752,69161914.0
2026-10-09,sh,688191,智洋创新,18.42,18.42,18.44,17.15,18.15,5330258,94491505.0
2026-10-09,sh,688192,迪哲医药,58.3,57.32,61.5,56.21,59.95,7897133,466470655.0
2026-10-09,sh,688193,仁度生物,51.92,51.87,52.24,49.8,51.5,680148,34537208.0
2026-10-09,sh,688195,腾景科技,158.7,157.12,165.96,153.21,158.02,8929905,1422066732.0
2026-10-09,sh,688196,卓越新能,36.12,36.88,37.86,35.22,36.63,8247060,300222043.0
2026-10-09,sh,688197,首药控股,34.75,35.03,35.85,32.8,35.51,2700647,92603465.0
2026-10-09,sh,688198,佰仁医疗,67.6,67.6,70.31,67.1,69.83,488830,33712075.0
2026-10-09,sh,688199,久日新材,25.41,25.23,26.7,24.68,26.03,7793842,200575515.0
2026-10-09,sh,688200,华峰测控,367.09,365.26,369.16,333.22,351.05,5247451,1819681654.0
2026-10-09,sh,688201,ST信安,7.55,7.59,7.69,7.38,7.67,2914775,21993326.0
2026-10-09,sh,688202,美迪西,105.83,105.83,105.83,98.81,104.0,6125282,627376431.0
2026-10-09,sh,688203,海正生材,18.45,18.7,19.47,17.77,19.22,18343776,343744030.0
2026-10-09,sh,688205,德科立,183.53,179.34,191.5,177.88,183.61,10937337,2009649046.0
2026-10-09,sh,688206,概伦电子,33.07,32.89,34.18,31.05,33.74,7580460,247525284.0
2026-10-09,sh,688207,格灵深瞳,18.08,17.89,18.52,16.81,18.4,10515123,186405261.0
2026-10-09,sh,688208,道通科技,23.85,24.08,24.5,23.48,24.4,7342757,176397484.0
2026-10-09,sh,688209,英集芯,29.06,29.1,29.23,26.9,28.8,19426603,545286817.0
2026-10-09,sh,688210,统联精密,25.41,25.51,26.0,24.0,25.29,3642141,90839336.0
2026-10-09,sh,688211,中科微至,31.0,30.89,31.27,29.57,31.18,1162241,35412852.0
2026-10-09,sh,688212,澳华内镜,26.89,26.61,27.28,26.01,27.08,2531136,67042376.0
2026-10-09,sh,688213,思特威,95.16,94.21,98.48,94.1,97.05,6206931,600204071.0
2026-10-09,sh,688215,瑞晟智能,41.14,42.2,42.2,39.02,41.17,1453733,58656123.0
2026-10-09,sh,688216,气派科技,35.95,35.43,36.2,33.24,35.85,6870728,239609632.0
2026-10-09,sh,688217,睿昂基因,25.24,25.01,25.47,23.32,24.83,1519437,37164247.0
2026-10-09,sh,688218,江苏北人,41.0,40.78,40.9,37.0,39.56,4337966,168161468.0
2026-10-09,sh,688219,会通股份,10.15,10.13,10.3,10.04,10.22,4745021,48268544.0
2026-10-09,sh,688220,翱捷科技,84.71,86.0,88.58,80.84,83.59,8263940,693638936.0
2026-10-09,sh,688221,前沿生物,15.85,15.84,15.9,14.84,15.85,14372744,219774452.0
2026-10-09,sh,688222,成都先导,41.92,41.74,42.44,39.22,41.45,21803508,884060418.0
2026-10-09,sh,688223,晶科能源,3.79,3.78,3.9,3.74,3.89,86141438,329719946.0
2026-10-09,sh,688225,亚信安全,14.9,14.9,16.64,14.54,16.51,16296363,255640385.0
2026-10-09,sh,688226,威腾电气,29.17,29.57,29.8,26.91,28.42,7572166,211732887.0
2026-10-09,sh,688227,品高股份,67.38,67.38,67.54,61.49,66.2,3676661,237548701.0
2026-10-09,sh,688228,开普云,85.9,87.0,87.4,82.28,85.98,1742191,148156377.0
2026-10-09,sh,688229,博睿数据,57.24,57.74,59.3,54.42,58.97,846967,48090677.0
2026-10-09,sh,688230,芯导科技,54.99,54.55,55.8,51.58,54.75,1481635,79864221.0
2026-10-09,sh,688231,隆达股份,30.24,30.31,30.31,27.82,29.0,5790363,166220244.0
2026-10-09,sh,688232,新点软件,17.58,17.54,18.11,17.35,18.0,3112892,55244853.0
2026-10-09,sh,688233,神工股份,83.33,81.92,81.92,74.05,80.3,8612933,671908635.0
2026-10-09,sh,688234,天岳先进,102.5,99.0,100.99,93.08,97.54,10670241,1032553201.0
2026-10-09,sh,688235,百济神州,250.56,248.94,251.43,241.43,249.42,2694311,664038658.0
2026-10-09,sh,688236,春立医疗,14.05,14.09,14.28,13.74,14.21,1677778,23392753.0
2026-10-09,sh,688237,超卓航科,58.88,58.9,58.9,55.25,57.89,1813078,103036249.0
2026-10-09,sh,688238,和元生物,8.26,8.27,8.63,7.78,8.58,50818552,415021595.0
2026-10-09,sh,688239,航宇科技,51.53,51.02,51.28,47.61,48.91,7344642,358671902.0
2026-10-09,sh,688244,永信至诚,20.65,20.04,24.33,18.66,24.0,23637056,496980442.0
2026-10-09,sh,688246,嘉和美康,18.29,18.36,18.71,16.78,18.59,6742906,119181483.0
2026-10-09,sh,688247,宣泰医药,9.62,9.57,9.99,9.28,9.97,8031216,77429627.0
2026-10-09,sh,688248,南网科技,48.13,47.75,52.3,46.96,52.0,5079922,252832734.0
2026-10-09,sh,688249,晶合集成,30.01,29.74,30.17,28.3,29.96,24590033,720472359.0
2026-10-09,sh,688251,井松智能,18.0,18.0,18.29,16.8,18.29,3202790,56432573.0
2026-10-09,sh,688252,天德钰,19.56,19.65,19.65,18.55,19.41,5597283,106969865.0
2026-10-09,sh,688253,英诺特,52.35,52.44,54.77,50.36,53.8,1609638,84198530.0
2026-10-09,sh,688255,凯尔达,24.93,25.1,25.33,23.76,25.21,2654028,65279678.0
2026-10-09,sh,688256,寒武纪,981.0,979.1,998.5,916.2,985.99,11367966,10864375371.0
2026-10-09,sh,688257,新锐股份,50.5,51.34,51.34,46.24,48.3,12890239,619483649.0
2026-10-09,sh,688258,卓易信息,78.82,78.9,80.11,74.5,79.6,3365727,259927103.0
2026-10-09,sh,688259,创耀科技,30.9,30.99,31.03,29.05,30.09,1728499,51826166.0
2026-10-09,sh,688260,昀冢科技,96.51,94.88,95.35,84.58,92.02,6752153,602585947.0
2026-10-09,sh,688261,东微半导,68.38,67.91,68.77,63.8,67.06,4054819,268441305.0
2026-10-09,sh,688262,国芯科技,25.37,25.36,25.6,23.85,25.22,9995746,247534263.0
2026-10-09,sh,688265,南模生物,61.11,62.04,62.85,56.8,60.93,4838684,286868728.0
2026-10-09,sh,688266,泽璟制药,103.29,103.49,105.77,99.71,104.25,3371337,343418535.0
2026-10-09,sh,688267,中触媒,21.0,20.92,21.5,20.72,21.21,1830796,38583325.0
2026-10-09,sh,688268,华特气体,116.7,116.0,116.02,109.11,113.79,3878418,437072383.0
2026-10-09,sh,688269,凯立新材,25.12,25.0,25.33,24.45,25.23,1409626,35118738.0
2026-10-09,sh,688270,ST臻镭,52.92,52.89,52.89,50.02,51.5,5468678,279542275.0
2026-10-09,sh,688271,联影医疗,106.42,106.33,108.28,105.0,107.78,5168508,553547249.0
2026-10-09,sh,688272,富吉瑞,27.85,27.99,28.49,26.22,28.16,1555390,42807741.0
2026-10-09,sh,688273,麦澜德,28.29,28.49,28.49,26.66,27.85,1363363,37525756.0
2026-10-09,sh,688275,万润新能,69.98,69.66,71.65,67.6,70.51,5314140,371568488.0
2026-10-09,sh,688276,百克生物,17.33,17.42,17.85,16.86,17.79,3926588,68061208.0
2026-10-09,sh,688277,天智航,14.86,14.85,14.9,14.17,14.85,5264635,76376965.0
2026-10-09,sh,688278,特宝生物,50.8,50.46,51.12,50.11,50.77,2083595,105766814.0
2026-10-09,sh,688279,峰岹科技,189.67,188.86,188.87,178.38,184.03,1973090,363319947.0
2026-10-09,sh,688280,精进电动,4.83,4.84,4.9,4.62,4.85,11853060,56432126.0
2026-10-09,sh,688281,华秦科技,48.2,48.0,48.73,46.08,47.73,2970404,140965519.0
2026-10-09,sh,688282,理工导航,49.67,49.67,50.58,47.58,50.29,738285,36206939.0
2026-10-09,sh,688283,坤恒顺维,26.95,27.04,27.06,24.82,26.25,2840975,73185009.0
2026-10-09,sh,688285,高铁电气,7.6,7.6,7.69,7.38,7.69,2735235,20607473.0
2026-10-09,sh,688286,敏芯股份,47.86,47.0,49.25,44.44,47.19,4425511,207356568.0
2026-10-09,sh,688288,鸿泉技术,19.5,19.63,19.93,18.75,19.87,1882875,36316252.0
2026-10-09,sh,688289,圣湘生物,16.49,16.62,17.1,16.22,17.02,6950798,116194430.0
2026-10-09,sh,688290,景业智能,54.28,54.44,54.44,51.22,54.1,716614,38013923.0
2026-10-09,sh,688291,金橙子,37.12,37.01,37.4,34.73,37.1,1696732,60922822.0
2026-10-09,sh,688292,浩瀚深度,20.71,20.95,21.27,19.0,21.23,6598329,133073980.0
2026-10-09,sh,688293,奥浦迈,72.56,72.0,74.29,68.19,71.5,6283301,442276363.0
2026-10-09,sh,688295,中复神鹰,34.76,34.56,35.15,33.75,35.0,3379213,116581140.0
2026-10-09,sh,688296,和达科技,24.6,23.49,24.84,22.9,24.39,4264871,101561550.0
2026-10-09,sh,688297,中无人机,41.57,41.8,41.93,39.6,39.93,7223918,290781003.0
2026-10-09,sh,688298,东方生物,19.12,19.08,19.52,18.73,19.5,2451950,46912962.0
2026-10-09,sh,688299,长阳科技,12.8,12.81,12.85,12.02,12.54,6376066,79135562.0
2026-10-09,sh,688300,联瑞新材,139.36,137.0,138.98,128.37,136.49,8899524,1192967925.0
2026-10-09,sh,688301,奕瑞科技,80.41,79.98,80.6,77.79,79.99,5470888,433438403.0
2026-10-09,sh,688302,海创药业,31.57,31.6,32.2,30.55,32.09,1313587,41170439.0
2026-10-09,sh,688303,大全能源,15.73,15.79,16.32,15.73,16.27,12070600,193955844.0
2026-10-09,sh,688305,科德数控,53.0,53.14,53.71,51.51,53.59,1540766,81023157.0
2026-10-09,sh,688306,均普智能,9.52,9.49,9.56,9.0,9.29,13853983,128128348.0
2026-10-09,sh,688307,中润光学,41.48,41.6,41.6,38.74,40.78,3277077,131120064.0
2026-10-09,sh,688308,欧科亿,74.53,74.11,74.33,67.7,72.6,6745299,475617471.0
2026-10-09,sh,688309,恒誉科技,72.88,73.03,73.03,66.0,70.78,1923694,132770230.0
2026-10-09,sh,688310,迈得医疗,14.72,14.79,14.8,13.59,14.62,2383552,34008112.0
2026-10-09,sh,688311,盟升电子,23.41,23.25,23.3,21.7,22.68,4280558,95832442.0
2026-10-09,sh,688312,燕麦科技,42.8,42.54,42.65,39.4,41.86,7467808,306992768.0
2026-10-09,sh,688313,仕佳光子,127.6,125.0,133.97,125.0,131.97,27052120,3511825817.0
2026-10-09,sh,688314,康拓医疗,29.02,28.88,29.35,27.93,29.35,1385927,39520543.0
2026-10-09,sh,688315,诺禾致源,18.93,18.91,22.55,17.41,21.73,37935026,754056245.0
2026-10-09,sh,688316,青云科技,45.44,44.99,45.03,41.9,44.33,2409766,104519448.0
2026-10-09,sh,688317,之江生物,18.65,18.66,19.24,18.28,19.19,8580390,160233495.0
2026-10-09,sh,688318,财富趋势,69.66,69.5,75.07,68.75,74.33,8154805,586982934.0
2026-10-09,sh,688319,欧林生物,29.87,29.63,30.36,28.6,30.09,5537364,162967452.0
2026-10-09,sh,688320,禾川科技,33.0,33.2,33.2,30.6,32.17,3430377,108384989.0
2026-10-09,sh,688321,微芯生物,24.06,23.97,24.45,23.56,24.31,8494908,203367269.0
2026-10-09,sh,688322,奥比中光,80.03,79.51,82.38,75.8,81.53,7600213,599773258.0
2026-10-09,sh,688323,瑞华泰,22.98,22.75,22.92,21.11,22.45,9881428,217723343.0
2026-10-09,sh,688325,赛微微电,105.0,104.5,104.96,99.58,102.45,1172822,119441677.0
2026-10-09,sh,688326,经纬恒润,54.88,54.83,56.3,53.4,55.88,1337426,73368885.0
2026-10-09,sh,688327,云从科技,9.45,9.43,9.7,9.2,9.62,17310891,163578834.0
2026-10-09,sh,688328,深科达,74.91,72.55,74.01,69.8,73.05,7173638,516557806.0
2026-10-09,sh,688329,艾隆科技,23.41,23.62,23.62,22.27,23.43,1859656,42582953.0
2026-10-09,sh,688330,宏力达,35.5,35.51,35.98,34.44,35.8,1437136,50532141.0
2026-10-09,sh,688331,荣昌生物,111.21,110.3,111.03,104.5,107.86,5554254,592377897.0
2026-10-09,sh,688332,中科蓝讯,79.88,79.6,80.38,74.4,77.27,4376134,337213817.0
2026-10-09,sh,688333,铂力特,93.47,93.61,93.61,86.3,91.93,10784571,968574141.0
2026-10-09,sh,688334,西高院,18.14,18.15,18.3,17.8,18.18,2250423,40677366.0
2026-10-09,sh,688335,复洁科技,17.53,17.55,17.77,16.61,17.77,2399361,41064956.0
2026-10-09,sh,688336,三生国健,37.9,37.68,38.35,36.5,38.1,5310570,198249214.0
2026-10-09,sh,688337,普源精电,44.0,43.59,44.18,40.63,42.9,7962359,337973226.0
2026-10-09,sh,688338,赛科希德,30.45,30.62,30.92,29.2,30.69,1402689,41974197.0
2026-10-09,sh,688339,亿华通,20.35,20.35,20.54,18.91,19.67,9236873,180349730.0
2026-10-09,sh,688343,云天励飞,56.0,55.44,58.2,53.73,55.48,9417169,523138025.0
2026-10-09,sh,688345,博力威,46.24,45.87,52.5,45.6,51.9,4361236,217006793.0
2026-10-09,sh,688347,华虹宏力,197.21,193.0,199.0,182.01,193.42,14755355,2803665396.0
2026-10-09,sh,688348,昱能科技,30.1,30.26,30.95,29.57,30.84,1602740,48542398.0
2026-10-09,sh,688349,三一重能,13.3,13.3,13.72,13.23,13.59,14515035,196384252.0
2026-10-09,sh,688350,富淼科技,28.22,28.5,28.69,27.4,27.94,1520410,42548252.0
2026-10-09,sh,688351,微电生理,16.74,16.98,17.15,16.44,17.02,3380537,56588597.0
2026-10-09,sh,688352,颀中科技,15.8,15.49,15.88,14.18,15.23,25913256,387395447.0
2026-10-09,sh,688353,华盛锂电,86.21,87.92,89.2,84.26,87.18,9099753,792355321.0
2026-10-09,sh,688355,明志科技,16.82,16.82,16.82,15.75,16.46,1304427,21210660.0
2026-10-09,sh,688356,键凯科技,108.81,108.46,109.86,98.58,107.9,7947138,826115537.0
2026-10-09,sh,688357,建龙微纳,26.38,26.11,26.63,25.63,26.38,718118,18777518.0
2026-10-09,sh,688358,祥生医疗,27.79,28.35,28.35,27.18,28.19,961908,26680144.0
2026-10-09,sh,688359,三孚新科,99.99,99.0,100.55,88.14,94.16,5332416,495808840.0
2026-10-09,sh,688360,德马科技,16.09,16.3,16.7,15.56,16.63,6491786,106003977.0
2026-10-09,sh,688361,中科飞测,331.48,330.0,349.48,316.41,341.88,9233063,3055598261.0
2026-10-09,sh,688362,甬矽电子,50.92,50.49,50.77,46.3,49.61,16747837,814465323.0
2026-10-09,sh,688363,华熙生物,34.5,34.58,35.04,34.22,34.88,2922245,101169752.0
2026-10-09,sh,688365,光云科技,14.46,14.76,15.34,13.65,15.17,19108226,276781910.0
2026-10-09,sh,688366,昊海生科,29.78,29.84,30.87,29.64,30.77,627172,18983411.0
2026-10-09,sh,688367,工大高科,30.08,29.96,30.3,28.7,30.2,1630910,48215293.0
2026-10-09,sh,688368,晶丰明源,111.98,110.87,111.54,102.5,105.39,4461020,475101065.0
2026-10-09,sh,688369,致远互联,18.76,18.7,19.39,17.8,19.38,3311095,61360985.0
2026-10-09,sh,688370,丛麟科技,28.81,29.16,29.28,27.95,29.0,1526356,43757499.0
2026-10-09,sh,688371,菲沃泰,21.42,21.11,21.11,18.94,19.95,8068200,160593547.0
2026-10-09,sh,688372,伟测科技,96.38,95.86,96.0,88.3,93.42,8387681,772330501.0
2026-10-09,sh,688373,盟科药业,5.56,5.57,5.79,5.35,5.73,16055935,88873061.0
2026-10-09,sh,688375,国博电子,69.2,69.2,69.2,64.61,67.59,5582631,371589574.0
2026-10-09,sh,688376,美埃科技,53.58,53.58,53.89,50.24,52.92,1858676,96952216.0
2026-10-09,sh,688377,迪威尔,16.68,16.66,16.66,15.81,16.35,2468039,39910310.0
2026-10-09,sh,688378,奥来德,44.08,43.95,43.95,39.71,42.89,12380133,517587198.0
2026-10-09,sh,688379,华光新材,50.26,50.26,50.38,45.85,48.52,3470865,165903784.0
2026-10-09,sh,688380,中微半导,37.29,37.1,37.1,34.91,36.55,8071471,290596712.0
2026-10-09,sh,688381,帝奥微,37.12,36.92,37.38,33.6,35.96,12479153,442936330.0
2026-10-09,sh,688382,益方生物,17.33,17.25,17.39,16.64,17.26,10969553,186715639.0
2026-10-09,sh,688383,新益昌,119.22,117.9,117.98,104.3,110.67,3325889,365001320.0
2026-10-09,sh,688385,复旦微电,54.32,54.1,54.81,50.71,52.75,12602352,662757972.0
2026-10-09,sh,688386,泛亚微透,44.09,44.32,44.32,40.8,42.48,2530092,106403376.0
2026-10-09,sh,688387,信科移动,12.23,12.0,12.2,10.8,11.25,65690004,743019024.0
2026-10-09,sh,688388,嘉元科技,26.45,26.4,26.5,24.19,25.08,35562416,886923387.0
2026-10-09,sh,688389,普门科技,11.37,11.28,11.38,11.04,11.32,2589779,29017055.0
2026-10-09,sh,688390,固德威,54.75,54.57,55.09,52.64,54.0,7344568,395281789.0
2026-10-09,sh,688391,钜泉科技,25.21,25.28,25.28,24.0,24.88,1380723,34084403.0
2026-10-09,sh,688392,骄成超声,150.4,149.34,149.74,140.27,148.25,2925648,425236511.0
2026-10-09,sh,688393,安必平,21.97,21.88,22.25,20.72,22.17,2639170,56467584.0
2026-10-09,sh,688395,正弦电气,25.75,25.73,25.8,24.25,25.4,1542443,38693513.0
2026-10-09,sh,688396,华润微,52.02,51.5,52.24,49.33,51.9,15859383,806128339.0
2026-10-09,sh,688398,赛特新材,21.29,21.39,21.39,19.53,20.22,2299529,46614808.0
2026-10-09,sh,688399,硕世生物,27.22,28.85,31.39,27.5,29.92,8052325,237274905.0
2026-10-09,sh,688400,凌云光,39.98,39.97,40.15,37.9,39.56,7879157,307323521.0
2026-10-09,sh,688401,路维光电,60.03,59.73,60.06,54.06,57.13,5543161,314697825.0
2026-10-09,sh,688403,汇成股份,19.58,19.18,19.46,17.74,18.83,54412764,1012629434.0
2026-10-09,sh,688408,中信博,22.58,22.53,22.85,22.16,22.7,2925414,65971889.0
2026-10-09,sh,688409,富创精密,158.97,158.03,158.88,148.61,156.83,6038744,927284689.0
2026-10-09,sh,688410,山外山,8.98,9.0,9.13,8.73,9.08,9300570,82895984.0
2026-10-09,sh,688411,海博思创,163.8,164.0,164.5,154.62,159.47,3284190,524191759.0
2026-10-09,sh,688416,恒烁股份,66.97,66.71,66.88,61.15,65.6,5534214,356097261.0
2026-10-09,sh,688418,震有科技,28.17,27.82,28.19,26.0,27.44,3566488,96254375.0
2026-10-09,sh,688419,耐科装备,45.97,45.52,45.74,41.88,44.49,3033894,132804421.0
2026-10-09,sh,688420,美腾科技,22.63,22.63,22.63,21.53,22.27,1100469,24250132.0
2026-10-09,sh,688425,铁建重工,3.96,3.95,4.0,3.95,3.97,14811752,59021978.0
2026-10-09,sh,688426,康为世纪,21.36,21.26,21.64,20.43,21.51,2478743,51999471.0
2026-10-09,sh,688428,诺诚健华,27.03,26.69,28.38,26.02,28.12,14663450,399933347.0
2026-10-09,sh,688429,时创能源,9.66,9.7,9.77,9.35,9.7,1490030,14290195.0
2026-10-09,sh,688432,有研硅,44.93,44.53,46.88,42.16,45.63,57533675,2585293504.0
2026-10-09,sh,688433,华曙高科,75.45,75.4,75.4,69.61,71.6,5117987,366334300.0
2026-10-09,sh,688435,英方软件,28.86,28.68,30.0,27.11,29.94,2693713,76859869.0
2026-10-09,sh,688439,振华风光,35.79,35.73,36.37,35.14,36.25,2181866,78009162.0
2026-10-09,sh,688443,智翔金泰,25.55,25.37,25.58,24.51,24.95,3462621,86144118.0
2026-10-09,sh,688448,磁谷科技,65.99,65.65,65.65,60.9,64.8,1761718,111262845.0
2026-10-09,sh,688449,联芸科技,52.55,52.4,52.87,49.7,52.23,6657607,342048004.0
2026-10-09,sh,688450,光格科技,30.39,30.49,30.51,28.3,30.37,1606668,47475128.0
2026-10-09,sh,688455,科捷智能,17.33,17.42,17.42,16.53,17.17,2490467,42330001.0
2026-10-09,sh,688456,有研粉材,64.59,64.0,64.4,59.2,62.97,5377108,332009596.0
2026-10-09,sh,688458,美芯晟,34.49,34.75,34.83,32.62,34.32,1875763,63261637.0
2026-10-09,sh,688459,哈铁科技,8.2,8.21,8.21,8.01,8.12,1628042,13187497.0
2026-10-09,sh,688466,金科环境,14.19,14.23,14.39,13.57,14.19,1356318,18961146.0
2026-10-09,sh,688468,科美诊断,6.6,6.59,6.75,6.48,6.69,4389196,28994517.0
2026-10-09,sh,688469,芯联集成,8.36,8.24,8.62,8.15,8.58,140523158,1175127878.0
2026-10-09,sh,688472,阿特斯,8.33,8.32,8.5,8.19,8.47,30882861,258313918.0
2026-10-09,sh,688475,萤石网络,26.68,26.57,27.84,26.41,27.63,4158789,112715413.0
2026-10-09,sh,688478,晶升股份,46.27,44.68,46.79,41.22,44.06,7337527,318249399.0
2026-10-09,sh,688479,友车科技,32.07,32.22,32.34,29.7,32.1,2022086,62947084.0
2026-10-09,sh,688480,赛恩斯,62.85,63.2,63.2,59.41,62.8,1074403,65795780.0
2026-10-09,sh,688484,南芯科技,30.7,30.77,31.76,29.56,31.25,9423259,288874304.0
2026-10-09,sh,688485,九州一轨,104.0,105.57,105.57,94.04,100.0,6489306,646084303.0
2026-10-09,sh,688486,龙迅股份,45.5,45.12,46.15,42.73,45.2,4720211,209173539.0
2026-10-09,sh,688488,艾迪药业,15.38,15.3,15.8,14.69,15.75,7056848,107555886.0
2026-10-09,sh,688489,三未信安,26.39,26.3,27.9,25.0,27.56,3499241,92440801.0
2026-10-09,sh,688496,*ST清越,0.58,0.0,0.0,0.0,0.58,0,0.0
2026-10-09,sh,688498,源杰科技,1290.4,1225.89,1248.0,1156.0,1206.01,7213720,8676877850.0
2026-10-09,sh,688499,利元亨,44.99,44.09,47.33,42.29,42.33,19186941,858071121.0
2026-10-09,sh,688500,慧辰股份,29.87,30.0,30.2,28.1,29.99,2555000,74456508.0
2026-10-09,sh,688501,青达环保,15.08,15.12,15.39,14.41,15.04,3862577,57574134.0
2026-10-09,sh,688502,茂莱光学,373.1,368.89,375.2,335.49,369.2,1442839,512728426.0
2026-10-09,sh,688503,聚和材料,65.6,65.11,65.11,60.18,62.08,11064463,689953272.0
2026-10-09,sh,688505,复旦张江,8.26,8.3,8.39,8.0,8.36,8999883,73635850.0
2026-10-09,sh,688506,百利天恒,227.1,224.6,231.78,221.36,229.33,1643543,371099178.0
2026-10-09,sh,688507,索辰科技,125.45,125.55,127.71,116.8,126.66,3041097,371442226.0
2026-10-09,sh,688508,芯朋微,72.85,72.13,74.2,68.14,73.48,5876068,419555748.0
2026-10-09,sh,688509,正元地信,4.15,4.16,4.26,4.03,4.25,7420560,30732145.0
2026-10-09,sh,688510,航亚科技,22.5,22.51,22.6,21.35,21.96,5160823,112761823.0
2026-10-09,sh,688511,天微电子,20.6,20.41,21.09,19.82,20.53,3775342,77244341.0
2026-10-09,sh,688512,慧智微,16.35,16.25,16.6,14.81,15.72,36486588,568931130.0
2026-10-09,sh,688513,苑东生物,47.5,47.01,47.41,45.0,46.19,2597104,118754055.0
2026-10-09,sh,688515,裕太微,126.99,125.27,126.32,117.84,124.19,2592929,316385099.0
2026-10-09,sh,688516,奥特维,40.31,40.59,40.59,37.88,39.22,6632130,258858677.0
2026-10-09,sh,688517,金冠电气,18.23,18.16,18.57,17.22,17.65,8209233,147199938.0
2026-10-09,sh,688518,联赢激光,19.41,19.45,19.55,18.63,19.32,8766980,167616974.0
2026-10-09,sh,688519,南亚新材,276.86,270.0,274.0,247.0,257.6,6851746,1761634660.0
2026-10-09,sh,688520,神州细胞,34.7,34.57,36.65,34.05,36.22,3894299,137504127.0
2026-10-09,sh,688521,芯原股份,153.39,151.5,154.49,144.02,152.02,19931682,2982089486.0
2026-10-09,sh,688522,纳睿雷达,17.81,18.08,18.17,17.18,17.57,6035404,105908283.0
2026-10-09,sh,688523,航天环宇,37.75,37.48,37.97,35.06,36.34,3474115,125967841.0
2026-10-09,sh,688525,佰维存储,183.18,180.0,182.99,173.0,181.01,17990346,3198545054.0
2026-10-09,sh,688526,科前生物,12.29,12.33,12.47,12.22,12.41,968134,11979201.0
2026-10-09,sh,688528,秦川物联,10.31,10.28,10.29,9.62,10.14,2038764,20311420.0
2026-10-09,sh,688529,豪森智能,14.78,14.89,15.0,14.06,14.85,1771707,25664635.0
2026-10-09,sh,688530,欧莱新材,50.66,50.65,50.65,45.4,48.78,7449761,356448139.0
2026-10-09,sh,688531,日联科技,119.33,119.0,119.0,106.6,115.93,5680834,642170906.0
2026-10-09,sh,688533,上声电子,19.63,19.69,19.7,18.92,19.57,1063339,20562226.0
2026-10-09,sh,688535,华海诚科,91.36,90.0,90.91,84.0,89.1,5834512,511341668.0
2026-10-09,sh,688536,思瑞浦,280.0,278.63,288.0,272.22,286.36,5174096,1448759936.0
2026-10-09,sh,688538,和辉光电,2.06,2.06,2.11,2.05,2.1,72990086,152119993.0
2026-10-09,sh,688539,高华科技,22.93,23.19,23.33,21.37,22.38,2805294,61735303.0
2026-10-09,sh,688543,国科军工,40.93,41.11,41.14,39.15,40.22,4836595,193187672.0
2026-10-09,sh,688545,兴福电子,66.27,66.3,66.4,61.85,64.88,6192463,395436428.0
2026-10-09,sh,688548,广钢气体,29.17,28.6,29.15,27.38,28.88,20297716,575825220.0
2026-10-09,sh,688549,中巨芯,20.08,19.93,20.1,18.88,19.74,35497262,690796131.0
2026-10-09,sh,688550,瑞联新材,35.3,35.05,35.08,33.23,34.48,2985407,101817997.0
2026-10-09,sh,688551,科威尔,35.7,36.05,36.12,32.77,34.8,4307996,147487901.0
2026-10-09,sh,688552,航天南湖,28.51,28.41,28.49,26.15,27.36,3927245,106370158.0
2026-10-09,sh,688553,汇宇制药,11.55,11.65,11.95,11.11,11.85,17730681,204802975.0
2026-10-09,sh,688556,高测股份,7.1,7.19,7.19,6.76,7.15,19396836,135375823.0
2026-10-09,sh,688557,兰剑智能,20.33,20.41,20.62,19.56,20.52,1705181,34417291.0
2026-10-09,sh,688558,国盛智科,31.84,32.04,32.04,29.93,31.4,1523604,47011280.0
2026-10-09,sh,688559,海目星,47.45,47.1,47.3,43.6,45.18,12638858,569084289.0
2026-10-09,sh,688560,明冠新材,12.86,12.86,12.91,12.32,12.84,3455548,43739280.0
2026-10-09,sh,688561,奇安信,27.93,28.05,31.37,27.84,31.06,22365153,667023181.0
2026-10-09,sh,688562,航天软件,14.05,14.0,14.35,13.5,14.28,3856413,53755984.0
2026-10-09,sh,688563,航材股份,49.0,48.9,49.31,47.93,49.15,1866151,90800216.0
2026-10-09,sh,688565,力源科技,11.38,11.43,11.43,10.7,11.2,2410156,26565881.0
2026-10-09,sh,688566,吉贝尔,27.26,27.07,27.54,26.98,27.46,2214567,60388133.0
2026-10-09,sh,688567,孚能科技,9.43,9.44,9.93,9.35,9.75,26251842,254765322.0
2026-10-09,sh,688568,中科星图,29.98,29.9,30.35,28.12,29.05,11082823,320349442.0
2026-10-09,sh,688569,铁科轨道,18.26,18.38,18.47,17.94,18.42,1022475,18626678.0
2026-10-09,sh,688570,天玛智控,14.31,14.22,14.46,13.94,14.4,1259911,17826946.0
2026-10-09,sh,688571,杭华股份,8.06,8.06,8.09,7.66,8.0,5545529,43634102.0
2026-10-09,sh,688573,信宇人,18.08,18.2,19.12,17.54,17.75,8844115,160140985.0
2026-10-09,sh,688575,亚辉龙,10.51,10.47,10.55,10.21,10.46,8454032,87618781.0
2026-10-09,sh,688576,西山科技,39.49,40.11,40.2,38.14,39.55,471421,18341164.0
2026-10-09,sh,688577,浙海德曼,37.81,38.0,39.37,36.8,39.35,1153673,43880582.0
2026-10-09,sh,688578,艾力斯,89.26,88.0,88.0,79.5,82.5,20895997,1705330490.0
2026-10-09,sh,688579,地纬智能,7.78,7.68,8.03,7.5,8.01,5115321,39653528.0
2026-10-09,sh,688580,伟思医疗,41.62,41.29,41.87,39.83,41.54,1362332,55438433.0
2026-10-09,sh,688581,安杰思,54.68,54.21,55.2,53.01,54.85,797383,43032595.0
2026-10-09,sh,688582,芯动联科,34.47,34.5,34.5,32.28,33.27,5615145,186559706.0
2026-10-09,sh,688583,思看科技,75.1,75.72,75.72,70.8,73.88,1085175,79158055.0
2026-10-09,sh,688584,上海合晶,24.73,24.87,24.87,22.33,23.47,14700385,341075577.0
2026-10-09,sh,688585,上纬新材,119.26,119.0,121.88,115.05,121.77,2690114,318757611.0
2026-10-09,sh,688586,江航装备,10.75,10.82,11.05,10.38,10.96,6907443,74148306.0
2026-10-09,sh,688588,凌志软件,8.77,8.79,9.11,8.48,9.08,5484201,48030904.0
2026-10-09,sh,688589,力合微,19.84,19.98,19.99,18.7,19.68,3209811,62190604.0
2026-10-09,sh,688590,新致软件,11.56,11.54,12.02,10.9,11.97,11114470,126539357.0
2026-10-09,sh,688591,泰凌微,29.22,29.2,31.38,28.58,29.71,9144673,271887278.0
2026-10-09,sh,688592,司南导航,21.93,21.85,22.28,21.12,22.06,1198658,26055370.0
2026-10-09,sh,688593,新相微,29.42,29.43,29.79,27.9,29.12,12727085,366841403.0
2026-10-09,sh,688595,芯海科技,28.33,28.21,28.98,26.71,28.3,3640686,101314834.0
2026-10-09,sh,688596,正帆科技,54.45,54.56,54.59,49.88,53.76,17965273,941046914.0
2026-10-09,sh,688597,煜邦电力,6.18,6.17,6.22,5.91,6.16,4767850,28940270.0
2026-10-09,sh,688598,金博股份,29.97,29.68,29.68,27.06,28.67,13581198,383074663.0
2026-10-09,sh,688599,天合光能,10.85,10.84,11.24,10.75,11.17,33490544,368044430.0
2026-10-09,sh,688600,皖仪科技,32.2,32.27,32.47,30.03,32.2,3493057,109643736.0
2026-10-09,sh,688601,力芯微,55.51,55.01,55.46,50.17,52.88,6005708,315009080.0
2026-10-09,sh,688602,康鹏科技,6.71,6.7,6.91,6.62,6.88,6222384,42354912.0
2026-10-09,sh,688603,天承科技,103.19,101.99,103.0,90.85,95.98,6093966,581305713.0
2026-10-09,sh,688605,先锋精科,76.78,75.85,76.61,69.42,73.7,4918761,355789616.0
2026-10-09,sh,688606,奥泰生物,51.1,50.69,51.49,49.55,51.14,802555,40575866.0
2026-10-09,sh,688607,康众科技,35.24,35.47,36.4,33.55,36.4,1917468,66524943.0
2026-10-09,sh,688608,恒玄科技,109.37,108.2,114.73,108.0,109.64,6900187,763214412.0
2026-10-09,sh,688609,九联科技,8.6,8.56,8.61,8.11,8.6,19118445,160204899.0
2026-10-09,sh,688610,埃科光电,135.43,133.65,135.78,125.06,132.65,1410976,184268398.0
2026-10-09,sh,688611,杭州柯林,59.5,59.8,61.56,56.9,61.48,1448601,86513368.0
2026-10-09,sh,688612,威迈斯,30.45,30.35,30.83,29.36,30.83,4494028,134960228.0
2026-10-09,sh,688613,奥精医疗,19.12,19.08,19.21,17.91,18.57,7769972,143190375.0
2026-10-09,sh,688615,合合信息,79.26,79.0,83.88,78.01,83.52,4756243,383164188.0
2026-10-09,sh,688616,西力科技,11.1,11.12,11.23,10.76,11.14,1820469,20083053.0
2026-10-09,sh,688617,惠泰医疗,244.4,243.03,247.45,237.66,242.85,1167201,282687184.0
2026-10-09,sh,688618,三旺通信,27.69,27.47,27.65,25.23,26.42,2609007,68587974.0
2026-10-09,sh,688619,罗普特,13.04,13.09,13.1,12.13,12.93,3534644,44484748.0
2026-10-09,sh,688620,安凯微,14.62,14.48,15.35,13.84,14.61,30387517,442443371.0
2026-10-09,sh,688621,阳光诺和,67.71,67.57,68.14,63.63,67.05,2225522,146285262.0
2026-10-09,sh,688622,*ST禾信,112.1,111.51,112.2,106.16,109.75,585040,63909269.0
2026-10-09,sh,688623,双元科技,64.28,63.38,63.82,60.0,61.42,884923,54503740.0
2026-10-09,sh,688625,呈和科技,66.57,64.9,65.22,57.8,61.34,11390205,693512103.0
2026-10-09,sh,688626,翔宇医疗,40.33,40.28,40.88,38.21,40.49,2731337,107675706.0
2026-10-09,sh,688627,精智达,401.47,395.0,407.44,373.83,402.78,3915201,1532500414.0
2026-10-09,sh,688628,优利德,80.41,79.61,80.0,74.3,79.25,5661255,438234324.0
2026-10-09,sh,688629,华丰科技,97.45,97.05,97.93,88.56,94.57,16196451,1499253031.0
2026-10-09,sh,688630,芯碁微装,366.77,358.56,365.47,335.32,360.54,4566229,1605458533.0
2026-10-09,sh,688631,莱斯信息,35.61,35.51,36.44,34.56,36.22,1418774,50364628.0
2026-10-09,sh,688633,星球石墨,21.78,21.71,21.95,20.81,21.76,2711800,57938017.0
2026-10-09,sh,688635,长进光子,230.36,228.06,233.6,217.6,231.93,1274183,289313192.0
2026-10-09,sh,688636,智明达,18.92,18.81,19.22,17.97,19.06,7589887,140807906.0
2026-10-09,sh,688638,誉辰智能,34.82,34.82,34.97,33.24,34.28,709193,24109467.0
2026-10-09,sh,688639,华恒生物,18.76,18.96,19.42,18.36,19.34,9661592,183212320.0
2026-10-09,sh,688646,逸飞激光,72.0,71.82,71.82,66.66,69.9,2303608,159077927.0
2026-10-09,sh,688648,中邮科技,27.57,27.37,27.69,25.87,27.51,2382110,63366080.0
2026-10-09,sh,688651,盛邦安全,23.66,23.68,25.26,22.6,25.1,3733903,89473091.0
2026-10-09,sh,688652,京仪装备,129.14,127.38,131.97,120.65,127.51,4577063,573648435.0
2026-10-09,sh,688653,康希通信,13.5,13.37,13.59,12.71,13.36,15741161,206794434.0
2026-10-09,sh,688655,迅捷兴,67.81,67.81,71.25,63.71,66.1,15430436,1036177289.0
2026-10-09,sh,688656,浩欧博,126.51,126.51,127.21,115.0,120.0,1013936,121456994.0
2026-10-09,sh,688657,浩辰软件,32.5,32.54,33.17,31.31,33.06,982084,31644848.0
2026-10-09,sh,688658,悦康药业,13.18,13.1,13.47,12.68,13.38,14482413,189398884.0
2026-10-09,sh,688659,元琛科技,9.04,9.0,9.04,8.49,9.0,2875910,25225103.0
2026-10-09,sh,688660,电气风电,8.9,8.83,9.04,8.5,8.7,28366212,247786940.0
2026-10-09,sh,688661,和林微纳,92.9,93.4,109.99,91.66,106.0,9959223,978652717.0
2026-10-09,sh,688662,富信科技,112.14,110.0,119.27,103.77,114.76,19335068,2153140624.0
2026-10-09,sh,688663,新风光,55.6,56.28,56.4,52.46,55.4,2438609,132060225.0
2026-10-09,sh,688665,四方光电,40.67,40.87,41.18,38.51,41.1,811940,32287682.0
2026-10-09,sh,688667,菱电电控,94.53,94.64,95.05,89.35,94.24,728505,66990182.0
2026-10-09,sh,688668,鼎通科技,196.95,193.08,196.95,176.6,187.0,5336057,986922001.0
2026-10-09,sh,688669,聚石化学,60.54,60.6,63.26,55.38,62.5,3966375,233977460.0
2026-10-09,sh,688670,金迪克,18.22,18.2,19.45,17.82,19.17,2888441,53383690.0
2026-10-09,sh,688671,碧兴物联,24.66,24.55,24.67,22.79,24.2,1663853,39331483.0
2026-10-09,sh,688676,金盘科技,61.15,60.98,61.19,56.3,59.16,12069476,699060368.0
2026-10-09,sh,688677,海泰新光,69.32,69.32,70.4,64.56,68.85,5358280,361738055.0
2026-10-09,sh,688678,福立旺,29.24,29.17,29.6,26.18,28.8,40226663,1114611148.0
2026-10-09,sh,688679,通源环境,36.71,36.71,37.51,33.82,35.82,2667611,94033615.0
2026-10-09,sh,688680,海优新材,38.09,38.26,38.77,36.71,37.64,1730799,65022259.0
2026-10-09,sh,688681,科汇股份,15.36,15.21,15.38,14.74,15.32,1711911,25768189.0
2026-10-09,sh,688682,霍莱沃,33.14,32.98,32.98,30.3,32.66,3880201,122721343.0
2026-10-09,sh,688683,莱尔科技,29.12,29.7,29.7,26.87,27.96,1562081,43683245.0
2026-10-09,sh,688685,迈信林,35.59,35.05,35.88,33.18,35.74,6085447,210958881.0
2026-10-09,sh,688686,奥普特,123.64,123.0,123.51,113.35,120.11,1766976,208846006.0
2026-10-09,sh,688687,凯因科技,18.21,18.12,18.45,17.65,18.33,4019618,72198516.0
2026-10-09,sh,688689,银河微电,36.88,36.45,37.32,34.15,35.86,6679958,237556018.0
2026-10-09,sh,688690,纳微科技,44.07,43.68,44.07,40.89,42.69,10582832,446709666.0
2026-10-09,sh,688691,灿芯股份,54.78,54.28,54.56,50.88,53.88,3890728,205519181.0
2026-10-09,sh,688692,达梦数据,175.7,175.0,188.8,174.62,187.59,1353525,246159280.0
2026-10-09,sh,688693,锴威特,67.1,69.65,69.65,60.71,65.16,1460163,93492365.0
2026-10-09,sh,688695,中创股份,19.79,19.85,20.33,18.76,20.29,1361516,26639824.0
2026-10-09,sh,688696,极米科技,79.17,80.0,83.29,78.18,82.83,1230057,99368595.0
2026-10-09,sh,688697,纽威数控,14.08,14.0,14.13,13.1,13.7,8084594,108843395.0
2026-10-09,sh,688698,伟创电气,39.72,39.51,39.68,37.77,39.4,3261784,126527407.0
2026-10-09,sh,688699,明微电子,57.17,56.6,57.79,52.47,55.72,5130621,282746768.0
2026-10-09,sh,688700,东威科技,58.0,57.34,57.79,52.96,56.2,11977238,663784628.0
2026-10-09,sh,688701,卓锦股份,8.44,8.44,8.48,7.92,8.43,2663553,21864137.0
2026-10-09,sh,688702,盛科通信,268.64,266.85,268.05,246.8,265.1,6919981,1789148049.0
2026-10-09,sh,688707,振华新材,11.12,11.01,11.42,10.89,11.16,17953728,200133659.0
2026-10-09,sh,688708,佳驰科技,37.52,37.33,38.1,36.35,37.21,1349577,50108097.0
2026-10-09,sh,688709,成都华微,24.24,24.0,24.62,22.82,23.65,3937427,93056241.0
2026-10-09,sh,688710,益诺思,107.21,106.67,108.0,95.01,99.8,5319246,530767889.0
2026-10-09,sh,688711,宏微科技,24.1,24.0,24.1,21.78,23.13,11327464,258292538.0
2026-10-09,sh,688712,北芯生命,29.97,29.73,30.4,29.12,30.3,1455731,43199205.0
2026-10-09,sh,688716,中研股份,24.59,24.59,24.79,23.46,24.64,1632546,39391071.0
2026-10-09,sh,688717,艾罗能源,40.73,40.43,40.99,39.14,40.33,6057403,242978456.0
2026-10-09,sh,688718,唯赛勃,14.56,14.64,14.75,13.52,14.3,2032107,28922141.0
2026-10-09,sh,688719,爱科赛博,52.87,52.62,53.21,47.91,51.15,4639747,233933579.0
2026-10-09,sh,688720,艾森股份,58.7,58.72,58.88,53.0,56.43,4759251,264053526.0
2026-10-09,sh,688721,龙图光罩,36.34,36.18,36.18,33.52,35.15,3341213,115615237.0
2026-10-09,sh,688722,同益中,14.41,14.34,14.52,13.84,14.37,2829479,40038487.0
2026-10-09,sh,688726,拉普拉斯,43.35,43.51,43.51,40.24,41.99,6472104,269964996.0
2026-10-09,sh,688727,恒坤新材,41.59,41.78,41.78,38.88,40.62,2567878,102955943.0
2026-10-09,sh,688728,格科微,13.16,13.15,13.19,12.66,13.08,24136274,311659311.0
2026-10-09,sh,688729,屹唐股份,20.7,20.68,20.68,19.54,20.43,30403710,611093922.0
2026-10-09,sh,688733,壹石通,28.73,28.29,28.44,25.84,27.18,9656898,259125171.0
2026-10-09,sh,688737,中自科技,16.51,16.51,16.64,15.91,16.5,1749571,28458139.0
2026-10-09,sh,688739,成大生物,20.89,20.81,21.27,20.68,21.2,2561465,53903080.0
2026-10-09,sh,688750,金天钛业,13.72,13.75,13.85,13.41,13.79,1875679,25572501.0
2026-10-09,sh,688755,汉邦科技,29.32,28.75,29.12,27.6,28.88,2424567,68693439.0
2026-10-09,sh,688757,胜科纳米,26.05,26.05,26.07,23.7,25.2,9843300,244286833.0
2026-10-09,sh,688758,赛分科技,29.77,29.45,30.0,27.95,29.06,13562148,387209055.0
2026-10-09,sh,688759,必贝特,20.73,20.83,20.83,19.34,20.05,5288326,105115207.0
2026-10-09,sh,688765,禾元生物,36.23,37.25,38.1,34.97,37.86,5183630,189037078.0
2026-10-09,sh,688766,普冉股份,333.79,328.44,331.0,307.03,327.75,7810781,2506494197.0
2026-10-09,sh,688767,博拓生物,40.38,39.94,41.25,38.16,39.6,3411443,134342280.0
2026-10-09,sh,688768,容知日新,51.92,51.66,54.66,47.09,53.35,1735459,88791523.0
2026-10-09,sh,688772,珠海冠宇,13.9,13.8,14.06,13.56,13.94,17622600,243499218.0
2026-10-09,sh,688775,影石创新,89.54,89.06,91.2,87.1,90.75,3589537,319477694.0
2026-10-09,sh,688776,国光电气,45.03,45.0,45.41,41.21,42.93,3323496,142074707.0
2026-10-09,sh,688777,中控技术,77.08,76.5,79.5,73.99,77.93,16175053,1239267466.0
2026-10-09,sh,688778,厦钨新能,46.28,46.38,48.29,45.75,47.4,21191213,1001764921.0
2026-10-09,sh,688779,五矿新能,7.64,7.65,8.12,7.6,8.0,58303481,463701991.0
2026-10-09,sh,688781,视涯科技,39.2,39.0,43.8,37.24,43.02,6646840,268214728.0
2026-10-09,sh,688783,西安奕材,25.01,25.01,25.05,22.77,24.05,22078147,524551999.0
2026-10-09,sh,688785,恒运昌,335.5,335.0,338.75,310.58,324.1,603591,194756348.0
2026-10-09,sh,688786,悦安新材,25.6,25.68,25.68,23.58,25.31,5225614,128641849.0
2026-10-09,sh,688787,海天瑞声,80.45,79.24,83.87,76.54,83.52,2221532,177498408.0
2026-10-09,sh,688788,科思科技,27.37,27.36,27.36,25.28,26.6,3301008,85916678.0
2026-10-09,sh,688789,宏华数科,48.08,47.5,49.0,47.08,47.88,2209527,105493564.0
2026-10-09,sh,688790,昂瑞微,94.5,93.0,95.35,88.59,93.68,1503854,138168116.0
2026-10-09,sh,688793,倍轻松,17.63,17.72,18.1,16.71,17.97,2058313,35728289.0
2026-10-09,sh,688795,摩尔线程,372.0,368.08,378.48,356.01,376.9,3598179,1323838480.0
2026-10-09,sh,688796,百奥赛图,123.0,124.0,124.33,109.21,114.98,3131829,357213120.0
2026-10-09,sh,688797,臻宝科技,228.98,227.01,227.01,208.5,219.89,2516243,545690176.0
2026-10-09,sh,688798,艾为电子,51.31,51.0,51.8,49.1,50.75,3490657,176066563.0
2026-10-09,sh,688799,华纳药厂,53.0,53.48,53.78,49.6,52.45,3156106,161416736.0
2026-10-09,sh,688800,瑞可达,52.78,52.0,52.37,48.2,50.3,10416215,517718743.0
2026-10-09,sh,688801,燧原科技,426.6,419.0,458.0,406.45,450.36,3509414,1518722309.0
2026-10-09,sh,688802,沐曦股份,467.58,461.58,469.87,426.68,464.08,3666996,1651260654.0
2026-10-09,sh,688805,健信超导,38.23,38.49,38.58,36.9,38.4,1097736,41177465.0
2026-10-09,sh,688806,泰诺麦博,27.15,27.42,31.37,26.5,30.34,21470049,631093493.0
2026-10-09,sh,688807,优迅股份,268.24,265.14,274.5,253.15,261.15,1541671,404921874.0
2026-10-09,sh,688808,联讯仪器,1420.0,1380.0,1430.83,1333.0,1390.0,1510903,2092451034.0
2026-10-09,sh,688809,强一股份,470.0,465.0,489.0,452.3,479.6,1669857,791848373.0
2026-10-09,sh,688811,有研复材,18.73,18.64,19.16,18.28,18.87,4193530,78347225.0
2026-10-09,sh,688813,泰金新能,122.87,119.0,120.8,107.4,115.63,6012410,685725814.0
2026-10-09,sh,688816,易思维,46.94,47.34,47.68,45.55,47.07,331357,15389681.0
2026-10-09,sh,688818,电科蓝天,41.8,41.88,42.45,39.33,40.66,7813367,316941790.0
2026-10-09,sh,688819,天能股份,20.98,21.15,21.51,20.88,21.43,3915401,83533954.0
2026-10-09,sh,688820,盛合晶微,105.95,103.98,112.44,99.26,111.55,10642731,1115935731.0
2026-10-09,sh,688825,长鑫科技,50.52,49.81,51.36,48.0,51.0,302990427,14978593299.0
2026-10-09,sh,688826,频准激光,661.02,652.0,660.0,611.0,643.0,683238,432974008.0
2026-10-09,sh,688828,国仪公司,80.0,79.35,80.69,75.2,80.56,2198686,171270818.0
2026-10-09,sh,688835,高凯技术,343.07,340.0,345.79,318.11,341.0,2436621,805614924.0
2026-10-09,sh,688836,宇树科技,427.8,426.0,434.99,419.21,432.0,1890281,806972815.0
2026-10-09,sh,688837,信诺维,49.6,49.29,49.5,44.94,47.25,11413812,534978002.0
2026-10-09,sh,688981,中芯国际,107.08,106.0,109.55,102.8,108.42,46104484,4868002924.0
2026-10-09,sh,689009,九号公司,36.56,36.56,37.18,36.55,36.94,7235525,266778438.0
2026-10-09,sz,000001,平安银行,11.78,11.78,11.89,11.58,11.59,107810561,1259717108.28
2026-10-09,sz,000002,万 科Ａ,4.06,4.13,4.14,3.89,4.06,589754855,2355334767.01
2026-10-09,sz,000006,深振业Ａ,7.5,7.44,7.72,7.12,7.46,35696500,262279861.77
2026-10-09,sz,000007,全新好,10.75,10.65,10.79,10.06,10.7,8562099,89232088.31
2026-10-09,sz,000008,神州高铁,2.39,2.38,2.42,2.35,2.41,25308200,60336988.0
2026-10-09,sz,000009,中国宝安,6.94,6.91,7.04,6.89,7.0,19123504,133587276.16
2026-10-09,sz,000010,*ST美丽,1.41,1.41,1.43,1.28,1.38,24267101,32578671.31
2026-10-09,sz,000011,深物业A,12.12,12.11,13.09,11.11,12.59,113638259,1377987783.02
2026-10-09,sz,000012,南 玻Ａ,3.68,3.67,3.72,3.66,3.71,18620387,68762162.68
2026-10-09,sz,000014,沙河股份,11.5,11.5,11.9,11.01,11.85,28008812,321189401.44
2026-10-09,sz,000017,深中华A,7.5,7.54,7.85,7.28,7.79,70284300,535938492.0
2026-10-09,sz,000019,深粮控股,7.07,7.08,7.29,7.0,7.28,22862570,163862983.3
2026-10-09,sz,000020,深华发Ａ,14.67,14.68,14.86,13.73,14.34,19541201,278018141.9
2026-10-09,sz,000021,深科技,33.12,31.87,32.53,30.34,32.03,63551770,1987615369.37
2026-10-09,sz,000025,特 力Ａ,15.42,15.5,15.59,15.05,15.46,6288010,96162014.4
2026-10-09,sz,000026,飞亚达,17.9,17.9,17.9,16.59,17.76,8720192,150231089.43
2026-10-09,sz,000027,深圳能源,6.37,6.37,6.41,6.31,6.34,20069500,127401379.0
2026-10-09,sz,000028,国药一致,19.75,19.82,20.01,19.71,19.96,2979379,59361956.42
2026-10-09,sz,000029,深深房Ａ,21.84,21.85,22.07,20.81,21.3,6341251,135279544.05
2026-10-09,sz,000030,富奥股份,3.91,3.91,3.95,3.86,3.94,10434641,40803645.13
2026-10-09,sz,000031,大悦城,2.39,2.4,2.45,2.31,2.4,47806953,112915262.83
2026-10-09,sz,000032,深桑达Ａ,12.93,12.82,12.89,12.09,12.64,34836816,432889896.36
2026-10-09,sz,000034,神州数码,22.24,22.17,22.4,21.5,22.25,18616510,407947771.84
2026-10-09,sz,000035,中国天楹,4.87,4.86,4.98,4.82,4.97,43985787,216199014.04
2026-10-09,sz,000036,华联控股,4.01,4.06,4.08,3.88,4.07,50442090,200956317.4
2026-10-09,sz,000037,深南电A,9.19,9.1,9.2,8.8,9.16,14501000,130228804.0
2026-10-09,sz,000039,中集集团,8.68,8.61,8.83,8.3,8.43,26273876,221789623.7
2026-10-09,sz,000042,中洲控股,8.54,8.51,8.6,8.31,8.6,7714867,65236686.76
2026-10-09,sz,000045,深纺织Ａ,11.06,11.02,11.09,10.54,10.94,7312101,78910011.93
2026-10-09,sz,000048,京基智农,17.82,17.75,18.31,16.65,18.05,16898185,291674477.41
2026-10-09,sz,000049,德赛电池,22.52,22.33,22.99,22.31,22.59,9381307,212695306.86
2026-10-09,sz,000050,深天马Ａ,6.18,6.16,6.24,6.09,6.23,24380428,150451609.07
2026-10-09,sz,000055,方大集团,3.85,3.82,3.9,3.78,3.9,14063877,54058727.75
2026-10-09,sz,000056,*ST皇庭,2.77,2.75,2.77,2.65,2.7,19114700,51421128.0
2026-10-09,sz,000058,深 赛 格,7.4,7.33,8.07,7.32,7.52,30925192,233547674.57
2026-10-09,sz,000059,华锦股份,5.63,5.59,5.67,5.48,5.62,38229365,212771526.45
2026-10-09,sz,000060,中金岭南,5.76,5.74,5.86,5.67,5.85,62990135,363280478.89
2026-10-09,sz,000061,农 产 品,6.0,6.01,6.18,5.99,6.17,22560628,137547466.92
2026-10-09,sz,000062,深圳华强,21.0,20.87,21.06,20.15,20.99,13705492,282500684.97
2026-10-09,sz,000063,中兴通讯,29.32,29.0,29.16,28.13,29.03,86804411,2485259700.0
2026-10-09,sz,000065,北方国际,9.58,9.58,9.69,9.46,9.66,12621771,120891390.13
2026-10-09,sz,000066,中国长城,13.85,13.78,13.96,13.4,13.94,80371762,1100909317.88
2026-10-09,sz,000068,华控赛格,3.4,3.42,3.44,3.29,3.4,25881500,86791171.0
2026-10-09,sz,000069,华侨城Ａ,1.92,1.92,1.96,1.85,1.91,103325202,195563139.14
2026-10-09,sz,000070,特发信息,15.96,15.85,15.88,14.5,15.47,60810934,923641625.27
2026-10-09,sz,000078,ST海王,1.47,1.46,1.47,1.41,1.46,48207505,69409390.2
2026-10-09,sz,000088,盐 田 港,4.75,4.76,4.81,4.7,4.72,35064895,166077545.44
2026-10-09,sz,000089,深圳机场,6.68,6.65,6.75,6.65,6.68,14001702,93857900.42
2026-10-09,sz,000090,天健集团,3.55,3.58,3.62,3.48,3.59,29215400,103823882.6
2026-10-09,sz,000096,广聚能源,8.2,8.19,8.21,8.02,8.15,4970430,40307286.9
2026-10-09,sz,000099,中信海直,12.68,12.68,12.86,12.64,12.84,6678110,85419866.2
2026-10-09,sz,000100,TCL科技,4.63,4.61,4.66,4.53,4.64,376690553,1729526586.81
2026-10-09,sz,000151,中成股份,10.18,10.16,10.27,9.88,10.24,7932000,79840793.0
2026-10-09,sz,000153,丰原药业,6.07,6.03,6.17,5.93,6.16,14054320,85115003.8
2026-10-09,sz,000155,川能动力,11.16,11.1,11.34,10.98,11.26,21431700,239767729.0
2026-10-09,sz,000156,华数传媒,6.93,6.91,7.26,6.88,7.24,18369609,129870272.23
2026-10-09,sz,000157,中联重科,6.03,6.0,6.05,5.96,6.04,45632988,274439060.41
2026-10-09,sz,000158,常山北明,12.64,12.32,12.77,12.22,12.67,28986612,361262849.73
2026-10-09,sz,000159,国际实业,5.44,5.44,5.49,5.31,5.49,9830202,53039107.76
2026-10-09,sz,000166,申万宏源,4.33,4.33,4.42,4.33,4.4,71708143,313560222.0
2026-10-09,sz,000301,东方盛虹,13.5,13.48,13.68,12.95,13.24,26391392,347333352.52
2026-10-09,sz,000333,美的集团,81.74,81.5,83.57,81.5,82.46,35637754,2951534831.88
2026-10-09,sz,000338,潍柴动力,24.86,24.58,24.65,23.23,24.45,112013277,2678769774.74
2026-10-09,sz,000400,许继电气,21.74,21.61,21.8,21.38,21.49,12580838,270866857.1
2026-10-09,sz,000401,金隅冀东,3.64,3.63,3.68,3.62,3.66,7541600,27501988.0
2026-10-09,sz,000402,金 融 街,2.67,2.68,2.73,2.59,2.69,82357440,218318047.6
2026-10-09,sz,000403,派林生物,9.84,9.86,10.07,9.83,9.96,9259280,91934257.92
2026-10-09,sz,000404,长虹华意,6.85,6.83,6.91,6.78,6.9,5264626,36073032.36
2026-10-09,sz,000407,胜利股份,4.31,4.31,4.32,4.21,4.3,15891551,67642580.24
2026-10-09,sz,000408,藏格矿业,71.79,71.4,74.06,71.4,73.39,9532293,693192694.67
2026-10-09,sz,000409,云鼎科技,8.45,8.5,8.75,8.26,8.75,8373243,71161214.62
2026-10-09,sz,000410,沈阳机床,5.05,5.05,5.1,4.93,5.1,16442748,82281131.56
2026-10-09,sz,000411,英特集团,10.1,10.03,10.2,9.89,10.16,4248210,42676744.3
2026-10-09,sz,000415,渤海租赁,3.98,3.98,4.03,3.95,4.01,65909810,263254637.86
2026-10-09,sz,000417,合百集团,5.58,5.58,5.78,5.48,5.75,29129149,163944783.76
2026-10-09,sz,000419,通程控股,5.09,5.06,5.23,5.04,5.21,7780773,40035920.33
2026-10-09,sz,000420,吉林化纤,3.46,3.53,3.81,3.53,3.81,239917869,893374747.87
2026-10-09,sz,000421,南京公用,5.81,5.81,5.85,5.67,5.81,7614800,43799973.0
2026-10-09,sz,000422,湖北宜化,11.23,11.21,11.34,10.9,11.27,17892443,200467955.2
2026-10-09,sz,000423,东阿阿胶,46.42,46.34,47.23,46.2,46.68,6902135,323825132.76
2026-10-09,sz,000425,徐工机械,7.18,7.16,7.25,7.1,7.15,72652811,520265560.58
2026-10-09,sz,000426,兴业银锡,30.7,30.74,32.19,30.23,31.96,46537580,1454505115.11
2026-10-09,sz,000428,华天酒店,3.77,3.79,3.89,3.66,3.88,24695525,92956213.0
2026-10-09,sz,000429,粤高速Ａ,12.72,12.74,13.12,12.73,13.07,11396109,148283149.87
2026-10-09,sz,000430,张家界,6.48,6.49,6.58,6.31,6.57,9958739,64123090.82
2026-10-09,sz,000488,ST晨鸣,2.09,2.08,2.09,2.04,2.08,8858943,18287320.4
2026-10-09,sz,000498,山东路桥,6.12,6.1,6.41,6.1,6.33,74931268,473237487.28
2026-10-09,sz,000501,武商集团,7.08,7.09,7.25,7.04,7.23,8176500,58497151.0
2026-10-09,sz,000503,国新健康,7.89,7.84,8.5,7.79,8.43,66410845,542729269.49
2026-10-09,sz,000504,南华生物,11.45,11.21,12.18,10.8,11.79,73797700,844514251.99
2026-10-09,sz,000505,京粮控股,6.32,6.32,6.72,6.25,6.7,45155000,292844018.0
2026-10-09,sz,000506,招金黄金,16.43,16.69,17.35,16.13,17.06,69658046,1168255212.47
2026-10-09,sz,000507,珠海港,4.96,4.96,4.98,4.9,4.95,8077140,39898921.08
2026-10-09,sz,000509,华塑控股,3.4,3.4,3.43,3.24,3.42,27003314,90029047.5
2026-10-09,sz,000510,新金路,15.98,15.83,15.83,14.65,15.58,34962185,529994297.65
2026-10-09,sz,000513,丽珠集团,29.61,29.51,30.75,29.05,30.5,24825978,741412926.53
2026-10-09,sz,000514,渝 开 发,4.48,4.51,4.55,4.37,4.52,14847088,66232607.96
2026-10-09,sz,000516,国际医学,4.37,4.38,4.48,4.34,4.48,27849095,122920659.37
2026-10-09,sz,000517,荣安地产,2.02,2.01,2.07,1.97,2.06,41234700,83045839.0
2026-10-09,sz,000518,四环生物,3.64,3.62,3.62,3.5,3.6,21525900,76562778.0
2026-10-09,sz,000519,中兵红箭,14.13,14.05,14.19,13.7,14.16,31411796,437650163.37
2026-10-09,sz,000520,凤凰航运,4.05,4.08,4.1,3.89,4.09,25409200,101371376.0
2026-10-09,sz,000521,长虹美菱,4.23,4.22,4.34,4.2,4.33,11932950,50952634.0
2026-10-09,sz,000523,红棉股份,3.5,3.5,3.68,3.4,3.65,281394597,999594947.25
2026-10-09,sz,000524,岭南控股,8.85,8.85,8.9,8.59,8.89,6662145,58317329.71
2026-10-09,sz,000525,红太阳,4.57,4.56,4.65,4.53,4.61,23669413,108897451.45
2026-10-09,sz,000526,学大教育,35.05,35.06,37.35,33.8,37.0,4073596,145586179.75
2026-10-09,sz,000528,柳 工,7.53,7.55,7.61,7.52,7.58,17001774,128621448.38
2026-10-09,sz,000529,广弘控股,4.99,4.99,5.09,4.96,5.06,3735701,18753673.01
2026-10-09,sz,000530,冰山冷热,5.26,5.28,5.34,5.14,5.33,15594900,81569682.0
2026-10-09,sz,000531,穗恒运Ａ,5.56,5.56,5.58,5.5,5.57,5816438,32213967.28
2026-10-09,sz,000532,华金资本,12.01,11.97,12.25,11.41,12.19,20191914,239327830.23
2026-10-09,sz,000533,顺钠股份,9.93,10.01,10.01,9.43,9.86,24005620,231789009.4
2026-10-09,sz,000534,万泽股份,21.22,21.1,21.15,20.02,20.79,12755466,260900445.82
2026-10-09,sz,000536,华映科技,3.28,3.28,3.32,3.19,3.32,33718355,109607801.05
2026-10-09,sz,000537,绿发电力,7.41,7.41,7.45,7.31,7.38,11382200,83865538.0
2026-10-09,sz,000538,云南白药,50.89,50.9,51.62,50.72,51.4,11631106,597611046.52
2026-10-09,sz,000539,粤电力Ａ,5.2,5.18,5.2,5.09,5.14,32803503,168183372.05
2026-10-09,sz,000541,佛山照明,4.91,4.91,4.94,4.87,4.94,4266236,20965875.16
2026-10-09,sz,000543,皖能电力,7.39,7.41,7.48,7.37,7.38,26753015,198764471.32
2026-10-09,sz,000544,中原环保,7.25,7.25,7.33,7.23,7.31,3278902,23849972.98
2026-10-09,sz,000545,金浦钛业,2.19,2.19,2.25,2.15,2.23,34337800,75523877.0
2026-10-09,sz,000546,金圆股份,4.34,4.32,4.77,4.26,4.77,24978267,115289308.59
2026-10-09,sz,000547,航天发展,13.83,13.86,14.0,12.93,13.42,64522557,860192575.57
2026-10-09,sz,000548,湖南投资,4.62,4.61,4.68,4.52,4.67,5284000,24349594.0
2026-10-09,sz,000550,江铃汽车,16.4,16.35,16.99,16.3,16.95,6400600,107324249.18
2026-10-09,sz,000551,创元科技,11.63,11.64,11.67,11.2,11.66,9475833,108404042.46
2026-10-09,sz,000552,甘肃能化,2.53,2.54,2.61,2.53,2.59,96676692,248783981.6
2026-10-09,sz,000553,安道麦A,5.47,5.45,5.56,5.44,5.54,5465700,30126273.0
2026-10-09,sz,000554,泰山石油,6.4,6.35,6.39,6.23,6.38,12139501,76646570.28
2026-10-09,sz,000555,神州信息,9.83,9.85,10.39,9.63,10.35,23707179,238106260.36
2026-10-09,sz,000557,西部创业,3.65,3.65,3.69,3.5,3.68,9098401,33078953.62
2026-10-09,sz,000558,天府文旅,3.42,3.43,3.59,3.38,3.56,31928534,110999670.99
2026-10-09,sz,000559,万向钱潮,10.41,10.36,10.6,9.86,10.56,52648338,536466081.18
2026-10-09,sz,000560,我爱我家,3.65,3.68,3.75,3.42,3.68,543000258,1941391308.14
2026-10-09,sz,000561,烽火电子,7.61,7.55,7.67,7.35,7.66,8657793,64980694.29
2026-10-09,sz,000563,陕国投Ａ,2.92,2.92,2.96,2.91,2.94,51659162,152039004.3
2026-10-09,sz,000564,供销大集,1.44,1.44,1.5,1.42,1.49,256150112,374329453.7
2026-10-09,sz,000565,渝三峡Ａ,6.41,6.35,6.48,6.21,6.48,10050400,63966410.0
2026-10-09,sz,000566,海南海药,4.53,4.51,4.73,4.37,4.71,85000850,389732048.08
2026-10-09,sz,000567,海德股份,5.83,5.83,5.97,5.77,5.94,24184644,141848001.35
2026-10-09,sz,000568,泸州老窖,72.61,72.28,73.33,71.15,71.5,9967138,714999364.77
2026-10-09,sz,000570,苏常柴Ａ,5.3,5.28,5.33,5.15,5.32,9205000,48292777.0
2026-10-09,sz,000571,新大洲A,6.15,6.18,6.18,5.89,6.12,18219863,110316617.08
2026-10-09,sz,000572,海马汽车,4.0,4.02,4.04,3.73,4.02,114376946,444188987.73
2026-10-09,sz,000573,粤宏远Ａ,3.93,3.94,3.94,3.75,3.89,17314837,66445856.56
2026-10-09,sz,000576,甘化科工,8.13,8.1,8.11,7.7,8.02,11940800,94595051.84
2026-10-09,sz,000581,威孚高科,18.3,18.22,18.45,18.08,18.34,6796247,124086204.11
2026-10-09,sz,000586,汇源通信,12.32,12.28,12.28,11.43,12.23,7241000,86093079.13
2026-10-09,sz,000589,贵州轮胎,4.22,4.22,4.29,4.21,4.27,24853263,105501661.3
2026-10-09,sz,000590,古汉医药,9.05,9.07,9.18,8.81,9.18,3109494,27997949.16
2026-10-09,sz,000591,太阳能,4.18,4.18,4.2,4.14,4.18,34133100,142235756.0
2026-10-09,sz,000592,平潭发展,8.08,8.08,8.18,7.57,8.13,271651282,2155660610.38
2026-10-09,sz,000593,德龙汇能,20.01,19.9,20.09,19.05,20.02,10306963,201788146.92
2026-10-09,sz,000595,新能股份,5.68,5.68,5.68,5.38,5.64,32613204,181058226.56
2026-10-09,sz,000596,古井贡酒,93.55,93.44,94.38,92.06,92.65,2502084,232178047.93
2026-10-09,sz,000597,东北制药,4.78,4.77,5.07,4.71,4.91,29708277,145247449.04
2026-10-09,sz,000598,兴蓉环境,7.09,7.08,7.19,7.08,7.12,17315395,123839384.1
2026-10-09,sz,000599,青岛双星,4.42,4.42,4.49,4.35,4.48,12365000,54669469.33
2026-10-09,sz,000600,建投能源,7.26,7.23,7.31,7.21,7.27,12349185,89630750.5
2026-10-09,sz,000601,韶能股份,6.08,6.05,6.1,5.84,6.08,36352999,216645607.09
2026-10-09,sz,000603,盛达资源,29.58,29.92,30.7,28.92,30.52,33003085,986524152.61
2026-10-09,sz,000605,渤海股份,6.05,6.05,6.11,5.89,6.01,4195700,25115110.0
2026-10-09,sz,000607,华媒控股,3.93,3.93,4.16,3.8,4.12,57076746,227438202.44
2026-10-09,sz,000608,阳光股份,6.91,6.86,6.9,6.44,6.8,18179571,121460862.3
2026-10-09,sz,000609,*ST中迪,9.3,9.34,9.34,9.03,9.15,3409824,31098640.45
2026-10-09,sz,000610,*ST西旅,7.53,7.46,7.46,7.1,7.16,5334845,38392511.17
2026-10-09,sz,000612,焦作万方,10.33,10.23,10.52,10.18,10.46,30712089,317770999.87
2026-10-09,sz,000615,*ST美谷,3.2,3.2,3.21,3.13,3.19,4035580,12790128.7
2026-10-09,sz,000617,中油资本,6.53,6.51,6.63,6.43,6.62,74078979,484017483.25
2026-10-09,sz,000619,海螺新材,5.22,5.24,5.27,5.0,5.2,6239387,32102674.44
2026-10-09,sz,000620,盈新发展,3.02,2.99,3.02,2.91,3.01,191099459,566223369.56
2026-10-09,sz,000623,吉林敖东,17.26,17.26,17.59,17.25,17.53,10094581,176148883.8
2026-10-09,sz,000625,长安汽车,7.04,7.03,7.07,6.99,7.06,44475609,312391281.38
2026-10-09,sz,000626,远大控股,8.78,8.83,9.05,8.6,9.03,14742200,130930132.0
2026-10-09,sz,000628,高新发展,51.33,51.25,51.99,48.7,49.8,9472641,474407272.88
2026-10-09,sz,000629,钒钛股份,2.82,2.81,2.86,2.81,2.85,64257853,182201403.75
2026-10-09,sz,000630,铜陵有色,5.75,5.7,5.86,5.66,5.85,140166860,808067239.53
2026-10-09,sz,000631,顺发恒能,3.03,3.03,3.04,2.96,3.03,13927710,41771397.0
2026-10-09,sz,000632,ST三木,3.65,3.61,3.66,3.46,3.61,10848300,38644622.0
2026-10-09,sz,000633,合金投资,5.28,5.25,5.31,5.06,5.27,7689500,39953723.0
2026-10-09,sz,000635,英 力 特,7.65,7.63,7.83,7.42,7.8,10571855,80544148.75
2026-10-09,sz,000636,风华高科,50.4,49.03,49.42,45.36,47.17,114428735,5312150310.97
2026-10-09,sz,000637,茂化实华,4.25,4.23,4.29,4.13,4.26,8378550,35271832.0
2026-10-09,sz,000639,ST西王,1.53,1.52,1.53,1.44,1.52,32818352,48758585.32
2026-10-09,sz,000650,仁和药业,5.21,5.21,5.31,5.2,5.29,24314406,128110331.48
2026-10-09,sz,000651,格力电器,38.32,38.35,39.05,38.33,38.83,38119525,1477771204.09
2026-10-09,sz,000652,泰达股份,3.32,3.35,3.38,3.3,3.38,12028450,40231047.94
2026-10-09,sz,000655,金岭矿业,7.44,7.38,7.71,7.33,7.68,8396900,63255977.81
2026-10-09,sz,000656,金科股份,1.22,1.23,1.25,1.2,1.23,160386193,196183980.35
2026-10-09,sz,000657,中钨高新,51.85,51.74,51.8,48.81,51.13,41134275,2063677440.45
2026-10-09,sz,000659,珠海中富,2.69,2.69,2.77,2.64,2.76,26332800,71049190.0
2026-10-09,sz,000661,长春高新,69.23,69.12,72.22,68.28,71.9,6285698,444464751.3
2026-10-09,sz,000663,永安林业,6.0,6.04,6.1,5.83,6.1,7066800,42089255.0
2026-10-09,sz,000665,湖北广电,4.05,4.03,4.26,3.97,4.25,31364288,129593561.36
2026-10-09,sz,000669,ST金鸿,4.07,4.07,4.1,4.01,4.04,2508340,10133914.2
2026-10-09,sz,000670,盈方微,6.88,6.84,6.86,6.5,6.79,40838900,272380481.0
2026-10-09,sz,000672,上峰材料,14.86,14.6,14.81,14.22,14.69,14234279,206524068.71
2026-10-09,sz,000676,智度股份,6.4,6.38,6.77,6.22,6.75,70665842,460132186.07
2026-10-09,sz,000677,ST海龙,1.71,1.71,1.72,1.63,1.71,24733600,41442212.0
2026-10-09,sz,000678,襄阳轴承,12.24,12.0,13.27,11.1,12.62,122067023,1454170492.62
2026-10-09,sz,000679,大连友谊,6.29,6.27,6.75,6.08,6.71,11137400,71782507.0
2026-10-09,sz,000680,山推股份,8.98,8.98,9.12,8.95,9.08,13055687,117967620.74
2026-10-09,sz,000681,视觉中国,15.35,15.29,16.25,14.93,16.14,28664522,447035965.9
2026-10-09,sz,000682,东方电子,10.57,10.58,10.78,10.51,10.76,11801317,126039618.51
2026-10-09,sz,000683,博源化工,5.76,5.74,5.78,5.63,5.7,48641344,276656079.72
2026-10-09,sz,000685,中山公用,10.64,10.63,10.78,10.59,10.73,13399153,143426165.06
2026-10-09,sz,000686,东北证券,7.44,7.43,7.62,7.43,7.57,15926521,120136618.18
2026-10-09,sz,000688,国城矿业,24.98,24.99,25.13,24.25,24.9,16846882,416578516.24
2026-10-09,sz,000690,宝新能源,5.5,5.42,5.7,5.41,5.59,164348536,919346707.04
2026-10-09,sz,000691,亚太实业,8.51,8.51,8.74,8.22,8.73,8049700,68366897.0
2026-10-09,sz,000692,惠天热电,4.61,4.58,4.62,4.43,4.55,35914928,161361052.6
2026-10-09,sz,000695,滨海能源,13.02,13.02,13.65,12.89,13.36,11689600,155008356.54
2026-10-09,sz,000697,炼石航空,9.4,9.45,9.49,8.89,9.26,12975800,118680545.0
2026-10-09,sz,000698,ST沈化,3.74,3.75,3.75,3.67,3.72,3508593,13015242.1
2026-10-09,sz,000700,模塑科技,11.84,11.72,12.14,10.91,11.93,64295746,738923316.81
2026-10-09,sz,000701,厦门信达,5.14,5.1,5.2,4.97,5.19,15994600,81380215.0
2026-10-09,sz,000702,正虹科技,5.81,5.82,5.93,5.64,5.88,6814900,39278120.0
2026-10-09,sz,000703,恒逸石化,16.29,16.26,16.47,15.89,16.29,52062583,842999338.72
2026-10-09,sz,000705,浙江震元,7.12,7.12,7.23,6.99,7.22,5411400,38522425.0
2026-10-09,sz,000707,双环科技,4.67,4.67,4.71,4.59,4.69,6795300,31599809.0
2026-10-09,sz,000708,中信特钢,13.2,13.15,13.26,13.07,13.07,9996952,131557938.84
2026-10-09,sz,000709,河钢股份,2.03,2.03,2.07,2.03,2.04,102146370,209539793.18
2026-10-09,sz,000710,贝瑞基因,10.27,10.01,11.3,9.71,11.3,76697638,792968095.57
2026-10-09,sz,000711,京蓝科技,4.52,4.52,4.55,4.31,4.51,90706976,401034718.16
2026-10-09,sz,000712,锦龙股份,9.78,9.8,10.04,9.48,10.0,53628909,524629166.08
2026-10-09,sz,000713,国投丰乐,6.25,6.21,6.63,6.21,6.61,36472532,235210849.39
2026-10-09,sz,000715,中兴商业,5.36,5.39,5.53,5.29,5.5,9320830,50494633.1
2026-10-09,sz,000716,黑芝麻,4.92,4.9,5.12,4.86,5.12,27694230,138489898.31
2026-10-09,sz,000717,中南股份,2.17,2.17,2.21,2.15,2.2,17970468,39154489.88
2026-10-09,sz,000718,苏宁环球,2.07,2.07,2.11,2.03,2.09,31613670,65285019.5
2026-10-09,sz,000719,中原传媒,12.08,12.08,12.71,11.99,12.61,9147330,113265308.46
2026-10-09,sz,000720,新能泰山,3.62,3.61,3.67,3.5,3.67,27436100,98349497.0
2026-10-09,sz,000721,西安饮食,6.01,6.0,6.21,5.91,6.19,13897240,84241323.46
2026-10-09,sz,000722,湖南发展,13.55,13.45,13.54,12.65,12.94,29008922,375483563.89
2026-10-09,sz,000723,美锦能源,3.54,3.52,3.65,3.51,3.64,73442772,263244444.55
2026-10-09,sz,000725,京东方Ａ,5.5,5.5,5.53,5.32,5.5,862896536,4681105150.23
2026-10-09,sz,000726,鲁 泰Ａ,5.92,5.92,5.99,5.86,5.99,6040263,35835234.44
2026-10-09,sz,000727,冠捷科技,2.21,2.19,2.24,2.16,2.24,74743600,164595629.0
2026-10-09,sz,000728,国元证券,7.17,7.17,7.32,7.16,7.29,23164734,167916020.76
2026-10-09,sz,000729,燕京啤酒,11.17,11.17,11.43,11.11,11.4,25615881,289819315.45
2026-10-09,sz,000731,四川美丰,8.1,8.15,8.3,7.89,8.21,16818354,135789900.72
2026-10-09,sz,000733,振华科技,38.5,38.43,38.55,37.24,38.39,9735137,369012147.79
2026-10-09,sz,000735,罗 牛 山,5.61,5.62,5.79,5.56,5.77,46996546,267085734.52
2026-10-09,sz,000736,中交发展,4.74,4.75,5.21,4.62,5.21,56732013,281283665.21
2026-10-09,sz,000737,北方铜业,13.58,13.42,13.89,13.26,13.82,62010895,840201100.99
2026-10-09,sz,000738,航发控制,18.49,18.49,18.7,18.04,18.39,11252500,206269290.0
2026-10-09,sz,000739,普洛药业,27.26,26.88,27.17,24.53,25.4,36896976,936507004.74
2026-10-09,sz,000750,国海证券,3.58,3.57,3.66,3.57,3.65,52245215,189306495.71
2026-10-09,sz,000751,锌业股份,4.37,4.36,4.46,4.29,4.46,20851292,91340750.74
2026-10-09,sz,000752,*ST西发,8.55,8.55,8.57,8.31,8.55,1852356,15567286.56
2026-10-09,sz,000753,漳州发展,5.32,5.3,5.38,5.13,5.35,39167746,206087666.14
2026-10-09,sz,000755,山西高速,4.75,4.75,4.79,4.73,4.78,4706633,22432812.48
2026-10-09,sz,000756,新华制药,14.23,14.19,14.84,13.95,14.81,43882347,638654042.09
2026-10-09,sz,000757,浩物股份,4.24,4.22,4.24,4.01,4.24,13984302,57912522.14
2026-10-09,sz,000758,中色股份,5.71,5.7,5.84,5.66,5.82,26178871,150658272.28
2026-10-09,sz,000759,中百集团,6.16,6.16,6.7,6.09,6.62,145558900,930603207.98
2026-10-09,sz,000761,本钢板材,2.35,2.37,2.44,2.35,2.43,23774900,56770552.0
2026-10-09,sz,000762,西藏矿业,20.85,20.81,21.58,20.7,21.34,14427975,305418780.0
2026-10-09,sz,000766,通化金马,14.36,14.31,15.0,14.25,14.97,16063730,237679471.0
2026-10-09,sz,000767,晋控电力,3.34,3.33,3.37,3.29,3.36,61925370,206108575.14
2026-10-09,sz,000768,中航西飞,22.6,22.55,22.73,21.97,22.31,19646434,437064692.42
2026-10-09,sz,000776,广发证券,19.32,19.32,19.95,19.1,19.82,53387441,1042206980.22
2026-10-09,sz,000777,中核科技,16.17,16.15,16.34,15.78,16.29,4054500,65103068.85
2026-10-09,sz,000778,新兴铸管,3.61,3.59,3.64,3.59,3.62,38100520,137798762.63
2026-10-09,sz,000779,甘咨询,8.4,8.35,8.5,8.16,8.48,21979700,183214591.0
2026-10-09,sz,000782,恒申新材,8.08,8.08,8.25,7.7,8.04,18931456,150570728.0
2026-10-09,sz,000783,长江证券,7.76,7.75,8.05,7.71,8.03,84819276,670198919.33
2026-10-09,sz,000785,居然智家,2.26,2.25,2.34,2.24,2.33,66359400,152072906.0
2026-10-09,sz,000786,北新建材,16.52,16.41,16.74,16.36,16.65,19362633,321464048.38
2026-10-09,sz,000788,北大医药,5.48,5.56,5.69,5.44,5.67,28570813,159895159.38
2026-10-09,sz,000789,万年青,4.17,4.14,4.2,4.13,4.19,6362157,26546772.49
2026-10-09,sz,000790,华神科技,4.39,4.36,4.45,4.23,4.44,35099127,152190482.85
2026-10-09,sz,000791,甘肃能源,7.22,7.19,7.23,7.11,7.21,14327987,102648279.56
2026-10-09,sz,000792,盐湖股份,23.96,23.85,24.36,23.73,24.09,50463553,1213857899.1
2026-10-09,sz,000793,ST华闻,1.94,1.94,1.97,1.91,1.95,12003101,23191991.91
2026-10-09,sz,000795,英洛华,8.19,8.15,8.31,8.12,8.29,9421500,77459078.0
2026-10-09,sz,000796,凯撒旅业,3.43,3.42,3.52,3.35,3.5,40230900,137993540.0
2026-10-09,sz,000797,中国武夷,2.66,2.65,2.71,2.58,2.67,34869098,91718289.84
2026-10-09,sz,000798,中水渔业,9.75,9.75,10.29,9.59,10.26,25992500,259376874.0
2026-10-09,sz,000799,酒鬼酒,36.49,36.51,36.9,35.9,36.66,4058255,147415360.41
2026-10-09,sz,000800,一汽解放,5.8,5.79,5.86,5.78,5.83,11038680,64268118.63
2026-10-09,sz,000801,四川九洲,11.27,11.21,11.39,11.08,11.36,10073600,113300835.89
2026-10-09,sz,000802,北京文化,3.8,3.79,4.07,3.76,4.05,69920430,274459290.0
2026-10-09,sz,000803,山高环能,7.53,7.47,7.51,7.03,7.31,24388938,176143854.74
2026-10-09,sz,000807,云铝股份,26.3,26.15,26.74,25.86,26.6,49319409,1301007853.96
2026-10-09,sz,000809,和展能源,3.44,3.42,3.46,3.32,3.45,22105300,74989993.0
2026-10-09,sz,000810,创维数字,8.95,8.91,9.1,8.78,9.07,15262550,136504464.41
2026-10-09,sz,000811,冰轮环境,35.56,35.0,35.0,32.01,34.04,47377825,1572413599.62
2026-10-09,sz,000812,陕西金叶,3.69,3.68,3.74,3.59,3.71,20550200,75447109.0
2026-10-09,sz,000813,德展健康,3.19,3.18,3.27,3.17,3.26,28003985,90231308.84
2026-10-09,sz,000815,美利云,14.03,14.06,14.22,13.49,14.19,25981240,360327360.27
2026-10-09,sz,000816,智慧农业,2.76,2.77,2.88,2.71,2.88,42444694,118895524.89
2026-10-09,sz,000818,航锦科技,11.14,11.04,11.24,10.8,11.22,10767467,118727320.98
2026-10-09,sz,000819,岳阳兴长,12.14,12.14,12.15,11.81,12.09,3158402,37901638.04
2026-10-09,sz,000820,神雾节能,3.51,3.5,3.61,3.41,3.61,13321300,46766769.0
2026-10-09,sz,000821,ST京机,7.2,7.18,7.24,7.01,7.22,5715621,40671051.63
2026-10-09,sz,000822,山东海化,4.39,4.39,4.43,4.31,4.42,11900445,52046503.55
2026-10-09,sz,000823,超声电子,22.71,22.69,22.99,20.46,21.33,99955409,2138055289.85
2026-10-09,sz,000825,太钢不锈,3.41,3.41,3.44,3.38,3.4,26150100,88985739.5
2026-10-09,sz,000826,*ST启环,1.71,1.72,1.72,1.65,1.71,16541480,27751972.8
2026-10-09,sz,000828,东莞控股,10.0,10.0,10.09,9.99,10.05,6502690,65347406.7
2026-10-09,sz,000829,天音控股,9.19,9.17,9.56,9.09,9.51,24006220,223583159.2
2026-10-09,sz,000830,鲁西化工,11.55,11.49,11.68,11.49,11.66,16491264,191290776.04
2026-10-09,sz,000831,中国稀土,48.9,48.66,49.45,47.46,49.34,25280815,1224266340.32
2026-10-09,sz,000833,粤桂股份,19.4,19.07,19.57,18.95,19.48,21901750,422995856.12
2026-10-09,sz,000837,秦川机床,9.3,9.28,9.38,9.04,9.33,10600642,97730175.6
2026-10-09,sz,000838,*ST发展,2.5,2.51,2.57,2.32,2.42,34339300,83814855.0
2026-10-09,sz,000839,国安股份,2.75,2.74,2.9,2.72,2.89,109154105,307861038.95
2026-10-09,sz,000848,承德露露,8.14,8.15,8.33,8.15,8.29,15180153,125472002.11
2026-10-09,sz,000850,华茂股份,4.03,4.04,4.24,3.97,4.23,89331990,366360614.92
2026-10-09,sz,000852,石化机械,5.45,5.45,5.49,5.32,5.49,14879591,80559187.41
2026-10-09,sz,000856,冀东装备,9.03,9.01,9.25,8.76,9.24,8107814,73360951.12
2026-10-09,sz,000858,五 粮 液,70.14,70.15,70.83,69.97,70.56,17862915,1257907935.79
2026-10-09,sz,000859,国风新材,8.63,8.6,8.67,8.22,8.54,25981005,218756036.71
2026-10-09,sz,000860,顺鑫农业,10.3,10.36,10.63,10.29,10.58,11809963,123791456.8
2026-10-09,sz,000862,银星能源,5.45,5.45,5.46,5.22,5.37,15233709,81077680.01
2026-10-09,sz,000863,三湘印象,4.5,4.5,4.59,4.2,4.37,19603981,85056618.87
2026-10-09,sz,000868,安凯客车,4.0,3.98,4.0,3.8,3.96,41614733,161889580.98
2026-10-09,sz,000869,张 裕Ａ,18.76,19.01,20.32,18.21,19.38,19706190,375842403.12
2026-10-09,sz,000875,电投绿能,4.69,4.69,4.74,4.65,4.66,32503650,152262252.5
2026-10-09,sz,000876,新 希 望,6.77,6.77,6.89,6.75,6.87,21768219,148676525.44
2026-10-09,sz,000877,天山股份,3.7,3.68,3.75,3.65,3.69,18723870,68857970.6
2026-10-09,sz,000878,云南铜业,16.07,15.96,16.26,15.75,16.23,31551953,505349987.66
2026-10-09,sz,000880,潍柴重机,23.52,23.24,23.46,21.44,22.85,18933761,420098536.45
2026-10-09,sz,000881,中广核技,6.41,6.38,6.53,6.33,6.51,6475700,41700651.0
2026-10-09,sz,000882,华联股份,1.5,1.5,1.55,1.48,1.54,64738300,97885560.0
2026-10-09,sz,000883,湖北能源,4.49,4.48,4.55,4.47,4.5,41193300,186300197.18
2026-10-09,sz,000885,城发环境,11.74,11.7,11.81,11.7,11.79,2493162,29361179.5
2026-10-09,sz,000886,海南高速,4.71,4.69,4.76,4.58,4.75,13797675,64470579.95
2026-10-09,sz,000887,中鼎股份,17.77,17.75,17.77,17.0,17.67,30844937,535704357.27
2026-10-09,sz,000888,峨眉山Ａ,8.93,8.97,9.08,8.9,9.07,6612448,59426619.57
2026-10-09,sz,000889,中嘉博创,3.58,3.57,3.66,3.44,3.66,30861840,109336149.6
2026-10-09,sz,000890,法尔胜,6.93,6.93,7.03,6.62,7.0,17009900,116137537.0
2026-10-09,sz,000892,欢瑞世纪,4.41,4.5,4.85,4.31,4.85,133850702,611067237.7
2026-10-09,sz,000893,亚钾国际,37.62,37.96,38.1,36.72,37.33,9776100,364330623.85
2026-10-09,sz,000895,双汇发展,23.66,23.63,23.88,23.58,23.79,11260646,267927973.7
2026-10-09,sz,000897,津滨发展,1.92,1.93,1.96,1.88,1.96,40188140,76986202.4
2026-10-09,sz,000898,鞍钢股份,2.03,2.04,2.07,2.02,2.04,44300288,90575055.02
2026-10-09,sz,000899,赣能股份,9.15,9.1,9.23,9.02,9.22,9292938,84914255.05
2026-10-09,sz,000900,现代投资,3.6,3.6,3.62,3.59,3.62,10083955,36369142.95
2026-10-09,sz,000901,航天科技,13.64,13.64,13.73,13.03,13.52,12802879,170757430.92
2026-10-09,sz,000902,新洋丰,13.57,13.6,14.08,13.52,13.99,10761779,149570477.25
2026-10-09,sz,000903,ST云动,1.91,1.92,1.92,1.84,1.9,11450600,21464835.96
2026-10-09,sz,000905,厦门港务,9.23,9.17,9.23,8.77,9.12,23302601,208442536.83
2026-10-09,sz,000906,浙商中拓,6.07,6.05,6.2,6.03,6.17,8993358,55114683.86
2026-10-09,sz,000908,石药景峰,5.89,5.86,6.03,5.78,6.02,13287000,78927314.0
2026-10-09,sz,000909,*ST数源,5.31,5.32,5.78,5.24,5.61,5474300,29956113.0
2026-10-09,sz,000910,大亚圣象,6.13,6.17,6.22,5.81,6.08,33517117,200237429.88
2026-10-09,sz,000911,*ST广糖,5.65,5.65,6.08,5.48,6.06,21124400,123048374.99
2026-10-09,sz,000912,泸天化,3.97,4.01,4.06,3.91,4.06,48409704,193044486.02
2026-10-09,sz,000913,钱江摩托,10.79,10.79,10.97,10.75,10.92,5146056,55932585.04
2026-10-09,sz,000915,华特达因,23.95,23.8,24.29,23.8,24.22,1793500,43161989.08
2026-10-09,sz,000917,电广传媒,6.63,6.61,6.94,6.53,6.9,28801171,194277052.9
2026-10-09,sz,000919,金陵药业,6.5,6.5,6.67,6.42,6.67,13093500,86039954.0
2026-10-09,sz,000920,沃顿科技,12.32,12.29,12.32,11.67,12.09,16204300,193810341.0
2026-10-09,sz,000921,海信家电,26.52,26.42,26.99,26.35,26.77,6285600,168058860.2
2026-10-09,sz,000922,佳电股份,12.07,12.05,12.11,11.66,12.1,7587333,90098010.04
2026-10-09,sz,000923,河钢资源,15.88,15.79,16.06,15.39,15.88,14388730,225727386.2
2026-10-09,sz,000925,众合科技,7.71,7.67,7.75,7.36,7.68,18015567,135777158.82
2026-10-09,sz,000926,福星股份,2.13,2.12,2.18,2.07,2.16,34420301,73097951.52
2026-10-09,sz,000927,中国铁物,2.48,2.48,2.52,2.48,2.5,50681200,126617357.0
2026-10-09,sz,000928,中钢国际,5.34,5.34,5.4,5.31,5.37,12399100,66433566.0
2026-10-09,sz,000929,兰州黄河,9.4,9.41,9.55,8.98,9.43,4267601,39592548.18
2026-10-09,sz,000930,中粮科技,5.16,5.2,5.4,5.15,5.38,64221899,338650161.83
2026-10-09,sz,000931,中 关 村,4.48,4.49,4.59,4.38,4.59,13740390,61848431.58
2026-10-09,sz,000932,华菱钢铁,3.56,3.56,3.59,3.53,3.54,80220046,285092317.26
2026-10-09,sz,000933,神火股份,26.4,26.4,27.23,26.16,27.17,41757232,1120848330.3
2026-10-09,sz,000935,四川双马,18.92,18.92,19.65,18.5,19.5,7759773,147679241.51
2026-10-09,sz,000936,华西股份,5.53,5.51,5.62,5.39,5.61,15405306,85113607.9
2026-10-09,sz,000937,冀中能源,4.45,4.45,4.56,4.45,4.54,40108698,181020565.47
2026-10-09,sz,000938,紫光股份,30.24,30.36,30.6,29.15,30.41,97322181,2908714958.96
2026-10-09,sz,000948,南天信息,12.99,12.9,13.48,12.77,13.45,6235109,82058348.1
2026-10-09,sz,000949,新乡化纤,6.59,6.69,7.15,6.6,7.04,96640089,664955257.79
2026-10-09,sz,000950,重药控股,5.23,5.22,5.36,5.2,5.34,22919825,121362801.25
2026-10-09,sz,000951,中国重汽,20.15,20.16,20.55,19.96,20.36,9439788,191765400.0
2026-10-09,sz,000952,广济药业,6.53,6.51,6.7,6.4,6.69,8058000,52832135.0
2026-10-09,sz,000953,中哲精化,5.94,5.91,5.98,5.71,5.95,6814800,39898299.0
2026-10-09,sz,000955,欣龙控股,4.05,4.03,4.15,3.91,4.14,13136200,52960407.0
2026-10-09,sz,000957,中通客车,9.74,9.75,9.79,9.52,9.76,9187552,88804168.68
2026-10-09,sz,000958,电投产融,4.99,4.99,5.01,4.94,4.98,9389400,46694508.0
2026-10-09,sz,000959,首钢股份,3.5,3.5,3.55,3.47,3.51,25935220,90935675.0
2026-10-09,sz,000960,锡业股份,29.95,28.9,30.12,28.51,29.9,34722102,1014420948.18
2026-10-09,sz,000962,东方钽业,55.11,54.02,54.6,50.07,52.55,22717918,1180830173.33
2026-10-09,sz,000963,华东医药,26.95,26.8,27.33,26.55,27.29,16539658,446295875.76
2026-10-09,sz,000965,天保基建,3.43,3.45,3.49,3.34,3.44,23717829,80706927.09
2026-10-09,sz,000966,长源电力,4.05,4.04,4.07,4.0,4.02,30881606,124272347.12
2026-10-09,sz,000967,盈峰环境,7.7,7.68,7.77,7.44,7.75,40167693,305515738.14
2026-10-09,sz,000968,蓝焰控股,7.16,7.17,7.2,7.02,7.11,24242618,171540354.9
2026-10-09,sz,000969,安泰科技,15.92,15.86,15.93,15.35,15.77,16357437,255739687.2
2026-10-09,sz,000970,中科三环,10.97,10.93,11.13,10.7,11.12,19263877,210496286.57
2026-10-09,sz,000972,中基健康,4.02,4.02,4.21,3.94,4.18,24549570,100048244.2
2026-10-09,sz,000973,佛塑科技,11.87,11.76,12.38,11.71,12.23,59485631,721752474.6
2026-10-09,sz,000975,山金国际,22.14,22.37,23.95,22.37,23.86,62880022,1467655387.17
2026-10-09,sz,000977,浪潮信息,64.56,64.03,64.89,61.92,64.69,46826402,2963584595.07
2026-10-09,sz,000978,桂林旅游,7.01,7.0,7.16,6.74,7.14,36742600,255039303.0
2026-10-09,sz,000980,众泰汽车,2.16,2.17,2.18,2.0,2.14,346989866,720167889.45
2026-10-09,sz,000981,山子高科,2.68,2.67,2.69,2.55,2.68,313537630,816880181.8
2026-10-09,sz,000983,山西焦煤,6.52,6.52,6.71,6.51,6.64,74089403,490175735.7
2026-10-09,sz,000985,大庆华科,17.74,17.74,17.9,17.43,17.86,2558590,45160127.5
2026-10-09,sz,000987,越秀资本,7.15,7.15,7.26,7.11,7.24,18660506,134252376.81
2026-10-09,sz,000988,华工科技,86.99,86.86,86.99,81.5,85.97,40357059,3408904817.03
2026-10-09,sz,000989,九芝堂,8.7,8.7,8.93,8.63,8.91,20234430,179251493.5
2026-10-09,sz,000990,诚志股份,6.35,6.35,6.42,6.25,6.41,30738366,195374962.56
2026-10-09,sz,000993,闽东电力,17.74,17.62,18.23,16.23,17.89,72377778,1267431189.56
2026-10-09,sz,000995,皇台酒业,11.54,11.6,11.68,10.98,11.45,13676326,154220117.44
2026-10-09,sz,000997,新 大 陆,18.9,18.9,19.68,18.72,19.61,12297431,236542314.56
2026-10-09,sz,000998,隆平高科,8.65,8.68,9.08,8.64,9.06,52810003,469702370.6
2026-10-09,sz,000999,华润三九,24.48,24.42,24.97,24.42,24.82,11957646,296658356.46
2026-10-09,sz,001201,东瑞股份,15.36,15.4,15.56,14.78,14.94,9045040,135788358.85
2026-10-09,sz,001202,炬申股份,15.07,14.99,15.27,14.73,15.0,3365105,50337330.43
2026-10-09,sz,001203,大中矿业,22.56,22.3,22.75,21.78,22.11,16051010,356545327.56
2026-10-09,sz,001205,盛航股份,14.54,14.6,14.79,14.29,14.46,4651000,67516495.0
2026-10-09,sz,001206,依依股份,19.13,19.03,19.19,18.46,19.05,11847322,223530192.08
2026-10-09,sz,001207,联科科技,18.49,18.49,18.5,17.81,18.25,4498460,81302975.4
2026-10-09,sz,001208,华菱线缆,13.12,13.05,13.05,12.37,12.91,9639187,122147809.17
2026-10-09,sz,001209,洪兴股份,19.43,19.4,19.49,18.6,19.27,2916700,55633696.0
2026-10-09,sz,001210,金房能源,25.92,25.79,26.3,23.89,26.3,6716687,168497115.93
2026-10-09,sz,001211,双枪科技,27.08,27.1,28.65,25.5,27.98,9201844,245615285.9
2026-10-09,sz,001212,中旗新材,34.92,34.97,34.97,31.66,32.78,6607620,216920686.6
2026-10-09,sz,001213,中铁特货,3.53,3.54,3.57,3.52,3.55,8830300,31348520.0
2026-10-09,sz,001215,千味央厨,32.55,32.55,32.69,31.41,32.54,1205197,38640301.37
2026-10-09,sz,001216,华瓷股份,23.56,22.0,23.14,21.22,22.75,36759575,810040413.41
2026-10-09,sz,001217,华尔泰,11.32,11.35,11.39,11.01,11.34,4500800,50400207.0
2026-10-09,sz,001218,丽臣实业,23.21,23.26,23.63,22.71,23.52,1851100,42894234.4
2026-10-09,sz,001219,青岛食品,13.03,12.95,13.26,12.83,13.26,2639440,34432465.29
2026-10-09,sz,001220,世盟股份,31.28,31.33,31.64,30.51,31.5,835294,26002639.35
2026-10-09,sz,001221,悍高集团,32.54,32.46,34.46,32.34,34.17,3714748,124481162.53
2026-10-09,sz,001222,源飞宠物,15.27,15.35,15.63,14.93,15.59,3688900,56467565.0
2026-10-09,sz,001223,欧克科技,40.12,40.09,40.09,36.23,38.5,2168635,82190919.95
2026-10-09,sz,001225,和泰机电,34.6,34.74,35.5,31.61,33.32,3309920,110860133.0
2026-10-09,sz,001226,拓山重工,43.08,43.08,43.08,39.7,41.47,1086400,44672496.0
2026-10-09,sz,001227,兰州银行,2.11,2.12,2.14,2.1,2.12,73173799,155056482.88
2026-10-09,sz,001228,永泰运,37.95,37.61,38.98,36.4,38.67,3213049,121731376.21
2026-10-09,sz,001229,魅视科技,35.34,35.9,36.89,34.2,36.66,3831104,136038665.32
2026-10-09,sz,001230,劲旅环境,19.37,19.38,19.64,18.5,19.27,3049440,57872076.6
2026-10-09,sz,001231,农心科技,22.88,22.97,23.28,22.41,23.28,1952300,44810585.0
2026-10-09,sz,001232,嘉立创,172.0,170.1,171.56,155.4,164.67,5289555,855220225.57
2026-10-09,sz,001233,海安集团,44.4,43.96,45.08,43.33,44.95,1913503,84803375.25
2026-10-09,sz,001234,泰慕士,23.26,23.25,23.83,22.8,23.76,9210432,215767424.15
2026-10-09,sz,001236,弘业期货,7.71,7.72,7.91,7.52,7.9,12558600,97105365.0
2026-10-09,sz,001237,惠康科技,49.01,49.04,49.91,48.63,49.78,936000,46206795.38
2026-10-09,sz,001238,浙江正特,25.61,25.61,26.3,25.07,26.16,1225495,31505173.08
2026-10-09,sz,001239,永达股份,12.5,12.44,12.52,12.05,12.45,2570398,31615842.75
2026-10-09,sz,001246,C力勤,53.55,50.9,52.88,45.01,45.05,71925823,3466031176.98
2026-10-09,sz,001248,华润新能,11.55,11.52,11.65,11.42,11.65,35816034,413758734.95
2026-10-09,sz,001255,博菲电气,27.01,26.89,27.3,26.11,27.27,1539950,41267092.5
2026-10-09,sz,001256,炜冈科技,21.75,21.93,21.98,20.61,21.27,2656300,55858701.0
2026-10-09,sz,001257,盛龙股份,20.42,20.39,20.85,20.01,20.85,10584897,216341510.92
2026-10-09,sz,001258,立新能源,10.11,10.04,10.1,9.72,10.08,32564400,322751235.0
2026-10-09,sz,001259,利仁科技,43.7,44.65,44.65,41.51,43.07,1552500,66446877.71
2026-10-09,sz,001260,坤泰股份,19.1,18.96,19.1,18.31,19.04,2267210,42366075.6
2026-10-09,sz,001266,宏英智能,41.62,41.18,41.76,38.75,40.64,9283125,373234860.23
2026-10-09,sz,001267,汇绿生态,32.42,32.0,32.03,29.45,30.83,29886006,918591621.75
2026-10-09,sz,001268,联合精密,24.28,24.23,24.25,22.43,24.15,3932620,91652460.75
2026-10-09,sz,001269,欧晶科技,18.67,18.67,18.76,18.0,18.69,2100880,38648189.0
2026-10-09,sz,001270,铖昌科技,90.33,90.18,90.29,83.1,87.1,5936437,510857453.26
2026-10-09,sz,001277,速达股份,30.21,30.07,30.39,29.3,30.39,1085800,32457649.0
2026-10-09,sz,001278,一彬科技,17.18,17.06,17.6,16.71,17.5,3851800,66176487.0
2026-10-09,sz,001279,强邦新材,26.8,26.73,26.99,26.24,26.97,1310299,34894688.06
2026-10-09,sz,001280,中国铀业,60.42,60.09,61.16,59.4,60.96,3162439,190531999.73
2026-10-09,sz,001282,三联锻造,16.64,16.61,16.61,15.85,16.36,3629233,58710431.69
2026-10-09,sz,001283,豪鹏科技,47.49,47.11,48.68,46.65,48.0,3759116,179656527.51
2026-10-09,sz,001285,瑞立科密,42.11,42.11,43.5,41.41,43.2,1495123,63435997.85
2026-10-09,sz,001286,陕西能源,9.66,9.68,9.97,9.66,9.94,30024379,296425061.83
2026-10-09,sz,001287,中电港,21.63,21.48,21.48,20.26,21.03,18423431,383792039.54
2026-10-09,sz,001288,运机集团,32.14,32.0,32.72,29.6,30.71,6666929,204787265.6
2026-10-09,sz,001289,龙源电力,14.96,14.97,15.05,14.92,15.03,3184209,47725606.06
2026-10-09,sz,001296,长江材料,19.27,19.31,19.5,18.45,19.26,1932300,36497386.0
2026-10-09,sz,001298,好上好,16.17,16.16,16.22,15.57,16.18,7633393,121296481.73
2026-10-09,sz,001299,美能能源,10.25,10.23,10.35,9.81,10.19,7406788,73894763.59
2026-10-09,sz,001300,三柏硕,13.51,14.26,14.86,14.18,14.86,8311400,122004198.0
2026-10-09,sz,001301,尚太科技,46.38,46.06,47.47,45.47,46.89,5970833,278048144.68
2026-10-09,sz,001306,夏厦精密,54.13,54.12,54.19,51.0,53.85,886430,46580612.13
2026-10-09,sz,001308,康冠科技,17.67,17.81,18.1,17.63,18.06,1891579,33884074.36
2026-10-09,sz,001309,德明利,341.48,336.37,339.46,319.62,336.91,9435914,3118592846.51
2026-10-09,sz,001311,多利科技,16.28,16.2,16.48,15.57,16.42,3798387,60847403.35
2026-10-09,sz,001312,福恩股份,18.0,17.95,18.15,17.71,18.1,2653699,47676146.94
2026-10-09,sz,001313,粤海饲料,7.08,7.05,7.31,6.97,7.26,15661490,111510939.5
2026-10-09,sz,001314,亿道信息,47.35,47.12,47.68,44.68,47.21,4091500,189408148.86
2026-10-09,sz,001316,润贝航科,26.61,26.68,26.79,25.23,26.77,3721826,97093001.7
2026-10-09,sz,001317,三羊马,66.28,67.65,69.78,62.68,68.26,13452985,883796747.69
2026-10-09,sz,001318,阳光乳业,12.83,12.8,14.11,12.4,13.43,29044294,384247822.46
2026-10-09,sz,001319,铭科精技,20.69,20.71,20.77,19.76,20.47,1753300,35539395.0
2026-10-09,sz,001322,箭牌家居,6.77,6.77,6.88,6.63,6.86,5259404,35481942.28
2026-10-09,sz,001323,慕思股份,18.64,18.64,19.05,18.38,18.99,1692342,31791541.5
2026-10-09,sz,001324,长青科技,20.39,20.29,20.39,19.34,20.03,4669496,92301910.2
2026-10-09,sz,001325,元创股份,36.03,36.1,39.48,35.62,38.92,3671677,138819631.95
2026-10-09,sz,001326,联域股份,101.37,100.07,102.3,93.11,100.7,3609999,353249889.51
2026-10-09,sz,001328,登康口腔,30.5,30.5,31.18,29.8,30.75,1841723,56090754.04
2026-10-09,sz,001330,博纳影业,6.34,6.47,6.97,6.29,6.97,243320419,1615588592.74
2026-10-09,sz,001331,胜通能源,38.5,38.0,38.18,34.65,35.33,11499362,407404536.2
2026-10-09,sz,001332,锡装股份,28.47,28.23,28.68,26.76,27.25,4739917,129382865.01
2026-10-09,sz,001333,光华股份,20.52,20.5,20.72,19.8,20.62,2109300,42690280.0
2026-10-09,sz,001335,信凯科技,33.4,33.4,33.4,32.1,32.85,839400,27391235.03
2026-10-09,sz,001336,楚环科技,20.65,21.9,22.72,21.3,22.72,15514647,347765040.46
2026-10-09,sz,001337,四川黄金,43.96,44.73,47.5,43.96,47.03,16073378,733471528.13
2026-10-09,sz,001338,永顺泰,9.32,9.32,9.45,9.16,9.45,7678000,71409875.0
2026-10-09,sz,001339,智微智能,67.65,66.98,67.5,62.9,66.25,5665906,369009417.66
2026-10-09,sz,001356,富岭股份,9.14,9.13,9.32,9.02,9.29,3899502,35774134.21
2026-10-09,sz,001358,兴欣新材,24.01,23.94,24.38,23.5,24.2,1712109,40967869.08
2026-10-09,sz,001359,平安电工,81.59,81.13,81.7,73.6,78.07,3276325,252893123.19
2026-10-09,sz,001360,南矿集团,18.63,18.59,18.59,17.0,17.82,6553250,115554901.82
2026-10-09,sz,001365,天海电子,35.48,35.05,35.46,34.19,35.14,4579903,159284183.84
2026-10-09,sz,001366,播恩集团,13.02,13.01,13.27,12.63,13.24,4592000,59551482.0
2026-10-09,sz,001367,海森药业,21.86,22.03,22.1,21.2,21.77,1833191,39510495.83
2026-10-09,sz,001368,通达创智,37.16,37.27,39.37,34.87,38.64,8985373,331357932.58
2026-10-09,sz,001369,双欣材料,12.0,12.0,12.21,11.96,12.16,5579353,67461983.28
2026-10-09,sz,001373,翔腾新材,30.44,30.19,30.19,28.16,29.98,1962600,57437175.16
2026-10-09,sz,001376,百通能源,12.25,12.13,12.25,11.63,12.18,14235000,169380005.9
2026-10-09,sz,001378,德冠新材,22.39,22.47,22.61,21.2,22.04,6449372,141089578.43
2026-10-09,sz,001379,腾达科技,15.96,15.96,15.99,15.27,15.81,2056200,32121757.0
2026-10-09,sz,001380,华纬科技,18.81,18.75,18.75,18.12,18.54,2140618,39421510.95
2026-10-09,sz,001382,新亚电缆,16.38,16.41,16.56,16.13,16.56,1501500,24535475.0
2026-10-09,sz,001386,马可波罗,15.69,15.58,16.43,15.58,16.26,4814715,77142880.49
2026-10-09,sz,001387,雪祺电气,12.38,12.4,12.46,11.9,12.46,3362800,40949429.0
2026-10-09,sz,001388,信通电子,19.8,19.82,19.86,18.85,19.69,3757278,72379645.57
2026-10-09,sz,001389,广合科技,167.0,165.59,165.59,150.3,154.5,11414542,1768310721.61
2026-10-09,sz,001390,古麒绒材,16.99,16.97,17.2,16.73,17.15,2503478,42483568.74
2026-10-09,sz,001391,国货航,3.9,3.88,4.06,3.88,4.05,75040740,300083011.81
2026-10-09,sz,001393,维通利,40.64,40.5,41.44,39.35,40.32,2634354,105995527.16
2026-10-09,sz,001395,亚联机械,30.19,29.94,30.78,29.8,30.64,1650561,50033308.14
2026-10-09,sz,001396,誉帆科技,31.14,31.38,31.69,30.6,31.44,883084,27602303.58
2026-10-09,sz,001399,惠科股份,20.52,20.48,20.52,19.4,20.03,24869811,494079108.41
2026-10-09,sz,001400,江顺科技,82.0,81.18,81.86,73.9,79.8,3399483,263762839.28
2026-10-09,sz,001696,宗申动力,14.64,14.62,14.85,14.36,14.79,25174315,369031628.08
2026-10-09,sz,001872,招商港口,24.61,24.65,24.78,24.2,24.63,3280959,80282136.44
2026-10-09,sz,001896,豫能控股,10.45,10.38,10.48,10.03,10.45,37115455,379678465.63
2026-10-09,sz,001914,招商积余,9.28,9.3,9.43,9.17,9.29,11460040,106051640.2
2026-10-09,sz,001965,招商公路,10.23,10.2,10.28,10.04,10.1,18417878,186999264.94
2026-10-09,sz,001979,招商蛇口,7.82,7.82,7.93,7.62,7.72,93401211,720235337.97
2026-10-09,sz,002001,新 和 成,26.31,26.18,26.71,25.87,26.58,22231816,584516884.79
2026-10-09,sz,002003,伟星股份,11.45,11.46,11.7,11.4,11.62,10311229,119340081.73
2026-10-09,sz,002004,华邦健康,4.35,4.35,4.59,4.35,4.57,54623825,245150934.49
2026-10-09,sz,002005,德豪润达,2.68,2.68,2.69,2.54,2.62,27340800,70890134.0
2026-10-09,sz,002006,精工科技,12.99,12.93,13.23,12.74,13.19,6597398,85704018.58
2026-10-09,sz,002007,华兰生物,13.2,13.16,13.39,13.1,13.35,12933470,171799641.24
2026-10-09,sz,002008,大族激光,78.11,78.23,78.44,72.85,75.5,40228510,3016487600.44
2026-10-09,sz,002009,天奇股份,15.33,15.4,15.64,14.81,15.61,11535115,175800228.79
2026-10-09,sz,002010,传化智联,4.58,4.58,4.61,4.53,4.6,17384000,79552150.0
2026-10-09,sz,002011,盾安环境,12.29,12.25,12.28,11.75,12.14,31920750,383570864.71
2026-10-09,sz,002012,凯恩股份,6.81,6.74,6.83,6.36,6.77,15535100,102083328.0
2026-10-09,sz,002014,永新股份,11.19,11.18,11.34,11.1,11.31,2950060,33227016.2
2026-10-09,sz,002015,协鑫能科,14.51,14.52,14.59,13.93,14.45,39062823,556377908.15
2026-10-09,sz,002016,世荣兆业,4.83,4.8,4.89,4.62,4.79,13940608,66019693.22
2026-10-09,sz,002017,东信和平,13.62,13.54,14.05,13.23,14.03,13468870,183677239.54
2026-10-09,sz,002019,亿帆医药,9.44,9.41,9.7,9.36,9.66,13701784,131540268.88
2026-10-09,sz,002020,京新药业,11.7,11.66,11.93,11.64,11.87,22192810,261698841.7
2026-10-09,sz,002021,中捷资源,2.55,2.54,2.62,2.48,2.61,30980216,78892779.96
2026-10-09,sz,002022,科华生物,6.05,6.04,6.22,5.92,6.2,20013713,121504177.74
2026-10-09,sz,002023,海特高新,9.13,9.1,9.16,8.78,9.14,11307522,101591085.9
2026-10-09,sz,002024,ST易购,1.15,1.15,1.16,1.14,1.15,20570601,23588178.64
2026-10-09,sz,002025,航天电器,64.5,63.54,64.15,58.6,61.72,12506555,760643417.09
2026-10-09,sz,002026,山东威达,10.93,11.02,11.02,10.48,10.78,8510418,90991750.16
2026-10-09,sz,002027,分众传媒,4.74,4.72,4.95,4.72,4.91,255001103,1235956951.09
2026-10-09,sz,002028,思源电气,117.11,116.0,120.88,114.0,120.09,14780072,1740333335.54
2026-10-09,sz,002029,七 匹 狼,9.19,9.27,10.1,9.05,9.92,67105561,649187327.94
2026-10-09,sz,002030,达安基因,5.96,5.91,6.04,5.6,6.03,75431404,441625779.37
2026-10-09,sz,002031,巨轮智能,5.32,5.27,5.29,5.01,5.24,115191105,591272508.27
2026-10-09,sz,002032,苏 泊 尔,41.44,41.28,41.7,40.8,41.23,2778100,114642413.0
2026-10-09,sz,002033,丽江股份,8.16,8.15,8.29,8.15,8.28,11871953,97557468.86
2026-10-09,sz,002034,旺能环境,14.04,14.02,14.45,13.92,14.4,6881949,97347650.82
2026-10-09,sz,002035,华帝股份,4.7,4.67,4.74,4.61,4.73,18529500,86765407.0
2026-10-09,sz,002036,联创电子,5.83,5.9,5.91,5.68,5.9,24213170,140625142.3
2026-10-09,sz,002037,保利联合,6.76,6.76,6.83,6.51,6.72,5779300,38410588.0
2026-10-09,sz,002038,双鹭药业,5.62,5.57,5.8,5.47,5.76,26015500,146877283.0
2026-10-09,sz,002039,黔源电力,20.01,19.99,20.16,19.91,20.11,8779744,175959727.55
2026-10-09,sz,002040,南 京 港,8.94,8.93,8.98,8.58,8.94,15132493,132002046.47
2026-10-09,sz,002041,登海种业,10.13,10.23,10.78,9.98,10.78,75584720,782895796.52
2026-10-09,sz,002042,华孚时尚,3.58,3.56,3.66,3.5,3.65,27812619,99487773.47
2026-10-09,sz,002043,兔 宝 宝,11.8,11.75,12.51,11.66,12.38,26939605,326649306.82
2026-10-09,sz,002044,美年健康,4.52,4.52,4.96,4.5,4.9,259616730,1234575413.06
2026-10-09,sz,002045,国光电器,8.39,8.38,8.87,8.28,8.78,17032600,145218993.0
2026-10-09,sz,002046,国机精工,58.0,57.0,57.42,52.22,55.3,15889991,863534348.66
2026-10-09,sz,002047,宝鹰股份,3.17,3.16,3.21,3.08,3.21,22238584,70051516.56
2026-10-09,sz,002048,宁波华翔,17.03,16.98,17.7,16.45,17.52,17874195,304803862.69
2026-10-09,sz,002049,紫光国微,56.14,55.88,56.71,54.72,56.59,11156302,621264071.95
2026-10-09,sz,002050,三花智控,33.94,33.77,33.9,32.01,33.58,65826654,2164108678.84
2026-10-09,sz,002051,中工国际,8.54,8.55,8.69,8.43,8.67,17161881,146817681.51
2026-10-09,sz,002052,同洲电子,7.81,7.8,8.36,7.7,8.25,12245200,98593870.06
2026-10-09,sz,002053,云南能投,9.64,9.62,9.75,9.58,9.73,6261672,60604763.46
2026-10-09,sz,002054,德美化工,7.07,7.02,7.13,6.9,7.13,8009348,56216786.84
2026-10-09,sz,002055,ST得润,6.27,6.28,6.3,6.07,6.28,11259500,69383192.0
2026-10-09,sz,002056,横店东磁,18.86,18.79,18.94,18.28,18.86,15409270,287391410.88
2026-10-09,sz,002057,中钢天源,8.82,8.82,8.97,8.62,8.94,14098350,124331958.0
2026-10-09,sz,002058,紫竹高科,22.22,24.44,24.44,24.44,24.44,4124052,100791830.88
2026-10-09,sz,002059,云南旅游,4.16,4.16,4.29,4.08,4.28,37023290,154670994.5
2026-10-09,sz,002060,广东建工,3.08,3.08,3.14,3.08,3.13,22400530,69922508.77
2026-10-09,sz,002061,浙江交科,3.36,3.37,3.41,3.36,3.38,25106887,85038647.29
2026-10-09,sz,002062,宏润建设,9.2,9.28,9.68,9.07,9.62,30202255,284351829.35
2026-10-09,sz,002063,远光软件,5.24,5.24,5.39,5.22,5.38,25811852,136965656.08
2026-10-09,sz,002064,华峰化学,9.77,9.78,10.33,9.78,10.2,49374412,496544599.28
2026-10-09,sz,002065,东华软件,6.41,6.46,6.6,6.36,6.57,28031567,181632758.91
2026-10-09,sz,002066,瑞泰科技,19.42,19.65,19.65,18.7,19.09,2662600,50535536.0
2026-10-09,sz,002067,景兴纸业,3.9,3.89,3.97,3.81,3.95,29661400,115290548.0
2026-10-09,sz,002068,黑猫股份,9.05,8.98,9.31,8.72,9.28,46897657,428186125.64
2026-10-09,sz,002069,獐子岛,3.65,3.65,3.71,3.57,3.69,11301501,41206058.69
2026-10-09,sz,002072,凯瑞德,7.04,6.98,7.12,6.8,7.11,8754200,61074367.0
2026-10-09,sz,002073,软控股份,5.66,5.66,5.75,5.61,5.74,14638882,83229238.04
2026-10-09,sz,002074,国轩高科,31.3,30.36,32.0,29.85,30.41,112261313,3451359095.78
2026-10-09,sz,002075,沙钢股份,3.52,3.52,3.56,3.5,3.55,23745463,83945792.31
2026-10-09,sz,002076,星光股份,2.1,2.08,2.12,2.03,2.12,25480700,52827836.0
2026-10-09,sz,002077,大港股份,13.19,13.19,13.57,12.49,12.92,35156878,453250480.18
2026-10-09,sz,002078,太阳纸业,13.64,13.67,13.88,13.53,13.77,18813300,258299922.24
2026-10-09,sz,002079,苏州固锝,8.28,8.28,8.32,8.03,8.3,19306991,157968849.76
2026-10-09,sz,002080,中材科技,52.01,52.96,53.1,49.24,51.8,49793326,2548822498.11
2026-10-09,sz,002081,金 螳 螂,4.76,4.7,4.76,4.5,4.74,145522296,672792290.37
2026-10-09,sz,002082,ST万邦,11.68,11.67,12.85,11.66,12.85,21437302,268287499.22
2026-10-09,sz,002083,孚日股份,9.72,9.78,10.69,9.68,10.19,90628057,931693495.33
2026-10-09,sz,002084,海鸥住工,5.54,5.48,5.64,5.23,5.58,53549605,291107808.89
2026-10-09,sz,002085,万丰奥威,9.22,9.22,9.3,9.07,9.28,19602019,180487627.56
2026-10-09,sz,002086,东方海洋,2.01,2.0,2.09,1.98,2.08,58115136,118205044.88
2026-10-09,sz,002088,鲁阳节能,8.11,8.13,8.21,7.95,8.19,3378757,27283314.48
2026-10-09,sz,002090,金智科技,9.04,9.01,9.25,8.89,9.24,8484002,76885255.8
2026-10-09,sz,002091,江苏国泰,7.64,7.61,7.77,7.6,7.73,14378924,110854112.28
2026-10-09,sz,002092,中泰化学,4.42,4.47,4.52,4.43,4.51,42326010,189448873.8
2026-10-09,sz,002093,国脉科技,7.11,7.0,7.02,6.58,6.8,31339954,211395590.76
2026-10-09,sz,002094,青岛金王,4.89,4.89,5.05,4.75,5.03,24279581,119189345.09
2026-10-09,sz,002095,生 意 宝,15.33,15.33,15.95,14.76,15.85,9261610,142260740.68
2026-10-09,sz,002096,易普力,9.16,9.16,9.36,9.13,9.27,5471514,50772658.2
2026-10-09,sz,002097,山河智能,6.75,6.76,6.84,6.61,6.82,13826500,92869818.0
2026-10-09,sz,002098,浔兴股份,8.41,8.4,8.45,8.18,8.41,5188959,43082832.98
2026-10-09,sz,002099,海翔药业,6.15,6.1,6.33,6.1,6.32,38789235,241411049.72
2026-10-09,sz,002100,天康生物,7.62,7.67,7.74,7.53,7.68,16788446,128198023.38
2026-10-09,sz,002101,广东鸿图,8.58,8.6,8.67,8.53,8.57,5060800,43414073.0
2026-10-09,sz,002102,ST能特,2.55,2.56,2.56,2.51,2.54,7071700,17954198.0
2026-10-09,sz,002103,广博股份,6.63,6.61,6.81,6.52,6.81,7725900,51570119.0
2026-10-09,sz,002104,恒宝股份,9.99,9.93,10.38,9.64,10.36,35453305,354962421.25
2026-10-09,sz,002105,信隆健康,6.17,6.14,6.79,6.03,6.51,32302395,210375419.39
2026-10-09,sz,002106,莱宝高科,11.73,11.59,11.75,11.04,11.46,25797337,292692285.3
2026-10-09,sz,002107,沃华医药,7.16,7.17,7.37,6.94,7.35,28211230,202639326.48
2026-10-09,sz,002108,沧州明珠,4.36,4.34,4.44,4.31,4.44,29716149,130701766.33
2026-10-09,sz,002109,ST兴化,2.86,2.87,2.88,2.8,2.85,5729849,16246185.67
2026-10-09,sz,002110,三钢闽光,2.91,2.91,2.95,2.89,2.92,33424360,97551483.0
2026-10-09,sz,002111,威海广泰,9.14,9.15,9.3,9.1,9.29,7097018,65390494.04
2026-10-09,sz,002112,三变科技,13.78,13.82,13.93,13.23,13.8,6788389,92011752.15
2026-10-09,sz,002114,罗平锌电,7.13,7.08,7.23,6.92,7.21,5717300,40417675.0
2026-10-09,sz,002115,三维通信,9.14,9.12,9.59,8.88,9.55,41512040,383108917.26
2026-10-09,sz,002116,中国海诚,7.15,7.14,7.29,7.13,7.29,3495920,25228943.2
2026-10-09,sz,002117,东港股份,7.78,7.78,7.99,7.65,7.97,7612946,59647840.0
2026-10-09,sz,002119,康强电子,25.07,24.89,25.0,22.56,23.2,75731728,1752515864.32
2026-10-09,sz,002120,韵达股份,6.79,6.78,6.94,6.78,6.94,32424018,223059857.55
2026-10-09,sz,002121,科陆电子,4.21,4.21,4.31,4.16,4.3,26316126,111543163.2
2026-10-09,sz,002122,ST汇洲,2.86,2.86,2.88,2.8,2.88,13170745,37413651.15
2026-10-09,sz,002123,梦网科技,7.4,7.41,7.68,7.28,7.67,17823648,132972294.12
2026-10-09,sz,002124,天邦食品,1.95,1.95,2.01,1.92,2.01,70454624,138194169.32
2026-10-09,sz,002125,湘潭电化,12.25,12.2,12.67,12.11,12.62,35980015,449139825.97
2026-10-09,sz,002126,银轮股份,32.94,32.73,33.44,31.01,32.97,21891357,704511347.15
2026-10-09,sz,002127,南极电商,2.92,2.92,3.07,2.91,3.06,67269552,200998768.6
2026-10-09,sz,002128,电投能源,28.15,28.0,28.9,27.83,28.8,14369072,408155399.56
2026-10-09,sz,002129,TCL中环,9.37,9.26,9.7,9.26,9.69,133413191,1272144308.18
2026-10-09,sz,002130,沃尔核材,15.57,15.6,15.67,15.14,15.64,19288909,297488834.33
2026-10-09,sz,002131,利欧股份,4.12,4.11,4.31,4.03,4.3,236495204,985197919.83
2026-10-09,sz,002132,恒星科技,4.0,4.0,4.08,3.96,4.08,33614550,135342675.0
2026-10-09,sz,002133,广宇集团,2.99,2.99,3.02,2.87,2.97,20676002,60790838.87
2026-10-09,sz,002134,天津普林,22.66,22.46,22.54,20.39,21.25,20086243,427435206.15
2026-10-09,sz,002135,东南网架,6.14,6.19,6.19,5.71,6.02,18702900,110052598.0
2026-10-09,sz,002136,安 纳 达,12.2,12.16,12.25,11.85,12.25,7293100,88077115.0
2026-10-09,sz,002137,实益达,7.78,7.75,7.82,7.34,7.8,38458700,292848599.0
2026-10-09,sz,002138,顺络电子,48.09,47.14,47.25,43.81,45.6,29077015,1320402423.37
2026-10-09,sz,002139,拓邦股份,9.61,9.61,9.85,9.57,9.83,20724620,202310475.84
2026-10-09,sz,002140,东华科技,9.39,9.34,9.45,9.25,9.41,4351467,40689332.8
2026-10-09,sz,002141,贤丰控股,6.13,6.0,6.0,5.52,5.72,146986423,828768969.48
2026-10-09,sz,002142,宁波银行,35.68,35.67,35.98,35.19,35.24,25853178,917306705.96
2026-10-09,sz,002144,宏达高科,11.06,11.07,11.19,10.61,11.05,3983000,43260880.0
2026-10-09,sz,002145,钛能化学,4.67,4.64,4.76,4.61,4.74,64181939,300107353.02
2026-10-09,sz,002146,荣盛发展,1.26,1.28,1.3,1.22,1.27,228551864,286350871.64
2026-10-09,sz,002148,北纬科技,6.11,6.11,6.29,5.95,6.29,11559340,70733798.6
2026-10-09,sz,002149,西部材料,33.62,34.2,34.29,31.21,32.7,45611540,1486790331.88
2026-10-09,sz,002150,正泰电源,19.61,19.78,19.78,18.85,19.39,6698395,128746770.89
2026-10-09,sz,002151,北斗星通,28.21,28.01,28.48,27.14,28.14,14259834,395827022.68
2026-10-09,sz,002152,广电运通,8.8,8.8,9.04,8.7,9.02,20046053,177554147.59
2026-10-09,sz,002153,石基信息,7.19,7.19,7.47,7.05,7.42,19316756,140078445.85
2026-10-09,sz,002154,报 喜 鸟,3.8,3.81,3.92,3.8,3.9,33128289,127628375.2
2026-10-09,sz,002155,湖南黄金,22.76,23.01,24.19,22.91,23.96,62623819,1472863397.3
2026-10-09,sz,002156,通富微电,55.93,55.0,55.99,52.9,55.55,64999358,3539301220.43
2026-10-09,sz,002157,正邦科技,2.88,2.89,2.93,2.88,2.91,94149692,273903794.13
2026-10-09,sz,002158,汉钟精机,24.03,23.92,24.0,22.51,23.45,8998180,207952815.27
2026-10-09,sz,002159,三特索道,13.2,13.19,13.38,12.93,13.38,1800100,23679714.0
2026-10-09,sz,002160,常铝股份,3.89,3.9,3.94,3.83,3.93,11478265,44639389.5
2026-10-09,sz,002161,远 望 谷,6.17,6.17,6.18,5.73,6.13,31452627,187576961.77
2026-10-09,sz,002162,悦心健康,4.23,4.2,4.43,4.19,4.41,36655570,158716018.3
2026-10-09,sz,002163,海南发展,7.46,7.55,7.57,7.18,7.55,23806956,175624346.3
2026-10-09,sz,002164,宁波东力,12.83,12.74,13.75,12.51,13.58,45851846,600459341.13
2026-10-09,sz,002165,红 宝 丽,6.98,6.98,7.05,6.76,7.03,41852660,289170471.32
2026-10-09,sz,002166,莱茵生物,6.96,6.98,7.32,6.92,7.3,24409380,174779424.48
2026-10-09,sz,002167,东方锆业,14.9,14.87,14.88,13.78,14.45,44487107,631973141.76
2026-10-09,sz,002168,ST惠程,3.52,3.52,3.63,3.51,3.61,6797297,24407019.24
2026-10-09,sz,002169,智光电气,12.4,12.3,12.33,11.16,11.57,33731617,390590742.63
2026-10-09,sz,002170,芭田股份,10.72,10.7,10.92,10.66,10.83,12774857,137988999.61
2026-10-09,sz,002171,楚江新材,9.69,9.68,9.72,9.41,9.63,29137616,278816501.58
2026-10-09,sz,002172,澳洋健康,5.66,5.62,6.13,5.55,5.91,197553742,1149758062.33
2026-10-09,sz,002173,创新医疗,17.1,16.81,16.98,16.02,16.77,19301141,317148189.48
2026-10-09,sz,002174,游族网络,12.62,12.6,12.68,12.0,12.6,33679654,416212700.61
2026-10-09,sz,002175,*ST东智,2.45,2.45,2.45,2.36,2.41,15438540,36970629.0
2026-10-09,sz,002176,江特电机,8.48,8.44,8.64,8.28,8.55,44758480,379332645.24
2026-10-09,sz,002177,御银股份,5.38,5.38,5.64,5.3,5.63,22771938,124917587.22
2026-10-09,sz,002178,延华智能,4.89,4.83,5.08,4.65,5.06,43007900,209406277.0
2026-10-09,sz,002179,中航光电,33.18,33.1,33.57,32.3,33.39,20645898,678044843.85
2026-10-09,sz,002180,奔图科技,16.83,16.67,17.18,16.44,17.06,14735683,248514860.86
2026-10-09,sz,002181,粤 传 媒,8.54,8.48,9.39,8.2,9.39,86591981,770568011.59
2026-10-09,sz,002182,宝武镁业,11.58,11.48,12.5,11.33,12.3,56349884,674996579.35
2026-10-09,sz,002183,怡 亚 通,4.2,4.17,4.39,4.16,4.38,80146854,345831586.16
2026-10-09,sz,002184,海得控制,9.84,9.8,9.93,9.5,9.92,4925314,47866910.64
2026-10-09,sz,002185,华天科技,16.03,15.85,15.98,15.13,15.85,168854183,2631101235.75
2026-10-09,sz,002186,全 聚 德,9.63,9.6,9.69,9.34,9.56,10907113,103746892.61
2026-10-09,sz,002187,广百股份,5.45,5.41,5.7,5.4,5.68,12855000,71291509.0
2026-10-09,sz,002188,中天服务,5.97,5.9,6.2,5.63,5.93,47623478,278871823.73
2026-10-09,sz,002189,中光学,18.43,18.42,18.42,17.69,18.3,2514832,45334472.39
2026-10-09,sz,002190,成飞集成,22.87,23.25,23.25,22.05,22.84,4482101,100797652.46
2026-10-09,sz,002191,劲嘉股份,3.46,3.44,3.51,3.43,3.49,8347668,28923426.0
2026-10-09,sz,002192,融捷股份,57.22,57.21,58.64,55.39,57.25,15678721,894311423.87
2026-10-09,sz,002193,ST如意,4.48,4.5,4.51,4.26,4.47,4017155,17660551.85
2026-10-09,sz,002194,武汉凡谷,9.72,9.64,9.78,9.28,9.77,21848784,207784567.24
2026-10-09,sz,002195,岩山科技,5.84,5.84,5.96,5.68,5.92,109138331,635566396.36
2026-10-09,sz,002196,方正电机,9.85,9.83,10.07,9.51,10.06,19977816,195867216.12
2026-10-09,sz,002197,证通电子,6.22,6.2,6.44,6.0,6.42,20501333,127602445.93
2026-10-09,sz,002198,ST嘉应,3.51,3.53,3.59,3.42,3.55,4287468,15075619.36
2026-10-09,sz,002199,东晶电子,11.1,11.12,11.12,10.64,11.05,3899001,42436229.93
2026-10-09,sz,002200,交投生态,6.69,6.69,6.84,6.43,6.79,5778200,38283020.0
2026-10-09,sz,002201,九鼎新材,8.95,8.95,8.95,8.4,8.81,22349176,193601031.24
2026-10-09,sz,002202,金风科技,16.68,16.68,16.72,15.93,16.35,80208310,1300623015.01
2026-10-09,sz,002203,海亮股份,16.82,16.7,16.88,15.75,16.22,30282176,489282952.57
2026-10-09,sz,002204,大连重工,5.39,5.41,5.46,5.31,5.41,33096227,178152160.99
2026-10-09,sz,002205,国统股份,12.08,12.16,12.28,11.49,12.1,11738700,139413623.0
2026-10-09,sz,002206,海 利 得,4.89,4.9,4.94,4.86,4.92,6518700,31979268.0
2026-10-09,sz,002207,*ST准油,5.41,5.38,5.41,5.21,5.41,5524300,29389806.0
2026-10-09,sz,002208,合肥城建,9.63,9.55,9.69,9.16,9.6,23061596,217117936.9
2026-10-09,sz,002209,达 意 隆,13.07,13.02,13.12,12.56,13.04,4003949,51459870.97
2026-10-09,sz,002210,飞马国际,2.08,2.08,2.13,2.05,2.13,57360950,120006650.0
2026-10-09,sz,002211,ST宏达,3.68,3.68,3.73,3.56,3.72,5049450,18417443.5
2026-10-09,sz,002212,天融信,6.87,6.81,7.56,6.67,7.56,123224128,882347754.86
2026-10-09,sz,002213,大为股份,26.07,25.8,26.02,24.4,25.88,10030248,252928894.52
2026-10-09,sz,002214,大立科技,17.08,17.03,17.16,16.36,16.96,6605020,110630186.4
2026-10-09,sz,002215,诺 普 信,9.35,9.35,9.47,9.26,9.41,13983729,131068986.33
2026-10-09,sz,002216,三全食品,11.63,11.63,11.83,11.62,11.76,5788639,67942140.9
2026-10-09,sz,002217,ST合力泰,1.54,1.53,1.54,1.5,1.53,84531800,128448999.0
2026-10-09,sz,002218,拓日新能,3.86,3.85,3.91,3.74,3.91,40298687,154011201.98
2026-10-09,sz,002219,新里程,2.04,2.04,2.12,2.02,2.11,88796644,183933926.39
2026-10-09,sz,002221,东华能源,5.74,5.74,5.79,5.61,5.68,21578689,122242254.26
2026-10-09,sz,002222,福晶科技,56.58,55.9,56.0,51.7,54.6,20985275,1130757223.87
2026-10-09,sz,002223,鱼跃医疗,25.95,25.95,26.37,25.88,26.12,10728900,280329770.0
2026-10-09,sz,002224,三 力 士,3.74,3.75,3.87,3.72,3.86,17243000,65503370.0
2026-10-09,sz,002225,濮耐股份,3.44,3.41,3.51,3.36,3.5,23499146,80603625.43
2026-10-09,sz,002226,江南化工,5.29,5.27,5.39,5.18,5.35,52325580,275618767.2
2026-10-09,sz,002227,*ST特迅,6.4,6.38,6.43,6.19,6.38,1565500,9882829.0
2026-10-09,sz,002228,合兴包装,3.22,3.21,3.28,3.16,3.26,23791320,76571193.2
2026-10-09,sz,002229,鸿博股份,9.94,9.95,10.15,9.58,10.12,21635903,213279649.32
2026-10-09,sz,002230,科大讯飞,36.89,36.76,37.46,36.0,37.4,22713745,832815671.06
2026-10-09,sz,002232,启明信息,16.09,15.91,16.76,15.46,16.68,25552912,415293906.31
2026-10-09,sz,002233,塔牌集团,7.1,7.09,7.33,7.08,7.23,29959400,216352715.0
2026-10-09,sz,002234,民和股份,7.8,7.85,7.92,7.66,7.8,4799200,37287403.0
2026-10-09,sz,002235,安妮股份,7.5,7.52,7.71,7.23,7.66,19683721,147072763.47
2026-10-09,sz,002236,大华股份,15.29,15.21,15.49,15.2,15.46,16333062,250714483.76
2026-10-09,sz,002237,恒邦股份,12.33,12.4,12.81,12.32,12.76,24615587,309423645.33
2026-10-09,sz,002238,天威视讯,6.9,6.86,7.31,6.53,7.22,49544917,343086495.73
2026-10-09,sz,002239,奥特佳,2.46,2.45,2.51,2.44,2.5,58685923,145119993.01
2026-10-09,sz,002240,盛新锂能,25.14,25.13,25.88,24.36,25.35,35496996,893042072.14
2026-10-09,sz,002241,歌尔股份,21.7,21.71,21.78,20.96,21.51,80233004,1711091246.99
2026-10-09,sz,002242,九阳股份,13.75,14.3,15.13,13.6,15.13,139229382,2062716607.09
2026-10-09,sz,002243,力合科创,7.01,7.01,7.19,6.92,7.16,14226130,100313406.7
2026-10-09,sz,002244,滨江集团,10.21,10.22,10.55,10.01,10.15,64419591,653776395.0
2026-10-09,sz,002245,蔚蓝锂芯,16.35,16.23,16.25,15.45,16.09,69800386,1107948712.38
2026-10-09,sz,002246,北化股份,24.51,24.38,25.97,23.82,25.75,31515693,785598491.47
2026-10-09,sz,002247,聚力文化,2.46,2.46,2.51,2.39,2.5,20931500,51248550.0
2026-10-09,sz,002248,华东数控,9.09,9.06,9.12,8.65,9.09,14461600,128376348.0
2026-10-09,sz,002249,大洋电机,6.3,6.31,6.4,6.2,6.38,26553719,167317864.93
2026-10-09,sz,002250,联化科技,14.43,14.44,14.72,14.23,14.6,11613494,169441005.4
2026-10-09,sz,002251,步步高,3.43,3.43,3.6,3.41,3.58,108479104,380466728.6
2026-10-09,sz,002252,上海莱士,5.06,5.05,5.11,5.0,5.06,67982500,344575813.0
2026-10-09,sz,002253,川大智胜,8.59,8.6,8.75,8.35,8.74,6728100,57525213.97
2026-10-09,sz,002254,泰和新材,11.48,11.41,11.59,11.13,11.44,15489349,175906764.62
2026-10-09,sz,002255,海陆重工,7.32,7.32,7.5,7.2,7.48,9195804,67684656.5
2026-10-09,sz,002256,兆新股份,3.15,3.14,3.2,3.05,3.18,37385239,116515524.13
2026-10-09,sz,002258,利尔化学,13.72,13.66,14.04,13.66,13.99,13863041,192080861.68
2026-10-09,sz,002259,升达林业,5.15,5.17,5.17,4.73,5.1,36594652,180914513.56
2026-10-09,sz,002261,拓维信息,24.02,23.6,23.81,23.07,23.53,25859693,604660300.0
2026-10-09,sz,002262,恩华药业,21.85,21.78,22.08,21.59,21.74,11017348,239783876.8
2026-10-09,sz,002263,大东南,3.26,3.24,3.3,3.19,3.3,68980510,224985901.4
2026-10-09,sz,002264,新 华 都,7.16,7.16,7.45,6.86,7.4,49300704,353205973.26
2026-10-09,sz,002265,建设工业,18.71,18.71,18.84,18.2,18.81,7948278,146992271.84
2026-10-09,sz,002266,浙富控股,4.86,4.82,4.86,4.68,4.8,78046860,371191645.8
2026-10-09,sz,002267,陕天然气,7.36,7.35,7.41,7.3,7.33,6550881,48163905.54
2026-10-09,sz,002268,电科网安,14.44,14.39,15.35,14.3,15.29,27833971,415935687.12
2026-10-09,sz,002269,美邦服饰,1.38,1.37,1.42,1.36,1.41,56281000,78224195.0
2026-10-09,sz,002270,华明装备,17.67,17.92,18.94,17.8,18.81,33004631,611827247.74
2026-10-09,sz,002271,东方雨虹,10.67,10.59,10.98,10.5,10.9,49433108,532164522.12
2026-10-09,sz,002272,川润股份,13.62,13.62,13.67,12.85,13.6,18590643,246490771.16
2026-10-09,sz,002273,水晶光电,23.15,22.99,22.99,21.62,22.37,58002994,1289088416.88
2026-10-09,sz,002274,华昌化工,5.87,5.87,5.93,5.75,5.91,17593176,102951834.64
2026-10-09,sz,002275,桂林三金,12.19,12.15,12.38,12.15,12.35,2509310,30880372.5
2026-10-09,sz,002276,万马股份,9.9,9.91,9.99,9.74,9.96,11472980,113407766.94
2026-10-09,sz,002277,友阿股份,4.79,4.77,4.9,4.66,4.86,28972504,138323924.39
2026-10-09,sz,002278,神开股份,8.01,7.98,8.02,7.59,8.02,12640200,98997831.0
2026-10-09,sz,002279,久其软件,6.46,6.44,6.81,6.3,6.78,38501940,253663952.0
2026-10-09,sz,002281,光迅科技,152.01,151.39,151.51,141.08,148.71,33576578,4921453291.29
2026-10-09,sz,002282,博深股份,6.03,6.02,6.11,5.96,6.08,4582000,27642492.0
2026-10-09,sz,002283,天润工业,7.77,7.72,7.77,7.37,7.71,23594571,178947708.02
2026-10-09,sz,002284,亚太股份,9.3,9.25,9.28,8.87,9.26,19473500,176755534.0
2026-10-09,sz,002285,世联行,3.21,3.3,3.53,2.98,3.27,331035474,1078343000.96
2026-10-09,sz,002286,保龄宝,8.45,8.35,8.51,8.25,8.48,19015841,159604648.04
2026-10-09,sz,002287,奇正藏药,19.34,19.3,19.67,19.22,19.56,2041909,39954919.7
2026-10-09,sz,002289,宇顺电子,32.65,32.65,32.86,31.31,32.55,3237641,103780855.34
2026-10-09,sz,002290,禾盛新材,63.91,63.0,64.9,60.0,62.53,5736531,358792336.96
2026-10-09,sz,002291,遥望科技,5.43,5.43,5.71,5.28,5.68,45386515,250290561.6
2026-10-09,sz,002292,奥飞娱乐,8.4,8.42,9.2,8.31,9.04,90658998,792419501.24
2026-10-09,sz,002293,罗莱生活,10.85,10.91,11.4,10.66,11.33,10739936,119674663.42
2026-10-09,sz,002294,信立泰,30.15,30.15,31.15,29.68,30.93,10536957,320865091.42
2026-10-09,sz,002295,精艺股份,9.71,9.7,9.75,9.3,9.7,9139100,87527412.5
2026-10-09,sz,002296,辉煌科技,9.31,9.27,9.41,9.05,9.38,9900479,91306923.08
2026-10-09,sz,002297,博云新材,19.18,19.14,19.14,17.61,18.51,48977039,892561824.47
2026-10-09,sz,002298,中电鑫龙,8.86,8.78,8.78,7.97,8.31,54157129,447333643.08
2026-10-09,sz,002299,圣农发展,15.68,15.68,15.92,15.64,15.87,5562699,87993511.08
2026-10-09,sz,002300,太阳电缆,7.96,7.83,7.85,7.16,7.48,46827046,347267784.25
2026-10-09,sz,002301,齐心集团,8.6,8.68,8.69,7.93,8.39,30240885,249381340.84
2026-10-09,sz,002302,西部建设,4.68,4.68,4.75,4.62,4.75,5271000,24699095.0
2026-10-09,sz,002303,美盈森,6.38,6.32,6.54,6.01,6.4,81332378,509897727.12
2026-10-09,sz,002304,洋河股份,37.02,37.0,37.38,36.98,37.28,5296131,196775086.48
2026-10-09,sz,002305,*ST南置,2.07,2.07,2.08,2.02,2.08,18057137,36964227.22
2026-10-09,sz,002306,ST云网,2.04,2.05,2.06,1.97,2.01,11318300,22604869.0
2026-10-09,sz,002307,北新路桥,2.93,2.91,2.97,2.89,2.96,17976640,52639199.6
2026-10-09,sz,002309,中利集团,2.8,2.78,2.84,2.72,2.83,64553610,179564529.8
2026-10-09,sz,002310,东方新能,2.22,2.22,2.25,2.17,2.24,67948694,150350672.22
2026-10-09,sz,002311,海大集团,41.96,41.99,43.1,41.77,42.83,6939169,295175544.43
2026-10-09,sz,002312,川发龙蟒,8.16,8.12,8.27,8.1,8.27,18152333,148853606.44
2026-10-09,sz,002313,日海智能,8.65,8.6,8.66,8.06,8.61,14887000,124846149.0
2026-10-09,sz,002314,南山控股,2.35,2.37,2.41,2.3,2.38,37738892,88503254.28
2026-10-09,sz,002315,焦点科技,24.15,24.15,25.23,23.66,25.08,8142927,199239739.88
2026-10-09,sz,002316,亚联发展,4.98,4.7,5.03,4.48,4.85,116346426,548642459.48
2026-10-09,sz,002317,众生药业,23.17,24.02,25.49,23.7,25.49,49414943,1221113050.24
2026-10-09,sz,002318,久立特材,17.67,17.58,17.94,17.35,17.78,7824773,138394629.24
2026-10-09,sz,002319,乐通股份,10.0,9.95,10.16,9.66,10.14,11007600,108970798.0
2026-10-09,sz,002320,海峡股份,6.28,6.29,6.35,6.12,6.33,24375822,151877693.74
2026-10-09,sz,002321,华英农业,2.06,2.05,2.11,1.98,2.09,118096252,240811756.16
2026-10-09,sz,002322,理工能科,11.85,11.8,11.98,11.47,11.95,7003000,81976383.0
2026-10-09,sz,002323,*ST雅博,1.2,1.19,1.25,1.19,1.24,49210447,59823072.33
2026-10-09,sz,002324,普利特,8.74,8.7,8.83,8.36,8.74,30397006,262291048.44
2026-10-09,sz,002326,永太科技,16.61,16.5,17.38,16.46,17.19,41451376,706652203.16
2026-10-09,sz,002327,富安娜,6.18,6.18,6.24,6.14,6.21,5181300,32067281.0
2026-10-09,sz,002328,新朋股份,7.88,7.87,7.89,7.44,7.81,33301314,255006399.28
2026-10-09,sz,002329,皇氏集团,3.63,3.61,3.9,3.53,3.85,39890005,148956965.7
2026-10-09,sz,002330,得利斯,4.06,4.06,4.14,4.01,4.14,8644700,35214155.0
2026-10-09,sz,002331,皖通科技,6.79,6.76,7.08,6.62,7.08,9873524,67788084.84
2026-10-09,sz,002332,仙琚制药,8.64,8.62,8.78,8.62,8.76,18569409,162154244.59
2026-10-09,sz,002333,罗普斯金,5.39,5.42,5.43,5.26,5.37,9402500,50098529.0
2026-10-09,sz,002334,英威腾,6.36,6.36,6.45,6.22,6.44,10230292,64930085.04
2026-10-09,sz,002335,科华数据,28.95,28.43,28.89,26.43,27.58,27990580,767590095.46
2026-10-09,sz,002337,赛象科技,4.65,4.63,4.7,4.53,4.68,10767200,49731907.0
2026-10-09,sz,002338,奥普光电,39.54,39.3,39.44,36.9,38.68,6434634,245198780.99
2026-10-09,sz,002339,积成电子,7.23,7.19,7.26,6.93,7.25,19110675,135289469.65
2026-10-09,sz,002340,格林美,6.2,6.2,6.32,6.17,6.26,104102871,652887950.0
2026-10-09,sz,002342,巨力索具,8.46,8.31,8.5,7.61,7.92,182240586,1431337090.06
2026-10-09,sz,002343,慈文传媒,5.53,5.52,6.08,5.36,6.08,24211935,140260295.52
2026-10-09,sz,002344,海宁皮城,3.98,3.97,4.04,3.91,4.03,13122100,52311242.0
2026-10-09,sz,002345,潮宏基,8.45,8.51,8.82,8.43,8.78,18201552,157493554.01
2026-10-09,sz,002346,柘中股份,17.7,17.63,18.07,16.75,17.92,8915557,154501700.16
2026-10-09,sz,002347,泰尔股份,6.3,6.3,6.32,5.98,6.29,34141600,210565345.0
2026-10-09,sz,002348,高乐股份,10.25,10.22,10.22,9.23,9.85,34366800,325927248.0
2026-10-09,sz,002349,精华制药,8.72,8.71,9.59,8.67,9.24,132047786,1219404284.65
2026-10-09,sz,002350,北京科锐,13.29,13.2,13.58,12.71,13.5,7873104,103943991.31
2026-10-09,sz,002351,漫步者,9.71,9.71,9.96,9.62,9.87,9552200,93439436.54
2026-10-09,sz,002352,顺丰控股,30.77,30.77,31.05,30.72,30.85,18211278,562807101.28
2026-10-09,sz,002353,杰瑞股份,109.55,109.0,109.56,100.35,103.9,23080613,2372937320.31
2026-10-09,sz,002354,天娱数科,7.0,7.01,7.4,6.81,7.37,174227536,1239714380.01
2026-10-09,sz,002355,兴民智通,4.57,4.53,4.66,4.43,4.64,12790500,58035134.0
2026-10-09,sz,002356,鹏飞绿能,2.66,2.65,2.7,2.6,2.69,20384550,54019297.5
2026-10-09,sz,002357,富临运业,11.63,11.65,11.72,11.11,11.62,6165300,70336592.0
2026-10-09,sz,002358,森源电气,5.17,5.17,5.22,5.06,5.22,10984800,56423839.0
2026-10-09,sz,002360,ST同德,5.11,5.1,5.22,5.0,5.22,3715500,18914035.0
2026-10-09,sz,002361,神剑股份,10.1,9.95,10.13,9.26,9.59,120896001,1163528610.83
2026-10-09,sz,002362,汉王科技,15.45,15.3,15.86,14.85,15.82,6684911,102730927.44
2026-10-09,sz,002363,隆基机械,6.9,6.86,6.94,6.68,6.93,5949697,40499194.37
2026-10-09,sz,002364,中恒电气,31.27,31.27,31.27,29.42,30.83,18298096,553841177.21
2026-10-09,sz,002365,永安药业,13.12,13.06,13.57,12.82,13.47,20203600,267461054.0
2026-10-09,sz,002366,融发核电,5.68,5.62,5.88,5.59,5.77,46615357,267753374.03
2026-10-09,sz,002367,康力电梯,6.01,6.02,6.03,5.79,6.01,19641864,115847683.32
2026-10-09,sz,002368,太极股份,12.28,12.28,12.43,11.86,12.42,10687467,129464428.4
2026-10-09,sz,002369,卓翼科技,5.48,5.47,5.56,5.28,5.54,11873151,64290168.3
2026-10-09,sz,002370,亚太药业,5.09,5.06,5.23,4.93,5.21,18541559,94632125.39
2026-10-09,sz,002371,北方华创,600.32,596.81,598.0,564.5,594.04,8158822,4745376861.95
2026-10-09,sz,002372,伟星新材,8.92,8.89,8.99,8.83,8.98,18219118,162806503.14
2026-10-09,sz,002373,千方科技,7.18,7.17,7.44,7.16,7.4,19425750,141841488.86
2026-10-09,sz,002374,中锐股份,3.42,3.41,3.43,3.26,3.4,31877440,106272869.65
2026-10-09,sz,002375,亚厦股份,3.88,3.88,3.92,3.82,3.92,14512296,56111656.48
2026-10-09,sz,002376,新北洋,6.42,6.42,6.62,6.28,6.6,11730799,75434795.59
2026-10-09,sz,002377,国创高新,3.0,3.01,3.08,2.94,3.06,61070153,184541580.18
2026-10-09,sz,002378,章源钨业,20.81,20.74,20.94,20.1,20.86,16744332,344374112.52
2026-10-09,sz,002379,宏桥控股,16.38,16.35,16.43,16.01,16.29,18821633,305395155.91
2026-10-09,sz,002380,科远智慧,25.68,25.57,26.22,24.5,26.09,4661000,117884134.0
2026-10-09,sz,002381,双箭股份,5.62,5.58,5.69,5.49,5.65,5393100,30126779.0
2026-10-09,sz,002382,蓝帆医疗,6.58,6.54,6.83,6.36,6.79,48646225,323248517.36
2026-10-09,sz,002383,合众思壮,7.62,7.68,8.13,7.47,7.82,21441283,166232835.79
2026-10-09,sz,002384,东山精密,150.66,146.88,147.63,139.0,145.49,89534847,12832974287.42
2026-10-09,sz,002385,大北农,3.09,3.1,3.18,3.07,3.17,70028964,219465658.6
2026-10-09,sz,002386,天原股份,5.91,5.9,5.98,5.84,5.98,17400403,103109412.91
2026-10-09,sz,002387,维信诺,6.67,6.64,6.69,6.43,6.61,12832821,84074646.05
2026-10-09,sz,002389,航天彩虹,18.22,18.2,18.29,17.51,17.87,18027042,320987658.4
2026-10-09,sz,002390,信邦制药,2.94,2.95,3.01,2.92,3.01,22359783,66470377.08
2026-10-09,sz,002391,长青股份,5.21,5.18,5.26,5.14,5.26,6034500,31403019.0
2026-10-09,sz,002392,北京利尔,7.33,7.31,7.39,7.08,7.27,11245100,80890050.0
2026-10-09,sz,002393,力生制药,14.14,14.17,14.26,13.96,14.25,2595780,36679057.0
2026-10-09,sz,002394,联发股份,10.3,10.26,10.75,10.24,10.64,7598402,80383667.24
2026-10-09,sz,002395,双象股份,13.43,13.32,13.56,12.98,13.53,9280300,123402998.8
2026-10-09,sz,002396,星网锐捷,31.74,31.5,31.5,29.26,31.23,79585797,2430993487.95
2026-10-09,sz,002397,梦洁股份,3.58,3.58,3.68,3.48,3.65,15192500,54347197.0
2026-10-09,sz,002398,垒知集团,4.22,4.2,4.26,4.12,4.24,13513254,56700073.96
2026-10-09,sz,002399,海普瑞,9.75,9.72,9.9,9.58,9.89,3759000,36722311.4
2026-10-09,sz,002400,省广集团,6.23,6.22,6.59,6.13,6.55,83156516,530506400.03
2026-10-09,sz,002401,中远海科,12.0,12.0,12.26,11.75,12.23,3729200,44747997.0
2026-10-09,sz,002402,和而泰,17.52,17.5,17.6,16.95,17.54,20721352,358372977.0
2026-10-09,sz,002403,爱仕达,10.09,10.04,10.38,9.71,10.34,14819650,148645565.0
2026-10-09,sz,002404,嘉欣丝绸,5.77,5.77,5.87,5.68,5.87,7996464,46241908.08
2026-10-09,sz,002405,四维图新,5.9,5.89,6.11,5.87,6.09,45771879,274220167.5
2026-10-09,sz,002406,远东传动,6.34,6.34,6.42,6.21,6.42,10017805,63320514.75
2026-10-09,sz,002407,多氟多,30.05,30.06,31.9,29.5,31.89,144510848,4481247222.8
2026-10-09,sz,002408,齐翔腾达,5.29,5.28,5.36,5.23,5.35,22070326,116881467.82
2026-10-09,sz,002409,雅克科技,115.39,114.53,114.69,105.86,112.07,16322139,1793619190.35
2026-10-09,sz,002410,广联达,8.44,8.44,8.82,8.4,8.79,30739427,265035939.75
2026-10-09,sz,002412,汉森制药,8.98,8.97,9.23,8.68,9.18,40225074,362367866.88
2026-10-09,sz,002413,雷科防务,8.53,8.51,8.97,8.26,8.74,161410530,1395652652.43
2026-10-09,sz,002414,高德红外,11.2,11.18,11.34,10.87,11.34,42854848,477134572.96
2026-10-09,sz,002415,海康威视,33.0,33.0,33.15,32.51,32.97,51730027,1703049445.77
2026-10-09,sz,002416,爱施德,8.92,8.95,9.27,8.9,9.21,16170518,146995400.38
2026-10-09,sz,002418,康盛股份,4.31,4.31,4.35,4.09,4.32,62184200,262918087.0
2026-10-09,sz,002419,天虹股份,4.9,4.86,4.96,4.81,4.94,48767696,238396787.02
2026-10-09,sz,002420,毅昌科技,6.09,6.08,6.09,5.83,6.02,10015866,59786480.0
2026-10-09,sz,002421,达实智能,3.2,3.19,3.3,3.07,3.3,155618065,497255122.37
2026-10-09,sz,002422,科伦药业,38.75,38.64,39.99,37.6,39.72,20588351,801001768.77
2026-10-09,sz,002423,中粮资本,9.09,9.06,9.19,9.0,9.18,12684400,115600606.0
2026-10-09,sz,002424,ST百灵,4.67,4.65,4.67,4.5,4.61,13403200,61392250.0
2026-10-09,sz,002425,凯撒文化,3.01,3.02,3.18,2.92,3.16,41103200,125150241.0
2026-10-09,sz,002426,胜利精密,2.58,2.55,2.56,2.41,2.51,111834754,275633347.74
2026-10-09,sz,002427,尤夫股份,4.57,4.55,4.64,4.48,4.64,12747617,58328839.03
2026-10-09,sz,002428,云南锗业,85.71,83.15,88.0,79.8,87.86,52526731,4432673496.71
2026-10-09,sz,002429,兆驰股份,7.84,7.79,7.8,7.32,7.61,58050538,437387572.6
2026-10-09,sz,002430,杭氧股份,24.62,24.65,25.04,24.1,24.82,12832434,315339623.35
2026-10-09,sz,002431,ST棕榈,1.3,1.29,1.31,1.26,1.31,13637300,17497284.0
2026-10-09,sz,002432,九安医疗,58.73,58.87,59.32,56.86,59.3,11738091,680897609.93
2026-10-09,sz,002434,万里扬,6.14,6.18,6.18,5.91,6.04,16013309,95895711.73
2026-10-09,sz,002436,兴森科技,40.41,39.59,40.74,36.66,38.51,125610986,4825064746.22
2026-10-09,sz,002437,誉衡药业,3.53,3.54,3.7,3.4,3.69,311749549,1121514268.5
2026-10-09,sz,002438,江苏神通,13.7,13.6,13.73,13.23,13.59,4127000,55527509.0
2026-10-09,sz,002439,启明星辰,14.27,14.2,14.88,13.95,14.87,46136390,666872231.44
2026-10-09,sz,002440,闰土股份,13.07,12.87,13.19,12.67,13.05,36001415,466679184.93
2026-10-09,sz,002441,众业达,8.35,8.27,8.38,8.11,8.37,6510000,53582405.0
2026-10-09,sz,002442,龙星科技,5.39,5.34,5.41,5.12,5.4,24661239,130082412.27
2026-10-09,sz,002443,金洲管道,12.45,12.38,12.66,11.82,12.44,31603800,385735267.0
2026-10-09,sz,002444,巨星科技,26.77,26.73,27.22,26.6,27.07,7424488,199867210.86
2026-10-09,sz,002445,中南文化,3.11,3.1,3.21,3.08,3.2,68100491,214577705.9
2026-10-09,sz,002446,盛路通信,7.52,7.46,7.58,7.17,7.55,21576120,158865453.0
2026-10-09,sz,002448,中原内配,10.62,10.55,10.6,10.2,10.49,11242600,116727237.0
2026-10-09,sz,002449,国星光电,6.45,6.4,6.44,6.19,6.43,10071400,63604136.3
2026-10-09,sz,002451,摩恩电气,7.74,7.8,7.8,7.26,7.7,14161587,106035959.32
2026-10-09,sz,002452,长高电气,11.38,11.24,11.4,10.88,11.2,10589051,117327357.39
2026-10-09,sz,002453,华软科技,4.75,4.69,4.93,4.67,4.92,42460964,203837576.84
2026-10-09,sz,002454,松芝股份,5.7,5.44,5.69,5.33,5.51,56110179,306689637.39
2026-10-09,sz,002455,百川股份,6.88,6.92,6.94,6.68,6.92,27907285,190718740.56
2026-10-09,sz,002456,欧菲光,6.39,6.32,6.48,6.22,6.46,66461319,421713337.53
2026-10-09,sz,002457,青龙管业,11.48,11.41,11.47,11.0,11.42,18939546,212190499.98
2026-10-09,sz,002458,益生股份,7.98,7.95,8.08,7.9,8.06,20903067,167160811.9
2026-10-09,sz,002459,晶澳科技,6.69,6.68,6.87,6.58,6.83,36522822,245920665.36
2026-10-09,sz,002460,赣锋锂业,44.21,44.0,46.1,43.49,45.47,58332075,2623862284.35
2026-10-09,sz,002461,珠江啤酒,8.65,8.6,8.88,8.6,8.85,8350600,73576776.0
2026-10-09,sz,002462,嘉事堂,12.14,12.17,12.38,12.02,12.38,3297600,40272676.0
2026-10-09,sz,002463,沪电股份,115.88,113.14,113.5,106.31,112.29,53236498,5845752172.32
2026-10-09,sz,002465,海格通信,10.02,9.95,10.07,9.51,9.86,60233897,587756490.66
2026-10-09,sz,002466,天齐锂业,40.69,40.64,41.81,39.73,41.37,41767628,1709058481.53
2026-10-09,sz,002467,二六三,5.15,5.05,5.23,4.99,5.2,118501637,604629322.61
2026-10-09,sz,002468,申通快递,14.86,14.89,15.2,14.8,15.06,17413100,261362197.7
2026-10-09,sz,002469,三维化学,6.23,6.23,6.3,6.15,6.27,7225004,45024691.24
2026-10-09,sz,002470,金正大,1.97,1.98,2.03,1.94,2.02,131178200,260210547.0
2026-10-09,sz,002471,中超控股,5.1,5.06,5.16,4.9,5.15,49131819,246970590.18
2026-10-09,sz,002472,双环传动,36.72,36.5,37.96,35.55,37.66,19641592,722289509.27
2026-10-09,sz,002474,榕基软件,6.25,6.22,6.5,6.02,6.48,33432262,210371340.76
2026-10-09,sz,002475,立讯精密,48.43,48.0,48.06,46.02,47.59,88575198,4171637658.35
2026-10-09,sz,002476,新叶股份,4.83,4.94,4.94,4.71,4.85,7487100,35995665.0
2026-10-09,sz,002478,常宝股份,6.28,6.3,6.54,6.25,6.49,20452049,130409737.08
2026-10-09,sz,002479,富春环保,6.01,5.99,6.08,5.88,6.02,22117816,132367302.04
2026-10-09,sz,002480,新筑股份,5.45,5.45,6.0,5.4,6.0,49104619,286035998.2
2026-10-09,sz,002481,双塔食品,4.35,4.37,4.46,4.3,4.45,12917300,56702881.0
2026-10-09,sz,002482,广田集团,1.4,1.42,1.42,1.36,1.41,80970631,112791038.78
2026-10-09,sz,002483,润邦股份,5.97,5.94,5.96,5.7,5.89,17037641,98934689.49
2026-10-09,sz,002484,江海股份,49.71,49.01,49.28,45.26,48.1,37419824,1764334349.25
2026-10-09,sz,002485,ST雪发,6.03,6.01,6.01,5.81,6.0,2518900,14878020.0
2026-10-09,sz,002486,嘉麟杰,2.68,2.69,2.7,2.59,2.7,28415900,75243268.0
2026-10-09,sz,002487,大金重工,48.61,47.23,51.0,43.75,43.75,105150710,4957547921.94
2026-10-09,sz,002488,金固股份,7.27,7.24,7.35,7.06,7.32,14522585,104857397.41
2026-10-09,sz,002489,浙江永强,2.84,2.81,2.88,2.79,2.88,22562800,63967382.0
2026-10-09,sz,002490,山东墨龙,7.6,7.6,7.62,7.31,7.43,64208352,474918270.69
2026-10-09,sz,002491,通鼎互联,19.78,19.42,19.5,17.81,18.86,137463220,2543482330.51
2026-10-09,sz,002492,恒基达鑫,6.27,6.33,6.33,5.99,6.26,7285850,44883340.0
2026-10-09,sz,002493,荣盛石化,13.49,13.45,13.56,13.02,13.2,41303441,544914125.28
2026-10-09,sz,002494,华斯股份,4.96,4.95,5.07,4.76,4.95,29700501,145315391.89
2026-10-09,sz,002495,佳隆股份,2.43,2.43,2.45,2.35,2.44,24806013,59571628.52
2026-10-09,sz,002496,辉丰股份,2.29,2.27,2.3,2.19,2.26,74358780,166684312.96
2026-10-09,sz,002497,雅化集团,15.72,15.68,16.15,15.51,15.85,35251436,558089265.17
2026-10-09,sz,002498,汉缆股份,6.12,6.09,6.3,5.99,6.24,49349176,304496818.48
2026-10-09,sz,002500,山西证券,5.12,5.12,5.23,5.1,5.19,23885673,123667101.87
2026-10-09,sz,002501,*ST利源,1.3,1.29,1.3,1.27,1.3,27091200,34685707.0
2026-10-09,sz,002506,协鑫集成,2.37,2.36,2.44,2.32,2.42,196575900,468041493.36
2026-10-09,sz,002507,涪陵榨菜,11.19,11.2,11.39,11.19,11.32,11784030,133409442.6
2026-10-09,sz,002508,老板电器,17.08,17.07,17.24,16.93,17.12,6615785,112996958.1
2026-10-09,sz,002510,天汽模,5.63,5.6,5.62,5.4,5.58,21720800,119640252.0
2026-10-09,sz,002511,中顺洁柔,6.92,6.93,7.06,6.89,7.04,12290200,85840615.1
2026-10-09,sz,002512,ST达华,3.82,3.78,3.8,3.66,3.77,19259100,71931664.0
2026-10-09,sz,002513,蓝丰生化,5.56,5.61,5.66,5.26,5.55,24798501,135002862.48
2026-10-09,sz,002514,*ST宝馨,2.44,2.47,2.47,2.29,2.45,21944400,52082842.0
2026-10-09,sz,002515,金字火腿,6.82,6.78,6.79,6.38,6.73,47645312,313830876.08
2026-10-09,sz,002516,旷达科技,5.44,5.4,5.47,5.31,5.46,17758720,95820020.0
2026-10-09,sz,002517,恺英网络,15.69,15.65,16.35,15.35,16.21,39878251,630100186.5
2026-10-09,sz,002518,科士达,32.93,32.68,32.68,30.7,32.11,15284240,482322141.87
2026-10-09,sz,002519,银河电子,5.51,5.49,5.56,5.25,5.55,34996064,189335486.75
2026-10-09,sz,002520,日发精机,6.13,6.13,6.13,5.74,6.07,32259900,190549715.0
2026-10-09,sz,002521,齐峰新材,6.19,6.2,6.33,6.14,6.3,3902670,24291728.04
2026-10-09,sz,002522,浙江众成,5.27,5.33,5.34,5.05,5.27,30941254,159829148.62
2026-10-09,sz,002523,天桥起重,3.4,3.41,3.46,3.29,3.46,23737116,80213834.4
2026-10-09,sz,002524,光正眼科,4.06,4.05,4.17,3.93,4.16,16239100,65631525.0
2026-10-09,sz,002526,山东矿机,2.57,2.57,2.62,2.52,2.6,21553666,55402214.33
2026-10-09,sz,002527,新时达,10.35,10.31,10.43,9.98,10.37,6783386,69086637.88
2026-10-09,sz,002528,*ST英飞,6.08,6.01,6.15,5.75,6.06,18064645,106164476.52
2026-10-09,sz,002529,海源复材,6.86,6.84,6.85,6.43,6.76,6589600,43702464.0
2026-10-09,sz,002530,金财互联,6.91,6.91,7.11,6.75,7.08,10181627,70733298.56
2026-10-09,sz,002531,天顺风能,8.35,8.1,8.5,7.52,7.52,176423570,1398297544.66
2026-10-09,sz,002532,天山铝业,12.17,12.07,12.42,11.93,12.33,61405673,746969252.23
2026-10-09,sz,002533,金杯电工,10.87,10.85,11.02,10.72,10.96,6782317,73891822.58
2026-10-09,sz,002534,西子洁能,17.36,17.27,17.42,16.41,17.22,12530943,210447207.38
2026-10-09,sz,002535,林州重机,2.45,2.46,2.49,2.37,2.48,17854340,43525829.6
2026-10-09,sz,002536,飞龙股份,42.77,42.77,42.77,38.88,41.75,42407399,1721181322.53
2026-10-09,sz,002537,海联金汇,5.57,5.55,5.76,5.49,5.74,23229058,130502802.9
2026-10-09,sz,002538,ST司特,6.65,6.67,6.74,6.6,6.71,5355497,35775431.02
2026-10-09,sz,002539,云图控股,11.79,11.73,12.04,11.72,11.97,11892828,141548749.97
2026-10-09,sz,002540,亚太科技,5.1,5.12,5.16,5.03,5.15,8623400,43997124.0
2026-10-09,sz,002541,鸿路钢构,18.25,18.26,19.29,18.26,19.06,18432927,346506600.76
2026-10-09,sz,002542,*ST中岩,1.6,1.58,1.63,1.55,1.63,12388900,19628739.0
2026-10-09,sz,002543,万和电气,7.47,7.47,7.69,7.19,7.68,21972995,164850779.47
2026-10-09,sz,002544,普天科技,15.29,15.19,15.36,14.43,15.03,14451200,214271838.0
2026-10-09,sz,002545,东方铁塔,14.0,14.0,14.15,13.8,14.07,15488133,216820269.66
2026-10-09,sz,002546,新联电子,7.36,7.36,7.44,7.19,7.43,10720759,78458499.78
2026-10-09,sz,002547,*ST春兴,2.73,2.75,2.78,2.6,2.64,43394500,116010771.0
2026-10-09,sz,002548,金新农,3.85,3.84,3.96,3.78,3.94,24621896,95194567.08
2026-10-09,sz,002549,凯美特气,12.27,12.3,12.38,11.97,12.32,12011235,146411766.82
2026-10-09,sz,002550,千红制药,6.51,6.48,6.55,6.39,6.52,12755400,82858823.0
2026-10-09,sz,002551,尚荣医疗,3.38,3.37,3.46,3.31,3.44,16603758,56191140.91
2026-10-09,sz,002552,宝鼎科技,43.45,43.45,43.45,39.51,42.03,14167700,582331285.0
2026-10-09,sz,002553,南方精工,16.33,16.16,16.77,15.27,16.7,22723894,363436154.05
2026-10-09,sz,002554,惠博普,2.74,2.72,2.77,2.66,2.76,22012298,59678023.64
2026-10-09,sz,002555,三七互娱,16.83,16.8,17.17,16.29,17.12,30560329,508664362.43
2026-10-09,sz,002556,辉隆股份,5.16,5.13,5.29,5.13,5.28,15341650,80074330.5
2026-10-09,sz,002557,洽洽食品,18.62,18.62,19.01,18.53,18.96,7561004,142887271.89
2026-10-09,sz,002558,巨人网络,21.94,21.99,22.86,21.68,22.82,57348163,1273690003.68
2026-10-09,sz,002559,亚威股份,8.3,8.27,8.32,7.99,8.3,16671800,135854657.0
2026-10-09,sz,002560,通达股份,6.4,6.34,6.39,6.05,6.34,46000797,285325583.13
2026-10-09,sz,002561,徐家汇,7.23,7.24,7.51,7.2,7.51,9669263,71357444.9
2026-10-09,sz,002562,兄弟科技,4.92,4.89,5.03,4.86,5.02,23054290,114016814.8
2026-10-09,sz,002563,森马服饰,5.48,5.46,5.64,5.44,5.62,18566413,103375749.03
2026-10-09,sz,002564,天沃科技,5.27,5.22,5.25,5.0,5.19,32547199,166634840.88
2026-10-09,sz,002565,顺灏股份,9.28,9.5,10.15,9.29,9.44,267150840,2557856653.49
2026-10-09,sz,002566,益盛药业,7.03,6.98,7.11,6.85,7.08,8735700,60840535.0
2026-10-09,sz,002567,唐人神,3.62,3.62,3.68,3.6,3.67,14149005,51539680.52
2026-10-09,sz,002568,百润股份,19.58,19.51,19.68,19.12,19.58,11509260,222855992.62
2026-10-09,sz,002569,*ST步森,11.6,11.61,11.61,11.02,11.16,1394200,15672512.0
2026-10-09,sz,002570,贝因美,4.38,4.37,4.54,4.3,4.52,30373214,134721115.34
2026-10-09,sz,002571,德力股份,10.2,10.24,10.36,10.01,10.36,4124500,41982433.0
2026-10-09,sz,002572,索菲亚,7.49,7.49,7.67,7.48,7.64,12145940,92419738.6
2026-10-09,sz,002573,清新环境,3.13,3.14,3.17,3.11,3.17,12457459,39174579.84
2026-10-09,sz,002574,明牌珠宝,4.97,4.93,5.14,4.85,5.12,10834200,54464883.0
2026-10-09,sz,002575,群兴玩具,4.95,4.94,5.1,4.76,5.07,23734595,116707813.6
2026-10-09,sz,002576,通达动力,14.67,14.6,14.72,14.17,14.61,2867582,41353956.3
2026-10-09,sz,002577,雷柏科技,20.7,20.61,20.78,19.53,20.69,7663904,154190846.49
2026-10-09,sz,002578,闽发铝业,4.12,4.11,4.17,4.01,4.13,17582900,71744262.0
2026-10-09,sz,002579,中京电子,16.4,16.01,16.15,14.79,15.71,71546507,1109208941.06
2026-10-09,sz,002580,圣阳股份,21.36,20.5,21.31,20.32,20.72,104458509,2170350207.12
2026-10-09,sz,002581,*ST未名,5.15,5.09,5.34,4.96,5.24,5703100,29179376.0
2026-10-09,sz,002582,好想你,9.48,9.45,9.65,9.35,9.64,11918700,113286191.0
2026-10-09,sz,002583,海能达,7.78,7.73,7.86,7.5,7.82,33576478,256965614.17
2026-10-09,sz,002584,西陇科学,8.96,8.8,8.87,8.43,8.75,66506252,576553433.9
2026-10-09,sz,002585,双星新材,10.49,10.49,10.49,9.72,10.1,82490192,825680082.25
2026-10-09,sz,002586,围海股份,3.54,3.53,3.57,3.33,3.5,15067900,52050843.0
2026-10-09,sz,002587,奥拓电子,5.23,5.19,5.31,5.06,5.29,11757600,60851577.0
2026-10-09,sz,002588,史丹利,7.48,7.48,7.64,7.45,7.62,12113600,91635016.03
2026-10-09,sz,002589,瑞康医药,3.23,3.24,3.36,3.15,3.35,95134870,310668552.16
2026-10-09,sz,002590,万安科技,9.55,9.5,9.62,9.26,9.57,7041200,66358881.9
2026-10-09,sz,002591,恒大高新,6.6,6.58,6.58,6.21,6.51,14802150,94697510.5
2026-10-09,sz,002592,ST八菱,6.14,6.14,6.16,6.02,6.13,1995300,12184636.0
2026-10-09,sz,002593,日上集团,4.54,4.53,4.62,4.45,4.61,9762600,44213003.0
2026-10-09,sz,002594,比亚迪,81.72,82.1,85.16,81.81,84.95,40197743,3370036570.9
2026-10-09,sz,002595,豪迈科技,38.89,38.9,39.78,38.25,39.55,4550956,177755462.64
2026-10-09,sz,002596,海南瑞泽,3.17,3.18,3.26,3.09,3.26,20965100,66383392.0
2026-10-09,sz,002597,金禾实业,21.58,21.57,22.0,21.44,21.9,5564241,121655055.03
2026-10-09,sz,002598,ST章鼓,6.89,6.86,6.93,6.79,6.93,1824100,12499051.0
2026-10-09,sz,002599,盛通股份,5.47,5.46,5.59,5.36,5.58,7899064,43235020.6
2026-10-09,sz,002600,领益智造,11.42,11.3,11.37,10.7,11.15,93317090,1023176694.34
2026-10-09,sz,002601,龙佰集团,14.77,14.8,15.03,14.75,14.92,10996310,163820950.1
2026-10-09,sz,002602,世纪华通,13.3,13.25,13.79,13.11,13.64,84620224,1136494165.98
2026-10-09,sz,002603,以岭药业,15.39,15.36,15.64,15.28,15.53,17233889,267031014.52
2026-10-09,sz,002605,姚记科技,16.22,16.22,16.76,16.2,16.73,4909528,80958719.65
2026-10-09,sz,002606,大连电瓷,12.21,12.1,12.31,11.78,12.26,13964406,167777949.72
2026-10-09,sz,002607,中公教育,1.84,1.83,1.91,1.82,1.9,146500225,272120468.34
2026-10-09,sz,002608,江苏国信,7.54,7.47,7.69,7.47,7.55,25119475,190889544.5
2026-10-09,sz,002609,捷顺科技,7.81,7.77,8.03,7.65,8.0,6742083,53047169.5
2026-10-09,sz,002611,东方精工,13.61,13.58,13.71,13.39,13.66,14451979,196126424.07
2026-10-09,sz,002612,朗姿股份,16.52,16.53,17.4,16.21,17.28,8104794,136187444.93
2026-10-09,sz,002613,北玻股份,3.32,3.34,3.39,3.23,3.38,31596950,104548973.5
2026-10-09,sz,002614,奥佳华,8.34,8.3,8.64,8.13,8.52,77203693,644739132.81
2026-10-09,sz,002615,哈尔斯,6.29,6.27,6.4,6.14,6.39,18319428,115091473.81
2026-10-09,sz,002616,长青集团,4.93,4.89,4.96,4.83,4.94,7979400,39057637.0
2026-10-09,sz,002617,露笑科技,7.04,6.9,7.69,6.85,7.04,220845351,1591910692.69
2026-10-09,sz,002620,*ST瑞和,5.17,5.16,5.19,4.97,5.15,5605900,28396984.0
2026-10-09,sz,002622,皓宸医疗,2.45,2.45,2.52,2.35,2.52,53591566,130535555.66
2026-10-09,sz,002623,亚玛顿,17.91,17.86,17.86,16.65,17.37,7676400,131539006.82
2026-10-09,sz,002624,完美世界,9.56,9.52,10.05,9.43,9.96,51932946,505093213.78
2026-10-09,sz,002625,光启技术,23.15,23.05,23.66,22.53,23.52,23154549,533620364.62
2026-10-09,sz,002626,金达威,15.65,15.7,16.0,15.52,15.89,4096206,64599386.44
2026-10-09,sz,002627,三峡旅游,6.48,6.47,6.64,6.39,6.64,9026417,58775475.99
2026-10-09,sz,002628,成都路桥,4.85,4.95,4.96,4.68,4.93,19451327,93355675.0
2026-10-09,sz,002629,仁智股份,4.47,4.47,4.51,4.3,4.48,11808140,52110253.36
2026-10-09,sz,002630,*ST华西,1.57,1.6,1.73,1.6,1.67,44635157,74136112.24
2026-10-09,sz,002631,德尔未来,12.53,12.75,12.75,11.28,12.36,57098847,673867267.21
2026-10-09,sz,002632,道明光学,8.67,8.62,8.72,8.3,8.69,13225005,112473202.5
2026-10-09,sz,002633,申科股份,15.05,14.9,14.96,14.2,14.86,3818100,55713309.0
2026-10-09,sz,002634,*ST棒杰,3.88,3.9,3.96,3.83,3.92,4028900,15641319.0
2026-10-09,sz,002635,安洁科技,13.73,13.61,13.64,12.94,13.52,27761729,369583033.3
2026-10-09,sz,002636,金安国纪,79.63,76.92,76.96,71.67,71.67,38914294,2807666916.26
2026-10-09,sz,002637,赞宇科技,10.35,10.33,10.61,10.15,10.61,17022500,177722872.0
2026-10-09,sz,002638,勤上股份,4.72,4.67,4.7,4.44,4.65,38697300,176794879.0
2026-10-09,sz,002639,雪人集团,14.06,13.9,14.08,13.5,14.0,55642865,766877882.64
2026-10-09,sz,002640,跨境通,3.7,3.68,3.75,3.48,3.73,212587400,769447552.0
2026-10-09,sz,002641,公元股份,3.8,3.82,3.83,3.76,3.83,6806200,25835492.0
2026-10-09,sz,002642,荣联科技,6.84,6.83,7.05,6.68,7.03,13596350,93559977.0
2026-10-09,sz,002643,万润股份,12.2,12.2,12.26,11.87,12.2,14051512,169783903.28
2026-10-09,sz,002644,佛慈制药,8.19,8.18,8.43,8.07,8.39,5582500,46161101.0
2026-10-09,sz,002645,华宏科技,16.78,16.66,16.78,15.76,16.43,16421033,266177306.21
2026-10-09,sz,002646,天佑德酒,7.16,7.15,7.25,7.0,7.21,9538728,67820084.93
2026-10-09,sz,002647,仁东控股,11.57,11.5,11.54,10.78,11.2,30017905,333470431.35
2026-10-09,sz,002648,卫星化学,27.36,27.31,27.9,27.15,27.77,30159116,829073074.97
2026-10-09,sz,002649,博彦科技,8.98,8.98,9.31,8.83,9.28,10956290,99708829.34
2026-10-09,sz,002650,ST加加,6.23,6.23,6.27,6.18,6.25,1695020,10553868.8
2026-10-09,sz,002651,利君股份,7.84,7.82,7.91,7.62,7.89,8305810,64484432.1
2026-10-09,sz,002652,扬子新材,4.37,4.33,4.39,4.13,4.37,15205300,64819694.0
2026-10-09,sz,002653,海思科,59.41,59.0,61.5,58.5,61.02,3658331,219486116.39
2026-10-09,sz,002654,万润科技,11.84,11.73,11.83,11.22,11.71,33259243,383622406.33
2026-10-09,sz,002655,共达电声,31.07,30.76,31.11,28.42,30.38,21853400,651721969.0
2026-10-09,sz,002656,摩登大道,2.8,2.79,2.8,2.69,2.8,13647500,37618615.0
2026-10-09,sz,002657,中科金财,14.36,14.3,14.9,13.88,14.87,8691487,125335961.43
2026-10-09,sz,002658,雪迪龙,7.12,7.13,7.2,6.98,7.19,4411600,31299675.0
2026-10-09,sz,002659,凯文教育,4.66,4.68,4.79,4.5,4.76,13061100,60675444.0
2026-10-09,sz,002660,茂硕电源,7.79,7.78,7.89,7.52,7.84,6951000,53480732.0
2026-10-09,sz,002661,克明食品,7.58,7.61,7.8,7.5,7.79,7682100,58851750.0
2026-10-09,sz,002662,峰璟股份,3.12,3.11,3.16,3.06,3.15,13719975,42638417.09
2026-10-09,sz,002663,普邦股份,1.72,1.71,1.76,1.66,1.75,40714600,69342731.0
2026-10-09,sz,002664,信质集团,14.12,14.05,14.4,13.66,14.37,4521722,63377013.93
2026-10-09,sz,002666,德联集团,4.19,4.18,4.22,4.07,4.21,10776400,44731800.0
2026-10-09,sz,002668,TCL智家,8.72,8.72,8.87,8.64,8.85,11978072,104859488.68
2026-10-09,sz,002669,康达新材,14.7,14.56,14.64,13.72,14.21,45179653,637276695.91
2026-10-09,sz,002670,国盛证券,10.85,10.85,11.18,10.69,11.16,22748331,248618056.83
2026-10-09,sz,002671,龙泉股份,4.02,4.03,4.08,3.93,4.07,10853100,43468856.0
2026-10-09,sz,002672,东江环保,3.83,3.83,3.92,3.74,3.9,29953756,114690570.46
2026-10-09,sz,002673,西部证券,6.51,6.51,6.64,6.49,6.62,25256113,165913244.77
2026-10-09,sz,002674,兴业科技,20.28,20.04,20.45,19.16,20.42,12185911,242077144.79
2026-10-09,sz,002675,东诚药业,12.63,12.61,13.89,12.61,13.89,38295318,519170476.93
2026-10-09,sz,002676,顺威股份,5.28,5.28,5.36,5.13,5.35,12661600,66221483.0
2026-10-09,sz,002677,浙江美大,6.07,6.04,6.18,5.92,6.17,5127025,30973380.14
2026-10-09,sz,002678,珠江钢琴,4.4,4.4,4.49,4.3,4.46,6556600,28801818.0
2026-10-09,sz,002679,福建金森,11.52,11.51,11.99,11.14,11.9,24377320,281210261.7
2026-10-09,sz,002681,奋达科技,4.36,4.35,4.4,4.26,4.39,32906176,142717039.08
2026-10-09,sz,002682,龙洲股份,4.9,4.9,4.99,4.72,4.96,21555595,104258612.87
2026-10-09,sz,002683,广东宏大,27.84,27.88,28.75,27.04,28.57,7952856,222662709.42
2026-10-09,sz,002685,华东重机,5.16,5.17,5.19,5.0,5.18,24520600,124720910.0
2026-10-09,sz,002686,亿利达,6.26,6.24,6.37,6.1,6.37,11551300,72293195.0
2026-10-09,sz,002687,乔治白,6.14,6.41,6.57,6.06,6.26,55646681,349536063.04
2026-10-09,sz,002688,金河生物,5.21,5.22,5.33,5.15,5.3,13184500,68971298.0
2026-10-09,sz,002689,ST远智,2.95,2.96,2.97,2.91,2.97,4054040,11912840.4
2026-10-09,sz,002690,美亚光电,15.28,15.26,15.48,14.81,15.21,7384800,111587089.0
2026-10-09,sz,002691,*ST冀凯,4.0,3.98,3.99,3.84,3.94,2394300,9337650.0
2026-10-09,sz,002692,远程股份,4.33,4.35,4.76,4.35,4.76,17126980,80596490.8
2026-10-09,sz,002693,双成药业,9.1,9.2,9.98,9.08,9.8,48077000,463404771.0
2026-10-09,sz,002694,*ST顾地,2.74,2.7,2.74,2.58,2.68,6650600,17569134.0
2026-10-09,sz,002695,煌上煌,10.64,10.64,10.94,10.34,10.89,11663897,124303355.08
2026-10-09,sz,002696,百洋股份,6.65,6.65,7.32,6.38,7.32,30690889,208840038.79
2026-10-09,sz,002697,红旗连锁,4.71,4.69,4.85,4.68,4.84,17794945,84954552.35
2026-10-09,sz,002698,博实股份,11.05,11.05,11.27,10.9,11.23,8099979,89861593.04
2026-10-09,sz,002700,万憬能源,6.48,6.43,6.49,6.15,6.42,5851053,36952212.54
2026-10-09,sz,002701,奥瑞金,4.33,4.32,4.39,4.3,4.39,28564150,124496127.0
2026-10-09,sz,002702,海欣食品,5.92,5.92,6.51,5.8,6.16,168641293,1034853103.51
2026-10-09,sz,002703,浙江世宝,16.05,15.72,15.79,14.8,15.18,36392663,555838405.63
2026-10-09,sz,002705,新宝股份,11.59,11.53,11.73,11.53,11.69,7749900,90230653.0
2026-10-09,sz,002706,良信股份,8.31,8.3,8.44,8.14,8.39,17044021,141348439.0
2026-10-09,sz,002707,众信旅游,4.9,4.88,5.08,4.86,5.05,16108411,79726052.29
2026-10-09,sz,002708,光洋股份,16.26,15.64,16.28,14.98,15.95,48047344,747701782.56
2026-10-09,sz,002709,天赐材料,32.69,32.69,35.96,32.22,35.68,203643510,7104253611.18
2026-10-09,sz,002712,思美传媒,4.9,4.87,5.18,4.74,5.16,19651300,97973275.0
2026-10-09,sz,002713,东易日盛,9.59,9.51,9.59,9.06,9.43,14282611,132440639.09
2026-10-09,sz,002714,牧原股份,41.13,41.13,41.7,41.06,41.12,23341576,963759234.1
2026-10-09,sz,002715,登云股份,13.12,13.07,13.07,12.35,12.95,5228000,66410653.0
2026-10-09,sz,002716,湖南白银,8.6,8.7,8.95,8.47,8.89,140650573,1225860911.8
2026-10-09,sz,002717,*ST岭南,0.56,0.5,0.5,0.5,0.5,2933900,1466950.0
2026-10-09,sz,002718,友邦吊顶,82.31,82.79,82.81,76.9,81.67,1331300,105913513.0
2026-10-09,sz,002719,ST麦趣,6.22,6.17,6.19,5.97,6.17,3537200,21439281.0
2026-10-09,sz,002721,金一文化,2.55,2.57,2.64,2.53,2.63,48708900,125961233.0
2026-10-09,sz,002722,物产金轮,13.22,13.22,13.29,12.88,13.23,2691617,35194130.55
2026-10-09,sz,002723,小崧股份,7.11,7.09,7.43,6.9,7.42,13559460,96861284.6
2026-10-09,sz,002724,海洋王,6.95,6.95,6.99,6.4,6.83,31189170,208854000.4
2026-10-09,sz,002725,跃岭股份,10.65,10.58,10.83,10.25,10.77,4561583,47964709.91
2026-10-09,sz,002726,ST龙大,2.22,2.21,2.22,2.08,2.16,51824027,110538017.35
2026-10-09,sz,002727,一心堂,10.75,10.77,11.03,10.68,10.99,9117993,99608536.07
2026-10-09,sz,002728,特一药业,9.94,9.94,10.25,9.8,10.24,41199276,416059218.52
2026-10-09,sz,002729,好利科技,13.41,13.41,13.45,12.55,13.35,7028200,91128313.0
2026-10-09,sz,002730,电光科技,19.75,19.55,19.75,18.15,19.34,11429700,215970501.08
2026-10-09,sz,002732,燕塘乳业,14.35,14.33,14.68,14.09,14.58,2600400,37447544.0
2026-10-09,sz,002733,雄韬股份,18.89,20.66,20.78,20.16,20.78,21060939,434396748.67
2026-10-09,sz,002734,利民股份,17.92,17.78,18.0,16.77,17.78,24756833,430077961.08
2026-10-09,sz,002735,王子新材,10.67,10.62,10.72,10.1,10.7,18538888,192415033.76
2026-10-09,sz,002736,国信证券,9.7,9.66,9.86,9.66,9.84,20618986,201732773.38
2026-10-09,sz,002737,葵花药业,11.28,11.3,11.55,11.26,11.53,5671882,64833345.44
2026-10-09,sz,002738,中矿资源,41.34,41.25,42.42,40.42,41.13,23254238,960021189.25
2026-10-09,sz,002739,儒意电影,7.99,8.0,8.35,7.99,8.3,53088588,433705836.16
2026-10-09,sz,002741,光华科技,23.73,23.43,23.61,21.68,22.55,34755808,778118396.43
2026-10-09,sz,002742,冀衡医药,4.09,4.1,4.2,3.99,4.19,21018200,86132526.0
2026-10-09,sz,002743,ST富煌,4.38,4.41,4.43,4.1,4.21,10243302,43209753.38
2026-10-09,sz,002745,木林森,11.09,11.0,11.13,10.3,11.08,74975230,802324818.94
2026-10-09,sz,002746,仙坛股份,6.21,6.2,6.32,6.14,6.28,12042700,74957866.0
2026-10-09,sz,002747,埃斯顿,26.86,26.8,27.18,25.85,27.04,29525272,782199087.1
2026-10-09,sz,002748,世龙实业,12.45,12.46,12.5,11.89,12.26,7468300,90358557.0
2026-10-09,sz,002749,国光股份,8.51,8.49,8.69,8.47,8.65,2177324,18683592.24
2026-10-09,sz,002752,昇兴股份,6.1,6.1,6.19,6.02,6.18,10610290,64821694.3
2026-10-09,sz,002753,永东股份,6.84,6.8,6.83,6.67,6.8,6837100,46115285.0
2026-10-09,sz,002755,奥赛康,13.22,13.34,13.45,12.87,13.34,18463042,243318007.78
2026-10-09,sz,002756,永兴材料,39.01,38.65,40.43,38.21,40.12,16175805,637126326.05
2026-10-09,sz,002757,南兴股份,17.76,17.66,17.99,16.6,17.93,21821124,376722767.0
2026-10-09,sz,002758,浙农股份,8.48,8.43,8.64,8.37,8.62,7163892,61087026.08
2026-10-09,sz,002759,ST天际,13.56,13.58,13.99,13.1,13.8,30221699,413880784.05
2026-10-09,sz,002760,凤形股份,18.25,18.2,18.2,17.17,17.95,3787300,66842345.0
2026-10-09,sz,002761,浙江建投,7.55,7.64,7.75,7.56,7.66,17255956,131687640.9
2026-10-09,sz,002762,金发拉比,9.02,9.04,9.12,8.6,9.04,7709000,68673327.0
2026-10-09,sz,002763,汇洁股份,7.45,7.45,7.6,7.42,7.6,7271900,54594330.0
2026-10-09,sz,002765,蓝黛科技,6.64,6.62,6.73,6.43,6.7,8866391,58182053.28
2026-10-09,sz,002766,索菱股份,3.98,3.96,4.1,3.86,4.07,20935900,83397423.0
2026-10-09,sz,002767,先锋电子,17.55,17.57,17.65,16.53,17.65,3307000,56487523.0
2026-10-09,sz,002768,国恩股份,68.0,67.7,71.23,64.74,70.64,12242506,837061537.47
2026-10-09,sz,002769,普路通,6.72,6.72,6.87,6.55,6.87,9950400,66812349.0
2026-10-09,sz,002771,真视通,13.41,13.41,13.68,12.77,13.64,6830800,90210759.0
2026-10-09,sz,002772,众兴菌业,10.66,10.74,10.94,10.51,10.94,10497329,112725712.76
2026-10-09,sz,002773,康弘药业,20.35,20.38,20.8,20.13,20.66,11747612,240277328.05
2026-10-09,sz,002774,快意电梯,19.04,18.86,19.29,17.81,18.83,24292140,452031478.0
2026-10-09,sz,002775,文科股份,3.39,3.39,3.43,3.2,3.43,13401665,44533591.8
2026-10-09,sz,002777,久远银海,12.5,12.5,13.03,12.28,13.0,8347270,106147334.7
2026-10-09,sz,002778,中晟高科,15.89,15.98,15.98,15.01,15.64,2525600,38995067.0
2026-10-09,sz,002779,中坚科技,73.32,73.33,75.59,71.89,72.57,2057400,151296410.0
2026-10-09,sz,002780,三夫户外,15.18,15.1,15.14,14.41,15.02,8807875,129985781.69
2026-10-09,sz,002782,可立克,13.88,13.85,13.85,13.04,13.58,9226900,123574852.0
2026-10-09,sz,002783,凯龙股份,8.01,7.97,8.1,7.79,8.08,8250909,65390609.24
2026-10-09,sz,002785,万里石,34.41,34.3,34.88,33.0,34.34,4746000,160512347.0
2026-10-09,sz,002786,银宝山新,7.38,7.38,7.38,7.06,7.37,9220000,66472829.0
2026-10-09,sz,002787,华源控股,24.55,24.4,24.41,22.3,23.55,13712600,319310355.74
2026-10-09,sz,002788,鹭燕医药,10.6,10.58,10.75,10.24,10.71,11779275,123643188.25
2026-10-09,sz,002789,*ST建艺,14.25,14.2,14.2,13.1,13.89,2747080,37287393.8
2026-10-09,sz,002790,瑞尔特,6.51,6.47,6.58,6.25,6.56,14284292,91940053.37
2026-10-09,sz,002791,坚朗五金,15.79,15.85,16.05,15.39,15.95,4730300,74459725.0
2026-10-09,sz,002792,通宇通讯,28.84,28.19,28.54,26.03,27.4,23232459,629097274.48
2026-10-09,sz,002793,罗欣药业,4.74,4.68,4.9,4.61,4.89,29708903,142305736.49
2026-10-09,sz,002795,永和智控,7.14,7.09,7.14,6.57,7.02,18591896,126855951.2
2026-10-09,sz,002796,世嘉科技,24.65,24.44,24.64,22.7,24.38,9082832,215837472.54
2026-10-09,sz,002797,第一创业,6.05,6.05,6.22,6.05,6.17,45096192,276848350.32
2026-10-09,sz,002798,帝欧水华,6.57,6.59,6.65,6.14,6.51,16126069,103319082.19
2026-10-09,sz,002799,环球印务,7.22,7.15,7.3,6.93,7.27,25555344,181695307.96
2026-10-09,sz,002800,天顺股份,14.43,14.65,14.75,13.78,14.37,2952500,41753096.0
2026-10-09,sz,002801,微光股份,25.8,25.94,26.05,25.23,25.91,849600,21797196.0
2026-10-09,sz,002802,洪汇新材,12.59,12.57,12.57,12.1,12.51,3153450,38934913.28
2026-10-09,sz,002803,吉宏股份,19.02,19.01,19.7,18.5,19.61,11796291,225760777.68
2026-10-09,sz,002805,丰元股份,17.67,18.56,19.44,18.56,19.44,31684578,607293917.39
2026-10-09,sz,002806,华锋股份,14.67,14.56,14.71,13.89,14.52,6756200,96606338.02
2026-10-09,sz,002807,江阴银行,4.24,4.24,4.28,4.18,4.18,64541387,272263760.85
2026-10-09,sz,002809,红墙股份,8.5,8.5,8.61,8.26,8.54,4580721,38587702.0
2026-10-09,sz,002810,山东赫达,20.29,20.29,20.85,19.9,20.73,4150246,84897171.94
2026-10-09,sz,002811,郑中设计,16.73,16.73,18.4,16.27,18.4,20672859,361656821.62
2026-10-09,sz,002812,恩捷股份,45.84,45.6,49.06,45.3,47.85,46400103,2202451266.99
2026-10-09,sz,002815,崇达技术,22.51,22.38,22.75,20.75,21.62,70920596,1532000036.88
2026-10-09,sz,002816,*ST和科,21.35,21.05,21.48,20.72,21.3,1146500,24275466.0
2026-10-09,sz,002817,黄山胶囊,6.82,6.82,6.87,6.6,6.83,4738690,31933610.5
2026-10-09,sz,002818,富森美,11.41,11.44,11.94,11.35,11.91,10396610,121029905.9
2026-10-09,sz,002819,东方中科,22.68,22.31,22.9,21.37,22.77,10157075,224836077.79
2026-10-09,sz,002820,桂发祥,9.95,9.91,10.15,9.6,10.04,8234960,81067366.8
2026-10-09,sz,002821,凯莱英,180.68,179.0,181.18,170.1,177.93,8317971,1457626038.35
2026-10-09,sz,002822,ST中装,2.91,2.89,2.9,2.81,2.87,10056300,28583490.0
2026-10-09,sz,002823,凯中精密,12.69,12.66,12.69,12.18,12.61,4201200,52145977.0
2026-10-09,sz,002824,和胜股份,22.9,22.91,22.98,20.88,22.3,15868333,346764998.54
2026-10-09,sz,002825,纳尔股份,9.31,9.36,9.54,9.0,9.4,5648136,52146555.55
2026-10-09,sz,002826,易明医药,17.39,17.39,17.68,16.99,17.68,3477300,60487122.0
2026-10-09,sz,002827,高争民爆,55.85,55.5,60.5,54.12,59.59,19737126,1129750659.66
2026-10-09,sz,002828,贝肯能源,10.92,10.86,10.86,10.42,10.83,6732800,71398538.0
2026-10-09,sz,002829,星网宇达,18.96,18.88,18.96,17.8,18.72,5583744,102131283.8
2026-10-09,sz,002830,名雕股份,14.95,14.87,15.18,14.28,15.13,3341540,49266362.6
2026-10-09,sz,002831,裕同科技,26.4,26.23,26.42,25.14,26.3,6856584,178482956.29
2026-10-09,sz,002832,比音勒芬,26.68,26.67,28.0,26.2,27.74,11451145,311732568.29
2026-10-09,sz,002833,弘亚数控,19.45,19.35,19.5,18.96,19.37,5784578,110961289.08
2026-10-09,sz,002835,同为股份,13.02,13.02,13.27,12.62,13.25,2993700,38754450.0
2026-10-09,sz,002836,新宏泽,11.68,11.55,11.7,10.83,11.44,8415093,94674143.96
2026-10-09,sz,002837,英维克,51.93,51.58,51.58,47.66,50.89,35189107,1743959389.98
2026-10-09,sz,002838,道恩股份,24.25,24.26,26.6,23.18,26.23,13703335,342816228.74
2026-10-09,sz,002839,张家港行,4.33,4.33,4.38,4.29,4.3,35982160,155463197.4
2026-10-09,sz,002840,华统股份,7.91,7.9,8.0,7.84,7.95,12182277,96397911.76
2026-10-09,sz,002841,视源股份,44.47,44.41,46.32,43.91,45.96,6885366,310651261.58
2026-10-09,sz,002842,翔鹭钨业,30.29,30.01,30.49,29.03,30.35,14756771,439422860.6
2026-10-09,sz,002843,泰嘉股份,14.47,14.35,14.37,13.53,14.25,11402700,159101184.0
2026-10-09,sz,002845,同兴达,13.18,13.15,13.29,12.64,13.26,6761114,87554108.24
2026-10-09,sz,002846,英联股份,11.93,11.89,12.4,11.81,12.39,40117933,487430075.12
2026-10-09,sz,002847,盐津铺子,44.29,44.01,44.84,44.01,44.57,2307988,102773087.1
2026-10-09,sz,002848,高斯贝尔,14.67,14.61,14.94,13.73,14.1,10476200,149692331.0
2026-10-09,sz,002849,威星智能,20.43,20.34,20.48,18.8,20.35,18361515,363293959.35
2026-10-09,sz,002850,科达利,153.9,153.89,156.28,148.27,155.49,3973730,607532653.88
2026-10-09,sz,002851,麦格米特,107.25,105.5,105.92,98.38,102.79,27077147,2762842193.59
2026-10-09,sz,002852,道道全,8.62,8.62,8.79,8.42,8.79,14724900,126948730.0
2026-10-09,sz,002853,皮阿诺,20.44,20.48,21.15,20.06,20.8,1659024,34166680.72
2026-10-09,sz,002855,捷荣技术,12.25,12.27,12.4,11.59,12.34,8552981,102723930.04
2026-10-09,sz,002856,*ST美芝,19.45,19.32,19.5,17.51,17.51,7743080,138416758.0
2026-10-09,sz,002857,三晖电气,17.42,17.31,17.44,16.05,16.9,2635800,43746483.0
2026-10-09,sz,002858,力盛体育,11.71,11.59,11.77,11.09,11.7,5553300,63539712.0
2026-10-09,sz,002859,洁美科技,56.01,54.9,55.43,51.5,53.93,14050273,749302199.92
2026-10-09,sz,002861,瀛通通讯,13.55,13.55,13.55,12.62,13.36,5682170,74173533.8
2026-10-09,sz,002862,实丰文化,14.33,14.47,14.68,13.59,14.68,4685320,66324590.2
2026-10-09,sz,002863,今飞凯达,4.76,4.76,4.8,4.62,4.8,9149487,43062855.31
2026-10-09,sz,002864,盘龙药业,20.78,20.78,21.35,20.43,21.35,2418271,50817467.43
2026-10-09,sz,002865,钧达股份,35.71,35.72,36.18,34.16,36.07,8580197,302540076.67
2026-10-09,sz,002866,传艺科技,18.59,18.41,20.45,17.48,18.32,76327882,1452604140.73
2026-10-09,sz,002867,周大生,10.19,10.19,10.33,10.18,10.32,9292154,95433278.2
2026-10-09,sz,002868,绿康生化,22.11,21.97,22.32,21.55,22.1,1922660,42020045.09
2026-10-09,sz,002869,金溢科技,19.14,18.28,19.78,18.08,19.45,19023182,363823100.55
2026-10-09,sz,002870,香山股份,42.54,42.68,43.07,40.84,42.54,3111403,130155445.3
2026-10-09,sz,002871,伟隆股份,16.71,16.67,16.83,15.84,16.72,2839300,46307432.0
2026-10-09,sz,002872,ST天圣,6.12,6.1,6.13,5.74,5.97,7218200,43016001.0
2026-10-09,sz,002873,新天药业,8.47,8.45,8.57,8.28,8.55,5139021,43320319.98
2026-10-09,sz,002875,安奈儿,12.69,12.7,12.77,12.15,12.73,4509700,56088193.0
2026-10-09,sz,002876,三利谱,30.17,30.05,30.67,28.68,29.84,4039140,119202713.94
2026-10-09,sz,002877,智能自控,7.42,7.41,7.49,7.14,7.49,6015760,43911384.8
2026-10-09,sz,002878,元隆雅图,12.51,12.48,13.09,12.19,13.05,6511700,82684328.0
2026-10-09,sz,002879,长缆科技,16.36,16.36,16.41,15.55,16.36,9823500,156620095.15
2026-10-09,sz,002880,卫光生物,21.8,21.66,23.0,21.3,22.41,3483530,77197474.0
2026-10-09,sz,002881,美格智能,38.17,37.79,38.22,35.18,37.05,10423757,382201896.67
2026-10-09,sz,002882,金龙羽,26.95,25.8,29.0,25.62,26.94,40585495,1103813910.24
2026-10-09,sz,002883,*ST中设,9.09,9.1,9.11,8.92,9.08,572500,5162957.0
2026-10-09,sz,002884,凌霄泵业,15.36,15.36,15.49,15.33,15.46,1707780,26331887.6
2026-10-09,sz,002885,京泉华,25.11,24.9,24.9,22.87,24.07,14980709,354898153.4
2026-10-09,sz,002886,沃特股份,23.05,23.03,23.05,20.78,21.99,20533520,445305356.4
2026-10-09,sz,002887,绿茵生态,8.68,8.67,8.7,8.37,8.66,4852200,41380588.0
2026-10-09,sz,002888,惠威科技,18.26,18.13,18.39,17.34,18.33,2710800,48542435.0
2026-10-09,sz,002889,东方嘉盛,11.92,11.92,11.99,11.65,11.96,1749000,20678744.99
2026-10-09,sz,002890,弘宇股份,14.56,14.57,14.88,13.8,14.73,3305930,47090281.2
2026-10-09,sz,002891,中宠股份,27.79,27.88,28.15,26.92,27.97,5684412,156378676.19
2026-10-09,sz,002892,科力尔,8.34,8.36,8.43,8.21,8.39,5721070,47681174.94
2026-10-09,sz,002893,京能热力,10.6,10.61,10.8,10.49,10.78,17618888,187908184.8
2026-10-09,sz,002895,川恒股份,30.23,30.12,31.28,30.12,30.94,6450257,198594945.72
2026-10-09,sz,002896,中大力德,57.59,57.0,57.54,54.66,57.04,5416803,302793365.6
2026-10-09,sz,002897,意华股份,55.14,54.5,54.75,50.06,53.95,11032385,579776492.77
2026-10-09,sz,002899,英派斯,19.85,19.85,20.38,19.21,20.34,4303000,85066551.0
2026-10-09,sz,002900,哈三联,12.79,12.65,12.95,12.21,12.91,15428690,194953072.1
2026-10-09,sz,002901,大博医疗,39.6,39.6,40.38,39.23,40.08,1235745,49258896.78
2026-10-09,sz,002902,铭普光磁,24.35,24.11,24.2,22.23,23.41,16010852,369922572.99
2026-10-09,sz,002903,宇环数控,27.06,27.0,27.02,24.35,25.15,10924805,273523159.36
2026-10-09,sz,002905,金逸影视,8.72,8.71,9.1,8.61,9.05,7277060,64649696.2
2026-10-09,sz,002906,华阳集团,25.65,25.6,25.77,25.0,25.56,7019023,178223502.22
2026-10-09,sz,002907,华森制药,14.51,14.41,15.47,14.15,15.44,23256288,348122304.32
2026-10-09,sz,002908,德生科技,7.15,7.15,7.32,6.93,7.29,6656620,47454028.26
2026-10-09,sz,002909,集泰股份,6.68,6.67,6.88,6.44,6.8,47702299,318539461.34
2026-10-09,sz,002910,庄园牧场,10.31,10.24,10.47,9.97,10.42,8988400,91820789.0
2026-10-09,sz,002911,佛燃能源,11.73,11.7,11.87,11.53,11.56,10692075,125087078.81
2026-10-09,sz,002912,中新赛克,25.95,25.65,28.55,24.52,28.55,25390286,673757050.83
2026-10-09,sz,002913,奥士康,90.77,89.94,94.51,84.85,89.58,17248567,1543008241.86
2026-10-09,sz,002915,中欣氟材,16.3,16.31,16.66,15.98,16.66,7130328,117147093.06
2026-10-09,sz,002916,深南电路,368.02,360.01,361.45,331.32,347.25,10983871,3768602018.33
2026-10-09,sz,002917,金奥博,9.98,9.98,10.11,9.77,10.07,3599200,35711888.0
2026-10-09,sz,002918,蒙娜丽莎,10.65,10.52,10.66,10.05,10.64,10084300,104370391.0
2026-10-09,sz,002919,名臣健康,16.5,16.5,16.5,15.25,16.32,6145069,97751781.17
2026-10-09,sz,002920,德赛西威,78.07,78.0,79.86,76.5,79.45,4635770,362204633.7
2026-10-09,sz,002921,联诚精密,19.08,19.28,19.28,17.66,18.68,4781550,87930178.5
2026-10-09,sz,002922,伊戈尔,21.08,20.86,20.9,19.77,20.61,13816071,280318770.62
2026-10-09,sz,002923,润都股份,11.5,11.59,12.51,11.18,12.25,53801005,641819711.27
2026-10-09,sz,002925,盈趣科技,21.43,21.34,21.84,21.1,21.69,15586470,333458757.7
2026-10-09,sz,002926,华西证券,8.11,8.12,8.33,8.11,8.3,16985924,140034406.2
2026-10-09,sz,002927,泰永长征,19.6,19.67,19.93,17.64,17.64,15963100,289675612.75
2026-10-09,sz,002928,华夏航空,6.15,6.14,6.26,6.14,6.24,18978328,117936261.52
2026-10-09,sz,002929,润建股份,44.47,44.3,44.3,41.56,43.81,7240148,310387090.77
2026-10-09,sz,002930,宏川智慧,9.05,8.98,9.11,8.75,9.1,5100381,45581664.29
2026-10-09,sz,002931,锋龙股份,37.46,37.56,37.56,35.4,37.36,6795244,247896524.24
2026-10-09,sz,002932,*ST明德,15.26,15.26,15.34,15.22,15.32,516729,7889851.42
2026-10-09,sz,002933,新兴装备,26.79,26.63,26.93,25.53,26.41,1665300,43466642.0
2026-10-09,sz,002935,天奥电子,17.56,17.5,17.56,16.45,17.14,9687356,163817552.8
2026-10-09,sz,002936,郑州银行,1.73,1.74,1.75,1.73,1.73,84409976,146728772.87
2026-10-09,sz,002937,兴瑞科技,24.56,24.55,24.55,22.39,24.02,10085572,234935436.18
2026-10-09,sz,002938,鹏鼎控股,78.0,76.46,76.76,70.8,74.65,27948334,2049596268.13
2026-10-09,sz,002939,长城证券,7.55,7.54,7.67,7.52,7.65,18795607,142771827.26
2026-10-09,sz,002940,昂利康,23.89,23.55,24.29,22.62,23.2,9921908,229293024.06
2026-10-09,sz,002941,新疆交建,10.45,10.43,10.58,10.3,10.57,8893362,92965078.63
2026-10-09,sz,002942,新农股份,17.32,17.17,17.23,16.55,17.16,6007037,101800133.39
2026-10-09,sz,002943,宇晶股份,28.25,28.36,28.36,25.43,26.25,19037991,497203548.0
2026-10-09,sz,002945,华林证券,13.66,13.61,14.14,13.52,14.12,13476609,186849753.1
2026-10-09,sz,002946,新乳业,14.83,14.9,15.49,14.84,15.29,11995629,182312316.51
2026-10-09,sz,002947,恒铭达,54.2,53.7,54.0,49.35,52.24,8838305,452164073.35
2026-10-09,sz,002948,青岛银行,6.27,6.27,6.31,6.14,6.14,45447839,282314491.47
2026-10-09,sz,002949,华阳国际,12.89,12.84,13.05,12.3,12.79,5362640,67687234.4
2026-10-09,sz,002950,奥美医疗,8.7,8.69,9.05,8.63,9.01,12035612,106512505.84
2026-10-09,sz,002951,金时科技,17.17,18.0,18.36,16.22,16.65,16782300,281045117.0
2026-10-09,sz,002952,亚世光电,18.76,18.76,18.95,17.9,18.74,2966200,54458536.0
2026-10-09,sz,002953,日丰股份,9.88,9.88,9.88,9.54,9.85,5651056,54837630.32
2026-10-09,sz,002955,鸿合科技,33.76,33.5,33.9,30.75,32.5,5096269,163440996.91
2026-10-09,sz,002956,西麦食品,17.95,17.8,18.19,17.65,18.13,5291960,95282379.4
2026-10-09,sz,002957,科瑞技术,33.57,33.23,33.33,30.9,32.75,16878065,543000172.19
2026-10-09,sz,002958,青农商行,2.95,2.95,2.97,2.9,2.91,95268299,278392606.08
2026-10-09,sz,002959,小熊电器,37.5,36.5,39.2,36.2,37.17,6437347,242159648.41
2026-10-09,sz,002960,青鸟智控,8.73,8.73,8.79,8.53,8.6,11594371,100210765.06
2026-10-09,sz,002961,瑞达期货,13.0,13.0,14.1,12.7,13.85,20495447,276481061.81
2026-10-09,sz,002962,五方光电,16.69,15.9,15.9,15.02,15.02,21894631,333502549.13
2026-10-09,sz,002963,豪尔赛,20.11,19.93,19.93,18.35,19.49,6803502,130371795.46
2026-10-09,sz,002965,祥鑫科技,27.93,27.91,27.91,25.59,26.44,14667458,387775438.12
2026-10-09,sz,002966,苏州银行,9.4,9.4,9.62,9.37,9.43,51831497,492067276.15
2026-10-09,sz,002967,广电计量,17.08,17.08,17.3,16.6,17.24,6537272,110694487.95
2026-10-09,sz,002968,新大正,9.91,9.93,10.02,9.52,9.91,5432861,52952899.05
2026-10-09,sz,002969,嘉美包装,10.48,10.46,10.57,10.07,10.51,20930402,215862401.27
2026-10-09,sz,002970,锐明技术,39.98,39.93,41.98,38.58,41.7,4168450,167169099.5
2026-10-09,sz,002971,和远气体,37.93,37.41,38.49,36.3,37.78,9307302,347474272.9
2026-10-09,sz,002972,科安达,13.77,13.72,13.79,12.8,13.52,11967280,159771592.2
2026-10-09,sz,002973,侨银股份,12.46,12.74,12.92,11.97,12.77,13788169,171779847.06
2026-10-09,sz,002975,博杰股份,98.02,96.91,98.29,88.95,94.88,11306591,1051042203.35
2026-10-09,sz,002976,瑞玛精密,20.6,20.61,20.65,19.31,20.35,7401630,147454802.3
2026-10-09,sz,002977,*ST天箭,18.66,18.64,18.64,17.52,18.17,1411529,25353915.05
2026-10-09,sz,002978,安宁股份,25.37,25.23,25.85,25.23,25.68,3017285,77192595.79
2026-10-09,sz,002979,雷赛智能,50.53,50.18,55.58,48.35,55.58,13248864,692474167.47
2026-10-09,sz,002980,华盛昌,104.96,103.23,106.0,97.0,105.42,10031900,1018320992.0
2026-10-09,sz,002981,朝阳科技,21.97,21.95,22.83,20.9,22.72,4531686,98486638.15
2026-10-09,sz,002982,湘佳股份,12.68,12.7,12.89,12.58,12.88,3049064,38893323.88
2026-10-09,sz,002983,芯瑞达,21.18,21.05,21.14,20.12,20.74,1966860,40567710.2
2026-10-09,sz,002984,森麒麟,12.92,12.9,13.09,12.87,13.04,5052700,65677541.0
2026-10-09,sz,002985,北摩高科,26.26,26.19,26.45,25.37,25.97,3398386,87743023.68
2026-10-09,sz,002986,宇新股份,12.75,12.75,12.84,12.4,12.67,3472900,43760779.0
2026-10-09,sz,002987,京北方,10.28,10.26,10.66,10.11,10.63,11797014,122403036.02
2026-10-09,sz,002988,豪美新材,31.95,31.97,32.16,28.76,29.2,9990650,296055046.5
2026-10-09,sz,002989,中天精装,21.49,21.52,21.61,19.82,21.02,8098100,166913190.0
2026-10-09,sz,002990,盛视科技,52.37,51.51,52.58,48.41,50.86,10515717,530210865.37
2026-10-09,sz,002991,甘源食品,38.54,38.44,38.9,38.16,38.88,894500,34507308.0
2026-10-09,sz,002992,宝明科技,32.12,32.1,32.25,30.51,31.32,1520200,47313856.0
2026-10-09,sz,002993,奥海科技,31.62,31.65,31.85,29.81,30.82,5720160,175129630.54
2026-10-09,sz,002995,天地在线,16.55,16.55,17.48,15.88,17.38,7851200,131284871.0
2026-10-09,sz,002996,顺博合金,5.97,5.95,6.04,5.92,6.04,5268780,31583504.0
2026-10-09,sz,002997,瑞鹄模具,26.01,26.1,26.1,25.28,25.85,1913902,49088282.52
2026-10-09,sz,002998,优彩资源,8.03,8.0,8.03,7.67,7.97,9516089,74432381.88
2026-10-09,sz,002999,天禾股份,6.34,6.4,6.46,6.18,6.46,10625842,67245205.08
2026-10-09,sz,003000,劲仔食品,9.66,9.62,9.68,9.55,9.65,2957039,28456341.35
2026-10-09,sz,003001,中岩大地,19.69,19.44,19.91,17.74,18.65,13429840,247948992.8
2026-10-09,sz,003002,壶化股份,15.54,15.54,15.55,15.04,15.5,3477197,53108272.56
2026-10-09,sz,003003,天元股份,11.26,11.24,11.24,10.71,11.16,5180800,56957324.0
2026-10-09,sz,003004,声迅股份,57.93,57.79,58.83,54.0,58.24,1451712,81278035.96
2026-10-09,sz,003005,竞业达,14.78,14.77,15.28,14.22,15.27,10622160,157392743.6
2026-10-09,sz,003006,百亚股份,22.2,22.35,23.07,22.27,22.84,51507913,1172444442.49
2026-10-09,sz,003007,直真科技,38.77,38.73,38.92,36.81,38.75,1555600,58952049.0
2026-10-09,sz,003008,开普检测,19.76,19.76,19.9,19.11,19.8,1260829,24642413.3
2026-10-09,sz,003009,中天火箭,43.81,43.7,43.78,41.58,43.14,2603808,110718495.9
2026-10-09,sz,003010,若羽臣,26.78,26.81,26.89,24.45,25.97,11967085,303649173.3
2026-10-09,sz,003011,海象新材,19.78,19.78,19.95,18.9,19.7,3268000,63514472.0
2026-10-09,sz,003012,东鹏控股,4.67,4.67,4.74,4.61,4.72,10151800,47420687.0
2026-10-09,sz,003013,地铁设计,17.35,17.18,17.72,16.9,17.13,11664500,201072534.06
2026-10-09,sz,003015,日久光电,11.87,11.8,11.96,11.42,11.96,4531500,53020440.0
2026-10-09,sz,003016,欣贺股份,7.5,7.48,7.83,7.43,7.66,7327900,55539298.0
2026-10-09,sz,003017,大洋生物,22.78,22.76,22.76,22.02,22.68,1934480,43399673.8
2026-10-09,sz,003018,金富科技,43.24,42.95,43.12,39.77,42.15,8671082,357072029.85
2026-10-09,sz,003019,宸展光电,25.62,25.49,25.62,23.67,25.24,4693881,115720230.69
2026-10-09,sz,003020,立方制药,16.96,16.95,17.3,16.46,17.3,3385704,57261588.94
2026-10-09,sz,003021,兆威机电,65.81,65.28,70.33,62.6,69.08,4471832,298004880.16
2026-10-09,sz,003022,联泓新科,18.46,18.41,18.64,18.0,18.35,8446686,154739049.88
2026-10-09,sz,003023,彩虹集团,25.87,25.95,27.13,25.28,26.99,3074800,80400351.8
2026-10-09,sz,003025,思进智能,11.97,11.97,12.02,11.59,11.92,2724944,32084308.16
2026-10-09,sz,003026,中晶科技,30.85,30.55,31.3,28.87,30.15,13900438,416286326.89
2026-10-09,sz,003027,同兴科技,16.82,16.74,16.89,16.38,16.86,2013500,33624872.0
2026-10-09,sz,003028,振邦智能,23.17,23.16,23.28,22.24,23.1,1170700,26631977.0
2026-10-09,sz,003029,吉大正元,17.0,16.99,17.99,16.33,17.92,7919570,136564595.7
2026-10-09,sz,003030,祖名股份,25.47,25.57,25.57,24.13,25.04,3447000,84794495.0
2026-10-09,sz,003031,中瓷电子,110.64,109.13,110.69,101.18,109.99,9434224,1003598989.77
2026-10-09,sz,003032,传智教育,8.61,8.58,9.0,8.32,8.96,26933541,233134243.03
2026-10-09,sz,003033,征和工业,82.22,81.61,84.98,78.26,84.62,2202300,179436398.0
2026-10-09,sz,003035,南网能源,5.31,5.29,5.32,5.21,5.3,21654900,113946607.0
2026-10-09,sz,003036,泰坦股份,42.95,43.23,43.23,38.88,40.7,7864597,318204589.29
2026-10-09,sz,003037,三和管桩,5.81,5.81,5.86,5.69,5.83,4479900,25879718.0
2026-10-09,sz,003038,鑫铂股份,10.63,10.63,10.65,10.29,10.53,3461674,36234525.06
2026-10-09,sz,003039,顺控发展,12.73,12.62,12.83,12.53,12.7,5555260,70221618.69
2026-10-09,sz,003040,楚天龙,14.53,14.55,15.34,14.14,15.23,49929214,736321945.78
2026-10-09,sz,003041,真爱美家,38.36,38.08,39.66,36.81,39.43,2520820,96839450.0
2026-10-09,sz,003042,中农联合,14.24,14.25,14.46,13.8,14.38,3284599,46339333.16
2026-10-09,sz,003043,华亚智能,61.46,61.01,61.2,56.6,60.06,5831453,344820469.0
2026-10-09,sz,003816,中国广核,4.41,4.4,4.48,4.39,4.43,132846745,589981443.0
