date,market,code,name,prev_close,open,high,low,close,volume,amount
2026-10-08,sh,600000,浦发银行,9.48,9.45,9.71,9.41,9.7,115026850,1106982193.0
2026-10-08,sh,600004,白云机场,7.76,7.76,7.82,7.67,7.67,9446755,73156812.0
2026-10-08,sh,600006,东风股份,5.73,5.61,5.65,5.47,5.5,42202415,234095836.0
2026-10-08,sh,600007,中国国贸,20.5,20.4,21.0,20.31,20.71,4243639,87934113.0
2026-10-08,sh,600008,首创环保,2.73,2.73,2.77,2.73,2.76,70391293,194026033.0
2026-10-08,sh,600009,上海机场,22.58,22.48,22.79,22.48,22.53,5164233,116799320.0
2026-10-08,sh,600010,包钢股份,2.09,2.09,2.13,2.08,2.1,330843929,699028144.0
2026-10-08,sh,600011,华能国际,7.04,7.05,7.3,7.02,7.24,144061661,1035570449.0
2026-10-08,sh,600012,皖通高速,15.58,15.61,15.97,15.51,15.94,6067365,95864119.0
2026-10-08,sh,600015,华夏银行,6.27,6.26,6.33,6.25,6.31,84261948,531367475.0
2026-10-08,sh,600016,民生银行,3.51,3.5,3.57,3.49,3.54,246793756,874714533.0
2026-10-08,sh,600017,日照港,2.83,2.83,2.88,2.82,2.86,33353339,95384040.0
2026-10-08,sh,600018,上港集团,5.45,5.45,5.57,5.45,5.54,59503484,329165995.0
2026-10-08,sh,600019,宝钢股份,5.93,5.91,6.02,5.9,5.97,95364238,569379563.0
2026-10-08,sh,600020,中原高速,3.87,3.87,3.91,3.86,3.89,8957328,34872565.0
2026-10-08,sh,600021,上海电力,13.25,13.15,13.19,12.95,12.98,20819334,271573856.0
2026-10-08,sh,600022,山东钢铁,1.31,1.3,1.33,1.3,1.3,99200133,130678152.0
2026-10-08,sh,600023,浙能电力,5.22,5.21,5.4,5.2,5.38,72371146,385463351.0
2026-10-08,sh,600025,华能水电,9.89,9.89,10.15,9.88,10.1,40245543,405527514.0
2026-10-08,sh,600026,中远海能,20.56,21.94,22.62,21.7,22.62,38688510,870079410.0
2026-10-08,sh,600027,华电国际,4.95,4.95,5.18,4.95,5.16,125843844,642172692.0
2026-10-08,sh,600028,中国石化,5.28,5.29,5.49,5.27,5.48,339797752,1849847663.0
2026-10-08,sh,600029,南方航空,4.92,4.86,4.86,4.8,4.81,52628639,254286821.0
2026-10-08,sh,600030,中信证券,25.86,25.81,25.93,25.3,25.4,85226344,2180231362.0
2026-10-08,sh,600031,三一重工,17.49,17.36,17.48,16.96,17.03,64929336,1114103996.0
2026-10-08,sh,600032,浙江新能,7.7,7.7,7.88,7.66,7.78,84442278,654039400.0
2026-10-08,sh,600033,福建高速,3.67,3.67,3.73,3.66,3.71,30167536,111831895.0
2026-10-08,sh,600035,楚天高速,3.74,3.73,3.75,3.72,3.73,10504300,39188851.0
2026-10-08,sh,600036,招商银行,41.26,41.26,41.83,41.0,41.71,64242388,2673146171.0
2026-10-08,sh,600037,歌华有线,7.07,7.09,7.21,7.01,7.16,24727306,176608893.0
2026-10-08,sh,600038,中直股份,27.06,27.12,27.39,26.62,26.69,3989958,107739037.0
2026-10-08,sh,600039,四川路桥,8.73,8.8,8.91,8.7,8.89,18168252,160604371.0
2026-10-08,sh,600048,保利发展,5.77,5.7,5.87,5.67,5.77,254944007,1471249807.0
2026-10-08,sh,600050,中国联通,4.23,4.23,4.3,4.22,4.27,186488589,796966263.0
2026-10-08,sh,600051,宁波联合,6.38,6.44,6.5,6.34,6.39,4330988,27741780.0
2026-10-08,sh,600052,东望时代,3.82,3.81,4.05,3.77,3.89,22738099,87955887.0
2026-10-08,sh,600053,*ST九鼎,7.77,7.79,7.85,7.71,7.83,1375212,10724033.0
2026-10-08,sh,600054,黄山旅游,10.5,10.49,10.49,10.29,10.29,5294700,54938092.0
2026-10-08,sh,600055,万东医疗,10.6,10.69,10.69,10.32,10.38,4334966,45303741.0
2026-10-08,sh,600056,中国医药,8.88,8.95,9.04,8.93,8.98,11217012,100847284.0
2026-10-08,sh,600057,厦门象屿,6.11,6.11,6.35,6.1,6.23,28457846,178308970.0
2026-10-08,sh,600058,五矿发展,8.52,8.55,8.78,8.5,8.68,7364884,63858515.0
2026-10-08,sh,600059,古越龙山,12.27,11.88,12.67,11.8,11.88,141494130,1723118402.0
2026-10-08,sh,600060,海信视像,27.45,27.45,28.0,26.86,27.1,7665730,209696700.0
2026-10-08,sh,600061,国投资本,6.19,6.18,6.23,6.08,6.11,26859260,165004320.0
2026-10-08,sh,600062,华润双鹤,16.24,16.28,16.42,16.12,16.16,8119901,131912268.0
2026-10-08,sh,600063,皖维高新,5.34,5.34,5.45,5.33,5.36,22925622,123551803.0
2026-10-08,sh,600064,南京高科,8.04,8.03,8.08,7.96,8.02,27191854,217959910.0
2026-10-08,sh,600066,宇通客车,26.72,27.2,27.5,26.62,26.89,23266115,630036449.0
2026-10-08,sh,600067,冠城新材,2.66,2.65,2.75,2.65,2.67,33288846,90027939.0
2026-10-08,sh,600071,凤凰光学,16.28,16.28,16.55,15.58,15.67,3930476,62738994.0
2026-10-08,sh,600072,中船科技,9.7,9.54,9.7,9.37,9.47,71305470,678812319.0
2026-10-08,sh,600073,光明肉业,5.53,5.51,5.56,5.43,5.46,9320000,51119163.0
2026-10-08,sh,600075,新疆天业,4.59,4.79,4.99,4.63,4.65,37975863,180606419.0
2026-10-08,sh,600076,康欣新材,2.13,2.14,2.22,2.12,2.16,33571200,73037647.0
2026-10-08,sh,600078,澄星股份,9.79,9.8,9.91,9.68,9.76,8529200,83529250.0
2026-10-08,sh,600079,ST人福,19.17,19.19,19.32,19.06,19.18,10818656,207614710.0
2026-10-08,sh,600080,ST金花,4.61,4.62,4.67,4.57,4.58,2032276,9390200.0
2026-10-08,sh,600081,东风科技,11.89,11.17,11.58,10.84,10.92,30027398,336945860.0
2026-10-08,sh,600082,ST海泰,3.32,3.29,3.35,3.28,3.3,7644500,25317459.0
2026-10-08,sh,600084,*ST尼雅,4.45,4.45,4.45,4.26,4.26,4917600,21271482.0
2026-10-08,sh,600085,同仁堂,23.74,23.8,24.46,23.55,23.93,8570991,205198990.0
2026-10-08,sh,600088,中视传媒,13.36,13.33,13.36,13.01,13.09,9168518,120339293.0
2026-10-08,sh,600089,特变电工,17.32,17.33,17.92,17.33,17.79,64575820,1146225426.0
2026-10-08,sh,600094,大名城,4.19,4.14,4.51,4.1,4.39,62262881,273040545.0
2026-10-08,sh,600095,湘财股份,8.73,8.63,8.72,8.47,8.55,31401118,269652457.0
2026-10-08,sh,600096,云天化,27.86,27.85,28.17,27.76,27.9,10809744,302017108.0
2026-10-08,sh,600097,开创国际,9.25,9.3,9.38,9.16,9.21,2730700,25263386.0
2026-10-08,sh,600098,广州发展,6.32,6.32,6.49,6.32,6.49,24178635,155991715.0
2026-10-08,sh,600099,林海股份,9.4,9.45,9.51,9.26,9.35,3029400,28430143.0
2026-10-08,sh,600100,同方股份,6.52,6.52,6.65,6.44,6.48,22072141,144615760.0
2026-10-08,sh,600101,明星电力,7.83,7.84,7.9,7.82,7.85,7149830,56167147.0
2026-10-08,sh,600103,青山纸业,3.4,3.41,3.5,3.33,3.36,123796790,422011671.0
2026-10-08,sh,600104,上汽集团,10.88,10.89,11.16,10.87,10.93,52687343,580063434.0
2026-10-08,sh,600105,永鼎股份,36.26,36.07,36.2,33.18,33.56,125916859,4326770972.0
2026-10-08,sh,600106,重庆路桥,4.51,4.5,4.54,4.47,4.52,8801300,39667165.0
2026-10-08,sh,600107,*ST尔雅,5.62,5.62,5.73,5.58,5.62,767485,4328766.0
2026-10-08,sh,600108,亚盛集团,3.97,3.95,4.12,3.93,3.97,136089871,546116118.0
2026-10-08,sh,600109,国金证券,8.13,8.15,8.2,8.01,8.05,14036896,113779589.0
2026-10-08,sh,600110,诺德股份,10.87,10.89,11.53,10.89,11.09,94476390,1056944820.0
2026-10-08,sh,600111,北方稀土,35.3,35.35,35.35,34.3,34.5,33414674,1159676959.0
2026-10-08,sh,600113,浙江东日,27.99,28.86,29.42,28.0,28.12,4052484,115913973.0
2026-10-08,sh,600114,东睦股份,25.43,25.35,25.76,24.01,24.27,11765098,290365807.0
2026-10-08,sh,600115,中国东航,3.4,3.32,3.35,3.25,3.26,249921438,824874450.0
2026-10-08,sh,600116,三峡水利,6.15,6.1,6.23,6.09,6.21,12693003,78688487.0
2026-10-08,sh,600117,西宁特钢,2.17,2.16,2.2,2.14,2.16,11695800,25362900.0
2026-10-08,sh,600118,中国卫星,55.03,55.06,58.55,55.06,56.47,31173474,1778910698.0
2026-10-08,sh,600119,*ST长投,4.74,4.77,4.84,4.65,4.7,1692400,8024462.0
2026-10-08,sh,600120,浙江东方,4.65,4.65,4.71,4.58,4.6,21109805,97704212.0
2026-10-08,sh,600121,郑州煤电,5.34,5.45,5.73,5.37,5.65,199658105,1110719842.0
2026-10-08,sh,600123,兰花科创,6.86,6.86,7.04,6.83,6.99,16140480,112196301.0
2026-10-08,sh,600125,铁龙物流,5.27,5.28,5.31,5.26,5.28,5846683,30898531.0
2026-10-08,sh,600126,杭钢股份,5.94,5.91,5.98,5.86,5.88,19937830,117809197.0
2026-10-08,sh,600127,金健米业,13.14,13.36,14.45,13.0,13.8,262181300,3659491224.0
2026-10-08,sh,600128,苏豪弘业,8.66,8.68,8.79,8.62,8.68,3209000,27913534.0
2026-10-08,sh,600129,太极集团,13.54,13.58,13.78,13.37,13.42,9103200,123114452.0
2026-10-08,sh,600130,波导股份,4.56,4.58,4.7,4.53,4.58,17381400,79930808.0
2026-10-08,sh,600131,国网信通,15.39,15.39,15.42,14.83,15.07,22304931,334326359.0
2026-10-08,sh,600132,重庆啤酒,38.03,37.98,38.32,37.71,38.27,2756392,105200104.0
2026-10-08,sh,600133,东湖高新,7.87,7.85,7.92,7.76,7.81,9043466,70734147.0
2026-10-08,sh,600135,乐凯胶片,7.44,7.45,7.69,7.45,7.59,8582401,65164897.0
2026-10-08,sh,600136,ST明诚,1.49,1.49,1.51,1.46,1.46,7557300,11211537.0
2026-10-08,sh,600137,浪莎股份,18.03,18.09,18.43,17.91,18.1,1173300,21325277.0
2026-10-08,sh,600138,中青旅,7.0,7.01,7.01,6.87,6.89,7094430,49136612.0
2026-10-08,sh,600141,兴发集团,26.87,26.93,27.5,26.69,26.87,14422762,390991369.0
2026-10-08,sh,600143,金发科技,12.76,12.8,13.1,12.74,12.82,22587562,292033778.0
2026-10-08,sh,600148,长春一东,15.8,15.74,16.06,15.68,15.7,1443979,22867917.0
2026-10-08,sh,600149,廊坊发展,5.18,5.13,5.2,5.08,5.16,7760300,39924356.0
2026-10-08,sh,600150,中国船舶,39.1,39.46,41.43,39.46,39.81,123791361,4991779776.0
2026-10-08,sh,600151,航天机电,9.13,9.14,9.45,9.05,9.12,16427901,151657743.0
2026-10-08,sh,600152,维科技术,8.48,8.24,9.33,8.24,9.18,114852001,1012445571.0
2026-10-08,sh,600153,建发股份,8.82,8.78,9.0,8.76,8.96,31073009,277370309.0
2026-10-08,sh,600155,华创云信,5.92,5.9,5.99,5.82,5.84,17026100,100299970.0
2026-10-08,sh,600156,华升股份,7.35,7.11,7.78,7.08,7.15,33834713,251439818.0
2026-10-08,sh,600157,永泰能源,1.45,1.45,1.48,1.44,1.45,358946183,523449365.0
2026-10-08,sh,600158,中体产业,6.93,6.95,7.02,6.84,6.86,16897611,116924068.0
2026-10-08,sh,600159,大龙地产,2.81,2.77,2.83,2.71,2.72,20545700,56752962.0
2026-10-08,sh,600160,巨化股份,33.13,33.12,33.24,32.17,32.28,20439420,667660858.0
2026-10-08,sh,600161,天坛生物,12.59,12.99,13.08,12.5,12.55,22715379,289159212.0
2026-10-08,sh,600162,香江控股,4.26,4.25,4.31,4.12,4.16,53641400,225896275.0
2026-10-08,sh,600163,中闽能源,5.6,5.55,5.71,5.53,5.67,54664247,308935953.0
2026-10-08,sh,600165,宁科生物,3.35,3.34,3.39,3.27,3.3,13448000,44772608.0
2026-10-08,sh,600166,福田汽车,2.8,2.79,2.81,2.75,2.77,72926000,202835967.0
2026-10-08,sh,600167,联美控股,5.65,5.66,5.8,5.62,5.8,10536433,60150681.0
2026-10-08,sh,600168,武汉控股,4.41,4.4,4.45,4.38,4.42,3968240,17522439.0
2026-10-08,sh,600169,ST太重,2.19,2.19,2.22,2.18,2.2,8657333,19073878.0
2026-10-08,sh,600170,上海建工,2.24,2.23,2.25,2.2,2.22,99234279,221103144.0
2026-10-08,sh,600171,上海贝岭,21.76,21.8,22.18,21.16,21.3,9590295,207464584.0
2026-10-08,sh,600172,黄河旋风,14.12,14.1,14.27,13.38,13.5,127047595,1750590877.0
2026-10-08,sh,600173,卧龙新能,5.96,5.89,6.04,5.85,5.89,5529300,32808320.0
2026-10-08,sh,600176,中国巨石,39.41,40.09,40.98,39.03,39.55,146438147,5871608739.0
2026-10-08,sh,600177,雅戈尔,8.38,8.39,8.44,8.33,8.4,28537392,239229204.0
2026-10-08,sh,600178,东安动力,9.89,9.93,10.07,9.71,9.77,7914300,78011230.0
2026-10-08,sh,600179,安通控股,4.35,4.34,4.44,4.34,4.39,25800796,113511495.0
2026-10-08,sh,600180,*ST瑞茂,1.49,1.51,1.52,1.46,1.46,9794000,14539904.0
2026-10-08,sh,600182,S佳通,12.4,12.38,12.5,12.27,12.27,941400,11656168.0
2026-10-08,sh,600183,生益科技,129.96,131.01,140.0,130.07,131.86,72911558,9869090642.0
2026-10-08,sh,600184,光电股份,17.85,17.9,18.2,17.12,17.38,13099628,230848685.0
2026-10-08,sh,600185,珠免集团,4.8,4.78,4.83,4.67,4.69,21893349,103900251.0
2026-10-08,sh,600186,莲花控股,11.46,11.75,12.1,11.4,11.46,153573119,1800288673.0
2026-10-08,sh,600187,*ST国中,1.24,1.23,1.27,1.23,1.24,15422001,19275489.0
2026-10-08,sh,600188,兖矿能源,19.44,19.45,19.98,19.39,19.95,37869126,748676408.0
2026-10-08,sh,600189,泉阳泉,8.95,8.93,9.04,8.72,8.76,29634870,262840123.0
2026-10-08,sh,600191,华资实业,8.85,8.87,9.01,8.67,8.73,5251560,46289204.0
2026-10-08,sh,600192,长城电工,7.19,7.19,7.34,7.1,7.21,8524839,61421640.0
2026-10-08,sh,600195,中牧股份,6.73,6.78,6.93,6.6,6.64,10079002,67857063.0
2026-10-08,sh,600196,复星医药,24.02,24.12,24.24,23.69,23.76,29655609,710012721.0
2026-10-08,sh,600197,伊力特,9.32,9.3,9.37,9.25,9.29,2350806,21890405.0
2026-10-08,sh,600198,大唐电信,7.21,7.23,7.25,7.05,7.09,11154275,79524708.0
2026-10-08,sh,600199,金种子酒,7.0,6.96,7.02,6.89,6.93,12288465,85447854.0
2026-10-08,sh,600201,生物股份,11.61,11.72,11.94,11.49,11.59,12391806,144645122.0
2026-10-08,sh,600202,哈空调,5.18,5.18,5.26,5.12,5.16,5137988,26572311.0
2026-10-08,sh,600203,福日电子,9.78,9.78,9.91,9.59,9.64,8785246,85509563.0
2026-10-08,sh,600206,有研新材,46.62,45.65,47.62,44.62,44.64,46325340,2139015199.0
2026-10-08,sh,600207,安彩高科,5.26,5.21,5.39,5.05,5.09,46785800,243436941.0
2026-10-08,sh,600208,衢州发展,2.91,2.89,2.93,2.83,2.85,90304668,260751255.0
2026-10-08,sh,600210,紫江企业,6.36,6.35,6.42,6.35,6.4,16761222,107075991.0
2026-10-08,sh,600211,西藏药业,36.35,36.39,36.78,36.02,36.16,2241200,81516943.0
2026-10-08,sh,600212,绿能慧充,5.63,5.7,5.74,5.58,5.63,6991900,39514831.0
2026-10-08,sh,600215,派斯林,6.23,6.23,6.32,6.01,6.06,5615200,34428555.0
2026-10-08,sh,600216,浙江医药,12.43,12.69,12.76,12.43,12.5,14236800,179172088.0
2026-10-08,sh,600217,中再资环,3.27,3.26,3.31,3.25,3.3,8577704,28199694.0
2026-10-08,sh,600218,全柴动力,8.03,8.08,8.16,7.92,8.05,13129000,105498769.0
2026-10-08,sh,600219,南山铝业,4.71,4.74,4.93,4.73,4.88,242800701,1181166930.0
2026-10-08,sh,600221,海航控股,1.22,1.21,1.23,1.2,1.22,211975774,257645145.0
2026-10-08,sh,600222,太龙药业,7.89,8.03,8.05,7.56,7.62,15299400,118939770.0
2026-10-08,sh,600223,福瑞达,5.74,5.74,5.79,5.67,5.69,6258600,35860274.0
2026-10-08,sh,600226,亨通股份,5.15,5.21,5.5,5.11,5.18,113478782,602975253.0
2026-10-08,sh,600227,赤天化,3.85,3.9,4.07,3.86,4.04,190420791,760753388.0
2026-10-08,sh,600228,返利科技,10.12,10.0,10.11,9.25,9.33,23337900,222922825.0
2026-10-08,sh,600229,城市传媒,5.75,5.75,5.75,5.61,5.67,6573638,37278886.0
2026-10-08,sh,600230,沧州大化,13.15,13.15,14.08,13.15,13.58,23138713,317158195.0
2026-10-08,sh,600231,凌钢股份,1.69,1.67,1.74,1.66,1.69,26679090,45255463.0
2026-10-08,sh,600232,金鹰股份,6.66,6.66,6.94,6.64,6.88,11405040,77633119.0
2026-10-08,sh,600233,圆通速递,17.79,17.78,17.98,17.69,17.78,14212203,253244192.0
2026-10-08,sh,600234,科新发展,19.19,19.3,19.85,18.7,18.82,2271500,43743761.0
2026-10-08,sh,600235,民丰特纸,5.97,5.99,6.11,5.92,5.94,5200800,31194534.0
2026-10-08,sh,600236,桂冠电力,9.27,9.3,9.98,9.25,9.87,29901521,289676197.0
2026-10-08,sh,600237,铜峰电子,8.55,8.72,9.39,8.6,8.84,46363736,415407050.0
2026-10-08,sh,600238,ST椰岛,4.01,4.01,4.09,3.99,4.05,4017600,16269759.0
2026-10-08,sh,600239,ST云城,1.44,1.43,1.46,1.42,1.42,15733400,22612527.0
2026-10-08,sh,600241,时代万恒,9.72,9.72,10.69,9.27,10.69,32032491,326386711.0
2026-10-08,sh,600243,*ST海华,3.64,3.64,3.74,3.56,3.56,6932100,25303074.0
2026-10-08,sh,600246,万通发展,12.58,12.49,12.79,11.91,12.14,73637190,899995688.0
2026-10-08,sh,600248,陕建股份,2.89,2.87,2.92,2.86,2.87,15616500,45145895.0
2026-10-08,sh,600249,两面针,5.35,5.36,5.44,5.3,5.34,5789553,30961330.0
2026-10-08,sh,600250,南京商旅,8.75,8.73,8.87,8.62,8.73,6084801,53209511.0
2026-10-08,sh,600251,冠农股份,9.99,10.09,10.43,10.01,10.33,23426273,239306724.0
2026-10-08,sh,600252,中恒集团,2.2,2.21,2.25,2.15,2.17,58428100,128353118.0
2026-10-08,sh,600255,鑫科材料,3.35,3.37,3.4,3.29,3.34,42974500,143570447.0
2026-10-08,sh,600256,广汇能源,6.67,6.75,6.9,6.72,6.8,128545598,872753366.0
2026-10-08,sh,600257,大湖股份,5.5,5.51,5.54,5.38,5.4,11699997,63708945.0
2026-10-08,sh,600258,首旅酒店,11.01,10.96,10.96,10.67,10.74,17377100,187130673.0
2026-10-08,sh,600259,中稀有色,73.74,73.25,73.7,69.3,70.1,6407301,453606253.0
2026-10-08,sh,600261,阳光照明,3.29,3.31,3.33,3.25,3.26,14692200,48241672.0
2026-10-08,sh,600262,北方股份,14.52,14.5,14.82,14.38,14.44,3035660,44232355.0
2026-10-08,sh,600265,*ST景谷,22.95,22.8,23.09,22.41,22.63,714703,16203069.0
2026-10-08,sh,600266,城建发展,4.42,4.34,4.43,4.31,4.35,45964675,200735256.0
2026-10-08,sh,600267,海正药业,11.75,12.0,12.06,11.55,11.64,26684297,313972536.0
2026-10-08,sh,600268,国电南自,10.09,10.2,10.4,10.15,10.31,11765222,121185622.0
2026-10-08,sh,600269,赣粤高速,3.81,3.81,3.84,3.8,3.82,13022587,49800637.0
2026-10-08,sh,600271,航天信息,6.64,6.64,6.69,6.53,6.57,8389798,55428597.0
2026-10-08,sh,600272,开开实业,15.01,15.31,15.98,15.12,15.5,23555821,365238342.0
2026-10-08,sh,600273,嘉化能源,6.2,6.21,6.27,6.19,6.27,11751494,73327928.0
2026-10-08,sh,600276,恒瑞医药,47.2,47.2,47.58,46.24,47.01,77344096,3629285000.0
2026-10-08,sh,600278,东方创业,6.52,6.52,6.58,6.4,6.46,4703404,30442325.0
2026-10-08,sh,600279,重庆港,4.32,4.32,4.39,4.32,4.35,5371202,23362564.0
2026-10-08,sh,600280,中央商场,3.01,3.02,3.04,2.93,2.96,23496340,70036479.0
2026-10-08,sh,600281,华阳新材,4.62,4.62,4.72,4.55,4.62,10071100,46691044.0
2026-10-08,sh,600282,南钢股份,4.54,4.52,4.61,4.49,4.61,43368888,198378085.0
2026-10-08,sh,600283,钱江水利,8.04,8.01,8.09,8.0,8.03,1847408,14839878.0
2026-10-08,sh,600284,浦东建设,5.14,5.13,5.19,5.11,5.15,9299360,47894607.0
2026-10-08,sh,600285,羚锐制药,18.98,18.98,19.1,18.93,19.08,4178320,79518444.0
2026-10-08,sh,600287,苏豪时尚,5.02,5.02,5.1,4.97,5.01,3192000,16049738.0
2026-10-08,sh,600288,大恒科技,10.36,10.37,10.49,10.16,10.21,10519397,108315642.0
2026-10-08,sh,600289,ST信通,4.4,4.41,4.84,4.41,4.83,10462770,50038019.0
2026-10-08,sh,600292,电投水电,11.42,11.41,11.53,11.33,11.4,8255559,94097738.0
2026-10-08,sh,600293,三峡新材,3.93,0.0,0.0,0.0,3.93,0,0.0
2026-10-08,sh,600295,鄂尔多斯,13.06,13.06,13.31,12.96,13.13,9253816,121544387.0
2026-10-08,sh,600298,安琪酵母,37.47,37.81,38.12,37.31,37.97,5720600,216118727.0
2026-10-08,sh,600299,安迪苏,8.21,8.2,8.53,8.2,8.35,31637441,266188542.0
2026-10-08,sh,600300,维维股份,3.1,3.09,3.12,3.07,3.08,21975530,68092534.0
2026-10-08,sh,600301,华锡有色,49.83,49.35,49.45,48.34,48.71,8819722,429611609.0
2026-10-08,sh,600302,ST标准,6.76,6.76,7.0,6.74,6.76,2612500,17854789.0
2026-10-08,sh,600303,曙光股份,3.11,3.13,3.3,3.12,3.17,40627288,130630171.0
2026-10-08,sh,600305,恒顺醋业,6.74,6.75,6.78,6.71,6.77,5104877,34434848.0
2026-10-08,sh,600307,酒钢宏兴,1.47,1.47,1.5,1.45,1.46,36598000,53840890.0
2026-10-08,sh,600308,华泰股份,3.27,3.26,3.3,3.24,3.25,6302378,20604133.0
2026-10-08,sh,600309,万华化学,68.9,68.98,70.88,68.9,69.79,23782795,1665564576.0
2026-10-08,sh,600310,广西能源,4.52,4.54,4.97,4.52,4.97,82852903,400542613.0
2026-10-08,sh,600312,平高电气,20.29,20.22,20.57,20.06,20.53,17861281,365245031.0
2026-10-08,sh,600313,农发种业,6.73,6.7,7.09,6.68,6.88,55141424,381455803.0
2026-10-08,sh,600315,上海家化,18.38,18.37,18.68,18.06,18.5,8642173,158535077.0
2026-10-08,sh,600316,洪都航空,33.41,33.45,34.05,32.26,32.42,8171631,270197713.0
2026-10-08,sh,600318,新力金融,6.8,6.75,6.91,6.66,6.72,13902800,94075450.0
2026-10-08,sh,600319,亚星化学,6.32,6.32,6.47,6.2,6.3,3539200,22408876.0
2026-10-08,sh,600320,振华重工,4.07,4.06,4.16,4.05,4.08,38339111,157523126.0
2026-10-08,sh,600322,津投城开,2.79,2.77,2.85,2.73,2.82,38910310,109193939.0
2026-10-08,sh,600323,瀚蓝环境,29.48,29.5,29.77,29.21,29.76,3983512,117992839.0
2026-10-08,sh,600325,华发股份,2.92,2.86,2.98,2.83,2.86,154574736,446654673.0
2026-10-08,sh,600326,西藏天路,6.73,6.7,6.75,6.51,6.53,13967930,92659274.0
2026-10-08,sh,600327,大东方,3.88,3.9,3.92,3.8,3.83,10575912,40721445.0
2026-10-08,sh,600328,中盐化工,5.68,5.68,5.76,5.64,5.7,11273160,64350950.0
2026-10-08,sh,600329,达仁堂,35.32,35.4,35.64,35.16,35.54,1829765,64877463.0
2026-10-08,sh,600330,天通股份,26.9,26.91,27.72,24.21,24.21,100338835,2549925079.0
2026-10-08,sh,600331,宏达股份,11.56,11.55,11.71,11.38,11.55,20922642,241386359.0
2026-10-08,sh,600332,白云山,19.72,19.8,19.86,19.64,19.69,5677031,112014488.0
2026-10-08,sh,600333,长春燃气,6.82,6.82,7.04,6.75,6.84,20296449,139733871.0
2026-10-08,sh,600335,国机汽车,5.26,5.26,5.29,5.17,5.2,9459183,49539637.0
2026-10-08,sh,600336,澳柯玛,6.22,6.25,6.28,6.08,6.14,5749000,35452626.0
2026-10-08,sh,600337,ST美克,3.82,3.81,4.0,3.73,3.74,42247590,161985951.0
2026-10-08,sh,600338,西藏珠峰,12.0,12.0,12.21,11.91,11.99,16937036,204207900.0
2026-10-08,sh,600339,中油工程,3.24,3.24,3.4,3.24,3.37,90852799,304095797.0
2026-10-08,sh,600340,*ST华幸,1.3,1.3,1.4,1.28,1.34,123863936,167363166.0
2026-10-08,sh,600343,航天动力,18.88,18.88,20.09,18.88,19.1,38899552,761212345.0
2026-10-08,sh,600345,长江通信,48.79,48.8,48.84,45.88,46.42,7370067,346090436.0
2026-10-08,sh,600346,恒力石化,16.07,16.19,16.93,16.14,16.4,29059655,481340781.0
2026-10-08,sh,600348,华阳股份,8.88,8.95,9.18,8.91,9.09,27655292,251222217.0
2026-10-08,sh,600350,山东高速,10.16,10.2,10.29,10.12,10.26,9459600,96804972.0
2026-10-08,sh,600351,亚宝药业,6.82,6.9,6.96,6.78,6.82,19523433,133823311.0
2026-10-08,sh,600352,浙江龙盛,12.59,12.66,12.76,12.34,12.35,36490468,455768583.0
2026-10-08,sh,600353,旭光电子,28.68,28.45,28.95,27.23,27.55,31233759,871435351.0
2026-10-08,sh,600354,敦煌种业,9.24,9.16,9.52,9.01,9.08,72714935,669425636.0
2026-10-08,sh,600356,恒丰纸业,11.46,11.27,11.35,10.68,10.8,26581429,291317949.0
2026-10-08,sh,600358,国旅联合,5.69,5.67,5.71,5.43,5.47,11685300,64890081.0
2026-10-08,sh,600359,新农开发,7.4,7.42,7.62,7.25,7.31,22957473,170351821.0
2026-10-08,sh,600360,华微电子,10.83,10.88,11.07,10.1,10.24,54165596,569604339.0
2026-10-08,sh,600361,创新新材,3.49,3.49,3.52,3.42,3.45,41902100,145464597.0
2026-10-08,sh,600362,江西铜业,41.8,42.03,42.65,41.58,41.89,26203862,1104213092.0
2026-10-08,sh,600363,ST联光,12.2,10.98,11.53,10.98,10.98,70513647,776306835.0
2026-10-08,sh,600365,ST通葡,2.86,2.86,2.89,2.84,2.86,993900,2850788.0
2026-10-08,sh,600366,宁波韵升,10.71,10.95,11.32,10.74,10.81,27219350,300276197.0
2026-10-08,sh,600367,红星发展,33.08,33.08,33.68,32.03,32.62,20070510,661554948.0
2026-10-08,sh,600368,五洲交通,4.11,4.18,4.31,4.16,4.27,46032452,195505609.0
2026-10-08,sh,600369,西南证券,3.92,3.91,3.95,3.87,3.88,21057945,82158097.0
2026-10-08,sh,600370,*ST三房,1.37,1.37,1.4,1.34,1.36,13640600,18654255.0
2026-10-08,sh,600371,万向德农,13.51,13.51,14.45,13.35,13.61,58636056,809359457.0
2026-10-08,sh,600372,中航机载,11.25,11.28,11.42,11.11,11.16,19637297,221122124.0
2026-10-08,sh,600373,中文传媒,7.51,7.5,7.51,7.35,7.37,11264454,83536334.0
2026-10-08,sh,600375,汉马科技,3.73,3.71,3.76,3.63,3.65,15521100,57286391.0
2026-10-08,sh,600376,首开股份,3.3,3.3,3.33,3.18,3.2,75620503,247106726.0
2026-10-08,sh,600377,宁沪高速,13.0,12.95,13.22,12.9,13.19,12228544,160546198.0
2026-10-08,sh,600378,昊华科技,41.2,41.0,41.83,40.22,40.5,20765300,851772615.0
2026-10-08,sh,600379,宝光股份,13.94,13.94,14.21,13.36,13.45,8352600,114498047.0
2026-10-08,sh,600380,健康元,10.16,10.1,10.21,9.86,9.9,28629636,285628873.0
2026-10-08,sh,600381,*ST春天,4.2,4.19,4.28,4.04,4.12,3636586,15253274.0
2026-10-08,sh,600382,广东明珠,5.64,5.65,5.81,5.59,5.67,10975417,62462475.0
2026-10-08,sh,600383,金地集团,2.74,2.63,2.7,2.56,2.57,283976216,747892280.0
2026-10-08,sh,600386,北巴传媒,3.54,3.54,3.6,3.48,3.52,6502300,23029048.0
2026-10-08,sh,600388,紫金龙净,16.8,16.87,16.98,16.72,16.79,4419774,74505273.0
2026-10-08,sh,600389,江山股份,17.89,17.86,18.29,17.79,17.95,5410640,97389179.0
2026-10-08,sh,600390,五矿资本,4.85,4.84,4.92,4.78,4.81,29300867,141951459.0
2026-10-08,sh,600391,航发科技,40.61,41.03,41.14,38.96,39.38,8456287,336994222.0
2026-10-08,sh,600392,盛和资源,20.17,20.16,20.26,19.5,19.7,30877631,612848850.0
2026-10-08,sh,600395,盘江股份,4.99,4.99,5.1,4.98,5.07,22369100,113003381.0
2026-10-08,sh,600396,华电辽能,12.39,12.41,12.8,12.41,12.56,68923518,867591428.0
2026-10-08,sh,600397,江钨装备,16.12,16.15,16.45,15.5,15.72,36953184,588219552.0
2026-10-08,sh,600398,海澜之家,5.65,5.7,5.85,5.67,5.85,43277187,250343806.0
2026-10-08,sh,600399,抚顺特钢,4.29,4.28,4.55,4.26,4.3,38377369,167880551.0
2026-10-08,sh,600400,红豆股份,3.29,3.32,3.62,3.3,3.62,110190512,391041912.0
2026-10-08,sh,600403,大有能源,7.02,7.06,7.44,7.06,7.41,115680055,843720780.0
2026-10-08,sh,600405,动力源,4.94,4.99,5.02,4.87,4.88,6082378,30020718.0
2026-10-08,sh,600406,国电南瑞,22.52,22.43,22.9,22.37,22.86,45712174,1040353371.0
2026-10-08,sh,600408,安泰集团,3.13,3.15,3.44,3.15,3.44,64692721,217813853.0
2026-10-08,sh,600409,三友化工,6.16,6.15,6.4,6.13,6.32,22665394,143311335.0
2026-10-08,sh,600410,华胜天成,14.18,14.27,14.42,13.79,13.92,45652972,643802958.0
2026-10-08,sh,600415,小商品城,11.08,11.05,11.14,10.8,10.83,32156306,350793880.0
2026-10-08,sh,600416,湘电股份,8.32,8.33,8.48,8.18,8.24,10509100,87503180.0
2026-10-08,sh,600418,江淮汽车,27.47,26.2,26.57,24.72,24.72,143178050,3614355828.0
2026-10-08,sh,600419,天润乳业,8.94,8.9,9.39,8.85,9.15,9930500,90368704.0
2026-10-08,sh,600420,国药现代,8.39,8.46,8.54,8.37,8.42,7916303,67020450.0
2026-10-08,sh,600422,昆药集团,8.11,8.17,8.3,8.14,8.18,4911900,40362812.0
2026-10-08,sh,600423,*ST柳化,2.67,2.67,2.71,2.65,2.67,2045400,5476584.0
2026-10-08,sh,600425,青松建化,3.69,3.69,3.71,3.61,3.63,14247901,52064755.0
2026-10-08,sh,600426,华鲁恒升,19.43,19.4,20.07,19.32,19.82,29547250,584729472.0
2026-10-08,sh,600428,中远海特,10.71,10.77,11.08,10.76,10.98,30522041,335306536.0
2026-10-08,sh,600429,三元股份,4.85,4.86,4.88,4.74,4.81,14977400,71898391.0
2026-10-08,sh,600433,冠豪高新,3.26,3.26,3.32,3.24,3.28,18467503,60649767.0
2026-10-08,sh,600435,北方导航,11.16,11.15,11.42,10.94,11.02,12836100,142876250.0
2026-10-08,sh,600436,片仔癀,118.0,118.0,118.66,117.1,118.19,1642105,193730381.0
2026-10-08,sh,600438,通威股份,11.52,11.4,11.79,11.33,11.44,41806146,481590929.0
2026-10-08,sh,600439,ST瑞贝卡,1.84,1.83,1.87,1.83,1.84,7128660,13188428.0
2026-10-08,sh,600444,国机通用,14.51,14.57,14.78,14.41,14.5,2130621,31019356.0
2026-10-08,sh,600446,金证股份,10.41,10.46,10.55,10.1,10.15,9985100,102826182.0
2026-10-08,sh,600448,华纺股份,3.1,3.08,3.19,3.04,3.06,50914728,157811529.0
2026-10-08,sh,600449,宁夏建材,12.48,12.48,12.57,12.23,12.32,4663200,57854629.0
2026-10-08,sh,600452,涪陵电力,8.78,8.77,8.85,8.77,8.82,11798466,103940147.0
2026-10-08,sh,600455,博通股份,24.63,24.69,24.98,24.16,24.52,1046800,25793200.0
2026-10-08,sh,600456,宝钛股份,24.63,24.57,24.97,24.39,24.51,2564422,63320656.0
2026-10-08,sh,600458,时代新材,10.99,11.0,11.13,10.7,10.76,12463800,135939675.0
2026-10-08,sh,600459,贵研铂业,18.02,17.93,18.47,17.8,17.97,9914170,179967965.0
2026-10-08,sh,600460,士兰微,30.75,30.9,31.7,29.39,29.64,55538764,1688011649.0
2026-10-08,sh,600461,洪城环境,8.81,8.8,8.91,8.79,8.89,12628617,111882456.0
2026-10-08,sh,600463,空港股份,8.37,8.36,8.46,8.16,8.21,3549100,29531159.0
2026-10-08,sh,600467,好当家,2.44,2.43,2.46,2.37,2.39,38501038,92564754.0
2026-10-08,sh,600468,百利电气,5.87,5.92,5.98,5.82,5.89,12609880,74393620.0
2026-10-08,sh,600469,风神股份,4.94,4.94,5.01,4.91,4.93,4562400,22629950.0
2026-10-08,sh,600470,六国化工,5.45,5.49,5.57,5.47,5.51,11095237,61254455.0
2026-10-08,sh,600475,华光环能,13.97,14.17,14.67,13.96,14.4,6486622,93572250.0
2026-10-08,sh,600476,*ST湘邮,9.92,9.92,10.01,9.71,9.86,944400,9316019.0
2026-10-08,sh,600477,杭萧钢构,2.43,2.43,2.47,2.39,2.41,18950610,45981824.0
2026-10-08,sh,600478,科力远,4.54,4.54,4.69,4.54,4.64,31978900,148412052.0
2026-10-08,sh,600479,千金药业,12.4,12.32,12.59,12.06,12.13,37990640,466477262.0
2026-10-08,sh,600480,凌云股份,7.74,7.76,7.85,7.62,7.65,10321710,79599482.0
2026-10-08,sh,600481,双良节能,4.03,4.03,4.08,3.93,3.97,32836737,131786847.0
2026-10-08,sh,600482,中国动力,33.51,33.57,36.0,33.45,34.68,20195208,710979226.0
2026-10-08,sh,600483,福能股份,11.02,11.05,11.29,11.05,11.22,18042089,202061676.0
2026-10-08,sh,600486,扬农化工,51.18,51.95,52.53,51.21,51.55,2432365,126242487.0
2026-10-08,sh,600487,亨通光电,54.86,54.5,55.49,52.35,52.7,112999077,6057116676.0
2026-10-08,sh,600488,津药药业,6.69,6.51,6.78,6.49,6.52,139504369,923351654.0
2026-10-08,sh,600489,中金黄金,21.9,21.42,21.72,21.33,21.48,44067615,947708215.0
2026-10-08,sh,600490,鹏欣资源,6.8,6.77,6.79,6.63,6.71,21012669,141088996.0
2026-10-08,sh,600491,ST龙元,1.57,1.56,1.57,1.49,1.5,37664500,57604923.0
2026-10-08,sh,600493,凤竹纺织,6.51,6.57,6.69,6.49,6.58,4934500,32461343.0
2026-10-08,sh,600495,晋西车轴,4.08,4.08,4.12,4.03,4.07,6731380,27344489.0
2026-10-08,sh,600496,精工钢构,3.39,3.38,3.41,3.34,3.35,21392800,72241356.0
2026-10-08,sh,600497,驰宏锌锗,8.96,8.9,9.02,8.74,8.8,48452218,429660923.0
2026-10-08,sh,600498,烽火通信,35.7,36.4,36.47,34.11,34.49,51398274,1802379620.0
2026-10-08,sh,600499,科达制造,11.19,11.2,11.62,11.1,11.43,38686502,438075327.0
2026-10-08,sh,600500,中化国际,5.08,5.14,5.33,5.04,5.07,87444935,453573726.0
2026-10-08,sh,600501,航天晨光,14.45,14.5,15.38,14.5,14.73,8327976,124469354.0
2026-10-08,sh,600502,安徽建工,4.23,4.22,4.26,4.21,4.24,27297314,115617241.0
2026-10-08,sh,600503,华丽家族,2.53,2.57,2.64,2.5,2.53,158588413,408806112.0
2026-10-08,sh,600505,西昌电力,10.43,10.49,10.61,10.36,10.59,6297902,66399976.0
2026-10-08,sh,600506,统一股份,16.2,15.93,16.6,15.9,16.03,11238200,181961728.0
2026-10-08,sh,600507,方大特钢,4.08,4.07,4.16,4.06,4.12,24330779,100224339.0
2026-10-08,sh,600508,上海能源,10.58,10.54,10.75,10.5,10.65,12421837,132272902.0
2026-10-08,sh,600509,天富能源,7.15,7.11,7.33,7.11,7.26,15106093,109434885.0
2026-10-08,sh,600510,黑牡丹,6.4,6.4,6.54,6.21,6.24,7807200,49730924.0
2026-10-08,sh,600511,国药股份,26.1,26.21,26.35,26.11,26.29,3553711,93330784.0
2026-10-08,sh,600512,腾达建设,2.09,2.09,2.11,2.06,2.08,26907300,56116047.0
2026-10-08,sh,600513,联环药业,15.09,15.99,16.6,15.61,16.6,45633643,745954769.0
2026-10-08,sh,600515,海南机场,2.75,2.73,2.76,2.68,2.7,91005872,247611854.0
2026-10-08,sh,600516,方大炭素,5.29,5.28,5.35,5.26,5.29,37931024,201362681.0
2026-10-08,sh,600517,国网英大,4.94,4.96,5.05,4.92,5.0,25576500,128109337.0
2026-10-08,sh,600518,康美药业,1.34,1.35,1.36,1.32,1.33,155735807,208450668.0
2026-10-08,sh,600519,贵州茅台,1258.62,1252.9,1258.0,1242.0,1255.79,2516757,3145413157.0
2026-10-08,sh,600520,三佳科技,24.31,24.67,24.67,23.13,23.41,5431301,128941838.0
2026-10-08,sh,600521,华海药业,16.34,17.0,17.1,16.56,16.65,61239685,1028163137.0
2026-10-08,sh,600522,中天科技,31.13,31.21,31.78,30.31,30.49,96542532,2990322311.0
2026-10-08,sh,600523,贵航股份,11.83,11.83,11.99,11.65,11.7,2957625,34879735.0
2026-10-08,sh,600525,长园集团,4.86,4.86,4.95,4.74,4.79,11159600,53849576.0
2026-10-08,sh,600526,菲达环保,4.63,4.64,4.74,4.62,4.7,8853487,41584608.0
2026-10-08,sh,600527,江南高纤,2.17,2.17,2.21,2.15,2.17,29269860,63763815.0
2026-10-08,sh,600528,中铁工业,6.85,6.85,6.88,6.81,6.84,6003680,41169968.0
2026-10-08,sh,600529,山东药玻,18.17,18.19,18.36,18.04,18.1,3252799,59128860.0
2026-10-08,sh,600530,ST交昂,3.76,3.74,3.78,3.68,3.69,2980825,11060916.0
2026-10-08,sh,600531,豫光金铅,11.11,11.05,11.17,10.89,10.97,17924200,197728454.0
2026-10-08,sh,600533,栖霞建设,2.29,2.28,2.3,2.22,2.24,17660200,39908540.0
2026-10-08,sh,600535,天士力,14.0,14.0,14.13,13.93,14.01,14989065,210578684.0
2026-10-08,sh,600536,中国软件,30.64,30.69,30.84,30.12,30.21,7235655,220135570.0
2026-10-08,sh,600537,*ST亿晶,2.11,2.11,2.12,2.08,2.09,16380500,34394080.0
2026-10-08,sh,600538,国发股份,4.79,4.79,4.89,4.7,4.78,8722200,41791985.0
2026-10-08,sh,600539,狮头股份,13.48,13.57,13.71,13.1,13.3,6115300,82016868.0
2026-10-08,sh,600540,新赛股份,5.52,5.42,5.74,5.37,5.44,75767269,420170149.0
2026-10-08,sh,600543,*ST莫高,4.07,4.07,4.12,4.04,4.07,916900,3742689.0
2026-10-08,sh,600545,卓郎智能,3.84,3.88,4.05,3.81,3.85,82975809,325816582.0
2026-10-08,sh,600546,山煤国际,13.12,13.15,13.75,13.15,13.56,21041462,284315653.0
2026-10-08,sh,600547,山东黄金,27.3,26.6,26.89,26.25,26.43,67800582,1796552059.0
2026-10-08,sh,600548,深高速,8.12,8.14,8.18,8.09,8.16,3783600,30837819.0
2026-10-08,sh,600549,厦门钨业,44.11,43.72,44.49,42.81,43.19,24199134,1054691039.0
2026-10-08,sh,600550,保变电气,10.22,10.18,10.53,10.18,10.42,19577825,204002430.0
2026-10-08,sh,600551,时代出版,7.98,7.97,8.07,7.86,7.95,12565554,99774193.0
2026-10-08,sh,600552,凯盛科技,17.0,17.0,17.34,15.65,15.99,59395327,974749884.0
2026-10-08,sh,600556,天下秀,4.57,4.57,4.58,4.44,4.48,29747450,133960097.0
2026-10-08,sh,600557,康缘药业,12.3,12.45,12.49,12.15,12.22,5270717,64810725.0
2026-10-08,sh,600558,大西洋,4.76,4.79,4.98,4.74,4.9,20852880,101815247.0
2026-10-08,sh,600559,老白干酒,10.98,10.9,11.05,10.87,10.95,7198846,78875879.0
2026-10-08,sh,600560,金自天正,11.46,11.53,11.7,11.28,11.37,2025475,23180558.0
2026-10-08,sh,600561,江西长运,6.02,6.07,6.15,5.93,6.09,4652200,28315786.0
2026-10-08,sh,600562,国睿科技,26.81,27.0,27.49,26.11,26.44,6041813,161507933.0
2026-10-08,sh,600563,法拉电子,115.26,115.88,117.26,112.71,113.49,2385531,273645587.0
2026-10-08,sh,600566,济川药业,25.63,25.76,26.2,25.1,26.02,9682110,249157530.0
2026-10-08,sh,600567,山鹰国际,1.32,1.32,1.34,1.31,1.31,46246300,61224904.0
2026-10-08,sh,600568,ST中珠,2.37,2.37,2.38,2.22,2.28,15483800,35747466.0
2026-10-08,sh,600569,安阳钢铁,1.82,1.81,1.84,1.76,1.77,20321601,36539886.0
2026-10-08,sh,600570,恒生电子,19.4,19.42,19.45,18.8,18.83,18238877,347123826.0
2026-10-08,sh,600571,信雅达,10.21,10.21,10.29,10.02,10.07,4340000,43951521.0
2026-10-08,sh,600572,康恩贝,4.31,4.32,4.36,4.29,4.3,36717103,158515177.0
2026-10-08,sh,600573,惠泉啤酒,10.42,10.32,11.28,10.32,11.11,21940597,241998821.0
2026-10-08,sh,600575,淮河能源,3.16,3.16,3.23,3.15,3.23,45630584,146166821.0
2026-10-08,sh,600576,祥源文旅,5.3,5.32,5.32,5.17,5.19,6652400,34833828.0
2026-10-08,sh,600577,精达股份,8.71,8.7,9.09,8.69,8.84,102605797,911476661.0
2026-10-08,sh,600578,京能电力,5.21,5.24,5.37,5.22,5.36,69982689,371605213.0
2026-10-08,sh,600579,中化装备,7.03,7.03,7.1,6.98,7.01,2690845,18929569.0
2026-10-08,sh,600580,卧龙电驱,26.39,26.37,26.46,25.25,25.35,20833724,535696901.0
2026-10-08,sh,600581,*ST八钢,2.47,2.49,2.51,2.44,2.45,6588900,16312661.0
2026-10-08,sh,600582,天地科技,4.9,4.89,4.97,4.88,4.96,20847263,102993997.0
2026-10-08,sh,600583,海油工程,6.62,6.65,6.8,6.56,6.61,59475973,397270544.0
2026-10-08,sh,600584,长电科技,64.28,64.5,66.0,62.2,62.6,48810875,3122737633.0
2026-10-08,sh,600585,海螺水泥,17.51,17.49,17.54,17.22,17.38,23614563,410796460.0
2026-10-08,sh,600586,金晶科技,3.99,4.01,4.02,3.91,3.94,11424900,45242645.0
2026-10-08,sh,600587,新华医疗,13.02,13.09,13.15,12.89,12.99,12592441,163667347.0
2026-10-08,sh,600588,用友网络,9.22,9.23,9.26,8.95,9.01,31692496,287426867.0
2026-10-08,sh,600589,大位科技,7.35,7.35,7.37,7.05,7.09,30996958,223429431.0
2026-10-08,sh,600590,泰豪科技,8.03,8.11,8.29,7.95,8.02,20032492,162622533.0
2026-10-08,sh,600592,龙溪股份,16.2,16.04,16.04,15.43,15.55,30213588,474365219.0
2026-10-08,sh,600593,大连圣亚,48.12,47.98,51.2,47.9,48.97,12182202,602733259.0
2026-10-08,sh,600594,益佰制药,3.64,3.67,3.69,3.57,3.59,16267100,58842674.0
2026-10-08,sh,600595,中孚实业,5.95,5.92,6.06,5.92,5.99,58655455,352959690.0
2026-10-08,sh,600596,新安股份,10.59,10.63,10.76,10.43,10.48,25469413,269825152.0
2026-10-08,sh,600597,光明乳业,6.93,6.93,6.95,6.83,6.86,8284679,56979830.0
2026-10-08,sh,600598,北大荒,12.63,12.68,12.83,12.55,12.64,15668929,198949804.0
2026-10-08,sh,600600,青岛啤酒,50.02,50.02,50.47,49.76,50.42,3692145,185628308.0
2026-10-08,sh,600601,方正科技,13.2,13.26,13.49,12.53,12.65,145000841,1875471529.0
2026-10-08,sh,600602,云赛智联,16.05,16.05,16.17,15.65,15.71,12782486,202687458.0
2026-10-08,sh,600603,广汇物流,4.81,4.81,4.86,4.7,4.74,9259971,44275059.0
2026-10-08,sh,600604,市北高新,4.86,4.8,4.87,4.7,4.74,13952813,66737363.0
2026-10-08,sh,600605,汇通能源,29.4,29.38,30.3,28.77,29.1,4500214,132627610.0
2026-10-08,sh,600606,绿地控股,1.54,1.51,1.56,1.45,1.47,302021381,454481631.0
2026-10-08,sh,600609,金杯汽车,3.62,3.61,3.62,3.5,3.53,35948563,127850284.0
2026-10-08,sh,600610,中毅达,7.41,7.41,7.65,7.4,7.56,14682621,110714333.0
2026-10-08,sh,600611,大众交通,4.29,4.28,4.32,4.22,4.25,23487320,100288696.0
2026-10-08,sh,600612,老凤祥,31.37,31.33,31.56,31.1,31.37,796520,25008545.0
2026-10-08,sh,600613,神奇制药,8.19,8.35,8.73,8.15,8.2,74776200,627808170.0
2026-10-08,sh,600615,鑫源智造,9.53,9.53,10.37,9.41,9.66,5744776,55861828.0
2026-10-08,sh,600616,金枫酒业,5.27,5.08,5.36,5.06,5.18,34816644,180978166.0
2026-10-08,sh,600617,国新能源,3.4,3.45,3.74,3.45,3.74,52328192,193125212.0
2026-10-08,sh,600618,氯碱化工,9.66,9.66,9.89,9.56,9.85,4433503,43586281.0
2026-10-08,sh,600619,海立股份,12.93,12.91,13.53,12.81,13.39,22341500,294377845.0
2026-10-08,sh,600620,天宸股份,4.36,4.38,4.44,4.3,4.32,5252986,22973770.0
2026-10-08,sh,600621,华鑫股份,13.37,13.32,13.41,13.08,13.16,11222103,148343775.0
2026-10-08,sh,600622,光大嘉宝,2.56,2.55,2.57,2.45,2.48,41298670,103720772.0
2026-10-08,sh,600623,华谊集团,8.49,8.55,8.8,8.55,8.69,10544092,91713238.0
2026-10-08,sh,600624,ST复华,4.61,4.62,4.7,4.6,4.69,3706037,17252588.0
2026-10-08,sh,600626,申达股份,3.77,3.77,3.78,3.7,3.72,10084000,37689765.0
2026-10-08,sh,600628,新世界,6.36,6.36,6.42,6.31,6.35,5010100,31871357.0
2026-10-08,sh,600629,华建集团,16.37,16.36,17.14,15.7,16.38,27746423,460668772.0
2026-10-08,sh,600630,龙头股份,7.63,7.58,7.95,7.58,7.66,45022194,349315852.0
2026-10-08,sh,600633,浙数文化,10.0,10.01,10.04,9.81,9.83,13952639,138332680.0
2026-10-08,sh,600635,大众公用,4.45,4.45,4.56,4.44,4.5,25547830,115274086.0
2026-10-08,sh,600637,东方明珠,8.69,8.65,8.71,8.43,8.48,35117925,300271743.0
2026-10-08,sh,600638,新黄浦,5.3,5.26,5.4,5.19,5.26,17756400,94310053.0
2026-10-08,sh,600639,浦东金桥,9.88,9.88,10.24,9.85,10.07,13359638,135050387.0
2026-10-08,sh,600640,国脉文化,12.63,12.63,12.68,12.16,12.28,14129451,175377040.0
2026-10-08,sh,600641,先导基电,48.57,49.13,50.32,44.77,45.32,81145735,3785499970.0
2026-10-08,sh,600642,申能股份,8.78,8.78,9.14,8.78,9.09,30328311,273504945.0
2026-10-08,sh,600643,爱建集团,4.1,4.1,4.13,3.97,4.01,13369920,53910649.0
2026-10-08,sh,600644,乐山电力,8.88,9.06,9.18,8.86,9.08,24792067,224779196.0
2026-10-08,sh,600645,中源协和,19.41,19.64,19.75,18.5,18.68,10402700,197023341.0
2026-10-08,sh,600648,外高桥,9.66,9.57,9.94,9.51,9.81,6336673,62118225.0
2026-10-08,sh,600649,城投控股,4.06,4.01,4.08,3.97,3.99,28197538,113312130.0
2026-10-08,sh,600650,锦江在线,10.22,10.24,10.35,10.15,10.24,2009213,20601534.0
2026-10-08,sh,600651,飞乐音响,4.98,4.98,5.05,4.88,4.92,13831062,68537638.0
2026-10-08,sh,600653,申华控股,1.68,1.68,1.72,1.64,1.66,41012319,68835307.0
2026-10-08,sh,600654,中安科,3.02,3.01,3.04,2.95,2.97,41412699,123790101.0
2026-10-08,sh,600655,豫园股份,4.66,4.65,4.68,4.57,4.58,12641270,58483814.0
2026-10-08,sh,600657,信达地产,3.55,3.44,3.57,3.31,3.35,130646630,448900969.0
2026-10-08,sh,600658,电子城,4.21,4.17,4.24,4.09,4.13,17002000,70835995.0
2026-10-08,sh,600660,福耀玻璃,53.58,53.5,53.75,51.31,51.65,12809526,666128806.0
2026-10-08,sh,600661,昂立教育,9.17,9.1,9.68,9.1,9.52,11273426,106580597.0
2026-10-08,sh,600662,外服控股,4.26,4.24,4.28,4.22,4.24,9475397,40289008.0
2026-10-08,sh,600663,陆家嘴,10.11,10.61,11.12,10.61,11.12,39228451,433492532.0
2026-10-08,sh,600664,哈药股份,7.4,7.58,7.87,7.14,7.24,459725344,3452202330.0
2026-10-08,sh,600665,天地源,3.46,3.42,3.46,3.31,3.35,12602796,42643686.0
2026-10-08,sh,600666,奥瑞德,3.16,3.17,3.21,3.13,3.14,38549636,121996638.0
2026-10-08,sh,600667,太极实业,17.29,17.28,17.5,16.41,16.55,106019951,1793610494.0
2026-10-08,sh,600668,尖峰集团,7.46,7.46,7.54,7.34,7.38,3024757,22513282.0
2026-10-08,sh,600671,天目药业,21.79,21.68,23.23,21.68,22.87,3393700,76952640.0
2026-10-08,sh,600673,东阳光,30.37,30.99,31.47,29.7,30.15,20085191,615810359.0
2026-10-08,sh,600674,川投能源,16.62,16.7,16.97,16.65,16.91,36518838,616089130.0
2026-10-08,sh,600675,中华企业,2.52,2.48,2.52,2.41,2.42,69828478,172278438.0
2026-10-08,sh,600676,久事动娱,6.6,6.62,6.7,6.46,6.5,7783400,51125600.0
2026-10-08,sh,600678,ST金顶,5.78,5.77,5.79,5.5,5.54,10110700,57096077.0
2026-10-08,sh,600679,上海凤凰,10.55,10.39,10.76,10.38,10.68,4445200,47174861.0
2026-10-08,sh,600681,百川能源,3.52,3.53,3.64,3.53,3.63,37381140,134774116.0
2026-10-08,sh,600682,南京新百,5.84,5.84,5.89,5.7,5.75,12812100,74133147.0
2026-10-08,sh,600683,京投发展,8.95,8.84,9.09,8.66,8.74,14306700,126822957.0
2026-10-08,sh,600684,珠江股份,3.64,3.6,3.67,3.56,3.61,14599720,52838056.0
2026-10-08,sh,600685,中船防务,28.71,28.76,30.26,28.75,29.19,21400574,632738025.0
2026-10-08,sh,600686,金龙汽车,11.25,11.2,11.41,10.97,11.05,19380674,215904366.0
2026-10-08,sh,600688,上海石化,2.75,2.75,2.84,2.74,2.81,89068013,249894067.0
2026-10-08,sh,600689,上海三毛,11.92,11.97,12.17,11.8,11.89,2231907,26690068.0
2026-10-08,sh,600690,海尔智家,20.42,20.44,20.58,20.22,20.43,25728423,525815674.0
2026-10-08,sh,600691,潞化科技,2.72,2.72,2.81,2.72,2.76,36669374,101128509.0
2026-10-08,sh,600692,亚通股份,6.72,6.72,6.79,6.62,6.69,8091447,54262028.0
2026-10-08,sh,600693,东百集团,9.32,9.56,9.68,9.3,9.47,37322298,354069102.0
2026-10-08,sh,600694,大商股份,14.4,14.38,14.5,14.35,14.42,2740689,39579573.0
2026-10-08,sh,600697,欧亚集团,11.43,11.43,11.49,11.18,11.26,3853250,43570525.0
2026-10-08,sh,600698,湖南天雁,6.7,6.7,6.82,6.59,6.63,15876046,106140778.0
2026-10-08,sh,600699,均胜电子,23.46,22.5,22.7,21.11,21.11,85603485,1849983929.0
2026-10-08,sh,600702,舍得酒业,32.71,32.4,32.75,32.01,32.37,3682546,119259177.0
2026-10-08,sh,600703,三安光电,11.48,12.1,12.6,11.79,11.88,137170861,1673246181.0
2026-10-08,sh,600704,物产中大,4.87,4.87,4.93,4.85,4.92,42118588,206996209.0
2026-10-08,sh,600706,曲江文旅,8.1,8.09,8.11,7.86,7.95,7434300,59181786.0
2026-10-08,sh,600707,彩虹股份,10.08,9.94,10.1,9.07,9.15,249937900,2378757117.0
2026-10-08,sh,600708,光明地产,3.12,3.09,3.14,3.04,3.07,24398900,75501441.0
2026-10-08,sh,600710,苏美达,11.28,11.3,11.54,11.25,11.43,9570156,109354419.0
2026-10-08,sh,600711,盛屯矿业,10.14,10.18,10.44,10.16,10.28,45120736,464909791.0
2026-10-08,sh,600712,南宁百货,5.39,5.42,5.52,5.28,5.33,14632723,78713452.0
2026-10-08,sh,600713,南京医药,5.0,5.0,5.08,4.99,5.01,9779716,49165976.0
2026-10-08,sh,600714,金瑞矿业,17.15,17.49,17.7,16.92,17.05,10427300,179608293.0
2026-10-08,sh,600715,文投控股,1.64,1.63,1.65,1.58,1.6,33674100,54347657.0
2026-10-08,sh,600716,凤凰股份,3.79,3.78,3.8,3.68,3.7,6065410,22678247.0
2026-10-08,sh,600717,天津港,4.3,4.31,4.38,4.29,4.36,22762213,99092877.0
2026-10-08,sh,600718,东软集团,7.91,7.93,7.96,7.8,7.82,6463126,50789272.0
2026-10-08,sh,600719,大连热电,8.72,8.46,8.61,8.33,8.39,47847862,404441911.0
2026-10-08,sh,600720,中交设计,5.19,5.18,5.23,5.16,5.19,5267285,27368305.0
2026-10-08,sh,600721,百花医药,13.11,13.36,13.5,12.5,12.58,94354919,1215941095.0
2026-10-08,sh,600722,金牛化工,14.72,15.4,16.19,15.4,16.19,82460207,1317375290.0
2026-10-08,sh,600724,宁波富达,5.01,4.97,5.08,4.93,4.98,6728400,33678312.0
2026-10-08,sh,600725,云维股份,3.27,3.28,3.34,3.27,3.33,16917101,56050855.0
2026-10-08,sh,600726,华电能源,4.96,4.96,5.04,4.95,5.01,41322500,206248311.0
2026-10-08,sh,600727,鲁北化工,7.49,7.49,7.9,7.49,7.8,18144880,140609367.0
2026-10-08,sh,600728,佳都科技,4.45,4.47,4.5,4.37,4.4,13441600,59496873.0
2026-10-08,sh,600729,重百集团,18.44,18.55,18.57,18.33,18.47,1635500,30145696.0
2026-10-08,sh,600730,*ST高科,8.55,8.58,8.93,8.49,8.76,7044900,61443460.0
2026-10-08,sh,600731,湖南海利,5.95,5.94,6.0,5.88,5.91,3031290,17974709.0
2026-10-08,sh,600732,爱旭股份,11.57,11.51,11.54,10.93,10.95,34002764,379216620.0
2026-10-08,sh,600733,北汽蓝谷,5.07,5.0,5.05,4.72,4.77,184951913,891304446.0
2026-10-08,sh,600734,*ST实达,1.86,1.86,1.91,1.85,1.85,23540000,44168688.0
2026-10-08,sh,600735,ST新华锦,6.65,6.69,6.7,6.51,6.51,3197300,21038707.0
2026-10-08,sh,600736,苏州高新,6.57,6.53,6.66,6.46,6.48,19693800,129222486.0
2026-10-08,sh,600737,中粮糖业,14.66,15.22,15.91,15.05,15.12,97048391,1489006728.0
2026-10-08,sh,600738,丽尚国潮,4.23,4.23,4.25,4.15,4.18,9936200,41593497.0
2026-10-08,sh,600739,辽宁成大,10.21,10.25,10.33,10.08,10.13,10961202,111885003.0
2026-10-08,sh,600740,山西焦化,3.76,3.77,3.82,3.73,3.79,29974344,113353208.0
2026-10-08,sh,600741,华域汽车,15.38,15.38,15.44,15.1,15.15,20459243,311379451.0
2026-10-08,sh,600742,富维股份,7.67,7.79,7.8,7.64,7.7,4062956,31284021.0
2026-10-08,sh,600743,华远控股,2.35,2.34,2.4,2.29,2.33,114255396,268884907.0
2026-10-08,sh,600744,华银电力,6.06,6.06,6.19,6.05,6.17,62071594,381665515.0
2026-10-08,sh,600745,*ST闻泰,16.43,16.38,16.47,15.91,16.0,21050841,339901568.0
2026-10-08,sh,600746,江苏索普,6.88,6.88,7.26,6.88,7.18,17013210,121565587.0
2026-10-08,sh,600748,上实发展,4.1,4.07,4.21,4.04,4.09,22531410,92934912.0
2026-10-08,sh,600749,西藏旅游,12.65,12.71,12.74,12.46,12.54,3782500,47610242.0
2026-10-08,sh,600750,华润江中,22.53,22.55,22.68,22.45,22.6,3423215,77210077.0
2026-10-08,sh,600751,海航科技,2.91,2.91,2.97,2.84,2.87,23620600,68563845.0
2026-10-08,sh,600753,ST海钦,13.01,13.0,13.67,13.0,13.65,4180842,55924315.0
2026-10-08,sh,600754,锦江酒店,18.05,18.0,18.0,17.46,17.54,8200735,144700755.0
2026-10-08,sh,600755,厦门国贸,5.68,5.69,5.75,5.66,5.69,15182354,86576594.0
2026-10-08,sh,600756,浪潮软件,13.76,13.92,13.92,13.46,13.54,4486498,61230967.0
2026-10-08,sh,600757,长江传媒,7.43,7.39,7.46,7.32,7.36,8636926,63743948.0
2026-10-08,sh,600758,辽宁能源,3.75,3.74,3.91,3.74,3.87,77740170,298793072.0
2026-10-08,sh,600759,ST洲际,2.25,2.25,2.32,2.25,2.29,105213074,240981213.0
2026-10-08,sh,600760,中航沈飞,43.63,43.65,44.28,43.44,43.57,8182366,358596628.0
2026-10-08,sh,600761,安徽合力,14.85,14.87,15.07,14.86,14.92,5770233,86451311.0
2026-10-08,sh,600763,通策医疗,34.07,34.24,34.39,33.42,33.5,5719357,193262284.0
2026-10-08,sh,600764,中国海防,18.39,18.39,18.97,18.2,18.31,6766616,125905090.0
2026-10-08,sh,600765,中航重机,13.19,13.19,13.31,12.97,13.03,9008326,118382200.0
2026-10-08,sh,600768,富邦新材,14.75,14.77,14.99,14.58,14.75,1877100,27705501.0
2026-10-08,sh,600769,祥龙电业,14.82,14.89,15.03,13.67,13.81,11371381,161000296.0
2026-10-08,sh,600770,综艺股份,6.36,6.26,6.31,5.97,6.03,61639275,375974502.0
2026-10-08,sh,600771,广誉远,14.15,14.2,14.28,13.93,14.01,8108172,114201603.0
2026-10-08,sh,600773,西藏城投,9.82,9.84,10.08,9.77,9.82,17415281,172497493.0
2026-10-08,sh,600774,汉商集团,7.97,7.96,8.12,7.79,7.85,4598495,36427514.0
2026-10-08,sh,600775,南京熊猫,9.26,9.28,10.0,9.28,9.44,21961826,211270630.0
2026-10-08,sh,600776,东方通信,12.28,12.36,12.47,12.0,12.15,9897971,120938863.0
2026-10-08,sh,600777,新潮能源,4.0,3.99,4.07,3.99,4.05,28800480,116447303.0
2026-10-08,sh,600778,友好集团,5.77,5.76,5.83,5.65,5.71,7416200,42405009.0
2026-10-08,sh,600779,水井坊,26.18,26.07,26.24,25.81,25.99,1274804,33174545.0
2026-10-08,sh,600780,通宝能源,6.13,6.13,6.24,6.12,6.2,11928901,73969800.0
2026-10-08,sh,600782,新钢股份,2.7,2.7,2.75,2.66,2.7,34881300,94575018.0
2026-10-08,sh,600783,鲁信创投,14.52,14.23,14.65,14.12,14.21,9898204,141939487.0
2026-10-08,sh,600784,鲁银投资,7.0,7.03,7.08,6.93,6.97,4792403,33578721.0
2026-10-08,sh,600785,新华百货,10.65,10.62,10.79,10.4,10.76,17958554,191574317.0
2026-10-08,sh,600787,中储股份,4.62,4.64,4.67,4.6,4.62,14659000,67984633.0
2026-10-08,sh,600789,鲁抗医药,7.85,8.64,8.64,8.05,8.15,127554447,1058969466.0
2026-10-08,sh,600790,轻纺城,3.68,3.64,3.87,3.62,3.77,52710633,197449834.0
2026-10-08,sh,600791,京能置业,6.94,6.83,7.09,6.62,6.71,12835900,87919005.0
2026-10-08,sh,600792,云煤能源,5.04,5.03,5.36,4.93,5.22,96886217,505869598.0
2026-10-08,sh,600793,宜宾纸业,16.36,16.36,16.69,16.05,16.51,3508500,57898736.0
2026-10-08,sh,600794,保税科技,3.19,3.19,3.23,3.16,3.18,9748420,31136088.0
2026-10-08,sh,600795,国电电力,5.34,5.32,5.46,5.3,5.45,130380565,704996078.0
2026-10-08,sh,600796,钱江生化,5.11,5.12,5.17,5.05,5.12,5755600,29388148.0
2026-10-08,sh,600797,浙大网新,6.45,6.44,6.5,6.33,6.37,9239156,59154802.0
2026-10-08,sh,600798,宁波海运,3.41,3.41,3.51,3.4,3.47,24279328,84325342.0
2026-10-08,sh,600800,渤海化学,3.21,3.21,3.26,3.17,3.22,15296020,49240746.0
2026-10-08,sh,600801,华新建材,23.8,23.8,24.0,22.86,23.65,10366734,244668761.0
2026-10-08,sh,600802,福建水泥,7.24,6.74,7.84,6.7,7.14,78945451,572618337.0
2026-10-08,sh,600803,新奥股份,19.2,19.14,19.5,18.86,19.49,11454396,220897511.0
2026-10-08,sh,600805,悦达投资,4.63,4.6,4.72,4.6,4.65,7260290,33877235.0
2026-10-08,sh,600807,济高发展,2.68,2.68,2.72,2.63,2.66,13514090,36056942.0
2026-10-08,sh,600808,马钢股份,2.51,2.49,2.53,2.4,2.44,93295681,229228374.0
2026-10-08,sh,600809,山西汾酒,115.6,114.6,115.79,112.54,115.1,7054618,805792198.0
2026-10-08,sh,600810,神马股份,6.3,6.34,6.35,6.24,6.27,4010689,25270290.0
2026-10-08,sh,600812,华北制药,4.98,5.48,5.48,5.36,5.48,90337032,494359000.0
2026-10-08,sh,600814,杭州解百,6.93,6.93,6.95,6.82,6.88,4954860,34057370.0
2026-10-08,sh,600815,厦工股份,3.82,3.82,4.12,3.79,3.84,138997951,547763568.0
2026-10-08,sh,600816,建元信托,2.38,2.38,2.41,2.36,2.38,46058130,109937227.0
2026-10-08,sh,600817,宇通重工,9.79,9.82,10.01,9.72,9.85,1939800,19106382.0
2026-10-08,sh,600818,ST中路,9.31,9.32,9.9,9.32,9.84,5931800,57652964.0
2026-10-08,sh,600819,耀皮玻璃,5.62,5.63,5.71,5.47,5.53,6505500,36294173.0
2026-10-08,sh,600820,隧道股份,5.3,5.29,5.33,5.28,5.29,10271700,54484648.0
2026-10-08,sh,600821,金开新能,5.68,5.69,5.73,5.55,5.59,36543716,206072548.0
2026-10-08,sh,600822,上海物贸,8.92,9.05,9.29,8.86,9.02,5871102,53252691.0
2026-10-08,sh,600824,益民集团,3.71,3.71,3.75,3.67,3.69,10083800,37347428.0
2026-10-08,sh,600825,新华传媒,10.35,11.39,11.39,11.39,11.39,5647458,64324547.0
2026-10-08,sh,600826,兰生股份,7.97,7.93,8.06,7.85,7.9,4715580,37417819.0
2026-10-08,sh,600827,百联股份,7.94,7.92,7.96,7.84,7.91,9660388,76368112.0
2026-10-08,sh,600828,茂业商业,4.33,4.33,4.39,4.26,4.31,12075100,52112016.0
2026-10-08,sh,600829,人民同泰,9.43,9.54,9.66,9.16,9.25,9646530,90116474.0
2026-10-08,sh,600830,香溢融通,8.38,8.39,8.55,8.29,8.54,12353601,104003370.0
2026-10-08,sh,600831,广电网络,3.4,3.4,3.47,3.32,3.36,19876139,67224677.0
2026-10-08,sh,600833,第一医药,10.48,10.52,10.72,10.32,10.39,5296601,55423189.0
2026-10-08,sh,600834,申通地铁,7.65,7.69,7.7,7.6,7.65,2531768,19393253.0
2026-10-08,sh,600835,上海机电,18.29,18.16,18.36,17.61,17.7,5116890,91730588.0
2026-10-08,sh,600838,上海九百,8.18,8.18,8.35,8.06,8.11,8092600,66253263.0
2026-10-08,sh,600839,四川长虹,6.42,6.42,6.49,6.4,6.43,31776625,204513620.0
2026-10-08,sh,600841,动力新科,5.7,5.77,5.81,5.64,5.68,7854300,44866325.0
2026-10-08,sh,600843,上工申贝,7.58,7.5,7.72,7.4,7.44,19994180,150676882.0
2026-10-08,sh,600844,金煤科技,3.23,3.26,3.35,3.24,3.29,28733200,94760183.0
2026-10-08,sh,600845,宝信软件,17.69,17.58,17.92,17.33,17.38,12570893,220803725.0
2026-10-08,sh,600846,同济科技,10.66,10.66,10.8,10.59,10.68,1875954,20071762.0
2026-10-08,sh,600847,万里股份,12.79,12.99,13.27,12.82,13.1,6067300,79395867.0
2026-10-08,sh,600848,上海临港,9.05,9.0,9.11,8.86,8.92,18873160,169468925.0
2026-10-08,sh,600850,电科数字,13.63,13.65,13.75,13.18,13.28,7516480,100959632.0
2026-10-08,sh,600851,海欣股份,7.93,8.07,8.11,7.62,7.66,7691602,59953530.0
2026-10-08,sh,600853,龙建股份,3.32,3.31,3.38,3.28,3.29,7187512,23868764.0
2026-10-08,sh,600854,春兰股份,4.75,4.75,4.8,4.71,4.74,6420000,30494723.0
2026-10-08,sh,600855,航天长峰,12.4,12.44,12.84,12.24,12.3,6016026,75491992.0
2026-10-08,sh,600857,宁波中百,17.22,17.38,17.96,17.04,17.05,8317700,144711753.0
2026-10-08,sh,600858,银座股份,4.95,4.94,5.0,4.88,4.9,5721711,28225016.0
2026-10-08,sh,600859,王府井,9.84,9.79,9.83,9.61,9.67,9308173,90472022.0
2026-10-08,sh,600860,京城股份,7.47,7.45,7.61,7.43,7.51,4224000,31827024.0
2026-10-08,sh,600861,北京人力,12.83,12.82,12.87,12.74,12.81,1632200,20895507.0
2026-10-08,sh,600862,中航高科,17.85,17.87,17.99,17.4,17.55,7120500,126091519.0
2026-10-08,sh,600863,华能蒙电,4.72,4.73,5.12,4.71,5.1,283683795,1413796771.0
2026-10-08,sh,600864,哈投股份,5.62,5.62,5.66,5.45,5.5,27950637,155402131.0
2026-10-08,sh,600865,百大集团,10.43,10.36,10.75,10.33,10.46,13214208,138668329.0
2026-10-08,sh,600866,星湖科技,4.19,4.2,4.29,4.19,4.25,24003500,102125090.0
2026-10-08,sh,600867,通化东宝,7.86,7.9,7.94,7.74,7.77,16775172,131328932.0
2026-10-08,sh,600868,梅雁吉祥,2.77,2.75,2.8,2.73,2.75,25549857,70678954.0
2026-10-08,sh,600869,远东股份,17.65,17.65,18.0,16.97,17.11,82304070,1432385692.0
2026-10-08,sh,600871,石化油服,2.1,2.11,2.18,2.1,2.16,189632191,408800708.0
2026-10-08,sh,600872,中炬高新,17.24,17.21,17.36,17.16,17.26,7200293,124260269.0
2026-10-08,sh,600873,梅花生物,7.48,7.48,7.61,7.48,7.55,17340105,130786434.0
2026-10-08,sh,600874,创业环保,5.52,5.5,5.56,5.5,5.55,6714900,37233254.0
2026-10-08,sh,600875,东方电气,23.04,23.25,23.88,23.04,23.48,33533733,792205050.0
2026-10-08,sh,600876,凯盛新能,7.47,7.46,7.63,7.4,7.52,6901256,51830627.0
2026-10-08,sh,600877,电科芯片,11.22,11.22,11.38,10.96,11.03,9654800,107736561.0
2026-10-08,sh,600879,航天电子,13.55,13.56,14.14,13.56,13.73,64497392,893538436.0
2026-10-08,sh,600880,博瑞传播,4.06,4.11,4.17,4.06,4.11,26441278,108662371.0
2026-10-08,sh,600881,亚泰集团,1.85,1.85,1.88,1.84,1.86,86067253,160163346.0
2026-10-08,sh,600882,妙可蓝多,19.31,19.26,19.54,19.11,19.21,3823834,73903232.0
2026-10-08,sh,600883,博闻科技,8.16,8.16,8.24,7.99,8.04,3278500,26536096.0
2026-10-08,sh,600884,杉杉股份,11.51,11.52,11.94,11.52,11.87,65973233,777985549.0
2026-10-08,sh,600885,宏发股份,33.53,33.46,33.47,31.77,32.29,19027191,618912346.0
2026-10-08,sh,600886,国投电力,15.24,15.24,15.75,15.2,15.64,43193733,673295701.0
2026-10-08,sh,600887,伊利股份,27.3,27.3,27.43,27.12,27.32,39032020,1065641504.0
2026-10-08,sh,600888,新疆众和,9.78,9.77,9.96,9.59,9.83,31255007,306878020.0
2026-10-08,sh,600889,*ST京化,13.32,13.42,13.44,13.16,13.23,946220,12580983.0
2026-10-08,sh,600892,大晟文化,4.1,4.15,4.15,4.02,4.05,24381000,99348696.0
2026-10-08,sh,600893,航发动力,38.86,38.93,39.48,37.93,38.09,16553963,639870622.0
2026-10-08,sh,600894,广日股份,7.65,7.63,7.7,7.61,7.66,6585821,50403146.0
2026-10-08,sh,600895,张江高科,28.01,27.86,28.06,27.22,27.39,12217176,337826150.0
2026-10-08,sh,600897,厦门空港,15.1,14.8,14.95,14.41,14.41,7421033,108646035.0
2026-10-08,sh,600900,长江电力,28.54,28.5,28.97,28.5,28.9,113466852,3270960934.0
2026-10-08,sh,600901,江苏金租,6.94,6.92,7.12,6.91,6.99,36238566,253921774.0
2026-10-08,sh,600903,贵州燃气,6.68,6.79,7.07,6.78,6.84,63333638,437205604.0
2026-10-08,sh,600905,三峡能源,3.52,3.52,3.55,3.52,3.53,57026065,201700007.0
2026-10-08,sh,600906,财达证券,6.29,6.28,6.33,6.18,6.22,17057339,106591410.0
2026-10-08,sh,600908,无锡银行,5.9,5.9,5.95,5.89,5.93,21583610,127786537.0
2026-10-08,sh,600909,华安证券,7.77,7.74,7.83,7.46,7.5,82610895,630685838.0
2026-10-08,sh,600916,中国黄金,7.19,7.17,7.21,7.12,7.15,13495701,96724830.0
2026-10-08,sh,600917,重庆燃气,4.84,4.84,5.0,4.83,4.96,11397199,56291379.0
2026-10-08,sh,600918,中泰证券,5.42,5.41,5.46,5.34,5.36,24862056,134207146.0
2026-10-08,sh,600919,江苏银行,12.38,12.34,12.61,12.32,12.57,84419347,1056592332.0
2026-10-08,sh,600925,苏能股份,4.18,4.18,4.2,4.16,4.19,7519600,31463403.0
2026-10-08,sh,600926,杭州银行,17.11,17.09,17.5,17.04,17.43,37220052,645240362.0
2026-10-08,sh,600927,永安期货,12.1,12.13,12.2,11.85,11.94,4674115,56120684.0
2026-10-08,sh,600928,西安银行,3.55,3.54,3.59,3.53,3.57,26961148,96304603.0
2026-10-08,sh,600929,雪天盐业,5.96,5.98,6.04,5.86,5.88,20379500,121181841.0
2026-10-08,sh,600930,华电新能,3.88,3.88,3.99,3.86,3.98,218472075,863161410.0
2026-10-08,sh,600933,爱柯迪,13.27,13.27,13.34,12.84,12.9,9018900,117434606.0
2026-10-08,sh,600935,华塑股份,2.31,2.3,2.33,2.28,2.3,17829100,41135976.0
2026-10-08,sh,600936,北投科技,4.24,4.28,4.34,4.23,4.27,28512125,122413896.0
2026-10-08,sh,600938,中国海油,33.42,33.37,34.45,33.25,34.17,44218834,1505934997.0
2026-10-08,sh,600939,重庆建工,2.69,2.69,2.71,2.62,2.64,12822800,34106515.0
2026-10-08,sh,600941,中国移动,95.8,95.91,98.1,95.77,97.96,13240767,1289069778.0
2026-10-08,sh,600955,维远股份,12.36,12.4,12.69,12.38,12.59,2852300,35887463.0
2026-10-08,sh,600956,新天绿能,7.09,7.19,7.32,7.11,7.26,13572495,98257860.0
2026-10-08,sh,600958,东方证券,8.65,8.63,8.71,8.49,8.52,45085311,386989586.0
2026-10-08,sh,600959,江苏有线,3.11,3.11,3.13,3.07,3.09,18648580,57823766.0
2026-10-08,sh,600960,渤海汽车,3.9,3.89,3.97,3.83,3.86,8596000,33366558.0
2026-10-08,sh,600961,株冶集团,22.56,22.4,22.63,22.05,22.24,16320924,364613242.0
2026-10-08,sh,600962,国投中鲁,26.03,26.05,26.21,24.01,24.32,5951300,147567037.0
2026-10-08,sh,600963,岳阳林纸,3.38,3.37,3.44,3.33,3.36,23379890,79224341.0
2026-10-08,sh,600965,*ST福成,2.57,2.59,2.62,2.55,2.56,3485400,9012111.0
2026-10-08,sh,600966,博汇纸业,4.85,4.86,4.95,4.79,4.84,8199542,39923135.0
2026-10-08,sh,600967,内蒙一机,12.82,12.82,13.04,12.66,12.9,44821005,573652573.0
2026-10-08,sh,600968,海油发展,3.92,3.92,4.04,3.91,4.03,59271870,237135762.0
2026-10-08,sh,600969,郴电国际,9.52,9.52,9.7,9.46,9.51,6346800,60544163.0
2026-10-08,sh,600970,中材国际,7.72,7.72,7.79,7.69,7.78,12492211,96906242.0
2026-10-08,sh,600971,恒源煤电,8.19,8.25,8.48,8.16,8.43,15500393,129833438.0
2026-10-08,sh,600973,宝胜股份,5.71,5.71,5.8,5.67,5.72,8908100,51054185.0
2026-10-08,sh,600975,新五丰,5.19,5.15,5.2,5.06,5.09,12517420,64186087.0
2026-10-08,sh,600976,健民集团,26.86,26.86,27.23,26.86,26.98,1084237,29317425.0
2026-10-08,sh,600977,中国电影,12.89,12.96,13.49,12.89,13.4,46771704,622331900.0
2026-10-08,sh,600979,广安爱众,3.88,3.88,3.96,3.86,3.94,22977990,90302322.0
2026-10-08,sh,600980,北矿科技,18.75,18.83,18.98,18.41,18.54,2042100,38034170.0
2026-10-08,sh,600981,苏豪汇鸿,2.42,2.41,2.44,2.36,2.39,17146490,40938829.0
2026-10-08,sh,600982,宁波能源,5.3,5.25,5.38,5.22,5.35,66057299,351622935.0
2026-10-08,sh,600983,惠而浦,7.54,7.54,7.57,7.39,7.5,1210900,9060077.0
2026-10-08,sh,600984,建设机械,3.6,3.6,3.66,3.57,3.65,29241120,105973719.0
2026-10-08,sh,600985,淮北矿业,15.87,15.88,16.31,15.88,16.29,17798350,287940229.0
2026-10-08,sh,600986,浙文互联,6.89,6.88,6.93,6.72,6.77,24411920,166431270.0
2026-10-08,sh,600987,航民股份,6.28,6.28,6.33,6.26,6.29,3547533,22349294.0
2026-10-08,sh,600988,赤峰黄金,39.56,38.76,39.85,38.41,39.07,31080524,1217095204.0
2026-10-08,sh,600989,宝丰能源,22.46,22.99,23.72,22.82,23.32,72209424,1683179257.0
2026-10-08,sh,600990,四创电子,17.84,17.75,18.0,17.28,17.42,2362793,41731192.0
2026-10-08,sh,600992,贵绳股份,10.2,10.18,10.5,10.15,10.39,8468533,87517968.0
2026-10-08,sh,600993,马应龙,22.52,22.56,22.7,22.39,22.65,2526200,57064295.0
2026-10-08,sh,600995,南网储能,11.86,11.88,12.08,11.87,12.06,10444900,125690996.0
2026-10-08,sh,600996,贵广网络,6.76,6.79,6.85,6.68,6.69,13425648,90775112.0
2026-10-08,sh,600997,开滦股份,5.22,5.26,5.36,5.19,5.31,11299501,59878869.0
2026-10-08,sh,600998,九州通,5.05,5.08,5.19,5.04,5.06,68437749,350028114.0
2026-10-08,sh,600999,招商证券,17.07,17.06,17.24,16.77,16.86,34766390,590692915.0
2026-10-08,sh,601000,唐山港,4.62,4.62,4.73,4.62,4.69,47584823,223278941.0
2026-10-08,sh,601001,晋控煤业,17.21,17.19,17.45,16.96,17.4,14675536,253316819.0
2026-10-08,sh,601002,晋亿实业,5.26,5.26,5.38,5.22,5.3,13501134,71806812.0
2026-10-08,sh,601003,柳钢股份,3.58,3.57,3.66,3.54,3.57,15196500,54513819.0
2026-10-08,sh,601005,重庆钢铁,1.21,1.21,1.23,1.2,1.2,71980002,87352640.0
2026-10-08,sh,601006,大秦铁路,4.74,4.74,4.84,4.74,4.84,213863793,1029548241.0
2026-10-08,sh,601007,金陵饭店,6.78,6.77,6.81,6.67,6.73,4765597,32103736.0
2026-10-08,sh,601008,连云港,4.4,4.4,4.5,4.39,4.44,11411795,50798368.0
2026-10-08,sh,601009,南京银行,11.98,11.95,12.18,11.86,12.11,59839709,721548297.0
2026-10-08,sh,601010,ST文峰,1.42,1.42,1.43,1.4,1.4,10432800,14729122.0
2026-10-08,sh,601011,宝泰隆,2.9,2.91,3.03,2.89,2.97,52935800,157274819.0
2026-10-08,sh,601012,隆基绿能,11.21,11.15,11.29,10.98,11.07,65359649,727012619.0
2026-10-08,sh,601015,陕西黑猫,3.58,3.64,3.91,3.62,3.83,140922399,535073879.0
2026-10-08,sh,601016,节能风电,3.26,3.27,3.3,3.26,3.28,63081505,206819700.0
2026-10-08,sh,601018,宁波港,3.53,3.52,3.64,3.52,3.59,82308567,296766241.0
2026-10-08,sh,601019,山东出版,6.84,6.85,6.9,6.77,6.8,11282792,77082786.0
2026-10-08,sh,601020,华钰矿业,19.66,19.45,19.69,19.24,19.35,9838168,191271694.0
2026-10-08,sh,601021,春秋航空,40.76,40.2,40.5,39.52,39.65,4109667,164245127.0
2026-10-08,sh,601022,宁波远洋,8.25,8.29,8.54,8.25,8.46,10252966,86815569.0
2026-10-08,sh,601026,道生天合,14.6,14.6,15.72,14.5,15.24,9442351,144061637.0
2026-10-08,sh,601033,永兴股份,14.18,14.2,14.25,14.03,14.18,3408100,48182474.0
2026-10-08,sh,601038,一拖股份,13.71,13.51,14.06,13.51,13.78,4659500,64398062.0
2026-10-08,sh,601058,赛轮轮胎,13.24,13.23,13.31,12.88,12.94,41667239,543099528.0
2026-10-08,sh,601059,信达证券,15.56,0.0,0.0,0.0,15.56,0,0.0
2026-10-08,sh,601061,中信金属,10.55,10.67,11.2,10.58,10.87,18827850,205948055.0
2026-10-08,sh,601065,江盐集团,6.67,6.67,6.74,6.63,6.64,3541700,23691767.0
2026-10-08,sh,601066,中信建投,23.03,23.01,23.23,22.63,22.75,10055184,230044377.0
2026-10-08,sh,601068,中铝国际,4.33,4.34,4.47,4.33,4.44,21529500,95414230.0
2026-10-08,sh,601069,西部黄金,24.56,23.88,24.4,23.86,24.14,8066941,194606710.0
2026-10-08,sh,601077,渝农商行,6.71,6.69,6.78,6.65,6.78,60571630,408294697.0
2026-10-08,sh,601083,锦江航运,12.65,12.8,13.24,12.78,13.02,13055295,170817807.0
2026-10-08,sh,601086,国芳集团,13.33,13.22,14.3,13.04,13.58,74388994,1019748662.0
2026-10-08,sh,601088,中国神华,47.8,47.3,48.2,46.13,47.49,63234112,3000106073.0
2026-10-08,sh,601089,福元医药,16.48,16.58,16.7,16.19,16.29,2937700,48222100.0
2026-10-08,sh,601091,沈鼓集团,23.15,23.55,25.47,23.2,24.2,81970328,1993050419.0
2026-10-08,sh,601096,宏盛华源,3.97,3.98,4.06,3.97,4.04,16470773,66384830.0
2026-10-08,sh,601098,中南传媒,10.27,10.4,10.6,10.35,10.48,17278428,181236674.0
2026-10-08,sh,601099,太平洋,3.46,3.44,3.48,3.38,3.4,92537774,317064666.0
2026-10-08,sh,601100,恒立液压,90.31,88.5,89.68,86.5,87.39,9350679,821183322.0
2026-10-08,sh,601101,昊华能源,12.73,12.83,13.18,12.68,13.15,21987194,285912296.0
2026-10-08,sh,601106,中国一重,2.95,2.97,3.04,2.93,2.95,63770067,190762233.0
2026-10-08,sh,601107,四川成渝,6.09,6.15,6.32,6.09,6.27,11136073,69466564.0
2026-10-08,sh,601108,财通证券,8.15,8.14,8.19,7.9,7.94,41485799,333426894.0
2026-10-08,sh,601111,中国国航,5.91,5.81,5.83,5.72,5.74,85510987,493891491.0
2026-10-08,sh,601112,振石股份,15.82,15.82,15.98,15.2,15.21,6203877,96118120.0
2026-10-08,sh,601113,华鼎股份,3.5,3.52,3.55,3.46,3.49,8890300,31146227.0
2026-10-08,sh,601116,三江购物,9.91,9.88,10.06,9.82,9.94,6749684,66949057.0
2026-10-08,sh,601117,中国化学,7.17,7.17,7.21,7.12,7.15,45116143,323003484.0
2026-10-08,sh,601118,海南橡胶,6.37,6.5,6.81,6.4,6.51,202697884,1334095091.0
2026-10-08,sh,601121,宝地矿业,7.03,7.03,7.22,6.97,7.1,13259700,94145683.0
2026-10-08,sh,601123,马矿股份,16.72,16.64,17.35,16.64,16.85,17412446,296581255.0
2026-10-08,sh,601126,四方股份,36.49,36.65,36.84,34.5,35.27,19602608,695155198.0
2026-10-08,sh,601127,赛力斯,46.94,50.11,51.23,47.55,47.97,53015688,2619032031.0
2026-10-08,sh,601128,常熟银行,6.26,6.24,6.32,6.23,6.28,43756496,274492773.0
2026-10-08,sh,601133,柏诚股份,22.41,22.41,22.85,21.66,21.81,8320922,184719549.0
2026-10-08,sh,601136,首创证券,13.89,13.85,13.96,13.61,13.65,9346334,128627958.0
2026-10-08,sh,601137,博威合金,18.91,18.91,19.01,18.22,18.41,9182500,170291302.0
2026-10-08,sh,601138,工业富联,58.2,58.66,59.15,55.08,55.69,79248569,4502354498.0
2026-10-08,sh,601139,深圳燃气,6.25,6.26,6.51,6.26,6.51,31790725,204198269.0
2026-10-08,sh,601155,新城控股,12.87,12.65,13.34,12.46,12.82,40836135,528686954.0
2026-10-08,sh,601156,东航物流,18.39,18.57,18.88,18.32,18.47,7410547,137769346.0
2026-10-08,sh,601158,重庆水务,4.02,4.02,4.04,4.01,4.04,4809400,19365540.0
2026-10-08,sh,601162,天风证券,3.56,3.55,3.59,3.48,3.49,87706724,308865313.0
2026-10-08,sh,601163,三角轮胎,12.24,12.28,12.32,12.16,12.2,2166500,26473694.0
2026-10-08,sh,601166,兴业银行,18.05,18.0,18.27,17.97,18.24,82597375,1501087104.0
2026-10-08,sh,601168,西部矿业,35.35,35.9,35.98,35.0,35.13,27953186,992259783.0
2026-10-08,sh,601169,北京银行,5.57,5.56,5.69,5.55,5.66,182733727,1032434669.0
2026-10-08,sh,601177,杭齿前进,13.85,14.0,14.16,13.63,13.7,5366178,74163081.0
2026-10-08,sh,601179,中国西电,11.61,11.63,12.05,11.63,11.79,61549426,729412893.0
2026-10-08,sh,601186,中国铁建,6.02,6.03,6.08,6.02,6.06,42365021,256825186.0
2026-10-08,sh,601187,厦门银行,6.9,6.89,6.94,6.85,6.89,21120040,145516521.0
2026-10-08,sh,601188,龙江交通,2.88,2.88,2.9,2.87,2.89,11756710,33977224.0
2026-10-08,sh,601198,东兴证券,13.06,0.0,0.0,0.0,13.06,0,0.0
2026-10-08,sh,601199,江南水务,6.3,6.27,6.37,6.21,6.21,10168700,63948190.0
2026-10-08,sh,601200,上海环境,6.8,6.8,6.85,6.75,6.82,4835400,32914999.0
2026-10-08,sh,601208,东材科技,48.22,51.06,53.04,49.67,50.92,111165937,5794652515.0
2026-10-08,sh,601211,国泰海通,16.87,16.79,16.96,16.53,16.6,62974375,1052261238.0
2026-10-08,sh,601212,白银有色,5.65,5.57,5.68,5.52,5.57,84544593,473422110.0
2026-10-08,sh,601216,君正集团,4.54,4.54,4.81,4.53,4.77,143640196,677810558.0
2026-10-08,sh,601218,吉鑫科技,6.08,5.97,6.3,5.92,5.95,188108521,1145711113.0
2026-10-08,sh,601222,林洋能源,5.94,6.0,6.13,5.98,6.04,29693121,180101364.0
2026-10-08,sh,601225,陕西煤业,26.03,26.27,26.92,25.76,26.6,41737969,1107386936.0
2026-10-08,sh,601226,华电科工,6.51,6.53,6.67,6.51,6.61,9610194,63515716.0
2026-10-08,sh,601228,广州港,3.11,3.09,3.17,3.09,3.16,37542900,118300014.0
2026-10-08,sh,601229,上海银行,9.75,9.76,9.84,9.73,9.81,60390463,591245080.0
2026-10-08,sh,601231,环旭电子,23.74,24.18,24.45,22.82,23.07,19700072,462982890.0
2026-10-08,sh,601233,桐昆股份,22.73,22.69,23.41,22.51,22.68,20790706,477201781.0
2026-10-08,sh,601236,红塔证券,7.01,7.0,7.08,6.95,6.99,21838000,153379748.0
2026-10-08,sh,601238,广汽集团,5.84,5.68,5.69,5.3,5.36,131472965,715741052.0
2026-10-08,sh,601279,英利汽车,3.65,3.65,3.67,3.56,3.61,16797700,60666252.0
2026-10-08,sh,601288,农业银行,6.97,6.96,7.06,6.94,7.02,299711764,2102919056.0
2026-10-08,sh,601298,青岛港,10.06,10.0,10.2,9.96,10.05,10679429,107728637.0
2026-10-08,sh,601311,骆驼股份,7.36,7.37,7.48,7.36,7.4,11531705,85445750.0
2026-10-08,sh,601318,中国平安,53.29,52.91,53.25,52.46,52.67,59624310,3151177341.0
2026-10-08,sh,601319,中国人保,7.98,7.98,8.04,7.85,7.91,50778395,403043743.0
2026-10-08,sh,601326,秦港股份,3.55,3.55,3.63,3.54,3.6,23302182,83861652.0
2026-10-08,sh,601328,交通银行,7.75,7.73,7.87,7.7,7.83,202338571,1582843594.0
2026-10-08,sh,601330,绿色动力,8.14,8.15,8.35,8.11,8.32,12798700,105778987.0
2026-10-08,sh,601333,广深铁路,3.08,3.08,3.12,3.07,3.09,62532850,193793827.0
2026-10-08,sh,601336,新华保险,56.35,56.1,56.85,55.9,56.12,7659368,431580495.0
2026-10-08,sh,601339,百隆东方,7.25,7.28,7.39,7.2,7.38,8290300,60534177.0
2026-10-08,sh,601360,三六零,8.95,8.94,8.95,8.65,8.67,88258488,774464178.0
2026-10-08,sh,601366,利群股份,3.65,3.65,3.68,3.58,3.6,7751300,28092524.0
2026-10-08,sh,601368,绿城水务,4.59,4.59,4.65,4.56,4.6,5244900,24134224.0
2026-10-08,sh,601369,陕鼓动力,8.51,8.57,8.57,8.4,8.53,7677601,65182456.0
2026-10-08,sh,601375,中原证券,3.94,3.95,3.98,3.89,3.91,23290999,91613349.0
2026-10-08,sh,601377,兴业证券,5.72,5.72,5.75,5.64,5.68,54679930,311397756.0
2026-10-08,sh,601388,怡球资源,3.18,3.17,3.2,3.14,3.17,17659694,56082786.0
2026-10-08,sh,601390,XD中国中,4.27,4.28,4.31,4.26,4.28,80998772,346971994.0
2026-10-08,sh,601398,工商银行,8.28,8.26,8.38,8.23,8.31,315839979,2625583216.0
2026-10-08,sh,601399,国机重装,3.15,3.17,3.24,3.12,3.13,85158026,270198319.0
2026-10-08,sh,601456,国联民生,8.51,8.48,8.53,8.36,8.38,12351461,104192833.0
2026-10-08,sh,601500,通用股份,3.86,3.87,3.9,3.8,3.84,12224663,46983335.0
2026-10-08,sh,601512,中新集团,8.46,8.54,8.62,8.31,8.39,4445041,37614847.0
2026-10-08,sh,601515,衢州东峰,3.18,3.2,3.24,3.16,3.18,13990004,44714333.0
2026-10-08,sh,601518,吉林高速,2.79,2.78,2.8,2.76,2.78,9474360,26332850.0
2026-10-08,sh,601519,大智慧,8.65,8.5,8.65,8.26,8.34,55201542,464026994.0
2026-10-08,sh,601528,瑞丰银行,5.14,5.14,5.2,5.12,5.15,13567819,70057826.0
2026-10-08,sh,601555,东吴证券,8.13,8.14,8.21,7.95,7.97,25905593,208763327.0
2026-10-08,sh,601566,九牧王,9.06,9.07,9.55,9.02,9.22,18726791,173678648.0
2026-10-08,sh,601567,三星电气,13.67,13.7,14.04,13.6,13.75,22167114,306102218.0
2026-10-08,sh,601568,北元化工,3.55,3.54,3.61,3.53,3.57,17544021,62674625.0
2026-10-08,sh,601577,长沙银行,9.71,9.67,9.89,9.63,9.88,26770122,261813988.0
2026-10-08,sh,601579,会稽山,37.3,36.0,41.03,36.0,39.6,58974502,2347559819.0
2026-10-08,sh,601588,北辰实业,1.83,1.81,1.85,1.78,1.8,51190801,93138881.0
2026-10-08,sh,601595,上海电影,23.0,22.5,23.4,22.4,22.49,7423655,169025640.0
2026-10-08,sh,601598,中国外运,6.61,6.64,6.79,6.6,6.71,15293398,102638525.0
2026-10-08,sh,601599,浙文影业,3.25,3.23,3.26,3.19,3.21,14808000,47627685.0
2026-10-08,sh,601600,中国铝业,8.93,8.89,9.14,8.84,9.02,146569133,1326149362.0
2026-10-08,sh,601601,中国太保,31.06,30.84,31.24,30.61,30.83,27599098,852715903.0
2026-10-08,sh,601606,长城军工,30.7,30.7,31.05,30.28,30.5,10863359,333152611.0
2026-10-08,sh,601607,上海医药,16.22,16.3,16.54,16.24,16.47,17380416,286188078.0
2026-10-08,sh,601608,中信重工,4.59,4.57,4.71,4.57,4.6,34150326,158202661.0
2026-10-08,sh,601609,金田股份,11.72,11.72,11.8,11.07,11.11,44011080,499337357.0
2026-10-08,sh,601611,中国核建,10.08,10.17,10.27,9.96,10.0,17877910,180913380.0
2026-10-08,sh,601615,明阳智能,9.77,9.77,9.82,9.51,9.56,39273740,380175082.0
2026-10-08,sh,601616,广电电气,3.75,3.76,3.82,3.73,3.76,7797100,29393883.0
2026-10-08,sh,601618,中国中冶,2.54,2.53,2.58,2.53,2.55,92652985,236825136.0
2026-10-08,sh,601619,嘉泽新能,3.89,3.89,3.97,3.88,3.93,22183676,87253120.0
2026-10-08,sh,601628,中国人寿,36.7,36.63,36.69,35.78,35.94,23513134,850128293.0
2026-10-08,sh,601633,长城汽车,13.73,13.62,13.69,13.37,13.41,19053958,257519320.0
2026-10-08,sh,601636,旗滨集团,5.39,5.39,5.44,5.18,5.22,45666131,241013284.0
2026-10-08,sh,601658,邮储银行,5.46,5.44,5.53,5.42,5.49,170320262,934882030.0
2026-10-08,sh,601665,齐鲁银行,7.13,7.09,7.19,7.07,7.15,49341926,352266179.0
2026-10-08,sh,601666,平煤股份,8.82,8.82,9.0,8.8,8.85,18938400,168126361.0
2026-10-08,sh,601668,中国建筑,4.34,4.34,4.4,4.33,4.39,272371241,1192061574.0
2026-10-08,sh,601669,中国电建,4.57,4.57,4.6,4.55,4.58,69771007,319594988.0
2026-10-08,sh,601677,明泰铝业,16.17,16.15,16.27,16.02,16.06,14263840,230430027.0
2026-10-08,sh,601678,滨化股份,5.68,5.67,5.78,5.62,5.66,42343221,241662552.0
2026-10-08,sh,601686,友发集团,5.0,5.01,5.05,4.99,5.02,4459268,22378461.0
2026-10-08,sh,601688,华泰证券,17.8,17.8,17.91,17.56,17.6,45838327,812994993.0
2026-10-08,sh,601689,拓普集团,46.52,46.0,46.0,42.84,42.88,27924680,1230197110.0
2026-10-08,sh,601696,中银证券,10.96,10.96,11.0,10.7,10.76,19759377,214216431.0
2026-10-08,sh,601698,中国卫通,22.6,22.6,23.45,22.6,22.99,21429528,495113958.0
2026-10-08,sh,601699,潞安环能,15.09,15.12,15.31,15.04,15.27,18059155,274783053.0
2026-10-08,sh,601700,风范股份,6.19,6.28,6.57,6.24,6.38,57182476,366187117.0
2026-10-08,sh,601702,华峰铝业,14.88,14.89,15.0,14.71,14.91,2490100,37064000.0
2026-10-08,sh,601717,中创智领,13.35,13.26,13.49,13.17,13.35,14415299,192587135.0
2026-10-08,sh,601718,ST际华,1.94,1.94,1.98,1.92,1.93,13670169,26637075.0
2026-10-08,sh,601727,上海电气,6.44,6.44,6.48,6.41,6.42,34737892,223881955.0
2026-10-08,sh,601728,中国电信,6.28,6.28,6.44,6.23,6.42,114509999,728585025.0
2026-10-08,sh,601766,中国中车,6.19,6.17,6.25,6.16,6.22,102535482,636643935.0
2026-10-08,sh,601777,千里科技,8.18,8.3,8.48,7.96,8.05,40388143,329637910.0
2026-10-08,sh,601778,晶科科技,3.39,3.39,3.44,3.34,3.37,72506749,245383331.0
2026-10-08,sh,601788,光大证券,13.68,13.7,13.74,13.41,13.43,14326161,194359443.0
2026-10-08,sh,601789,宁波建工,4.21,4.17,4.24,4.16,4.18,17653995,74115486.0
2026-10-08,sh,601798,蓝科高新,7.68,7.68,7.81,7.64,7.7,4669510,36053967.0
2026-10-08,sh,601799,星宇股份,70.33,70.6,70.75,67.63,68.1,3554714,243482810.0
2026-10-08,sh,601800,中国交建,5.94,5.95,6.08,5.92,6.05,66493382,401810189.0
2026-10-08,sh,601801,皖新传媒,5.49,5.45,5.54,5.37,5.41,20672015,112409626.0
2026-10-08,sh,601808,中海油服,12.22,12.28,12.62,12.23,12.56,15420521,193092403.0
2026-10-08,sh,601811,新华文轩,21.12,20.77,21.7,19.01,19.01,40637822,808148248.0
2026-10-08,sh,601816,京沪高铁,4.76,4.77,4.82,4.74,4.81,177789557,849467378.0
2026-10-08,sh,601818,光大银行,3.04,3.04,3.1,3.03,3.08,302513045,931096043.0
2026-10-08,sh,601825,沪农商行,8.61,8.66,8.73,8.55,8.71,19570522,169730488.0
2026-10-08,sh,601827,三峰环境,7.9,7.94,7.98,7.87,7.9,4743440,37598495.0
2026-10-08,sh,601828,美凯龙,2.23,2.2,2.25,2.16,2.17,60890759,134169505.0
2026-10-08,sh,601838,成都银行,19.31,19.33,19.67,19.15,19.58,27828482,541450779.0
2026-10-08,sh,601857,中国石油,11.21,11.2,11.66,11.18,11.59,154596179,1781854581.0
2026-10-08,sh,601858,中国科传,21.58,21.62,21.64,20.59,21.15,8881390,186423725.0
2026-10-08,sh,601860,紫金银行,2.58,2.58,2.62,2.57,2.59,59987056,155933130.0
2026-10-08,sh,601865,福莱特,9.22,9.19,9.32,9.07,9.12,9906061,91036033.0
2026-10-08,sh,601866,中远海发,2.44,2.44,2.51,2.43,2.47,97504342,241915326.0
2026-10-08,sh,601868,中国能建,2.39,2.39,2.41,2.38,2.38,255078411,611023333.0
2026-10-08,sh,601869,长飞光纤,411.16,412.98,417.77,390.13,393.99,8339131,3338732849.0
2026-10-08,sh,601872,招商轮船,20.15,21.15,22.17,21.15,22.03,227584969,5013474950.0
2026-10-08,sh,601877,正泰电器,24.95,24.9,25.84,24.88,25.69,24984224,641327620.0
2026-10-08,sh,601878,浙商证券,8.97,8.96,9.01,8.82,8.84,18812914,167246205.0
2026-10-08,sh,601880,辽港股份,1.47,1.47,1.5,1.47,1.48,107829437,160312941.0
2026-10-08,sh,601881,中国银河,11.59,11.56,11.61,11.35,11.4,23948988,274655593.0
2026-10-08,sh,601882,海天精工,22.62,22.88,22.95,21.46,21.6,6145900,135150617.0
2026-10-08,sh,601886,江河集团,13.09,13.0,13.14,12.7,12.89,9096186,117256164.0
2026-10-08,sh,601888,中国中免,51.44,51.0,51.27,50.53,50.69,11962987,608704732.0
2026-10-08,sh,601890,亚星锚链,9.35,9.39,9.73,9.37,9.46,52222874,498390181.0
2026-10-08,sh,601898,中煤能源,13.8,13.8,14.15,13.68,14.09,31798132,445113530.0
2026-10-08,sh,601899,紫金矿业,29.79,29.7,29.84,29.2,29.37,114872398,3385707791.0
2026-10-08,sh,601900,南方传媒,12.69,12.58,12.7,12.26,12.37,9065704,112826258.0
2026-10-08,sh,601901,方正证券,6.71,6.69,6.72,6.58,6.6,32598164,216313179.0
2026-10-08,sh,601908,京运通,2.93,2.93,2.97,2.9,2.92,23112000,67820890.0
2026-10-08,sh,601916,浙商银行,2.88,2.89,2.93,2.88,2.92,178253675,520261086.0
2026-10-08,sh,601918,新集能源,11.29,11.29,11.58,11.17,11.53,41092776,469761318.0
2026-10-08,sh,601919,中远海控,16.37,16.47,16.77,16.47,16.6,75750723,1261434869.0
2026-10-08,sh,601921,浙版传媒,7.56,7.58,7.6,7.42,7.45,9132578,68412878.0
2026-10-08,sh,601928,凤凰传媒,8.34,8.35,8.4,8.28,8.33,8512969,70892568.0
2026-10-08,sh,601929,吉视传媒,2.31,2.31,2.34,2.25,2.27,89129574,203792522.0
2026-10-08,sh,601933,永辉超市,2.99,2.98,3.0,2.95,2.96,58832560,175012057.0
2026-10-08,sh,601939,建设银行,11.06,11.05,11.17,11.03,11.15,95478161,1062363007.0
2026-10-08,sh,601949,中国出版,5.91,5.89,5.9,5.68,5.73,46552005,268923044.0
2026-10-08,sh,601952,苏垦农发,8.97,8.99,9.2,8.87,8.94,15582777,140638973.0
2026-10-08,sh,601956,东贝集团,5.02,5.02,5.52,4.99,5.52,12109562,65750575.0
2026-10-08,sh,601958,金钼股份,19.37,19.26,19.5,18.79,18.92,16829554,321043179.0
2026-10-08,sh,601963,重庆银行,11.2,11.16,11.32,11.1,11.2,9647223,108265139.0
2026-10-08,sh,601965,中国汽研,13.57,13.63,14.23,13.4,14.05,17694712,247259951.0
2026-10-08,sh,601966,玲珑轮胎,10.49,10.48,10.61,10.44,10.47,7221360,75948983.0
2026-10-08,sh,601968,宝钢包装,4.5,4.49,4.54,4.44,4.47,6831500,30665462.0
2026-10-08,sh,601969,海南矿业,8.92,8.92,9.15,8.85,9.08,10828200,98011057.0
2026-10-08,sh,601975,招商南油,4.52,4.7,4.97,4.68,4.97,297276399,1466802817.0
2026-10-08,sh,601985,中国核电,9.07,9.08,9.18,9.08,9.17,133911986,1225885773.0
2026-10-08,sh,601988,中国银行,6.73,6.7,6.87,6.69,6.81,259926729,1769228455.0
2026-10-08,sh,601990,南京证券,6.58,6.6,6.64,6.5,6.53,14141580,92862484.0
2026-10-08,sh,601991,大唐发电,5.31,5.32,5.38,5.3,5.35,121706869,649837158.0
2026-10-08,sh,601992,金隅集团,1.43,1.43,1.45,1.4,1.41,54601500,77740783.0
2026-10-08,sh,601995,中金公司,30.63,30.61,30.82,30.1,30.19,17268407,525982310.0
2026-10-08,sh,601996,丰林集团,2.88,2.87,2.92,2.82,2.84,14091900,40472928.0
2026-10-08,sh,601997,贵阳银行,5.61,5.6,5.66,5.59,5.64,38929070,219404080.0
2026-10-08,sh,601998,中信银行,9.1,9.03,9.11,8.93,9.08,49499144,448055042.0
2026-10-08,sh,601999,出版传媒,6.81,6.77,6.83,6.56,6.7,16134500,108189025.0
2026-10-08,sh,603000,人民网,16.51,16.51,16.58,16.05,16.1,13605055,221189644.0
2026-10-08,sh,603001,奥康国际,11.29,11.29,11.49,11.1,11.33,11287700,128201793.0
2026-10-08,sh,603002,宏昌电子,17.34,17.67,19.07,17.6,18.69,135013658,2530765333.0
2026-10-08,sh,603004,鼎龙科技,19.87,19.93,20.33,19.45,19.77,5142800,102309552.0
2026-10-08,sh,603005,晶方科技,26.99,27.01,27.36,25.56,25.82,25493293,671463627.0
2026-10-08,sh,603006,联明股份,10.83,10.88,11.05,10.76,10.94,2868600,31331049.0
2026-10-08,sh,603007,顺景科技,4.47,4.47,4.56,4.4,4.43,10855425,48529750.0
2026-10-08,sh,603008,ST喜临门,10.6,10.68,10.97,10.5,10.7,8482742,91252196.0
2026-10-08,sh,603009,北特科技,45.88,45.71,45.75,43.0,43.35,6464159,284630023.0
2026-10-08,sh,603010,万盛股份,12.29,12.43,12.56,12.14,12.18,5850361,72140528.0
2026-10-08,sh,603011,合锻智能,23.98,24.35,24.89,23.0,23.33,20121969,481063464.0
2026-10-08,sh,603012,创力集团,8.51,8.52,8.92,8.52,8.61,15607245,136030973.0
2026-10-08,sh,603013,亚普股份,14.26,14.26,14.41,14.15,14.29,1888800,26952451.0
2026-10-08,sh,603014,威高血净,30.79,30.88,30.92,29.82,29.97,1617700,48985607.0
2026-10-08,sh,603015,弘讯科技,10.3,10.35,10.85,10.23,10.48,6753300,71272833.0
2026-10-08,sh,603016,新宏泰,32.16,31.89,33.58,31.3,31.68,4087217,131872114.0
2026-10-08,sh,603017,中衡设计,10.03,10.0,10.18,9.95,10.01,6270800,62984087.0
2026-10-08,sh,603018,华设集团,5.2,5.19,5.23,5.08,5.11,7822857,40290335.0
2026-10-08,sh,603019,中科曙光,79.52,79.8,80.14,76.2,76.78,22088407,1719399957.0
2026-10-08,sh,603020,爱普股份,12.48,12.7,13.73,12.69,12.75,32522836,433055987.0
2026-10-08,sh,603021,*ST华鹏,4.46,4.15,4.43,4.15,4.26,11242120,47900205.0
2026-10-08,sh,603022,新通联,9.06,9.06,9.26,8.95,9.08,3110056,28237980.0
2026-10-08,sh,603023,威帝股份,4.06,4.07,4.14,3.95,3.99,8516400,34268628.0
2026-10-08,sh,603025,大豪科技,12.93,12.91,13.03,12.62,12.71,4947195,63401385.0
2026-10-08,sh,603026,石大胜华,56.92,57.0,60.33,56.57,59.0,11354612,667925705.0
2026-10-08,sh,603027,千禾味业,7.31,7.3,7.44,7.25,7.41,13714826,101250314.0
2026-10-08,sh,603028,赛福天,7.16,7.2,7.3,6.99,7.07,3387950,24075249.0
2026-10-08,sh,603029,天鹅股份,16.65,16.73,16.98,16.47,16.66,2130800,35525409.0
2026-10-08,sh,603030,全筑股份,2.08,2.08,2.13,2.03,2.05,29387891,61001995.0
2026-10-08,sh,603031,安孚科技,36.67,36.68,36.77,33.39,33.9,13225086,459967648.0
2026-10-08,sh,603032,德新科技,17.77,17.73,18.82,17.71,18.14,7273407,133026628.0
2026-10-08,sh,603033,三维股份,7.71,7.74,7.83,7.59,7.65,5686887,43684087.0
2026-10-08,sh,603035,常熟汽饰,10.5,10.53,10.59,10.33,10.39,2375400,24817077.0
2026-10-08,sh,603036,如通股份,13.52,13.49,13.72,13.34,13.49,4445298,60144217.0
2026-10-08,sh,603037,凯众股份,10.36,10.4,10.94,10.07,10.71,15707288,165426750.0
2026-10-08,sh,603038,华立股份,15.71,15.71,15.84,14.98,15.24,5360300,82138966.0
2026-10-08,sh,603039,泛微网络,34.73,34.38,34.87,32.97,33.2,8301978,278591278.0
2026-10-08,sh,603040,新坐标,44.3,44.98,44.98,42.0,42.53,1654295,71143241.0
2026-10-08,sh,603041,美思德,11.53,11.53,11.72,11.32,11.43,2244500,25857952.0
2026-10-08,sh,603042,华脉科技,16.66,16.79,16.97,15.91,16.05,27528235,447397490.0
2026-10-08,sh,603043,广州酒家,13.14,13.13,13.38,13.08,13.29,4266770,56663685.0
2026-10-08,sh,603045,福达合金,46.03,46.8,46.8,44.66,45.03,3851000,175252340.0
2026-10-08,sh,603048,浙江黎明,25.27,25.58,25.7,23.98,24.12,2821800,69475885.0
2026-10-08,sh,603049,中策橡胶,43.96,43.94,44.55,43.31,43.41,3091167,135719017.0
2026-10-08,sh,603050,科林电气,16.35,16.45,16.46,15.86,15.92,3118688,50089781.0
2026-10-08,sh,603051,鹿山新材,24.26,24.36,24.42,22.8,23.5,6977676,163309417.0
2026-10-08,sh,603052,可川科技,51.02,51.25,51.85,47.56,48.25,3836600,188623812.0
2026-10-08,sh,603053,成都燃气,8.75,8.74,8.86,8.71,8.83,2095700,18477234.0
2026-10-08,sh,603055,台华新材,9.17,9.18,9.46,9.16,9.45,6808166,63851103.0
2026-10-08,sh,603057,紫燕食品,17.84,17.9,18.17,17.64,17.76,2070500,36851543.0
2026-10-08,sh,603058,永吉股份,8.51,8.55,8.65,8.34,8.39,4846000,40991818.0
2026-10-08,sh,603059,倍加洁,26.22,26.22,26.84,25.88,25.98,1992300,52415244.0
2026-10-08,sh,603060,国检集团,5.53,5.54,5.58,5.5,5.54,6423700,35563485.0
2026-10-08,sh,603061,金海通,311.73,310.37,317.35,295.51,296.7,2597508,796302964.0
2026-10-08,sh,603062,麦加芯彩,36.84,37.04,38.18,36.66,37.59,357701,13464650.0
2026-10-08,sh,603063,禾望电气,27.61,27.7,28.08,26.41,26.66,11943942,323226590.0
2026-10-08,sh,603065,宿迁联盛,14.23,14.51,14.98,13.9,14.03,22439700,323157786.0
2026-10-08,sh,603066,音飞储存,9.28,9.22,9.39,9.2,9.27,3048000,28334236.0
2026-10-08,sh,603067,振华股份,40.25,39.27,40.17,38.05,38.46,24840834,965136200.0
2026-10-08,sh,603068,博通集成,44.85,44.62,45.45,42.05,42.44,11196000,485085135.0
2026-10-08,sh,603069,海汽集团,13.55,13.6,13.68,13.16,13.24,2670600,35709136.0
2026-10-08,sh,603070,万控智造,11.3,11.3,11.53,11.24,11.44,2129100,24194856.0
2026-10-08,sh,603071,物产环能,12.49,12.54,12.67,12.42,12.53,3264200,41029872.0
2026-10-08,sh,603072,天和磁材,29.39,29.42,29.78,29.01,29.17,1054184,30947274.0
2026-10-08,sh,603073,彩蝶实业,20.88,20.88,22.97,20.1,22.97,21605837,478817025.0
2026-10-08,sh,603075,热威股份,19.73,19.78,20.33,19.78,20.04,2479671,49772559.0
2026-10-08,sh,603076,乐惠国际,20.12,20.27,20.48,19.85,19.97,1710201,34484665.0
2026-10-08,sh,603077,和邦生物,2.19,2.19,2.22,2.17,2.19,101072818,221672988.0
2026-10-08,sh,603078,江化微,28.83,29.1,29.79,27.8,28.14,10652831,305025555.0
2026-10-08,sh,603079,圣达生物,13.61,13.69,13.94,13.15,13.32,5358336,72097175.0
2026-10-08,sh,603080,新疆火炬,19.95,20.0,20.48,19.91,20.4,2214400,44759684.0
2026-10-08,sh,603081,大丰实业,9.36,9.41,9.58,9.32,9.44,3309310,31417175.0
2026-10-08,sh,603082,北自科技,41.25,41.26,41.46,39.1,39.4,4280619,171003837.0
2026-10-08,sh,603083,剑桥科技,205.45,200.97,209.62,191.06,193.1,21279854,4211165708.0
2026-10-08,sh,603085,天成自控,9.73,9.75,10.36,9.61,10.15,15066600,153108766.0
2026-10-08,sh,603086,先达股份,5.87,5.9,6.36,5.84,6.21,26507049,162620728.0
2026-10-08,sh,603087,甘李药业,77.4,77.4,78.27,73.2,73.56,13360295,996617036.0
2026-10-08,sh,603088,宁波精达,9.9,9.9,10.13,9.64,9.69,6119600,60063447.0
2026-10-08,sh,603089,正裕工业,9.46,9.53,9.68,9.38,9.48,2652200,25215653.0
2026-10-08,sh,603090,宏盛股份,36.85,37.02,37.02,34.55,34.9,3288900,116771104.0
2026-10-08,sh,603091,众鑫股份,45.32,45.2,46.26,45.2,45.8,535780,24530769.0
2026-10-08,sh,603092,德力佳,48.19,47.66,48.54,46.0,47.42,3458131,162905740.0
2026-10-08,sh,603093,南华期货,13.16,13.13,13.53,12.95,13.09,12049750,159229155.0
2026-10-08,sh,603095,越剑智能,14.01,14.01,14.19,13.69,13.82,3194076,44344439.0
2026-10-08,sh,603096,新经典,16.1,16.01,16.1,15.51,15.75,2452040,38582876.0
2026-10-08,sh,603097,江苏华辰,18.67,19.04,19.2,18.4,18.9,2954118,55700991.0
2026-10-08,sh,603098,森特股份,10.65,10.85,10.85,10.48,10.6,2635280,27976675.0
2026-10-08,sh,603099,长白山,40.68,40.7,44.6,40.5,43.12,17449094,749920386.0
2026-10-08,sh,603100,川仪股份,18.29,18.3,18.94,18.3,18.46,6021425,112341216.0
2026-10-08,sh,603101,汇嘉时代,7.39,7.37,7.4,7.23,7.26,5289097,38567880.0
2026-10-08,sh,603102,百合股份,37.29,37.17,37.25,36.01,36.75,1351900,49557065.0
2026-10-08,sh,603103,横店影视,15.82,15.7,15.85,15.16,15.35,3641000,56226358.0
2026-10-08,sh,603105,芯能科技,8.5,8.51,8.8,8.4,8.8,24292147,208681405.0
2026-10-08,sh,603106,恒银科技,7.16,7.17,7.25,7.04,7.09,7241000,51607352.0
2026-10-08,sh,603107,上海汽配,12.23,12.29,12.43,12.15,12.42,2863800,35279049.0
2026-10-08,sh,603108,润达医疗,9.97,10.03,10.15,9.59,9.66,12797002,125547641.0
2026-10-08,sh,603109,神驰机电,17.37,17.5,17.65,17.23,17.27,1260700,21916232.0
2026-10-08,sh,603110,东方材料,24.13,24.12,25.59,23.76,23.95,9329300,230094109.0
2026-10-08,sh,603111,康尼机电,6.13,6.16,6.17,6.05,6.07,3842400,23399324.0
2026-10-08,sh,603112,华翔股份,16.55,16.7,17.23,16.42,16.65,7478700,125704697.0
2026-10-08,sh,603113,金能科技,4.94,4.99,5.12,4.96,5.0,15246397,76389464.0
2026-10-08,sh,603115,海星股份,70.06,69.24,70.62,65.5,66.3,7563892,510378724.0
2026-10-08,sh,603116,红蜻蜓,7.28,7.43,7.46,7.09,7.15,14861980,106811595.0
2026-10-08,sh,603117,万林物流,3.97,3.97,4.05,3.9,3.94,8902300,35301873.0
2026-10-08,sh,603118,共进股份,15.72,15.9,16.09,14.9,15.08,55198150,854439040.0
2026-10-08,sh,603119,浙江荣泰,52.6,52.08,52.58,48.45,48.84,7836060,391479596.0
2026-10-08,sh,603120,肯特催化,56.05,56.01,57.26,53.46,53.7,2690000,148437649.0
2026-10-08,sh,603121,华培动力,12.29,12.29,12.43,11.82,11.92,4113756,49525075.0
2026-10-08,sh,603122,合富中国,13.86,13.98,14.33,13.46,13.56,31991600,444745557.0
2026-10-08,sh,603123,翠微股份,9.49,9.3,9.57,9.19,9.25,23313129,218235190.0
2026-10-08,sh,603124,江南新材,119.85,120.45,122.86,114.15,115.45,4088878,481837323.0
2026-10-08,sh,603125,常青科技,20.94,20.93,21.65,20.68,20.9,4185506,88804680.0
2026-10-08,sh,603126,中材节能,6.31,6.33,6.43,6.32,6.37,5055700,32216679.0
2026-10-08,sh,603127,昭衍新药,49.3,49.66,53.46,49.0,52.06,83578864,4309890714.0
2026-10-08,sh,603128,华贸物流,5.37,5.35,5.47,5.35,5.41,10411723,56485743.0
2026-10-08,sh,603129,春风动力,287.06,284.62,286.0,269.7,272.97,1468182,404889759.0
2026-10-08,sh,603130,云中马,39.63,39.0,40.37,39.0,39.8,1460400,58209079.0
2026-10-08,sh,603131,上海沪工,13.57,13.76,13.94,13.38,13.48,4762500,65187352.0
2026-10-08,sh,603132,金徽股份,18.33,18.23,18.55,17.75,17.86,4845181,87202316.0
2026-10-08,sh,603135,中重科技,8.53,8.5,8.67,8.33,8.39,5929697,50274637.0
2026-10-08,sh,603136,天目湖,9.04,9.01,9.06,8.88,8.92,5995984,53725702.0
2026-10-08,sh,603137,恒尚节能,17.78,18.01,19.56,18.0,19.56,7300745,139451524.0
2026-10-08,sh,603138,海量数据,13.82,13.6,13.95,13.01,13.13,12933220,173493850.0
2026-10-08,sh,603139,康惠股份,34.18,34.36,35.26,34.19,34.45,1402400,48519725.0
2026-10-08,sh,603150,万朗磁塑,66.4,66.11,68.89,63.67,64.87,2443501,160504541.0
2026-10-08,sh,603151,邦基科技,17.72,17.92,18.02,17.5,17.85,2629017,46650137.0
2026-10-08,sh,603153,上海建科,13.68,13.68,13.78,13.45,13.59,1971200,26754313.0
2026-10-08,sh,603155,新亚强,14.46,14.59,14.77,13.87,14.03,8122457,115845674.0
2026-10-08,sh,603156,养元饮品,43.63,43.88,44.38,42.0,42.2,10342369,445443483.0
2026-10-08,sh,603158,腾龙股份,10.22,10.28,10.33,9.94,10.0,11543600,116434655.0
2026-10-08,sh,603159,上海亚虹,22.38,22.38,22.57,21.95,22.27,2903200,64383921.0
2026-10-08,sh,603160,汇顶科技,53.19,53.28,53.54,51.26,51.55,3702419,193485502.0
2026-10-08,sh,603161,科华控股,14.38,14.47,14.57,14.24,14.31,1966924,28277823.0
2026-10-08,sh,603162,海通发展,13.04,13.15,14.04,13.12,13.5,41579507,569207800.0
2026-10-08,sh,603163,圣晖集成,73.92,73.3,75.66,71.38,72.0,1534120,112342491.0
2026-10-08,sh,603165,荣晟环保,13.34,13.32,14.28,13.25,13.88,11397524,158877024.0
2026-10-08,sh,603166,福达股份,10.61,10.58,10.68,10.27,10.37,5655200,58986178.0
2026-10-08,sh,603167,渤海轮渡,7.99,7.98,8.01,7.96,8.0,2054600,16415003.0
2026-10-08,sh,603168,莎普爱思,6.04,6.06,6.11,5.88,5.95,5481920,32766898.0
2026-10-08,sh,603169,兰石重装,5.93,5.97,6.22,5.94,6.06,14649560,89262499.0
2026-10-08,sh,603170,宝立食品,13.68,13.57,13.81,13.3,13.5,7389720,100413405.0
2026-10-08,sh,603171,税友股份,38.97,39.0,39.16,37.15,37.44,4269583,162338009.0
2026-10-08,sh,603172,万丰股份,19.98,20.02,20.5,19.52,19.69,3150041,62592976.0
2026-10-08,sh,603173,福斯达,29.9,29.91,30.28,29.61,29.88,961803,28752629.0
2026-10-08,sh,603175,超颖电子,104.45,103.4,106.95,100.56,102.58,2044462,210981795.0
2026-10-08,sh,603176,汇通集团,5.24,5.25,5.37,5.2,5.26,3993900,21109040.0
2026-10-08,sh,603177,德创环保,11.01,11.02,11.19,10.72,10.8,2405400,26251123.0
2026-10-08,sh,603178,圣龙股份,16.12,16.07,16.6,15.9,16.3,8108500,132023537.0
2026-10-08,sh,603179,新泉股份,40.48,40.0,40.3,37.25,37.51,18325099,702078489.0
2026-10-08,sh,603180,金牌家居,15.89,15.97,16.03,15.59,15.75,824200,12994552.0
2026-10-08,sh,603181,皇马科技,12.27,12.21,12.44,12.17,12.24,3452200,42343699.0
2026-10-08,sh,603182,嘉华股份,13.69,13.72,13.94,13.56,13.64,2094400,28776316.0
2026-10-08,sh,603183,建研院,5.19,0.0,0.0,0.0,5.19,0,0.0
2026-10-08,sh,603185,弘元绿能,15.15,15.33,15.4,14.78,14.87,22606149,341282045.0
2026-10-08,sh,603186,华正新材,212.66,218.46,233.0,212.97,224.25,25138710,5608257692.0
2026-10-08,sh,603187,海容冷链,10.7,10.7,10.8,10.65,10.71,2058600,22063465.0
2026-10-08,sh,603188,亚邦股份,5.4,5.44,5.6,4.98,5.04,92146560,479741217.0
2026-10-08,sh,603189,*ST网达,9.27,9.27,10.2,9.2,10.2,8598503,85105250.0
2026-10-08,sh,603190,亚通精工,16.29,16.29,16.5,16.03,16.11,1596480,25967897.0
2026-10-08,sh,603191,望变电气,13.12,13.15,13.45,13.06,13.14,4660182,61653479.0
2026-10-08,sh,603192,汇得科技,19.93,19.77,21.5,19.77,21.15,4877926,102290363.0
2026-10-08,sh,603193,润本股份,20.25,20.22,20.34,19.38,19.43,2273400,44972031.0
2026-10-08,sh,603194,中力股份,33.03,33.14,33.45,32.96,33.38,667200,22182155.0
2026-10-08,sh,603195,公牛集团,38.71,38.71,38.96,38.22,38.89,3503770,135719941.0
2026-10-08,sh,603196,璞源材料,17.82,17.8,18.2,17.27,17.44,1880100,33196925.0
2026-10-08,sh,603197,保隆科技,29.1,29.09,29.96,28.68,28.81,2776379,80950654.0
2026-10-08,sh,603198,迎驾贡酒,38.72,38.35,38.79,37.95,38.5,2778001,106529285.0
2026-10-08,sh,603199,九华旅游,31.97,31.9,31.9,31.11,31.39,1718900,53913485.0
2026-10-08,sh,603200,上海洗霸,44.74,44.49,49.21,44.49,49.21,32152564,1534273456.0
2026-10-08,sh,603201,常润股份,15.26,15.21,15.49,15.1,15.17,1857220,28392230.0
2026-10-08,sh,603202,天有为,51.3,51.2,51.54,50.3,50.34,766307,38942760.0
2026-10-08,sh,603203,快克智能,41.74,41.88,42.43,38.91,39.34,7172255,287919171.0
2026-10-08,sh,603205,健尔康,21.74,21.7,22.19,21.55,21.72,1087950,23714054.0
2026-10-08,sh,603206,嘉环科技,13.54,13.59,13.68,13.2,13.31,2337200,31317440.0
2026-10-08,sh,603207,小方制药,24.46,24.56,24.71,23.96,24.07,2101814,51011700.0
2026-10-08,sh,603208,江山欧派,11.5,11.61,11.64,11.29,11.4,1828128,20901336.0
2026-10-08,sh,603209,兴通股份,14.8,14.93,15.28,14.82,15.12,6432120,97477308.0
2026-10-08,sh,603210,泰鸿万立,13.23,13.21,14.26,13.14,13.73,8719060,119537416.0
2026-10-08,sh,603211,晋拓股份,18.71,18.73,19.2,18.31,18.52,3626900,67746732.0
2026-10-08,sh,603212,赛伍技术,11.46,11.46,11.59,11.22,11.3,7535630,85768125.0
2026-10-08,sh,603213,镇洋发展,13.87,13.85,13.9,13.65,13.7,1634000,22469640.0
2026-10-08,sh,603214,爱婴室,13.86,13.85,13.9,13.52,13.66,2595641,35557387.0
2026-10-08,sh,603215,比依股份,15.63,15.45,15.69,15.22,15.24,2225600,34221632.0
2026-10-08,sh,603216,梦天家居,21.38,21.24,23.06,21.24,21.91,6943885,153870837.0
2026-10-08,sh,603217,元利科技,27.07,27.04,27.62,26.39,26.5,2449140,65847650.0
2026-10-08,sh,603218,日月股份,9.56,9.55,9.64,9.42,9.51,11357792,108136032.0
2026-10-08,sh,603219,富佳股份,12.6,12.54,13.11,12.53,13.1,7678984,99032359.0
2026-10-08,sh,603220,中贝通信,16.71,17.0,17.0,15.84,15.88,18322930,297547995.0
2026-10-08,sh,603221,爱丽家居,25.1,25.1,25.44,24.03,24.29,8657466,212278960.0
2026-10-08,sh,603222,济民健康,8.07,8.29,8.39,7.9,8.05,23012820,186099789.0
2026-10-08,sh,603223,恒通股份,9.39,9.45,9.62,9.24,9.27,8645559,81203439.0
2026-10-08,sh,603225,新凤鸣,16.72,16.75,17.34,16.68,17.09,9872729,168387899.0
2026-10-08,sh,603226,菲林格尔,28.26,28.25,28.96,27.87,28.41,4330873,123370971.0
2026-10-08,sh,603227,雪峰科技,7.42,7.42,7.56,7.36,7.53,5298600,39788166.0
2026-10-08,sh,603228,景旺电子,101.21,102.0,105.68,96.75,97.89,26581023,2687337542.0
2026-10-08,sh,603229,奥翔药业,8.26,8.3,8.4,8.02,8.06,7970074,65045103.0
2026-10-08,sh,603230,内蒙新华,14.01,13.85,14.25,12.79,13.02,48314594,645824316.0
2026-10-08,sh,603231,索宝蛋白,17.26,17.1,17.22,16.5,17.05,3193839,53909229.0
2026-10-08,sh,603232,格尔软件,16.13,16.01,16.05,15.35,15.44,10148620,158714754.0
2026-10-08,sh,603233,大参林,18.2,18.23,18.45,17.87,18.36,8922184,162783588.0
2026-10-08,sh,603235,天新药业,25.96,25.96,26.16,25.51,25.77,885770,22887590.0
2026-10-08,sh,603236,移远通信,71.35,71.35,72.06,67.27,68.49,12477447,863431598.0
2026-10-08,sh,603237,五芳斋,15.2,15.04,15.37,15.04,15.33,1599928,24424959.0
2026-10-08,sh,603238,诺邦股份,12.86,12.85,13.01,12.65,12.77,2606200,33386041.0
2026-10-08,sh,603239,浙江仙通,13.75,13.7,13.97,13.5,13.58,1801892,24726217.0
2026-10-08,sh,603248,锡华科技,20.43,20.2,22.38,20.1,21.44,21230069,457048826.0
2026-10-08,sh,603255,鼎际得,30.88,30.95,31.49,30.2,31.2,1461366,45066537.0
2026-10-08,sh,603256,宏和科技,130.7,130.75,135.23,123.31,124.64,15264521,1969277892.0
2026-10-08,sh,603257,中国瑞林,64.2,64.22,65.09,62.85,63.39,1072963,68818893.0
2026-10-08,sh,603258,电魂网络,14.03,14.04,14.31,13.8,13.88,3488620,48860869.0
2026-10-08,sh,603259,药明康德,167.34,167.42,170.0,161.69,162.0,44716952,7434240038.0
2026-10-08,sh,603260,合盛硅业,31.55,31.49,31.94,31.16,31.33,4655662,146729421.0
2026-10-08,sh,603261,立航科技,47.33,47.0,49.38,47.0,47.61,1700200,81767436.0
2026-10-08,sh,603262,技源集团,17.06,17.07,17.26,16.9,16.96,1743153,29694410.0
2026-10-08,sh,603266,天龙股份,19.57,19.5,21.4,19.3,21.31,15823982,332283373.0
2026-10-08,sh,603267,鸿远电子,46.15,46.2,47.6,44.8,45.1,5022776,232366782.0
2026-10-08,sh,603268,松发股份,213.66,217.93,226.29,215.91,218.75,8515561,1885362921.0
2026-10-08,sh,603269,海鸥股份,23.16,23.61,25.48,23.3,24.3,38351194,957203632.0
2026-10-08,sh,603270,金帝股份,31.15,31.0,31.39,28.78,29.02,6263703,186079945.0
2026-10-08,sh,603271,永杰新材,38.42,38.4,39.08,38.24,38.82,1088300,42073202.0
2026-10-08,sh,603272,*ST联翔,15.0,15.11,15.54,14.78,15.01,1815800,27501380.0
2026-10-08,sh,603273,天元智能,14.52,14.5,14.84,14.31,14.44,2020000,29340999.0
2026-10-08,sh,603275,众辰科技,36.67,36.68,37.29,35.92,36.11,885700,32288322.0
2026-10-08,sh,603276,恒兴新材,17.5,17.53,17.92,17.45,17.68,3029584,53549068.0
2026-10-08,sh,603277,银都股份,11.31,11.31,11.44,11.12,11.18,1377400,15507087.0
2026-10-08,sh,603278,大业股份,10.27,10.28,10.71,10.09,10.21,49299326,510008479.0
2026-10-08,sh,603279,景津装备,10.94,11.0,11.13,10.94,11.09,5800100,64124428.0
2026-10-08,sh,603280,南方路机,27.51,27.75,28.12,27.43,27.89,2060301,57523335.0
2026-10-08,sh,603281,江瀚新材,18.02,18.08,18.79,18.04,18.15,3174681,58419894.0
2026-10-08,sh,603282,亚光股份,17.08,17.5,17.5,16.85,17.1,1128500,19329877.0
2026-10-08,sh,603283,赛腾股份,41.82,42.13,42.2,38.72,39.16,14618559,585013426.0
2026-10-08,sh,603284,林平发展,40.49,40.6,40.97,40.04,40.23,746636,30273650.0
2026-10-08,sh,603285,键邦股份,37.0,37.01,38.0,36.13,36.91,3930000,146050437.0
2026-10-08,sh,603286,日盈电子,45.62,45.39,45.54,42.65,42.83,4162481,181932473.0
2026-10-08,sh,603288,海天味业,33.17,33.07,33.95,32.71,33.86,14586906,490472748.0
2026-10-08,sh,603289,泰瑞机器,11.04,10.95,11.1,10.32,10.69,11757886,125196893.0
2026-10-08,sh,603290,斯达半导,81.21,81.23,82.67,78.22,78.85,3499666,280465311.0
2026-10-08,sh,603291,联合水务,8.53,8.65,8.91,8.58,8.71,3771500,33054008.0
2026-10-08,sh,603293,埃泰克,35.17,35.21,35.7,34.93,35.18,881759,31029831.0
2026-10-08,sh,603296,华勤技术,74.49,74.5,74.88,72.04,72.55,12545733,921391741.0
2026-10-08,sh,603297,永新光学,106.92,106.92,107.8,100.0,101.2,1089600,111737685.0
2026-10-08,sh,603298,杭叉集团,21.87,21.9,22.13,21.66,21.73,4680658,102539055.0
2026-10-08,sh,603299,苏盐井神,8.69,8.72,8.77,8.69,8.71,2774500,24201065.0
2026-10-08,sh,603300,海南华铁,4.51,4.5,4.57,4.47,4.5,19528250,88202756.0
2026-10-08,sh,603301,振德医疗,75.17,75.38,79.66,75.38,78.49,1524983,119340775.0
2026-10-08,sh,603303,得邦照明,27.63,27.7,28.57,27.52,27.78,2630600,73758119.0
2026-10-08,sh,603305,旭升集团,11.2,11.21,11.32,10.8,10.87,17112301,187758005.0
2026-10-08,sh,603306,华懋科技,71.36,70.01,71.99,66.05,66.91,9939248,679724469.0
2026-10-08,sh,603307,扬州金泉,25.49,25.84,25.99,25.57,25.77,1144020,29495337.0
2026-10-08,sh,603308,应流股份,35.64,36.0,37.55,35.5,36.07,29257756,1070719703.0
2026-10-08,sh,603309,维力医疗,11.18,11.19,11.29,11.08,11.14,2210100,24668629.0
2026-10-08,sh,603310,巍华新材,14.54,14.6,14.66,14.48,14.52,1025400,14953469.0
2026-10-08,sh,603311,金海高科,25.62,25.72,26.36,25.05,25.68,6240600,161322514.0
2026-10-08,sh,603312,西典新能,32.9,32.74,33.93,32.69,33.08,1097900,36680284.0
2026-10-08,sh,603313,梦百合,6.21,6.21,6.3,6.06,6.22,13003000,80383363.0
2026-10-08,sh,603315,福鞍股份,10.47,10.47,10.71,10.39,10.46,4872000,51372570.0
2026-10-08,sh,603316,诚邦股份,15.2,14.83,15.44,14.53,14.64,17175920,256555387.0
2026-10-08,sh,603317,天味食品,12.55,12.57,12.67,12.43,12.51,6345855,79552059.0
2026-10-08,sh,603318,水发燃气,8.71,8.9,9.3,8.79,9.09,48064716,436798861.0
2026-10-08,sh,603319,美湖股份,28.0,27.81,27.99,25.81,26.21,12404396,331461282.0
2026-10-08,sh,603320,迪贝电气,18.07,18.13,18.33,17.3,17.7,1474300,26257438.0
2026-10-08,sh,603321,梅轮电梯,7.21,7.14,7.25,7.02,7.07,7312000,52101360.0
2026-10-08,sh,603322,超讯科技,27.7,27.57,27.9,26.43,26.58,6005551,162185168.0
2026-10-08,sh,603323,苏农银行,4.49,4.49,4.56,4.48,4.54,29665031,134339303.0
2026-10-08,sh,603324,盛剑科技,24.21,24.26,25.56,23.29,23.55,3952501,95533175.0
2026-10-08,sh,603325,博隆技术,53.46,53.89,54.44,53.46,54.36,376266,20328781.0
2026-10-08,sh,603326,我乐家居,7.68,7.69,7.77,7.58,7.68,3920202,30111309.0
2026-10-08,sh,603327,福蓉科技,8.0,8.04,8.09,7.86,7.94,10225202,81326121.0
2026-10-08,sh,603328,依顿电子,13.83,14.06,14.62,13.38,13.55,56683067,792830417.0
2026-10-08,sh,603329,上海雅仕,10.25,10.31,10.39,10.11,10.23,3348532,34431880.0
2026-10-08,sh,603330,天洋新材,9.16,9.34,9.41,9.01,9.06,26682100,244829654.0
2026-10-08,sh,603331,百达精工,12.38,12.35,12.51,12.08,12.43,3293916,40436557.0
2026-10-08,sh,603332,苏州龙杰,12.01,12.06,12.28,11.98,12.19,3986030,48490739.0
2026-10-08,sh,603333,福华尚纬,8.88,8.89,9.12,8.89,9.0,7614186,68569256.0
2026-10-08,sh,603334,丰倍生物,31.8,31.74,33.74,31.6,33.41,3358357,110767356.0
2026-10-08,sh,603335,迪生力,6.03,6.04,6.13,5.87,5.95,6827732,40771444.0
2026-10-08,sh,603336,宏辉果蔬,9.89,9.93,10.07,9.58,9.6,13717620,133972613.0
2026-10-08,sh,603337,杰克科技,35.07,34.97,35.98,34.91,35.0,1828869,64695136.0
2026-10-08,sh,603338,浙江鼎力,53.36,54.1,54.22,52.22,52.26,2605900,138373368.0
2026-10-08,sh,603339,四方科技,12.2,12.18,12.39,12.02,12.08,4512436,54955259.0
2026-10-08,sh,603341,龙旗科技,35.21,35.3,35.5,33.68,33.95,10370374,356745618.0
2026-10-08,sh,603344,星德胜,21.97,21.97,22.02,21.33,21.47,2782900,60120863.0
2026-10-08,sh,603345,安井食品,79.4,78.57,79.58,78.39,78.39,3636827,286628822.0
2026-10-08,sh,603348,文灿股份,14.6,14.61,14.7,14.34,14.41,2612912,37921468.0
2026-10-08,sh,603350,安乃达,28.27,28.44,28.66,28.09,28.28,475900,13511397.0
2026-10-08,sh,603351,威尔药业,27.46,28.07,29.18,27.76,28.49,3187800,90606415.0
2026-10-08,sh,603352,至信股份,24.81,24.84,25.21,24.7,25.0,501892,12543704.0
2026-10-08,sh,603353,和顺石油,38.34,38.59,38.99,36.7,37.13,5489500,206703043.0
2026-10-08,sh,603355,莱克电气,30.31,30.07,32.67,30.07,32.44,6600962,210457988.0
2026-10-08,sh,603356,华菱精工,16.51,16.67,16.8,16.2,16.41,2601100,42652980.0
2026-10-08,sh,603357,设计总院,6.01,6.01,6.05,5.95,5.97,2211548,13261876.0
2026-10-08,sh,603358,华达科技,44.4,44.4,45.8,44.3,44.49,5542532,249315678.0
2026-10-08,sh,603359,*ST东珠,2.03,2.03,2.09,1.97,1.97,7855184,15941693.0
2026-10-08,sh,603360,百傲化学,12.26,12.27,12.8,12.09,12.19,10600680,131682477.0
2026-10-08,sh,603363,傲农生物,2.81,2.81,2.84,2.76,2.78,18969742,53030402.0
2026-10-08,sh,603365,水星家纺,16.03,16.03,16.43,16.03,16.41,1994200,32450842.0
2026-10-08,sh,603366,日出东方,7.27,7.29,7.41,7.25,7.3,12298609,90158328.0
2026-10-08,sh,603367,辰欣药业,14.53,14.77,14.9,14.34,14.44,8864501,129036808.0
2026-10-08,sh,603368,柳药集团,15.18,15.2,15.38,15.17,15.22,2617700,39919844.0
2026-10-08,sh,603369,今世缘,28.09,27.99,28.08,27.5,27.65,8856528,245875735.0
2026-10-08,sh,603370,华新精科,27.53,27.6,27.84,26.99,27.21,1131817,30922951.0
2026-10-08,sh,603373,安邦护卫,50.18,50.48,53.95,50.43,52.2,4882511,253989031.0
2026-10-08,sh,603375,盛景微,43.8,43.86,44.45,41.36,41.78,3357100,143491610.0
2026-10-08,sh,603376,大明电子,26.39,26.39,27.45,26.15,26.85,1897718,50815018.0
2026-10-08,sh,603377,ST东时,3.06,3.09,3.09,3.01,3.02,1970462,5998033.0
2026-10-08,sh,603378,*ST亚士,4.91,4.91,5.09,4.63,4.72,9954535,48075370.0
2026-10-08,sh,603379,三美股份,49.12,49.12,49.47,47.43,47.75,4050643,195227102.0
2026-10-08,sh,603380,易德龙,32.4,32.31,32.84,30.82,31.16,2459500,77507338.0
2026-10-08,sh,603381,永臻股份,14.72,14.8,14.99,14.58,14.72,2287203,33800720.0
2026-10-08,sh,603382,海阳科技,19.11,19.11,19.31,18.77,18.94,2119187,40315012.0
2026-10-08,sh,603383,顶点软件,26.78,26.8,26.95,25.99,26.11,1804728,47634959.0
2026-10-08,sh,603385,惠达卫浴,5.73,5.75,5.81,5.58,5.58,3335200,18975600.0
2026-10-08,sh,603386,骏亚科技,17.4,17.57,18.03,17.16,17.5,11497727,201369963.0
2026-10-08,sh,603387,基蛋生物,10.01,10.1,10.23,9.91,10.16,13157760,131847234.0
2026-10-08,sh,603389,亚振家居,44.57,44.57,45.48,43.3,43.5,1914000,83964270.0
2026-10-08,sh,603390,通达电气,11.08,11.08,11.34,11.0,11.32,16050946,179740715.0
2026-10-08,sh,603391,力聚热能,69.56,69.5,72.5,68.8,71.89,3292025,233840387.0
2026-10-08,sh,603392,万泰生物,27.34,27.78,27.79,26.35,26.5,7472771,200803539.0
2026-10-08,sh,603393,新天然气,24.48,24.68,25.57,24.54,25.46,8113484,204931731.0
2026-10-08,sh,603395,红四方,24.94,24.94,25.86,24.9,25.39,7977278,202882605.0
2026-10-08,sh,603396,金辰股份,33.5,32.81,33.97,31.85,31.91,22596603,738912365.0
2026-10-08,sh,603398,*ST沐邦,8.38,8.38,8.42,7.77,7.78,7869036,62827569.0
2026-10-08,sh,603399,永杉锂业,13.01,13.01,14.04,13.01,13.55,45134258,611198236.0
2026-10-08,sh,603400,华之杰,53.0,49.79,51.79,47.7,47.7,5523021,268041255.0
2026-10-08,sh,603402,陕西旅游,58.85,59.18,59.19,57.52,57.7,1323430,76941820.0
2026-10-08,sh,603406,天富龙,27.36,27.33,28.16,27.33,27.93,1755658,48836415.0
2026-10-08,sh,603407,长裕集团,57.46,57.0,58.13,56.1,56.45,2199226,125796270.0
2026-10-08,sh,603408,建霖家居,11.59,11.48,11.63,11.33,11.42,1761464,20153282.0
2026-10-08,sh,603409,汇通控股,17.85,17.66,17.93,17.5,17.55,2384194,42236368.0
2026-10-08,sh,603416,信捷电气,46.01,46.29,46.29,43.9,44.15,2145711,96095732.0
2026-10-08,sh,603418,友升股份,48.48,49.88,51.65,48.41,50.0,4611677,230542358.0
2026-10-08,sh,603421,鼎信通讯,6.18,6.29,6.29,6.04,6.11,14445450,88921559.0
2026-10-08,sh,603429,*ST集友,9.09,9.11,9.11,8.85,8.87,2018900,18127947.0
2026-10-08,sh,603435,嘉德利,43.05,43.05,46.28,43.05,44.04,2898676,129956842.0
2026-10-08,sh,603439,三力制药,13.18,13.39,13.4,12.41,12.65,10970200,141045671.0
2026-10-08,sh,603444,吉比特,339.69,339.99,342.67,337.05,339.28,646357,219578446.0
2026-10-08,sh,603448,天博智能,59.3,59.31,59.82,58.29,58.32,2388911,140586295.0
2026-10-08,sh,603456,九洲药业,16.75,16.93,16.99,16.24,16.35,22428473,369070587.0
2026-10-08,sh,603458,勘设股份,10.42,10.46,10.91,10.4,10.77,9213793,99012207.0
2026-10-08,sh,603459,红板科技,78.3,77.12,79.21,74.1,75.11,8093881,618653496.0
2026-10-08,sh,603466,风语筑,11.88,11.91,11.98,11.42,11.51,30256123,350673048.0
2026-10-08,sh,603468,津富士达,21.98,21.88,22.28,21.83,21.95,2063315,45462410.0
2026-10-08,sh,603477,巨星农牧,14.38,14.34,14.37,13.65,13.75,11615551,162087685.0
2026-10-08,sh,603486,科沃斯,49.89,49.89,49.89,47.63,47.96,4765168,229349730.0
2026-10-08,sh,603488,展鹏科技,7.7,7.73,7.87,7.48,7.61,5708400,43503363.0
2026-10-08,sh,603489,八方股份,28.48,28.48,28.64,27.51,27.8,2083791,58379135.0
2026-10-08,sh,603496,恒为科技,21.97,21.86,22.1,21.6,21.83,3382503,73988244.0
2026-10-08,sh,603499,翔港科技,12.6,12.47,12.93,12.38,12.45,2579260,32481378.0
2026-10-08,sh,603500,祥和实业,10.05,9.97,10.11,9.77,9.83,13537798,134079282.0
2026-10-08,sh,603501,豪威集团,82.21,81.62,82.69,78.22,78.96,13894911,1116072174.0
2026-10-08,sh,603505,金石资源,13.98,13.98,14.24,13.89,13.9,7780074,109510251.0
2026-10-08,sh,603506,南都物业,12.25,12.18,12.5,11.9,12.28,5211800,64195543.0
2026-10-08,sh,603507,振江股份,27.71,27.8,28.5,27.15,27.42,10334738,285621278.0
2026-10-08,sh,603508,思维列控,20.59,20.58,20.73,20.39,20.46,1569712,32246701.0
2026-10-08,sh,603511,爱慕股份,13.0,12.99,13.11,12.77,12.88,1550900,20013289.0
2026-10-08,sh,603515,欧普照明,14.87,14.98,14.99,14.78,14.87,998051,14827278.0
2026-10-08,sh,603516,淳中科技,77.46,77.2,77.86,73.36,73.86,4413616,332660031.0
2026-10-08,sh,603517,ST绝味,11.43,11.28,11.3,11.14,11.16,3919200,44001559.0
2026-10-08,sh,603518,锦泓集团,7.79,7.78,7.87,7.74,7.81,4981000,38809193.0
2026-10-08,sh,603519,立霸股份,17.02,16.88,17.5,16.21,16.43,7859200,131755066.0
2026-10-08,sh,603520,司太立,8.75,8.75,8.82,8.5,8.55,9679508,83437776.0
2026-10-08,sh,603527,众源新材,9.72,9.7,9.91,9.63,9.71,4663965,45426876.0
2026-10-08,sh,603528,多伦科技,6.33,6.33,6.45,6.22,6.25,6426500,40562466.0
2026-10-08,sh,603529,爱玛科技,22.23,22.1,23.0,21.91,22.89,12950919,294079417.0
2026-10-08,sh,603530,神马电力,41.22,41.22,42.44,40.3,40.71,2846467,117305261.0
2026-10-08,sh,603533,掌阅科技,23.88,23.6,23.84,22.7,23.13,25846275,602269214.0
2026-10-08,sh,603535,嘉诚国际,6.12,6.14,6.32,6.08,6.28,4963387,31042332.0
2026-10-08,sh,603536,惠发食品,10.19,10.3,10.31,10.08,10.19,5179588,52666368.0
2026-10-08,sh,603538,美诺华,28.59,29.0,29.72,27.82,29.46,86504946,2502003519.0
2026-10-08,sh,603551,奥普科技,9.4,9.41,9.55,9.41,9.49,1940800,18419718.0
2026-10-08,sh,603556,海兴电力,22.45,22.45,22.85,22.17,22.3,1804965,40622675.0
2026-10-08,sh,603557,*ST起步,3.05,3.03,3.2,3.02,3.12,7888105,24768669.0
2026-10-08,sh,603558,健盛集团,12.88,12.77,12.98,12.75,12.85,2942100,37748378.0
2026-10-08,sh,603559,中通国脉,8.57,8.58,8.92,8.56,8.61,6250100,54353830.0
2026-10-08,sh,603565,中谷物流,11.59,11.57,11.91,11.57,11.78,17159752,202165091.0
2026-10-08,sh,603566,普莱柯,10.24,10.28,10.48,10.14,10.18,2861403,29428679.0
2026-10-08,sh,603567,珍宝岛,5.26,5.47,5.73,5.18,5.26,47115547,255448102.0
2026-10-08,sh,603568,伟明环保,13.42,13.46,13.63,13.18,13.36,9919122,132808974.0
2026-10-08,sh,603569,长久物流,5.86,5.89,5.96,5.83,5.92,3833800,22620428.0
2026-10-08,sh,603577,汇金通,9.7,9.71,9.91,9.53,9.63,3151400,30535633.0
2026-10-08,sh,603578,三星新材,14.35,14.3,14.46,13.71,14.18,3646800,51194439.0
2026-10-08,sh,603579,荣泰健康,17.8,17.92,18.42,17.69,17.83,2404800,43416985.0
2026-10-08,sh,603580,艾艾精工,72.95,72.98,74.6,71.29,72.67,3915700,283414597.0
2026-10-08,sh,603583,捷昌驱动,27.65,27.68,28.6,27.15,27.28,3551977,98531083.0
2026-10-08,sh,603585,苏利股份,10.53,10.6,10.71,10.52,10.63,3186493,33900753.0
2026-10-08,sh,603586,金麒麟,13.85,13.86,14.1,13.67,13.74,1830700,25265837.0
2026-10-08,sh,603587,地素时尚,12.43,12.43,12.62,12.27,12.37,3568773,44208135.0
2026-10-08,sh,603588,高能环境,16.54,16.61,16.96,15.66,15.74,47189724,764309005.0
2026-10-08,sh,603589,口子窖,17.78,17.68,17.91,17.61,17.79,4516899,80188916.0
2026-10-08,sh,603590,康辰药业,32.11,32.44,33.0,30.97,31.19,9021449,286168854.0
2026-10-08,sh,603595,ST东尼,31.02,31.02,32.34,31.0,31.0,1194200,37764124.0
2026-10-08,sh,603596,伯特利,28.14,28.19,28.42,27.12,27.33,10416110,287788797.0
2026-10-08,sh,603598,引力传媒,18.78,18.69,18.78,18.36,18.49,16653700,308980934.0
2026-10-08,sh,603599,广信股份,10.3,10.36,10.55,10.29,10.39,6374278,66430676.0
2026-10-08,sh,603600,永艺股份,10.08,10.14,10.23,10.02,10.1,4231371,42840549.0
2026-10-08,sh,603601,再升科技,9.5,9.52,10.4,9.49,9.81,133368305,1334256799.0
2026-10-08,sh,603602,纵横通信,12.37,12.3,12.38,12.07,12.18,10942702,133384182.0
2026-10-08,sh,603605,珀莱雅,54.7,54.71,55.22,54.12,55.12,3884670,212544611.0
2026-10-08,sh,603606,东方电缆,36.53,36.55,37.74,36.49,37.54,22424982,837826012.0
2026-10-08,sh,603607,京华激光,23.15,23.25,23.28,21.86,22.05,5700796,127299221.0
2026-10-08,sh,603608,天创时尚,19.22,19.49,19.65,18.48,18.84,8674281,165204173.0
2026-10-08,sh,603609,禾丰股份,6.34,6.34,6.37,6.26,6.31,3318200,20909202.0
2026-10-08,sh,603610,麒盛科技,13.07,13.13,13.63,12.88,12.96,8143300,107612492.0
2026-10-08,sh,603611,诺力股份,15.47,15.68,16.14,15.54,15.9,3103100,49330409.0
2026-10-08,sh,603612,索通发展,16.08,16.08,16.56,15.98,16.17,8236900,134099457.0
2026-10-08,sh,603613,国联股份,18.78,18.78,18.98,18.3,18.44,8371131,155814244.0
2026-10-08,sh,603615,茶花股份,18.46,18.46,19.34,18.01,18.23,4276700,79491946.0
2026-10-08,sh,603616,韩建河山,5.65,5.64,5.74,5.56,5.65,8599455,48499624.0
2026-10-08,sh,603617,君禾股份,6.74,6.74,6.87,6.62,6.66,5256600,35315065.0
2026-10-08,sh,603618,杭电股份,32.75,32.95,33.38,31.7,32.09,33151330,1075302557.0
2026-10-08,sh,603619,中曼石油,20.73,20.96,21.77,20.84,21.65,25290178,542830929.0
2026-10-08,sh,603626,科森科技,24.22,24.8,25.11,23.06,23.25,48970453,1176252001.0
2026-10-08,sh,603628,清源股份,10.2,10.18,10.38,10.17,10.28,3879000,39855158.0
2026-10-08,sh,603629,利通电子,95.96,95.96,98.59,92.75,93.64,13541661,1290662980.0
2026-10-08,sh,603630,拉芳家化,15.35,15.35,16.2,15.12,15.81,15460229,242385377.0
2026-10-08,sh,603633,徕木股份,6.22,6.22,6.37,6.07,6.13,6982043,43172271.0
2026-10-08,sh,603636,南威软件,7.67,7.68,7.7,7.39,7.46,33759016,253702549.0
2026-10-08,sh,603637,镇海股份,13.87,13.99,14.27,13.4,13.52,4646200,63626732.0
2026-10-08,sh,603638,艾迪精密,19.82,19.82,20.09,19.57,19.79,11455279,227020324.0
2026-10-08,sh,603639,海利尔,10.49,10.38,10.59,10.36,10.45,1154600,12081365.0
2026-10-08,sh,603648,畅联股份,9.52,9.5,9.59,9.37,9.48,2420600,22945840.0
2026-10-08,sh,603650,彤程新材,62.3,62.31,63.0,58.51,59.07,13452424,816267272.0
2026-10-08,sh,603655,朗博科技,30.89,30.89,31.36,29.45,29.95,991600,29895994.0
2026-10-08,sh,603656,泰禾智能,17.19,17.26,17.33,17.06,17.18,1461073,25142603.0
2026-10-08,sh,603657,春光科技,39.5,39.51,41.08,36.68,37.37,6685700,254306122.0
2026-10-08,sh,603658,安图生物,34.08,34.4,34.55,33.14,33.21,3718500,125091541.0
2026-10-08,sh,603659,璞泰来,21.45,21.4,22.36,21.32,21.86,27282864,598087256.0
2026-10-08,sh,603660,苏州科达,9.1,9.28,9.3,8.78,8.88,13737920,123471226.0
2026-10-08,sh,603661,恒林股份,33.11,33.12,34.25,32.8,33.65,2388300,80067950.0
2026-10-08,sh,603662,柯力传感,47.89,47.88,48.05,45.3,45.6,3555776,164794629.0
2026-10-08,sh,603663,三祥新材,43.24,43.25,44.5,41.55,41.73,14850011,635539371.0
2026-10-08,sh,603665,康隆达,23.35,23.33,24.38,23.33,24.2,5162115,123044444.0
2026-10-08,sh,603666,亿嘉和,26.77,26.78,27.0,24.8,25.28,3276665,84006998.0
2026-10-08,sh,603667,五洲新春,49.43,49.5,49.7,46.72,47.0,11963332,572057063.0
2026-10-08,sh,603668,天马科技,11.85,11.8,11.83,11.14,11.19,6223810,71016083.0
2026-10-08,sh,603669,灵康药业,6.33,6.55,6.79,6.41,6.64,51098259,338432040.0
2026-10-08,sh,603676,卫信康,9.09,9.1,9.25,8.98,9.05,2204400,20106751.0
2026-10-08,sh,603677,奇精机械,14.35,14.35,14.57,14.15,14.27,1262800,18085006.0
2026-10-08,sh,603678,火炬电子,42.72,43.3,44.88,41.68,42.17,13742482,594665804.0
2026-10-08,sh,603679,华体科技,23.23,23.56,24.1,22.22,22.33,5771622,132324293.0
2026-10-08,sh,603680,今创集团,10.02,10.06,10.44,9.89,10.2,5759605,59062989.0
2026-10-08,sh,603681,永冠新材,18.31,18.33,18.98,18.28,18.41,5947764,110193620.0
2026-10-08,sh,603682,锦和商管,9.43,10.3,10.3,9.0,9.12,28210800,269010558.0
2026-10-08,sh,603683,晶华新材,15.03,15.3,15.9,14.82,14.86,15802200,241450059.0
2026-10-08,sh,603685,晨丰科技,24.82,24.99,26.5,24.89,26.17,3134900,81045819.0
2026-10-08,sh,603686,福龙马,14.29,14.16,15.28,14.1,15.1,50208771,740350298.0
2026-10-08,sh,603687,大胜达,13.99,14.17,14.34,13.67,13.76,12361748,173094741.0
2026-10-08,sh,603688,石英股份,43.54,43.54,43.9,41.01,41.52,10039228,424168296.0
2026-10-08,sh,603689,皖天然气,7.72,7.72,7.87,7.72,7.85,6557398,51346233.0
2026-10-08,sh,603690,至纯科技,22.22,22.59,22.59,21.25,21.5,12615558,275249488.0
2026-10-08,sh,603693,江苏新能,12.25,12.17,12.41,12.13,12.36,13647132,168122137.0
2026-10-08,sh,603696,安记食品,13.06,13.05,13.9,12.96,13.47,18992425,255874724.0
2026-10-08,sh,603697,有友食品,9.6,9.61,9.73,9.45,9.72,4110340,39682363.0
2026-10-08,sh,603698,航天工程,19.84,19.92,21.37,19.75,20.28,15402184,317668128.0
2026-10-08,sh,603699,纽威股份,43.21,43.22,43.8,42.41,42.64,3534392,152580564.0
2026-10-08,sh,603700,宁水集团,11.81,11.84,11.89,11.52,11.63,4253999,49539377.0
2026-10-08,sh,603701,德宏股份,18.21,18.31,19.05,18.15,18.95,3704566,68833114.0
2026-10-08,sh,603703,盛洋科技,9.76,9.82,10.09,9.64,9.71,8655300,84884961.0
2026-10-08,sh,603706,东方环宇,17.19,17.22,17.58,17.18,17.56,1907600,33341991.0
2026-10-08,sh,603707,健友股份,8.19,8.25,8.3,8.07,8.1,13851528,113127856.0
2026-10-08,sh,603708,家家悦,8.99,8.98,9.03,8.87,8.95,3246335,29023938.0
2026-10-08,sh,603709,中源家居,12.68,12.65,12.9,12.47,12.75,2682340,33923301.0
2026-10-08,sh,603711,香飘飘,11.64,11.66,12.19,11.6,12.07,6751657,80811338.0
2026-10-08,sh,603712,七一二,11.41,11.34,11.64,11.18,11.26,7085900,80798708.0
2026-10-08,sh,603713,密尔克卫,67.86,68.0,70.47,65.86,66.93,2640258,180131285.0
2026-10-08,sh,603716,塞力医疗,16.62,16.83,16.99,16.15,16.18,8842283,145859138.0
2026-10-08,sh,603717,天域生物,6.02,6.0,6.13,5.91,6.02,7067500,42522084.0
2026-10-08,sh,603718,*ST海利,3.09,3.1,3.13,3.06,3.08,3650189,11258262.0
2026-10-08,sh,603719,良品铺子,9.21,9.22,9.36,9.18,9.29,3912726,36238192.0
2026-10-08,sh,603721,中广天择,18.45,18.39,18.45,18.01,18.06,3673400,66855215.0
2026-10-08,sh,603722,阿科力,28.08,28.2,28.8,27.61,27.86,1053000,29621638.0
2026-10-08,sh,603725,天安新材,11.77,11.68,12.03,11.62,11.93,8604710,102083863.0
2026-10-08,sh,603726,朗迪集团,23.36,23.46,24.2,23.03,23.22,2965900,69663205.0
2026-10-08,sh,603727,博迈科,18.71,18.8,20.58,18.8,20.25,13993935,280781647.0
2026-10-08,sh,603728,鸣志电器,51.5,51.5,51.5,48.23,48.61,4829451,238991818.0
2026-10-08,sh,603729,ST龙韵,12.45,12.45,12.83,12.39,12.49,786840,9908809.0
2026-10-08,sh,603730,岱美股份,9.85,9.85,10.05,9.65,9.68,20023582,195593559.0
2026-10-08,sh,603733,仙鹤股份,17.74,17.74,18.22,17.64,17.94,4991356,89752185.0
2026-10-08,sh,603737,三棵树,22.65,22.51,23.2,22.04,22.85,14666959,334402862.0
2026-10-08,sh,603738,泰晶科技,32.73,32.73,33.09,30.7,31.15,21569942,683928825.0
2026-10-08,sh,603739,蔚蓝生物,14.04,15.44,15.44,13.6,13.71,31833592,467364798.0
2026-10-08,sh,603755,日辰股份,25.85,26.03,26.5,25.5,26.13,1959800,51105276.0
2026-10-08,sh,603757,大元泵业,70.77,70.95,72.3,69.01,69.61,5939707,416382561.0
2026-10-08,sh,603758,秦安股份,10.74,10.81,10.85,10.29,10.37,5968200,62545256.0
2026-10-08,sh,603759,海天股份,8.01,8.03,8.19,8.01,8.15,5502720,44767493.0
2026-10-08,sh,603766,隆鑫通用,14.18,14.19,14.31,13.75,14.04,14081385,196878045.0
2026-10-08,sh,603767,中马传动,14.83,14.68,15.08,14.54,14.64,11702800,172822445.0
2026-10-08,sh,603768,常青股份,12.14,11.94,12.32,11.87,12.22,6215200,75687446.0
2026-10-08,sh,603773,沃格光电,89.67,88.0,89.28,80.7,80.7,24279218,2041815052.0
2026-10-08,sh,603776,永安行,20.83,20.99,21.1,20.39,20.48,1248384,25823343.0
2026-10-08,sh,603777,来伊份,13.5,13.53,14.14,13.4,14.03,7246101,100820629.0
2026-10-08,sh,603778,国晟科技,8.02,8.1,8.54,7.99,8.2,68431030,566746579.0
2026-10-08,sh,603779,威龙股份,8.07,8.04,8.68,7.96,8.35,26888900,224341793.0
2026-10-08,sh,603786,科博达,36.75,37.15,37.59,36.25,36.4,1985209,73411580.0
2026-10-08,sh,603787,新日股份,10.46,10.46,10.6,10.41,10.45,2492800,26158070.0
2026-10-08,sh,603788,宁波高发,13.64,13.69,15.0,13.61,15.0,10949978,161968396.0
2026-10-08,sh,603789,ST星农,5.84,5.83,6.3,5.78,6.02,4976180,29960087.0
2026-10-08,sh,603790,雅运股份,24.75,24.89,26.58,24.79,25.3,3428476,88046447.0
2026-10-08,sh,603797,联泰环保,4.82,4.51,5.08,4.51,4.77,43562017,211248611.0
2026-10-08,sh,603798,康普顿,14.67,14.79,14.98,14.15,14.19,6471170,93573578.0
2026-10-08,sh,603799,华友钴业,35.0,34.89,35.78,34.6,35.23,33815966,1192305693.0
2026-10-08,sh,603800,洪田股份,52.99,52.99,54.28,50.53,50.93,4164822,216379411.0
2026-10-08,sh,603801,志邦家居,6.29,6.39,6.41,6.13,6.16,6452296,40161134.0
2026-10-08,sh,603803,瑞斯康达,11.06,11.06,11.59,10.8,10.9,21040900,233820602.0
2026-10-08,sh,603806,福斯特,13.86,14.01,14.64,13.92,14.24,30514431,437616608.0
2026-10-08,sh,603808,歌力思,8.83,8.74,8.88,8.62,8.82,4255700,37215575.0
2026-10-08,sh,603809,豪能股份,8.47,8.47,8.56,8.29,8.34,6477082,54515314.0
2026-10-08,sh,603810,丰山集团,12.23,12.27,13.06,12.19,12.41,4038816,50597441.0
2026-10-08,sh,603811,诚意药业,6.99,7.01,7.05,6.89,6.92,3690532,25669086.0
2026-10-08,sh,603813,原尚股份,25.92,25.95,27.0,25.5,25.87,788515,20631146.0
2026-10-08,sh,603815,交建股份,5.11,5.15,5.2,5.05,5.07,6309600,32391397.0
2026-10-08,sh,603816,顾家家居,23.81,23.7,23.7,23.15,23.29,5441773,126977542.0
2026-10-08,sh,603817,海峡环保,5.7,5.69,5.84,5.69,5.76,13432900,77500977.0
2026-10-08,sh,603818,曲美家居,4.05,4.06,4.14,4.0,4.05,21975783,89915710.0
2026-10-08,sh,603819,神力股份,16.06,16.38,16.38,15.77,15.96,5418882,86729251.0
2026-10-08,sh,603822,ST嘉澳,64.5,64.52,70.01,64.05,68.0,1077500,72546273.0
2026-10-08,sh,603823,百合花,42.41,42.99,46.65,42.3,46.59,39283627,1796497275.0
2026-10-08,sh,603825,ST华扬,7.61,7.56,7.61,7.38,7.42,1363800,10224209.0
2026-10-08,sh,603826,坤彩科技,15.37,15.38,15.59,14.87,14.99,10560140,159691635.0
2026-10-08,sh,603828,*ST利达,6.19,6.28,6.32,5.95,5.96,3648800,22036981.0
2026-10-08,sh,603829,洛凯股份,15.49,15.57,15.85,15.18,15.38,2522800,39126214.0
2026-10-08,sh,603833,欧派家居,31.49,31.49,31.49,30.55,30.69,2350369,72720013.0
2026-10-08,sh,603836,海程邦达,9.55,9.6,9.66,9.42,9.59,2267360,21712418.0
2026-10-08,sh,603838,*ST四通,12.56,11.86,12.3,11.65,11.77,3594500,42763085.0
2026-10-08,sh,603839,安正时尚,6.82,6.81,6.94,6.75,6.8,4451560,30425110.0
2026-10-08,sh,603843,*ST正平,6.34,6.15,6.3,5.75,5.9,17333120,103920128.0
2026-10-08,sh,603848,好太太,13.22,13.22,13.85,13.09,13.77,4913394,66960640.0
2026-10-08,sh,603855,华荣股份,16.82,16.8,16.89,16.62,16.79,1127700,18874388.0
2026-10-08,sh,603856,东宏股份,11.73,11.73,11.91,11.68,11.84,2555000,30213606.0
2026-10-08,sh,603858,步长制药,14.64,14.7,14.77,14.52,14.6,4369110,63905024.0
2026-10-08,sh,603859,能科科技,37.71,37.89,37.89,34.99,35.72,5183888,187623842.0
2026-10-08,sh,603860,中公高科,26.32,26.4,26.75,26.15,26.37,977200,25839338.0
2026-10-08,sh,603861,白云电器,10.89,10.91,11.26,10.85,11.0,6769966,75011870.0
2026-10-08,sh,603863,松炀资源,12.38,12.0,13.62,12.0,13.62,8615025,114433836.0
2026-10-08,sh,603866,桃李面包,4.21,4.24,4.31,4.2,4.3,20101810,85443978.0
2026-10-08,sh,603867,新化股份,34.38,34.38,35.63,34.3,34.66,8255813,288780001.0
2026-10-08,sh,603868,飞科电器,31.09,31.08,31.79,30.91,31.79,1677601,52820264.0
2026-10-08,sh,603869,ST智知,8.6,8.65,8.65,8.4,8.4,525905,4484991.0
2026-10-08,sh,603871,嘉友国际,12.0,12.0,12.35,11.96,12.18,9228560,112689398.0
2026-10-08,sh,603876,鼎胜新材,17.24,17.38,17.74,17.0,17.12,13775165,238477847.0
2026-10-08,sh,603877,太平鸟,11.91,11.98,12.27,11.92,12.16,2448300,29671094.0
2026-10-08,sh,603878,武进不锈,4.9,4.9,5.02,4.83,4.88,7677739,37731750.0
2026-10-08,sh,603879,永悦科技,4.91,4.94,5.08,4.92,5.01,8622930,43119543.0
2026-10-08,sh,603880,南卫股份,8.45,8.48,8.58,8.17,8.29,6933510,57814792.0
2026-10-08,sh,603881,数据港,22.92,22.92,23.05,22.23,22.35,12077166,273431476.0
2026-10-08,sh,603882,金域医学,29.06,29.64,29.75,28.27,28.29,9661600,277241673.0
2026-10-08,sh,603883,老百姓,13.04,13.05,13.29,13.05,13.28,9916418,131118691.0
2026-10-08,sh,603885,吉祥航空,9.96,9.81,9.86,9.62,9.67,12031000,117225602.0
2026-10-08,sh,603886,元祖股份,12.76,12.89,13.58,12.8,13.21,8471000,112548850.0
2026-10-08,sh,603887,城地香江,8.21,8.3,8.6,8.18,8.25,15416852,128818915.0
2026-10-08,sh,603888,新华网,17.2,17.22,17.28,16.77,16.92,11659205,197556086.0
2026-10-08,sh,603889,新澳股份,6.05,6.05,6.24,6.0,6.24,12371261,76193234.0
2026-10-08,sh,603890,春秋电子,14.97,14.8,15.33,14.64,14.69,14613127,218000113.0
2026-10-08,sh,603893,瑞芯微,215.57,211.99,215.39,198.13,199.56,10937593,2249092701.0
2026-10-08,sh,603895,天永智能,25.77,26.17,26.22,25.1,25.35,940700,24105966.0
2026-10-08,sh,603896,寿仙谷,14.82,14.82,14.91,14.62,14.68,1376650,20311181.0
2026-10-08,sh,603897,长城科技,29.58,29.58,30.28,28.0,28.3,6838500,197169939.0
2026-10-08,sh,603898,好莱客,11.86,11.91,12.13,11.4,11.55,2885700,33779297.0
2026-10-08,sh,603899,晨光股份,22.36,22.43,22.48,22.07,22.13,2126315,47307248.0
2026-10-08,sh,603900,莱绅通灵,6.27,6.26,6.35,6.22,6.25,9171803,57507378.0
2026-10-08,sh,603901,永创智能,9.28,9.32,9.38,9.02,9.08,6735900,61603892.0
2026-10-08,sh,603903,中持股份,13.7,13.61,13.97,13.02,13.07,8681980,116673627.0
2026-10-08,sh,603906,龙蟠科技,19.04,19.3,20.94,19.2,20.94,83811870,1705973717.0
2026-10-08,sh,603908,牧高笛,19.45,19.94,20.65,19.71,20.12,2506240,50771429.0
2026-10-08,sh,603909,建发合诚,10.13,10.11,10.31,10.0,10.09,4875452,49591768.0
2026-10-08,sh,603912,佳力图,8.79,8.82,8.92,8.47,8.56,11758320,101687388.0
2026-10-08,sh,603915,国茂股份,13.29,13.33,13.36,12.76,12.81,5971000,77643380.0
2026-10-08,sh,603916,苏博特,10.47,10.43,10.6,10.22,10.34,3764700,39183034.0
2026-10-08,sh,603917,合力科技,13.85,13.88,14.0,13.65,13.74,2788100,38540002.0
2026-10-08,sh,603918,金桥信息,10.41,10.4,10.52,10.1,10.19,5706391,58609087.0
2026-10-08,sh,603919,金徽酒,17.4,16.88,17.35,16.69,16.86,15690658,266022429.0
2026-10-08,sh,603920,世运电路,44.4,44.31,46.15,42.55,43.18,23747998,1048122276.0
2026-10-08,sh,603922,ST金鸿顺,12.02,12.02,12.02,11.24,11.47,2082680,23915774.0
2026-10-08,sh,603926,铁流股份,16.75,16.98,16.99,16.14,16.25,2632978,43332106.0
2026-10-08,sh,603927,中科软,13.64,13.65,13.76,13.37,13.49,5429953,73725446.0
2026-10-08,sh,603928,兴业股份,13.07,13.43,14.38,13.43,14.38,25758214,363872133.0
2026-10-08,sh,603929,亚翔集成,139.46,139.74,145.23,136.53,137.8,2427630,342509383.0
2026-10-08,sh,603931,格林达,32.42,32.7,32.93,31.0,31.24,4000101,126813721.0
2026-10-08,sh,603933,睿能科技,18.31,18.31,18.82,17.96,18.12,2331303,42716970.0
2026-10-08,sh,603936,博敏电子,19.35,19.35,20.57,18.75,18.95,33931668,664024048.0
2026-10-08,sh,603937,丽岛新材,12.44,12.53,13.68,12.33,13.16,20223602,263740771.0
2026-10-08,sh,603938,三孚股份,42.68,42.64,43.29,41.0,41.39,10438131,437854894.0
2026-10-08,sh,603939,益丰药房,23.31,23.4,23.75,23.03,23.53,12504346,293136922.0
2026-10-08,sh,603948,建业股份,21.36,21.83,22.72,20.44,20.79,9570651,204060790.0
2026-10-08,sh,603949,雪龙集团,18.41,16.57,17.56,16.57,16.57,19574029,328838678.0
2026-10-08,sh,603950,长源东谷,51.72,51.24,53.05,49.88,50.4,3669168,187569189.0
2026-10-08,sh,603955,大千生态,24.97,24.98,25.59,24.01,24.55,2109702,51581107.0
2026-10-08,sh,603956,威派格,6.88,6.89,7.06,6.74,6.81,14256600,98108891.0
2026-10-08,sh,603958,哈森股份,18.0,17.68,18.38,17.53,17.71,6277401,112194245.0
2026-10-08,sh,603959,ST百利,4.09,4.14,4.3,4.14,4.22,5861799,24812273.0
2026-10-08,sh,603960,克来机电,16.81,17.0,17.01,16.04,16.19,5501403,90247835.0
2026-10-08,sh,603966,法兰泰克,7.31,7.36,7.65,7.28,7.57,8579744,64458809.0
2026-10-08,sh,603967,中创物流,12.02,12.11,12.97,12.04,12.58,8148170,102789913.0
2026-10-08,sh,603968,醋化股份,11.5,11.45,12.44,11.37,12.3,23789689,284314009.0
2026-10-08,sh,603969,银龙股份,7.2,7.21,7.25,7.08,7.16,6719072,48016413.0
2026-10-08,sh,603970,中农立华,11.84,11.83,12.5,11.68,11.68,8065100,95621017.0
2026-10-08,sh,603976,正川股份,29.59,29.59,30.18,28.8,29.25,2859364,83873869.0
2026-10-08,sh,603977,国泰集团,10.57,10.56,10.68,10.4,10.48,5121700,54044396.0
2026-10-08,sh,603978,深圳新星,25.32,25.31,26.85,25.31,26.25,14641585,382622204.0
2026-10-08,sh,603979,金诚信,72.28,72.32,73.2,71.22,72.13,3449344,248793542.0
2026-10-08,sh,603980,吉华集团,9.06,9.05,9.37,8.95,9.0,60944020,556777863.0
2026-10-08,sh,603982,泉峰汽车,6.77,6.59,6.87,6.51,6.74,28644255,192283869.0
2026-10-08,sh,603983,丸美生物,30.86,30.88,31.6,28.78,28.93,4039956,121479779.0
2026-10-08,sh,603985,恒润股份,16.98,16.94,17.44,16.5,16.54,8250404,139517198.0
2026-10-08,sh,603986,兆易创新,353.9,352.0,353.8,331.0,334.4,29431568,10070374399.0
2026-10-08,sh,603987,康德莱,7.59,7.58,7.72,7.53,7.56,5250100,39885925.0
2026-10-08,sh,603988,中电电机,17.0,17.11,17.49,16.8,17.03,3572800,61469995.0
2026-10-08,sh,603989,艾华集团,27.01,27.09,28.1,26.52,26.89,12944866,352989484.0
2026-10-08,sh,603990,麦迪科技,19.34,19.36,19.4,18.78,19.05,9699368,184553008.0
2026-10-08,sh,603991,领先股份,165.82,167.48,170.34,162.43,163.96,2158316,358870895.0
2026-10-08,sh,603992,松霖科技,19.39,19.48,19.78,18.91,19.02,2741022,52903777.0
2026-10-08,sh,603993,洛阳钼业,16.88,16.89,16.96,16.56,16.61,78612107,1315302596.0
2026-10-08,sh,603995,甬金股份,25.62,25.6,26.13,24.89,25.25,4566800,115840975.0
2026-10-08,sh,603997,继峰股份,13.65,13.79,14.18,13.35,13.47,22581393,309600221.0
2026-10-08,sh,603998,方盛制药,10.36,10.4,10.55,10.25,10.31,9468900,98523718.0
2026-10-08,sh,603999,读者传媒,6.78,6.72,6.78,6.53,6.6,13662500,90607871.0
2026-10-08,sh,605001,威奥股份,5.78,5.8,5.98,5.77,5.82,4089600,23903930.0
2026-10-08,sh,605003,众望布艺,24.21,24.5,24.6,23.97,24.21,917300,22256607.0
2026-10-08,sh,605005,合兴股份,16.07,16.14,16.16,15.8,15.9,651990,10401400.0
2026-10-08,sh,605006,山东玻纤,14.58,14.58,14.87,14.04,14.23,20773750,299814902.0
2026-10-08,sh,605007,五洲特纸,14.38,14.48,15.15,14.37,15.12,5454496,81629781.0
2026-10-08,sh,605008,长鸿高科,13.71,13.93,13.93,13.22,13.35,3564364,48514327.0
2026-10-08,sh,605009,豪悦护理,25.52,25.53,25.57,25.0,25.13,1276512,32222145.0
2026-10-08,sh,605011,杭州热电,19.21,19.31,19.98,19.02,19.11,26589552,515551560.0
2026-10-08,sh,605016,百龙创园,21.11,21.0,21.24,20.01,20.22,4636300,95082618.0
2026-10-08,sh,605018,长华集团,11.66,11.37,11.78,11.34,11.46,6668100,76723388.0
2026-10-08,sh,605020,永和股份,30.3,30.28,30.56,29.74,29.94,7046056,212264569.0
2026-10-08,sh,605028,世茂能源,23.75,23.7,23.96,23.26,23.43,1240200,29128171.0
2026-10-08,sh,605033,美邦股份,19.6,19.67,19.87,19.49,19.75,2088300,41121674.0
2026-10-08,sh,605050,福然德,10.05,10.09,10.47,10.03,10.21,3022600,31087617.0
2026-10-08,sh,605055,迎丰股份,8.69,8.83,8.85,8.49,8.56,3084900,26689030.0
2026-10-08,sh,605056,咸亨国际,13.48,13.41,13.7,13.19,13.25,5108900,68269739.0
2026-10-08,sh,605058,澳弘电子,53.64,52.57,52.89,48.28,48.5,18542167,919139665.0
2026-10-08,sh,605060,联德股份,37.03,37.05,40.5,36.97,37.53,7619850,292028798.0
2026-10-08,sh,605066,天正电气,6.71,6.73,6.82,6.65,6.72,4001700,26868728.0
2026-10-08,sh,605068,明新旭腾,20.32,20.85,20.85,19.73,20.2,2506200,50657995.0
2026-10-08,sh,605069,正和生态,11.86,11.87,13.05,11.64,12.69,22650483,288052522.0
2026-10-08,sh,605077,华康股份,11.53,11.6,12.03,11.6,11.7,9398241,110709447.0
2026-10-08,sh,605080,浙江自然,22.72,22.75,23.01,22.19,22.62,1298200,29294142.0
2026-10-08,sh,605086,龙高股份,23.21,23.1,23.63,22.99,23.1,1144300,26608748.0
2026-10-08,sh,605088,冠盛股份,23.33,23.35,23.98,22.88,23.69,8253500,193855590.0
2026-10-08,sh,605089,味知香,21.84,21.93,22.48,21.79,22.43,1989725,44251734.0
2026-10-08,sh,605090,九丰能源,31.25,31.38,32.15,31.34,31.69,8421958,267437153.0
2026-10-08,sh,605098,行动教育,52.83,53.07,54.38,52.58,54.02,1163765,62395818.0
2026-10-08,sh,605099,共创草坪,27.97,27.85,28.12,27.63,27.89,714600,19954479.0
2026-10-08,sh,605100,华丰股份,35.83,36.51,39.4,35.83,38.4,9068708,346608228.0
2026-10-08,sh,605108,同庆楼,12.11,12.11,12.19,11.95,12.0,2014220,24264031.0
2026-10-08,sh,605111,新洁能,54.0,54.02,55.55,49.78,50.18,12810220,665057161.0
2026-10-08,sh,605116,奥锐特,20.07,20.12,20.32,19.74,19.84,2509200,50115963.0
2026-10-08,sh,605117,德业股份,78.16,78.59,78.99,76.23,76.96,8329806,646629989.0
2026-10-08,sh,605118,力鼎光电,32.17,32.16,32.84,30.7,31.06,3885056,122034183.0
2026-10-08,sh,605122,四方新材,12.28,12.32,12.38,11.98,12.08,3496600,42422490.0
2026-10-08,sh,605123,派克新材,76.4,76.43,78.1,75.37,76.0,1064643,81817704.0
2026-10-08,sh,605128,上海沿浦,23.75,23.82,25.07,23.74,24.78,7290036,179362279.0
2026-10-08,sh,605133,嵘泰股份,24.01,24.06,26.26,24.05,25.17,9266407,235500194.0
2026-10-08,sh,605136,丽人丽妆,8.66,8.64,8.78,8.51,8.58,11650600,100378167.0
2026-10-08,sh,605138,盛泰集团,6.19,6.24,6.29,6.1,6.15,2948000,18223851.0
2026-10-08,sh,605151,西上海,18.61,18.66,18.85,18.23,18.42,1638600,30348450.0
2026-10-08,sh,605155,西大门,14.25,14.22,14.98,14.17,14.7,3582060,52708755.0
2026-10-08,sh,605158,华达新材,7.61,7.66,7.77,7.42,7.66,6345366,48888658.0
2026-10-08,sh,605162,新中港,10.59,10.11,10.66,10.03,10.35,29773003,307509573.0
2026-10-08,sh,605166,聚合顺,8.42,8.45,8.57,8.36,8.39,3487400,29417560.0
2026-10-08,sh,605167,利柏特,15.68,15.91,16.27,15.23,15.33,4981530,77718140.0
2026-10-08,sh,605168,三人行,50.03,50.01,51.0,46.88,47.36,4464153,215701402.0
2026-10-08,sh,605169,洪通燃气,13.21,13.22,13.6,13.21,13.52,4557749,61205392.0
2026-10-08,sh,605177,东亚药业,24.26,24.3,26.69,24.3,25.72,13278200,347291144.0
2026-10-08,sh,605178,时空科技,63.4,61.2,65.03,60.94,62.87,3905600,246310299.0
2026-10-08,sh,605179,一鸣食品,23.56,23.45,24.61,23.19,24.21,15612897,376239127.0
2026-10-08,sh,605180,华生科技,13.9,13.9,14.27,13.73,13.86,2538690,35464817.0
2026-10-08,sh,605183,确成股份,16.4,16.41,16.66,16.2,16.43,1621900,26584112.0
2026-10-08,sh,605186,健麾信息,24.66,24.75,25.2,24.12,24.27,1603500,39437472.0
2026-10-08,sh,605188,国光连锁,12.4,12.45,12.74,12.33,12.58,7537100,94744341.0
2026-10-08,sh,605189,富春染织,13.73,13.77,14.24,13.77,14.14,7137469,100596339.0
2026-10-08,sh,605196,华通线缆,33.2,33.9,35.6,33.3,34.0,18063809,619437646.0
2026-10-08,sh,605198,安德利,64.75,64.43,66.27,62.77,63.6,3506366,224471566.0
2026-10-08,sh,605199,ST葫芦娃,5.71,5.7,5.97,5.7,5.83,1890502,11079521.0
2026-10-08,sh,605208,永茂泰,14.59,14.73,15.13,14.4,14.51,8094432,119133324.0
2026-10-08,sh,605218,伟时电子,13.9,14.13,14.26,13.35,13.48,5523325,75845301.0
2026-10-08,sh,605222,起帆电缆,22.11,22.03,22.22,21.43,21.6,4208200,91658277.0
2026-10-08,sh,605228,神通科技,11.24,11.25,11.45,11.15,11.25,4456300,50298537.0
2026-10-08,sh,605255,天普股份,58.87,57.6,58.85,56.1,56.1,702500,40092394.0
2026-10-08,sh,605258,协和电子,39.61,39.61,40.75,38.15,38.48,7147180,280097812.0
2026-10-08,sh,605259,绿田机械,17.39,17.4,17.47,17.24,17.41,686096,11917516.0
2026-10-08,sh,605266,健之佳,16.04,16.14,16.29,15.97,16.06,1544451,24879370.0
2026-10-08,sh,605268,王力安防,10.12,10.22,10.25,9.98,10.05,3486293,35117169.0
2026-10-08,sh,605277,新亚电子,16.73,16.74,17.25,16.54,16.64,7138606,120308711.0
2026-10-08,sh,605286,同力天启,24.85,24.85,25.25,24.62,25.2,2068200,51765412.0
2026-10-08,sh,605287,德才股份,37.39,37.02,38.75,35.54,36.53,9630760,355221998.0
2026-10-08,sh,605288,凯迪股份,71.83,71.5,71.51,66.0,66.32,3392075,231615289.0
2026-10-08,sh,605289,罗曼股份,94.05,95.93,98.0,89.66,90.36,2811040,262042346.0
2026-10-08,sh,605296,神农集团,31.48,31.2,31.44,29.95,30.22,1934700,59082360.0
2026-10-08,sh,605298,必得科技,40.88,40.63,44.97,40.63,44.97,864314,38108927.0
2026-10-08,sh,605299,舒华体育,12.2,12.2,12.48,12.1,12.26,5346600,65655299.0
2026-10-08,sh,605300,佳禾食品,10.39,10.4,10.52,10.31,10.5,4341400,45281555.0
2026-10-08,sh,605303,园林股份,28.66,31.53,31.53,31.53,31.53,321600,10140048.0
2026-10-08,sh,605305,中际联合,30.33,30.29,30.81,30.13,30.56,2289241,70010117.0
2026-10-08,sh,605318,法狮龙,70.29,71.64,75.0,70.55,71.91,917203,66640275.0
2026-10-08,sh,605319,无锡振华,22.22,22.22,23.5,21.92,22.09,5771241,131561895.0
2026-10-08,sh,605333,沪光股份,16.57,16.57,16.76,16.24,16.49,1855505,30560222.0
2026-10-08,sh,605336,*ST帅电,11.85,11.95,12.05,11.57,11.65,929700,10945253.0
2026-10-08,sh,605337,XD李子园,9.16,9.15,9.2,9.02,9.14,4012671,36587509.0
2026-10-08,sh,605338,巴比食品,17.97,17.99,18.95,17.88,18.77,4583326,85055316.0
2026-10-08,sh,605339,南侨食品,13.26,13.26,13.53,13.15,13.36,1370900,18327018.0
2026-10-08,sh,605358,立昂微,45.36,45.41,46.59,42.13,42.67,35386017,1556912856.0
2026-10-08,sh,605365,立达信,14.53,14.53,14.71,14.12,14.17,4562200,65384741.0
2026-10-08,sh,605366,宏柏新材,10.41,10.14,11.04,10.0,11.04,95354584,1014084063.0
2026-10-08,sh,605368,蓝天燃气,6.68,6.69,6.85,6.68,6.84,5771160,39201742.0
2026-10-08,sh,605369,拱东医疗,18.2,18.45,18.45,17.6,17.73,1784227,31866666.0
2026-10-08,sh,605376,博迁新材,114.32,114.59,117.32,108.69,109.82,10116651,1140010501.0
2026-10-08,sh,605377,华旺科技,8.08,8.13,8.15,8.05,8.08,2885520,23330764.0
2026-10-08,sh,605378,野马电池,15.7,15.17,17.27,15.09,17.27,16117466,271600143.0
2026-10-08,sh,605388,均瑶健康,7.39,7.4,7.79,6.76,6.93,74961419,547241611.0
2026-10-08,sh,605389,长龄液压,60.88,60.9,62.54,58.99,59.4,1022090,61948655.0
2026-10-08,sh,605398,新炬网络,23.76,22.36,22.99,22.36,22.87,7449864,169081105.0
2026-10-08,sh,605399,晨光新材,11.63,11.6,12.0,11.55,11.87,4517186,53453210.0
2026-10-08,sh,605488,福莱新材,29.42,29.2,29.97,28.14,28.26,7399111,213180950.0
2026-10-08,sh,605499,东鹏饮料,112.25,111.22,113.3,110.56,113.04,2858651,320693938.0
2026-10-08,sh,605500,森林包装,7.39,7.39,7.57,7.34,7.53,5085505,38090217.0
2026-10-08,sh,605507,国邦医药,18.09,18.69,18.8,17.41,17.5,10593560,190475772.0
2026-10-08,sh,605555,德昌股份,12.66,12.53,12.61,11.97,12.09,5720830,69960953.0
2026-10-08,sh,605566,福莱蒽特,32.07,32.38,34.95,32.08,34.12,6818201,231362973.0
2026-10-08,sh,605567,春雪食品,9.67,9.7,9.81,9.6,9.73,3795600,36904326.0
2026-10-08,sh,605577,龙版传媒,16.28,16.5,16.58,14.7,14.73,36142326,557058710.0
2026-10-08,sh,605580,恒盛能源,20.85,21.1,21.11,20.14,20.2,6738900,137786831.0
2026-10-08,sh,605588,冠石科技,44.24,44.18,44.96,42.0,42.35,1060349,45661513.0
2026-10-08,sh,605589,圣泉集团,35.67,36.69,38.94,35.4,35.8,38810130,1440578470.0
2026-10-08,sh,605598,上海港湾,23.67,23.81,24.94,23.67,23.86,3087440,74885433.0
2026-10-08,sh,605599,菜百股份,13.54,13.5,13.54,13.26,13.4,3999666,53648923.0
2026-10-08,sh,688001,华兴源创,60.69,60.76,61.8,55.76,56.72,11502465,670159902.0
2026-10-08,sh,688002,睿创微纳,173.42,174.64,178.41,170.58,171.82,8375480,1466446574.0
2026-10-08,sh,688003,天准科技,71.9,72.0,74.6,68.33,69.27,2990858,212896257.0
2026-10-08,sh,688004,博汇科技,29.95,30.0,30.67,28.91,29.3,8074518,240727191.0
2026-10-08,sh,688005,容百科技,23.48,23.8,25.04,23.52,24.38,22382406,548180117.0
2026-10-08,sh,688006,杭可科技,20.35,20.17,21.2,20.12,20.38,12062627,249433296.0
2026-10-08,sh,688007,光峰科技,10.54,10.61,10.69,10.08,10.15,5822810,60110166.0
2026-10-08,sh,688008,澜起科技,202.31,203.0,208.14,195.11,197.01,33576653,6750787610.0
2026-10-08,sh,688009,中国通号,4.69,4.7,4.73,4.67,4.71,27055237,127211917.0
2026-10-08,sh,688010,福光股份,27.16,27.22,27.9,25.29,25.63,4879322,128682728.0
2026-10-08,sh,688011,新光光电,59.24,59.5,61.19,58.04,58.24,1662486,98135124.0
2026-10-08,sh,688012,中微公司,318.55,321.3,327.98,311.2,313.24,14524492,4635432333.0
2026-10-08,sh,688013,天臣医疗,24.81,24.92,25.11,24.02,24.34,1246537,30488374.0
2026-10-08,sh,688015,交控科技,17.04,16.71,17.26,16.41,16.55,2913578,48774254.0
2026-10-08,sh,688016,心脉医疗,85.48,85.8,85.88,83.45,83.56,980737,82758474.0
2026-10-08,sh,688017,绿的谐波,273.75,270.0,273.04,254.09,255.88,5117722,1336691604.0
2026-10-08,sh,688018,乐鑫科技,115.08,121.0,124.88,116.65,117.65,10978745,1315405893.0
2026-10-08,sh,688019,安集科技,211.0,211.5,215.52,202.02,204.21,5479576,1139578696.0
2026-10-08,sh,688020,方邦股份,130.56,133.01,141.87,124.02,126.06,2933036,387660358.0
2026-10-08,sh,688021,奥福科技,19.81,19.95,20.3,19.62,19.87,1196264,23818588.0
2026-10-08,sh,688022,ST瀚川,9.21,9.18,10.2,9.18,9.81,7301789,72064338.0
2026-10-08,sh,688023,安恒信息,46.27,46.58,46.65,44.18,44.48,3283940,148107196.0
2026-10-08,sh,688025,杰普特,419.45,419.45,420.49,386.14,389.42,2547295,1018375044.0
2026-10-08,sh,688026,洁特生物,27.61,27.28,30.58,27.28,29.25,16950603,495416141.0
2026-10-08,sh,688027,国盾量子,328.49,328.5,331.59,313.13,314.96,1307473,419438148.0
2026-10-08,sh,688028,沃尔德,109.64,108.33,109.4,98.62,100.48,11781965,1212991293.0
2026-10-08,sh,688029,南微医学,86.76,86.69,86.69,80.42,80.9,2913402,239905323.0
2026-10-08,sh,688030,山石网科,19.59,19.2,20.3,19.03,19.44,7845215,154752421.0
2026-10-08,sh,688031,星环科技,88.0,87.78,89.48,85.63,86.26,4613896,401934104.0
2026-10-08,sh,688032,禾迈股份,67.57,68.0,68.63,66.91,67.35,578379,39162481.0
2026-10-08,sh,688033,*ST天宜,7.21,7.18,7.29,7.13,7.24,1986400,14302146.0
2026-10-08,sh,688035,德邦科技,71.6,71.55,72.73,65.28,66.4,4893519,333292214.0
2026-10-08,sh,688036,传音控股,53.8,53.3,53.3,45.26,46.1,27560833,1300439787.0
2026-10-08,sh,688037,芯源微,327.27,327.96,333.0,309.0,311.63,3198188,1020930930.0
2026-10-08,sh,688038,中科通达,18.93,19.01,19.27,18.32,18.48,1660582,31060228.0
2026-10-08,sh,688039,当虹科技,34.86,34.95,35.38,32.49,32.54,3635031,122888880.0
2026-10-08,sh,688041,海光信息,226.8,226.8,228.89,219.0,220.53,16954613,3789619627.0
2026-10-08,sh,688045,必易微,55.2,55.24,58.12,52.9,53.35,2501121,138216543.0
2026-10-08,sh,688046,药康生物,37.94,36.97,37.24,35.18,35.5,11633500,418514202.0
2026-10-08,sh,688047,龙芯中科,98.1,98.23,98.99,94.81,95.2,3446487,332901975.0
2026-10-08,sh,688048,长光华芯,289.7,250.0,255.55,231.76,231.76,12587579,2997676780.0
2026-10-08,sh,688049,炬芯科技,45.78,46.64,46.68,42.04,42.45,9794663,427624176.0
2026-10-08,sh,688050,爱博医疗,38.8,38.78,39.08,37.55,37.79,2231865,85058234.0
2026-10-08,sh,688051,佳华科技,25.03,24.93,25.6,24.22,24.5,1603074,39834469.0
2026-10-08,sh,688052,纳芯微,236.32,235.0,235.0,206.82,209.77,3870102,843041181.0
2026-10-08,sh,688053,ST思科瑞,39.39,39.1,39.77,38.39,38.55,599407,23469570.0
2026-10-08,sh,688055,龙腾光电,3.62,3.62,3.68,3.49,3.51,9826254,35128570.0
2026-10-08,sh,688056,莱伯泰科,49.9,48.88,50.7,44.8,45.28,3487881,164477791.0
2026-10-08,sh,688057,金达莱,18.51,18.65,18.75,17.79,17.93,2513203,45721754.0
2026-10-08,sh,688058,宝兰德,25.6,25.54,26.11,25.05,25.25,972630,24849066.0
2026-10-08,sh,688059,华锐精密,82.02,82.06,83.5,79.61,80.2,2421819,196958352.0
2026-10-08,sh,688060,云涌科技,36.15,36.15,37.0,35.0,35.68,421558,15229564.0
2026-10-08,sh,688061,灿瑞科技,42.37,43.0,43.56,39.75,40.13,1534994,63348531.0
2026-10-08,sh,688062,迈威生物,27.04,27.12,27.32,24.06,24.33,13413427,335233576.0
2026-10-08,sh,688063,派能科技,40.9,40.8,42.02,40.8,41.2,5407292,224441775.0
2026-10-08,sh,688065,凯赛生物,38.64,38.8,38.9,37.53,37.72,3267143,124640756.0
2026-10-08,sh,688066,*ST航图,8.8,8.8,9.22,8.76,9.17,11769812,107018616.0
2026-10-08,sh,688067,爱威科技,24.52,24.59,24.99,23.95,24.2,1121214,27376799.0
2026-10-08,sh,688068,热景生物,94.47,95.47,96.78,84.6,85.48,3845746,338580750.0
2026-10-08,sh,688069,德林海,34.72,35.5,35.5,33.91,34.07,1254948,43465433.0
2026-10-08,sh,688070,纵横股份,35.37,36.17,36.17,33.41,33.52,1438974,49571113.0
2026-10-08,sh,688071,华依科技,35.19,35.06,35.7,33.27,33.71,1911291,65563630.0
2026-10-08,sh,688072,拓荆科技,640.0,640.45,648.88,608.0,616.07,4493698,2819976330.0
2026-10-08,sh,688073,毕得医药,76.6,75.49,75.72,70.3,70.8,5072178,363592706.0
2026-10-08,sh,688075,安旭生物,30.96,31.8,31.87,30.0,30.64,1378954,42537587.0
2026-10-08,sh,688076,ST诺泰,29.76,29.89,30.0,28.93,28.93,2692065,78919762.0
2026-10-08,sh,688077,大地熊,27.08,27.09,27.9,26.65,26.9,2315438,63022128.0
2026-10-08,sh,688078,龙软科技,30.2,30.07,30.63,29.38,30.32,1492664,44831619.0
2026-10-08,sh,688079,美迪凯,16.24,16.0,16.28,14.16,14.54,21590159,324059726.0
2026-10-08,sh,688080,映翰通,36.65,36.82,37.42,35.76,35.83,754849,27547007.0
2026-10-08,sh,688081,兴图新科,25.02,25.02,25.67,24.05,24.69,1220710,30276580.0
2026-10-08,sh,688082,盛美上海,294.28,289.96,291.99,270.21,273.22,5289177,1473495132.0
2026-10-08,sh,688083,中望软件,50.11,50.18,50.19,47.5,47.78,1841006,89154570.0
2026-10-08,sh,688084,晶品特装,41.05,41.3,41.99,39.95,40.22,1179005,48237335.0
2026-10-08,sh,688085,三友医疗,13.26,13.33,13.38,12.9,12.99,2450015,32105039.0
2026-10-08,sh,688087,英科再生,32.15,32.42,32.42,31.14,31.45,2725389,86178146.0
2026-10-08,sh,688088,虹软科技,28.72,28.8,28.83,27.27,27.4,5432113,151240869.0
2026-10-08,sh,688089,ST嘉必优,8.42,8.44,8.5,8.32,8.33,630550,5299164.0
2026-10-08,sh,688090,瑞松科技,77.28,77.2,79.78,66.75,67.13,12287522,863222412.0
2026-10-08,sh,688091,上海谊众,39.4,39.57,39.78,36.16,36.58,4686382,175526879.0
2026-10-08,sh,688092,爱科科技,22.5,22.47,22.47,21.56,22.13,750624,16469469.0
2026-10-08,sh,688093,世华科技,22.05,22.02,22.05,21.12,21.2,1715552,36989257.0
2026-10-08,sh,688095,福昕软件,55.6,55.27,55.56,52.0,52.3,2300841,122699176.0
2026-10-08,sh,688096,京源环保,7.84,7.79,8.26,7.66,8.03,22320113,179906882.0
2026-10-08,sh,688097,博众精工,41.2,41.59,41.94,39.06,39.6,5083169,203742518.0
2026-10-08,sh,688098,申联生物,8.46,8.49,8.7,8.35,8.41,2926665,24988529.0
2026-10-08,sh,688099,晶晨股份,96.8,96.8,97.95,93.28,94.57,12603310,1201073707.0
2026-10-08,sh,688100,威胜信息,24.61,24.58,24.64,23.55,24.26,3294543,79272556.0
2026-10-08,sh,688101,三达膜,14.21,14.19,14.45,14.16,14.27,1438504,20616430.0
2026-10-08,sh,688102,斯瑞新材,28.73,28.58,29.57,28.1,28.43,8786284,253246490.0
2026-10-08,sh,688103,国力电子,75.98,76.36,76.64,69.6,70.52,2175495,157300185.0
2026-10-08,sh,688105,诺唯赞,27.24,27.63,28.18,25.63,26.2,18307907,484804260.0
2026-10-08,sh,688106,金宏气体,24.65,24.66,25.01,24.04,24.2,8753838,214103063.0
2026-10-08,sh,688107,安路科技,28.01,28.2,28.28,26.25,26.54,6185741,167358062.0
2026-10-08,sh,688108,赛诺医疗,14.87,14.86,16.29,14.86,15.44,18216597,286037680.0
2026-10-08,sh,688109,品茗科技,68.56,68.17,68.3,64.0,64.21,646329,42472412.0
2026-10-08,sh,688110,东芯股份,113.81,114.37,114.49,104.44,105.73,12234659,1334421780.0
2026-10-08,sh,688111,金山办公,218.8,217.59,222.51,217.59,218.99,3203650,704886213.0
2026-10-08,sh,688112,鼎阳科技,98.0,98.8,98.98,91.64,91.68,7655651,719919940.0
2026-10-08,sh,688113,联测科技,36.95,36.97,37.63,36.3,36.47,737702,27225071.0
2026-10-08,sh,688114,华大智造,71.9,71.0,71.9,66.2,66.56,14193705,965058540.0
2026-10-08,sh,688115,思林杰,62.09,61.32,64.5,59.51,60.26,1907016,118829827.0
2026-10-08,sh,688116,天奈科技,33.75,34.0,35.11,33.7,33.95,10146689,349244592.0
2026-10-08,sh,688117,圣诺生物,18.56,18.75,18.75,17.89,17.98,8656505,158255544.0
2026-10-08,sh,688118,普元信息,19.99,20.02,20.17,19.3,19.44,1543067,30342696.0
2026-10-08,sh,688119,中钢洛耐,3.81,3.8,3.88,3.71,3.73,10048468,38069157.0
2026-10-08,sh,688120,华海清科,227.43,228.85,230.58,220.16,222.3,7388299,1661101334.0
2026-10-08,sh,688121,*ST卓然,1.02,1.03,1.16,1.02,1.08,14949915,16456854.0
2026-10-08,sh,688122,西部超导,51.94,52.15,53.49,51.81,52.22,11436679,601817257.0
2026-10-08,sh,688123,聚辰股份,159.68,160.0,163.63,148.2,150.53,10285825,1587001532.0
2026-10-08,sh,688125,安达智能,114.1,112.69,114.7,105.01,106.82,878739,96201880.0
2026-10-08,sh,688126,沪硅产业,23.38,23.55,23.6,21.36,21.57,52500479,1166924764.0
2026-10-08,sh,688127,蓝特光学,61.05,60.83,61.84,57.3,57.93,7458253,440654797.0
2026-10-08,sh,688128,中国电研,22.13,22.13,22.38,21.74,21.91,1656165,36521865.0
2026-10-08,sh,688129,东来技术,22.61,22.6,23.02,22.02,22.37,632395,14185755.0
2026-10-08,sh,688130,晶华微,25.7,26.0,26.26,24.32,24.54,2000387,50434764.0
2026-10-08,sh,688131,皓元医药,99.47,99.07,99.57,93.49,94.15,6572124,629125595.0
2026-10-08,sh,688132,邦彦技术,16.18,16.21,16.51,15.56,15.76,1666541,26513454.0
2026-10-08,sh,688133,泰坦科技,22.38,22.45,22.8,20.57,20.64,7824339,165059260.0
2026-10-08,sh,688135,利扬芯片,36.5,36.93,37.84,34.93,35.31,9709365,351902872.0
2026-10-08,sh,688136,科兴制药,24.27,24.44,24.63,23.01,23.36,9718257,228541830.0
2026-10-08,sh,688137,近岸蛋白,160.39,152.0,155.0,139.01,150.0,8346359,1230531949.0
2026-10-08,sh,688138,清溢光电,35.96,36.0,36.73,33.21,33.87,9270401,318788564.0
2026-10-08,sh,688139,海尔生物,35.85,35.9,36.05,34.5,34.75,6037884,212252776.0
2026-10-08,sh,688141,杰华特,95.0,95.0,96.26,88.96,90.39,25798108,2362328777.0
2026-10-08,sh,688143,长盈通,174.67,171.31,173.99,157.5,160.29,9370602,1533056856.0
2026-10-08,sh,688146,中船特气,190.66,188.7,190.59,181.58,183.21,8555851,1585836769.0
2026-10-08,sh,688147,微导纳米,101.41,99.48,99.9,87.89,89.25,15205716,1396061464.0
2026-10-08,sh,688148,芳源股份,5.92,5.92,6.19,5.88,6.06,17285290,105223945.0
2026-10-08,sh,688150,莱特光电,39.09,39.3,39.38,36.27,36.94,5792983,218124871.0
2026-10-08,sh,688151,华强科技,16.65,16.82,17.07,16.31,16.45,2827033,46939008.0
2026-10-08,sh,688152,麒麟信安,40.69,39.93,40.03,37.8,38.21,5267557,203970534.0
2026-10-08,sh,688153,唯捷创芯,25.37,25.39,25.72,24.05,24.33,3381660,83281637.0
2026-10-08,sh,688155,先惠技术,54.87,54.87,57.72,54.38,56.96,5010956,283736032.0
2026-10-08,sh,688156,路德科技,22.62,23.06,25.97,22.53,24.36,7927336,193764032.0
2026-10-08,sh,688157,松井股份,18.51,18.4,19.31,18.38,18.48,2349546,44219249.0
2026-10-08,sh,688158,优刻得,28.0,28.05,28.82,27.06,27.23,10090138,281403829.0
2026-10-08,sh,688159,有方科技,34.97,35.1,36.18,34.33,34.67,3275541,115725031.0
2026-10-08,sh,688160,步科股份,94.7,94.74,94.74,87.02,87.61,1463092,131942455.0
2026-10-08,sh,688161,威高骨科,21.79,21.86,22.68,21.8,22.3,2201691,48967772.0
2026-10-08,sh,688162,巨一科技,25.86,25.85,26.16,24.6,24.95,1491022,37664273.0
2026-10-08,sh,688163,赛伦生物,40.0,39.8,39.8,34.8,35.3,2613211,95564182.0
2026-10-08,sh,688165,埃夫特,14.91,14.8,14.98,14.28,14.32,5508995,80543516.0
2026-10-08,sh,688166,博瑞医药,35.81,35.29,36.5,33.07,33.43,13097338,446975495.0
2026-10-08,sh,688167,炬光科技,282.88,282.0,282.79,242.27,244.88,8704392,2239993926.0
2026-10-08,sh,688168,安博通,41.88,41.96,42.77,39.15,39.44,4019324,162555101.0
2026-10-08,sh,688169,石头科技,118.76,118.0,118.51,104.72,107.15,11366223,1227824209.0
2026-10-08,sh,688170,德龙激光,64.16,64.0,64.55,58.42,59.19,4141360,252059313.0
2026-10-08,sh,688171,纬德信息,23.99,23.8,25.65,23.5,24.14,3516922,86681533.0
2026-10-08,sh,688172,燕东微,42.43,43.1,43.56,39.32,40.35,11452942,467324431.0
2026-10-08,sh,688173,希荻微,12.73,12.77,12.98,12.18,12.32,8214950,102535160.0
2026-10-08,sh,688175,高凌信息,28.99,28.9,31.31,28.53,30.94,12653722,384460184.0
2026-10-08,sh,688176,亚虹医药,14.6,14.87,15.05,12.83,12.94,40677337,539272391.0
2026-10-08,sh,688177,百奥泰,21.03,20.68,21.6,19.1,19.23,5485175,108433010.0
2026-10-08,sh,688178,万德斯,28.85,29.28,29.57,27.93,28.35,1151799,33052103.0
2026-10-08,sh,688179,阿拉丁,22.56,22.49,22.73,19.6,20.13,29982831,619455867.0
2026-10-08,sh,688180,君实生物,35.66,35.7,35.7,33.21,33.42,19635006,671246790.0
2026-10-08,sh,688181,八亿时空,42.3,42.0,43.3,38.94,39.7,8442294,341791969.0
2026-10-08,sh,688182,灿勤科技,26.07,26.0,27.07,25.34,25.6,6185166,161411593.0
2026-10-08,sh,688183,生益电子,108.0,108.04,111.69,103.7,105.22,13048962,1405796311.0
2026-10-08,sh,688184,ST帕瓦,10.67,10.67,10.97,10.67,10.9,734164,7964657.0
2026-10-08,sh,688185,康希诺,102.64,106.0,108.0,98.24,99.56,19885782,2031327965.0
2026-10-08,sh,688186,广大特材,14.11,14.38,14.62,14.08,14.16,3717749,53174785.0
2026-10-08,sh,688187,时代电气,44.6,44.72,45.13,43.9,44.17,2211033,98346116.0
2026-10-08,sh,688188,柏楚电子,97.97,97.69,98.92,94.25,94.6,2051543,197481601.0
2026-10-08,sh,688189,ST南新,6.44,6.5,6.52,6.36,6.38,2406452,15469383.0
2026-10-08,sh,688190,云路股份,65.78,65.64,67.0,64.5,65.16,537634,35245513.0
2026-10-08,sh,688191,智洋创新,19.45,19.45,19.73,18.07,18.42,5267351,98957062.0
2026-10-08,sh,688192,迪哲医药,58.01,58.59,60.21,56.5,58.3,8117035,474425508.0
2026-10-08,sh,688193,仁度生物,52.19,52.11,54.13,51.52,51.92,717464,37744821.0
2026-10-08,sh,688195,腾景科技,180.9,183.59,183.59,156.0,158.7,10949987,1807692169.0
2026-10-08,sh,688196,卓越新能,30.1,30.35,36.12,30.11,36.12,6399443,217545128.0
2026-10-08,sh,688197,首药控股,37.7,37.48,38.49,34.04,34.75,3177315,112620530.0
2026-10-08,sh,688198,佰仁医疗,68.58,68.76,68.97,66.68,67.6,551700,37282656.0
2026-10-08,sh,688199,久日新材,25.1,25.0,25.7,24.93,25.41,5885817,148568831.0
2026-10-08,sh,688200,华峰测控,374.0,379.61,387.69,364.37,367.09,3947433,1480018648.0
2026-10-08,sh,688201,ST信安,7.69,7.67,7.73,7.54,7.55,1669841,12717091.0
2026-10-08,sh,688202,美迪西,107.64,107.0,114.93,103.68,105.83,8944548,978710824.0
2026-10-08,sh,688203,海正生材,18.95,19.0,19.52,18.19,18.45,17601272,330759947.0
2026-10-08,sh,688205,德科立,209.0,208.0,209.0,181.88,183.53,11296095,2151827193.0
2026-10-08,sh,688206,概伦电子,34.34,34.82,35.11,32.73,33.07,3791119,128073006.0
2026-10-08,sh,688207,格灵深瞳,19.47,19.4,19.44,17.81,18.08,9741850,179207726.0
2026-10-08,sh,688208,道通科技,24.85,24.84,25.05,23.8,23.85,5634171,137194398.0
2026-10-08,sh,688209,英集芯,31.79,32.11,32.2,28.71,29.06,14779887,444362582.0
2026-10-08,sh,688210,统联精密,27.19,27.09,27.26,25.14,25.41,2844850,73588468.0
2026-10-08,sh,688211,中科微至,31.85,31.85,32.38,30.88,31.0,717761,22573088.0
2026-10-08,sh,688212,澳华内镜,28.12,28.3,28.37,26.77,26.89,3264823,89737789.0
2026-10-08,sh,688213,思特威,97.88,97.79,99.96,94.31,95.16,5704892,551752493.0
2026-10-08,sh,688215,瑞晟智能,43.28,43.08,43.93,40.85,41.14,906763,38089832.0
2026-10-08,sh,688216,气派科技,37.88,37.38,38.89,35.48,35.95,5098622,188127561.0
2026-10-08,sh,688217,睿昂基因,25.65,26.1,27.0,25.14,25.24,1399481,36061201.0
2026-10-08,sh,688218,江苏北人,41.0,41.4,42.9,39.13,41.0,7122729,292382796.0
2026-10-08,sh,688219,会通股份,10.19,10.19,10.37,10.12,10.15,3261839,33380473.0
2026-10-08,sh,688220,翱捷科技,90.22,90.0,90.89,83.62,84.71,8118136,704153427.0
2026-10-08,sh,688221,前沿生物,16.87,16.8,17.09,15.72,15.85,14069580,227295445.0
2026-10-08,sh,688222,成都先导,44.69,43.83,44.02,41.72,41.92,24404907,1042369350.0
2026-10-08,sh,688223,晶科能源,3.83,3.82,3.86,3.76,3.79,67574686,257191659.0
2026-10-08,sh,688225,亚信安全,15.7,15.53,15.6,14.76,14.9,7661660,115783761.0
2026-10-08,sh,688226,威腾电气,30.49,30.38,30.78,28.91,29.17,6851228,202991276.0
2026-10-08,sh,688227,品高股份,70.31,70.0,71.23,66.67,67.38,2109643,145037379.0
2026-10-08,sh,688228,开普云,89.6,89.97,90.0,85.18,85.9,1870701,162832839.0
2026-10-08,sh,688229,博睿数据,58.45,58.45,59.89,57.06,57.24,484105,28144308.0
2026-10-08,sh,688230,芯导科技,58.0,58.8,58.8,54.48,54.99,1107820,62730795.0
2026-10-08,sh,688231,隆达股份,31.31,31.49,31.64,29.9,30.24,3468742,106129857.0
2026-10-08,sh,688232,新点软件,17.66,17.76,17.76,17.37,17.58,1901987,33319285.0
2026-10-08,sh,688233,神工股份,87.92,88.18,89.3,81.33,83.33,5778596,488666719.0
2026-10-08,sh,688234,天岳先进,104.39,110.0,113.29,101.88,102.5,10133229,1081170439.0
2026-10-08,sh,688235,百济神州,264.41,263.63,263.63,249.65,250.56,3527619,895473095.0
2026-10-08,sh,688236,春立医疗,14.23,14.4,14.41,13.95,14.05,1980046,28108798.0
2026-10-08,sh,688237,超卓航科,58.93,58.99,59.88,58.05,58.88,1049271,61995577.0
2026-10-08,sh,688238,和元生物,8.85,9.0,9.1,8.18,8.26,51608162,434594185.0
2026-10-08,sh,688239,航宇科技,51.85,52.4,53.7,50.9,51.53,5064222,264340460.0
2026-10-08,sh,688244,永信至诚,22.54,21.23,21.44,19.84,20.65,16178556,332806789.0
2026-10-08,sh,688246,嘉和美康,17.69,17.95,19.38,17.67,18.29,6097770,113257899.0
2026-10-08,sh,688247,宣泰医药,10.09,10.1,10.17,9.53,9.62,8332987,80982636.0
2026-10-08,sh,688248,南网科技,49.76,49.56,50.78,47.8,48.13,2792529,136521396.0
2026-10-08,sh,688249,晶合集成,32.81,32.69,33.09,29.71,30.01,35639862,1103306073.0
2026-10-08,sh,688251,井松智能,18.45,18.41,18.7,17.62,18.0,2613196,46963854.0
2026-10-08,sh,688252,天德钰,20.4,20.51,20.7,19.26,19.56,4430705,87883008.0
2026-10-08,sh,688253,英诺特,54.32,54.4,55.67,51.8,52.35,1026327,54665377.0
2026-10-08,sh,688255,凯尔达,25.98,26.03,26.15,24.75,24.93,2149244,54384080.0
2026-10-08,sh,688256,寒武纪,1009.01,1000.0,1028.33,973.0,981.0,9195331,9185387638.0
2026-10-08,sh,688257,新锐股份,53.58,53.5,53.95,49.91,50.5,10157615,525317067.0
2026-10-08,sh,688258,卓易信息,83.0,82.75,83.0,77.77,78.82,2859955,228518232.0
2026-10-08,sh,688259,创耀科技,31.99,32.3,32.6,30.71,30.9,1397239,43701061.0
2026-10-08,sh,688260,昀冢科技,97.12,100.0,102.88,95.63,96.51,5280025,524020542.0
2026-10-08,sh,688261,东微半导,72.72,72.55,73.06,67.95,68.38,3248174,227150029.0
2026-10-08,sh,688262,国芯科技,27.05,27.17,27.41,25.1,25.37,8690564,226086032.0
2026-10-08,sh,688265,南模生物,64.98,64.3,65.56,56.79,61.11,6845044,414601337.0
2026-10-08,sh,688266,泽璟制药,110.0,110.05,110.9,100.01,103.29,5282260,545810988.0
2026-10-08,sh,688267,中触媒,21.7,21.4,21.82,20.89,21.0,2278834,48147453.0
2026-10-08,sh,688268,华特气体,120.85,122.38,122.5,115.15,116.7,2642289,312557875.0
2026-10-08,sh,688269,凯立新材,26.48,26.1,26.43,25.0,25.12,2448235,62398678.0
2026-10-08,sh,688270,ST臻镭,53.2,53.5,55.27,52.0,52.92,4232724,229309461.0
2026-10-08,sh,688271,联影医疗,107.37,107.2,107.69,106.13,106.42,4169623,445499144.0
2026-10-08,sh,688272,富吉瑞,28.33,28.28,29.37,27.55,27.85,1328922,37714335.0
2026-10-08,sh,688273,麦澜德,29.5,29.52,30.0,28.13,28.29,820546,23748332.0
2026-10-08,sh,688275,万润新能,68.33,68.2,72.21,67.23,69.98,5067973,357457053.0
2026-10-08,sh,688276,百克生物,17.95,18.16,18.31,17.28,17.33,3986253,70078814.0
2026-10-08,sh,688277,天智航,15.64,15.71,15.78,14.77,14.86,4993451,75773220.0
2026-10-08,sh,688278,特宝生物,52.89,53.57,53.57,50.65,50.8,2685486,138812187.0
2026-10-08,sh,688279,峰岹科技,199.31,196.19,209.88,188.33,189.67,2648728,523231383.0
2026-10-08,sh,688280,精进电动,4.93,4.92,5.01,4.77,4.83,9909830,48135771.0
2026-10-08,sh,688281,华秦科技,48.47,48.32,50.24,47.88,48.2,2314806,113670670.0
2026-10-08,sh,688282,理工导航,50.38,50.5,51.62,48.85,49.67,580994,29048771.0
2026-10-08,sh,688283,坤恒顺维,28.84,28.99,29.25,26.83,26.95,2587917,71461947.0
2026-10-08,sh,688285,高铁电气,7.6,7.59,7.72,7.52,7.6,1723797,13129080.0
2026-10-08,sh,688286,敏芯股份,51.37,51.5,52.76,47.32,47.86,4675674,231406004.0
2026-10-08,sh,688288,鸿泉技术,19.48,19.61,20.38,19.36,19.5,2090815,41437773.0
2026-10-08,sh,688289,圣湘生物,16.72,17.44,17.44,16.38,16.49,6565999,110213722.0
2026-10-08,sh,688290,景业智能,56.48,56.9,57.18,54.06,54.28,677232,37444428.0
2026-10-08,sh,688291,金橙子,39.36,39.35,39.7,36.81,37.12,1456697,55403990.0
2026-10-08,sh,688292,浩瀚深度,22.05,21.8,22.0,20.5,20.71,5659171,118732210.0
2026-10-08,sh,688293,奥浦迈,79.61,77.08,77.88,71.5,72.56,6254762,460308843.0
2026-10-08,sh,688295,中复神鹰,35.6,35.99,36.09,34.53,34.76,3656777,128598317.0
2026-10-08,sh,688296,和达科技,25.6,26.0,26.0,24.2,24.6,4429381,109898850.0
2026-10-08,sh,688297,中无人机,41.79,41.78,43.16,41.35,41.57,6608761,278913830.0
2026-10-08,sh,688298,东方生物,19.37,19.89,20.3,18.96,19.12,3247279,63514126.0
2026-10-08,sh,688299,长阳科技,13.15,13.2,13.34,12.72,12.8,4684531,60825791.0
2026-10-08,sh,688300,联瑞新材,144.3,144.5,151.5,137.0,139.36,8389649,1201991032.0
2026-10-08,sh,688301,奕瑞科技,83.2,83.21,83.95,79.59,80.41,4798609,388737880.0
2026-10-08,sh,688302,海创药业,33.34,33.5,33.85,31.22,31.57,1714478,54969096.0
2026-10-08,sh,688303,大全能源,15.99,15.8,16.13,15.67,15.73,8916709,141731554.0
2026-10-08,sh,688305,科德数控,54.4,54.4,54.81,52.66,53.0,1366790,73200914.0
2026-10-08,sh,688306,均普智能,9.88,9.81,9.89,9.45,9.52,11264726,108335790.0
2026-10-08,sh,688307,中润光学,43.93,43.56,44.48,40.9,41.48,3359121,142542158.0
2026-10-08,sh,688308,欧科亿,77.11,77.5,78.73,74.33,74.53,4159086,317883092.0
2026-10-08,sh,688309,恒誉科技,74.0,74.33,75.36,71.7,72.88,967085,70947783.0
2026-10-08,sh,688310,迈得医疗,15.22,15.47,15.59,14.65,14.72,1840787,27551294.0
2026-10-08,sh,688311,盟升电子,23.83,23.95,24.45,23.18,23.41,2739595,65312503.0
2026-10-08,sh,688312,燕麦科技,47.07,47.07,47.15,42.08,42.8,6619772,293441520.0
2026-10-08,sh,688313,仕佳光子,154.48,137.95,142.48,126.3,127.6,36616990,4864029550.0
2026-10-08,sh,688314,康拓医疗,30.2,30.3,30.63,28.79,29.02,1881754,55393808.0
2026-10-08,sh,688315,诺禾致源,19.77,20.14,20.47,18.59,18.93,27194790,519844242.0
2026-10-08,sh,688316,青云科技,44.4,44.92,49.17,44.75,45.44,4290550,203937871.0
2026-10-08,sh,688317,之江生物,19.5,20.66,21.0,18.61,18.65,10005664,196726470.0
2026-10-08,sh,688318,财富趋势,74.56,74.01,75.57,69.01,69.66,5589745,399907498.0
2026-10-08,sh,688319,欧林生物,31.18,31.37,31.6,29.43,29.87,5599810,169264777.0
2026-10-08,sh,688320,禾川科技,35.13,34.95,35.3,32.7,33.0,3492257,117541106.0
2026-10-08,sh,688321,微芯生物,25.22,25.3,25.62,23.9,24.06,10864125,267595347.0
2026-10-08,sh,688322,奥比中光,84.4,84.29,84.4,79.52,80.03,5410799,441807085.0
2026-10-08,sh,688323,瑞华泰,23.47,23.29,24.77,22.68,22.98,10466140,247187698.0
2026-10-08,sh,688325,赛微微电,107.5,106.89,107.67,102.01,105.0,796099,83178878.0
2026-10-08,sh,688326,经纬恒润,56.5,56.56,57.15,54.71,54.88,1122007,62548529.0
2026-10-08,sh,688327,云从科技,9.7,9.72,9.79,9.37,9.45,12791651,122145339.0
2026-10-08,sh,688328,深科达,71.51,72.85,83.17,72.85,74.91,8692096,675872274.0
2026-10-08,sh,688329,艾隆科技,23.95,24.43,24.79,23.0,23.41,1885569,44712683.0
2026-10-08,sh,688330,宏力达,36.7,36.56,36.89,35.31,35.5,1328545,47714162.0
2026-10-08,sh,688331,荣昌生物,117.34,115.5,116.25,110.2,111.21,7202752,811572203.0
2026-10-08,sh,688332,中科蓝讯,85.6,85.17,86.6,79.03,79.88,4608626,376252853.0
2026-10-08,sh,688333,铂力特,97.9,98.2,100.37,92.7,93.47,8464302,812205510.0
2026-10-08,sh,688334,西高院,17.98,17.96,18.28,17.93,18.14,1468386,26651505.0
2026-10-08,sh,688335,复洁科技,17.46,17.42,18.21,17.31,17.53,2605994,46262577.0
2026-10-08,sh,688336,三生国健,41.43,41.01,41.4,37.77,37.9,8886778,346095511.0
2026-10-08,sh,688337,普源精电,47.8,47.2,47.9,43.43,44.0,9618115,434160595.0
2026-10-08,sh,688338,赛科希德,31.75,31.7,32.27,30.38,30.45,1511068,46802783.0
2026-10-08,sh,688339,亿华通,20.42,20.42,20.91,19.95,20.35,8491548,173644116.0
2026-10-08,sh,688343,云天励飞,60.0,60.33,60.43,55.45,56.0,7538107,433711546.0
2026-10-08,sh,688345,博力威,46.94,47.21,48.59,45.6,46.24,1179563,55523838.0
2026-10-08,sh,688347,华虹宏力,207.92,209.16,212.54,194.57,197.21,15067117,3050790262.0
2026-10-08,sh,688348,昱能科技,30.47,30.44,31.08,30.01,30.1,1353791,41422451.0
2026-10-08,sh,688349,三一重能,13.24,13.24,13.49,13.16,13.3,8181168,108936065.0
2026-10-08,sh,688350,富淼科技,29.0,28.94,29.62,28.1,28.22,1320766,37791250.0
2026-10-08,sh,688351,微电生理,17.06,17.35,17.35,16.52,16.74,3028904,50703001.0
2026-10-08,sh,688352,颀中科技,17.18,17.27,17.56,15.64,15.8,21743368,355224067.0
2026-10-08,sh,688353,华盛锂电,80.57,80.55,87.88,80.55,86.21,6570994,561459558.0
2026-10-08,sh,688355,明志科技,16.7,16.69,17.01,16.54,16.82,1439006,24155072.0
2026-10-08,sh,688356,键凯科技,106.41,106.43,115.0,103.43,108.81,8469574,932891497.0
2026-10-08,sh,688357,建龙微纳,26.31,26.48,26.9,26.06,26.38,942884,24997480.0
2026-10-08,sh,688358,祥生医疗,28.95,28.99,29.13,27.5,27.79,1638129,46049829.0
2026-10-08,sh,688359,三孚新科,105.0,105.0,108.22,98.51,99.99,3948533,406322476.0
2026-10-08,sh,688360,德马科技,15.77,15.85,16.87,15.7,16.09,5759154,93914062.0
2026-10-08,sh,688361,中科飞测,349.09,349.09,352.0,325.14,331.48,6474003,2179133755.0
2026-10-08,sh,688362,甬矽电子,54.09,54.1,54.68,50.18,50.92,15118388,785403640.0
2026-10-08,sh,688363,华熙生物,34.81,34.81,35.13,34.14,34.5,2714322,93822420.0
2026-10-08,sh,688365,光云科技,15.46,15.29,15.55,14.32,14.46,15320885,226959319.0
2026-10-08,sh,688366,昊海生科,30.38,30.46,30.74,29.72,29.78,344084,10369092.0
2026-10-08,sh,688367,工大高科,29.17,29.3,30.31,28.81,30.08,1426881,42158677.0
2026-10-08,sh,688368,晶丰明源,120.73,120.72,122.8,109.62,111.98,3367911,385536512.0
2026-10-08,sh,688369,致远互联,19.49,19.42,19.55,18.53,18.76,2837218,53686096.0
2026-10-08,sh,688370,丛麟科技,28.65,28.49,29.9,28.48,28.81,1804289,52678114.0
2026-10-08,sh,688371,菲沃泰,21.81,22.14,22.64,21.0,21.42,7190505,156438819.0
2026-10-08,sh,688372,伟测科技,99.85,101.19,103.5,94.78,96.38,7515640,742977670.0
2026-10-08,sh,688373,盟科药业,5.78,5.84,5.84,5.48,5.56,13487799,75871254.0
2026-10-08,sh,688375,国博电子,64.02,64.0,71.17,63.8,69.2,7887993,538746038.0
2026-10-08,sh,688376,美埃科技,55.97,56.0,56.99,52.85,53.58,2145127,116312815.0
2026-10-08,sh,688377,迪威尔,16.74,16.74,17.22,16.32,16.68,2915430,48883366.0
2026-10-08,sh,688378,奥来德,45.1,45.3,46.77,43.66,44.08,7990937,359746493.0
2026-10-08,sh,688379,华光新材,52.4,52.7,54.15,49.9,50.26,3282548,169000187.0
2026-10-08,sh,688380,中微半导,39.33,39.5,39.7,36.85,37.29,6221599,236895436.0
2026-10-08,sh,688381,帝奥微,41.4,41.14,41.76,36.85,37.12,12122035,467375739.0
2026-10-08,sh,688382,益方生物,19.07,19.0,19.35,17.07,17.33,20109439,358506437.0
2026-10-08,sh,688383,新益昌,125.8,125.8,128.8,118.0,119.22,1787322,218226165.0
2026-10-08,sh,688385,复旦微电,56.18,56.26,56.5,53.9,54.32,11353998,625868793.0
2026-10-08,sh,688386,泛亚微透,45.31,45.12,46.5,43.56,44.09,1928333,86276247.0
2026-10-08,sh,688387,信科移动,11.46,11.42,12.46,11.42,12.23,54502212,664622785.0
2026-10-08,sh,688388,嘉元科技,27.05,27.12,27.85,26.1,26.45,26250969,709139465.0
2026-10-08,sh,688389,普门科技,11.38,11.5,11.57,11.11,11.37,2409332,27176410.0
2026-10-08,sh,688390,固德威,55.36,55.36,55.63,53.8,54.75,6389571,349122563.0
2026-10-08,sh,688391,钜泉科技,26.16,26.16,26.48,25.07,25.21,1151627,29617620.0
2026-10-08,sh,688392,骄成超声,156.44,157.64,159.51,147.23,150.4,3195094,488398501.0
2026-10-08,sh,688393,安必平,22.45,22.64,23.07,21.6,21.97,2237556,49741677.0
2026-10-08,sh,688395,正弦电气,26.2,26.18,26.72,25.5,25.75,1417320,36795805.0
2026-10-08,sh,688396,华润微,55.1,55.18,55.78,51.32,52.02,16827830,892430364.0
2026-10-08,sh,688398,赛特新材,22.13,22.28,22.32,20.92,21.29,2297726,49531993.0
2026-10-08,sh,688399,硕世生物,27.54,30.0,30.8,26.78,27.22,4707142,133561817.0
2026-10-08,sh,688400,凌云光,41.57,41.61,42.49,39.55,39.98,7348074,300286711.0
2026-10-08,sh,688401,路维光电,64.0,63.88,64.6,59.8,60.03,4125860,254186506.0
2026-10-08,sh,688403,汇成股份,21.1,21.13,21.3,19.31,19.58,43502867,871883346.0
2026-10-08,sh,688408,中信博,22.98,22.99,23.21,22.38,22.58,2220826,50634103.0
2026-10-08,sh,688409,富创精密,170.1,169.84,173.1,156.67,158.97,5971942,970210142.0
2026-10-08,sh,688410,山外山,9.38,9.51,9.57,8.92,8.98,12761603,116920701.0
2026-10-08,sh,688411,海博思创,158.86,158.0,164.96,157.28,163.8,3173053,514748557.0
2026-10-08,sh,688416,恒烁股份,72.63,72.62,72.62,66.0,66.97,5168213,356079008.0
2026-10-08,sh,688418,震有科技,28.85,28.68,30.1,27.99,28.17,3320090,96362034.0
2026-10-08,sh,688419,耐科装备,47.48,47.57,49.39,45.4,45.97,2531902,119546098.0
2026-10-08,sh,688420,美腾科技,22.9,23.02,23.31,22.38,22.63,746392,16951994.0
2026-10-08,sh,688425,铁建重工,3.95,3.94,3.98,3.94,3.96,10266482,40646521.0
2026-10-08,sh,688426,康为世纪,22.58,23.06,23.31,21.02,21.36,3536752,77361541.0
2026-10-08,sh,688428,诺诚健华,29.11,28.0,28.42,26.53,27.03,23750061,649151535.0
2026-10-08,sh,688429,时创能源,9.93,10.0,10.12,9.61,9.66,1387253,13591831.0
2026-10-08,sh,688432,有研硅,47.09,47.35,48.0,44.62,44.93,35463478,1636528960.0
2026-10-08,sh,688433,华曙高科,78.78,80.0,81.43,74.32,75.45,3951349,305716561.0
2026-10-08,sh,688435,英方软件,29.74,29.93,30.12,28.61,28.86,1863318,54458359.0
2026-10-08,sh,688439,振华风光,36.7,36.73,37.06,35.57,35.79,1952200,70784354.0
2026-10-08,sh,688443,智翔金泰,25.3,25.44,25.63,24.66,25.55,6075469,152379202.0
2026-10-08,sh,688448,磁谷科技,67.29,67.4,68.59,63.36,65.99,2638344,173654758.0
2026-10-08,sh,688449,联芸科技,55.8,55.44,55.97,51.95,52.55,6382666,342133576.0
2026-10-08,sh,688450,光格科技,31.34,31.5,32.12,29.9,30.39,1287280,39819541.0
2026-10-08,sh,688455,科捷智能,17.37,17.47,17.69,17.05,17.33,2030828,35380328.0
2026-10-08,sh,688456,有研粉材,67.18,67.99,68.59,63.75,64.59,4027422,265762263.0
2026-10-08,sh,688458,美芯晟,36.81,36.36,37.14,33.91,34.49,1923951,67594118.0
2026-10-08,sh,688459,哈铁科技,8.23,8.22,8.3,8.15,8.2,685795,5640951.0
2026-10-08,sh,688466,金科环境,14.0,14.04,14.38,14.04,14.19,1404638,19955188.0
2026-10-08,sh,688468,科美诊断,6.69,6.78,6.98,6.57,6.6,4265473,28527259.0
2026-10-08,sh,688469,芯联集成,8.86,8.9,8.93,8.29,8.36,155437778,1327021487.0
2026-10-08,sh,688472,阿特斯,8.42,8.39,8.46,8.27,8.33,22152937,185141108.0
2026-10-08,sh,688475,萤石网络,27.1,27.25,27.25,26.52,26.68,3590254,96574599.0
2026-10-08,sh,688478,晶升股份,46.05,48.0,49.95,45.63,46.27,7775823,372354489.0
2026-10-08,sh,688479,友车科技,34.11,33.9,34.37,31.3,32.07,1980614,64985350.0
2026-10-08,sh,688480,赛恩斯,65.5,65.36,65.5,62.16,62.85,772975,49114929.0
2026-10-08,sh,688484,南芯科技,32.03,31.98,32.19,30.05,30.7,9235652,284608150.0
2026-10-08,sh,688485,九州一轨,101.44,103.66,108.7,103.27,104.0,6773949,715662642.0
2026-10-08,sh,688486,龙迅股份,47.03,47.2,47.6,44.86,45.5,4731006,216610011.0
2026-10-08,sh,688488,艾迪药业,16.63,16.85,16.87,15.23,15.38,9602189,150916077.0
2026-10-08,sh,688489,三未信安,27.4,27.0,27.5,26.03,26.39,2008145,53611135.0
2026-10-08,sh,688496,*ST清越,0.58,0.0,0.0,0.0,0.58,0,0.0
2026-10-08,sh,688498,源杰科技,1613.0,1361.0,1412.92,1290.4,1290.4,5510884,7298435240.0
2026-10-08,sh,688499,利元亨,42.19,41.05,47.76,40.61,44.99,16860677,748988274.0
2026-10-08,sh,688500,慧辰股份,30.27,30.17,32.9,29.71,29.87,2452099,76091188.0
2026-10-08,sh,688501,青达环保,14.9,14.99,15.57,14.85,15.08,3729098,56862219.0
2026-10-08,sh,688502,茂莱光学,404.0,401.0,402.87,370.51,373.1,1021249,394435099.0
2026-10-08,sh,688503,聚和材料,69.56,69.56,70.14,64.87,65.6,8332233,558890956.0
2026-10-08,sh,688505,复旦张江,8.55,8.59,8.67,8.19,8.26,12762351,106311541.0
2026-10-08,sh,688506,百利天恒,242.0,242.15,243.99,225.2,227.1,2020584,465118113.0
2026-10-08,sh,688507,索辰科技,133.15,130.9,132.0,124.11,125.45,2603349,333014575.0
2026-10-08,sh,688508,芯朋微,76.59,77.0,77.0,71.8,72.85,4324810,319252183.0
2026-10-08,sh,688509,正元地信,4.17,4.17,4.23,4.13,4.15,4187825,17502460.0
2026-10-08,sh,688510,航亚科技,23.5,23.51,23.82,22.35,22.5,4045725,93154245.0
2026-10-08,sh,688511,天微电子,21.73,18.58,20.92,18.58,20.6,5381182,108737847.0
2026-10-08,sh,688512,慧智微,16.28,16.53,17.79,16.0,16.35,35728994,604456889.0
2026-10-08,sh,688513,苑东生物,51.16,51.45,51.45,46.81,47.5,2375938,115379847.0
2026-10-08,sh,688515,裕太微,137.58,136.32,137.57,125.62,126.99,2298065,300913531.0
2026-10-08,sh,688516,奥特维,41.93,42.33,42.89,40.06,40.31,6097733,250970543.0
2026-10-08,sh,688517,金冠电气,18.7,18.71,18.89,17.68,18.23,6868554,124544321.0
2026-10-08,sh,688518,联赢激光,20.1,20.03,20.18,19.28,19.41,10464324,206744717.0
2026-10-08,sh,688519,南亚新材,272.65,280.83,299.82,272.05,276.86,7715458,2199387443.0
2026-10-08,sh,688520,神州细胞,37.05,37.0,37.41,34.56,34.7,4537773,161239098.0
2026-10-08,sh,688521,芯原股份,171.68,168.0,169.9,152.07,153.39,27286222,4391129509.0
2026-10-08,sh,688522,纳睿雷达,17.82,18.51,19.08,17.61,17.81,7772175,143006263.0
2026-10-08,sh,688523,航天环宇,37.42,37.44,39.1,37.29,37.75,2978480,113766450.0
2026-10-08,sh,688525,佰维存储,192.35,190.98,193.01,182.1,183.18,16488424,3077556611.0
2026-10-08,sh,688526,科前生物,12.34,12.38,12.6,12.26,12.29,1214830,15073069.0
2026-10-08,sh,688528,秦川物联,10.29,10.32,10.56,10.17,10.31,1587732,16461423.0
2026-10-08,sh,688529,豪森智能,14.79,14.83,15.19,14.64,14.78,1877076,28016901.0
2026-10-08,sh,688530,欧莱新材,54.76,54.5,55.9,50.35,50.66,6496588,339573005.0
2026-10-08,sh,688531,日联科技,124.56,125.72,129.0,118.0,119.33,4236921,519947455.0
2026-10-08,sh,688533,上声电子,19.91,20.06,20.22,19.38,19.63,710903,14020984.0
2026-10-08,sh,688535,华海诚科,97.38,97.41,99.29,89.88,91.36,5424005,510881755.0
2026-10-08,sh,688536,思瑞浦,327.0,326.0,326.0,276.12,280.0,5522702,1629368192.0
2026-10-08,sh,688538,和辉光电,2.07,2.07,2.1,2.04,2.06,58962290,122299777.0
2026-10-08,sh,688539,高华科技,23.41,23.43,24.01,22.68,22.93,1392105,32549751.0
2026-10-08,sh,688543,国科军工,42.19,42.19,42.66,40.44,40.93,5925918,245440133.0
2026-10-08,sh,688545,兴福电子,68.7,68.7,69.56,65.32,66.27,5307176,357960111.0
2026-10-08,sh,688548,广钢气体,30.72,30.73,30.93,28.9,29.17,21487538,637435411.0
2026-10-08,sh,688549,中巨芯,20.91,21.3,21.3,19.9,20.08,26014690,531775151.0
2026-10-08,sh,688550,瑞联新材,35.72,35.73,36.37,34.93,35.3,2635855,94080587.0
2026-10-08,sh,688551,科威尔,36.88,36.88,39.48,35.2,35.7,3966429,147742861.0
2026-10-08,sh,688552,航天南湖,28.98,28.99,29.6,28.02,28.51,1813234,52037805.0
2026-10-08,sh,688553,汇宇制药,12.85,12.97,13.03,11.4,11.55,28505266,338927152.0
2026-10-08,sh,688556,高测股份,7.47,7.45,7.57,7.08,7.1,16922682,123391093.0
2026-10-08,sh,688557,兰剑智能,20.86,20.97,21.09,20.2,20.33,1448904,29777719.0
2026-10-08,sh,688558,国盛智科,32.8,32.91,33.33,31.22,31.84,1121918,35998135.0
2026-10-08,sh,688559,海目星,48.8,48.5,49.27,46.9,47.45,9986818,479106669.0
2026-10-08,sh,688560,明冠新材,12.78,12.85,12.99,12.7,12.86,2741276,35325089.0
2026-10-08,sh,688561,奇安信,29.9,29.61,29.68,27.83,27.93,11919435,341196216.0
2026-10-08,sh,688562,航天软件,14.26,14.27,14.59,13.99,14.05,2577737,36728331.0
2026-10-08,sh,688563,航材股份,50.09,50.11,50.45,48.28,49.0,2602281,128321424.0
2026-10-08,sh,688565,力源科技,11.58,11.52,11.67,11.26,11.38,1924259,22045268.0
2026-10-08,sh,688566,吉贝尔,27.46,27.51,27.79,26.62,27.26,2776449,75509163.0
2026-10-08,sh,688567,孚能科技,9.2,9.24,9.65,9.19,9.43,16287221,154314404.0
2026-10-08,sh,688568,中科星图,29.19,29.22,30.88,29.19,29.98,11260374,340536121.0
2026-10-08,sh,688569,铁科轨道,18.5,18.47,18.7,18.1,18.26,1268474,23302882.0
2026-10-08,sh,688570,天玛智控,14.65,14.62,14.65,14.14,14.31,924717,13365565.0
2026-10-08,sh,688571,杭华股份,8.11,8.15,8.31,7.99,8.06,4547280,37020811.0
2026-10-08,sh,688573,信宇人,17.08,16.9,19.2,16.9,18.08,9229447,166539531.0
2026-10-08,sh,688575,亚辉龙,10.53,10.64,10.77,10.34,10.51,10783794,113317258.0
2026-10-08,sh,688576,西山科技,39.85,39.75,40.75,39.3,39.49,484982,19358507.0
2026-10-08,sh,688577,浙海德曼,39.23,39.14,39.49,37.7,37.81,734155,28100731.0
2026-10-08,sh,688578,艾力斯,111.58,92.83,94.97,89.26,89.26,6625228,598347316.0
2026-10-08,sh,688579,地纬智能,7.84,7.89,8.01,7.71,7.78,2863704,22459049.0
2026-10-08,sh,688580,伟思医疗,42.25,42.44,42.97,41.16,41.62,878178,36945347.0
2026-10-08,sh,688581,安杰思,56.39,56.14,57.6,54.4,54.68,842727,46756887.0
2026-10-08,sh,688582,芯动联科,35.92,35.92,35.99,34.12,34.47,3469798,121254422.0
2026-10-08,sh,688583,思看科技,77.53,77.29,77.85,74.57,75.1,881824,66803204.0
2026-10-08,sh,688584,上海合晶,26.37,26.5,26.98,24.48,24.73,7402637,188810552.0
2026-10-08,sh,688585,上纬新材,126.81,128.35,129.35,118.63,119.26,2482328,305287089.0
2026-10-08,sh,688586,江航装备,10.9,10.95,11.1,10.63,10.75,3460737,37595524.0
2026-10-08,sh,688588,凌志软件,8.85,8.89,8.98,8.69,8.77,2204440,19453590.0
2026-10-08,sh,688589,力合微,20.13,20.24,20.83,19.65,19.84,3503522,70194585.0
2026-10-08,sh,688590,新致软件,11.84,12.0,12.06,11.46,11.56,5051609,59172312.0
2026-10-08,sh,688591,泰凌微,30.5,30.56,31.33,28.91,29.22,4434062,132962941.0
2026-10-08,sh,688592,司南导航,22.1,22.1,22.72,21.7,21.93,1028323,22922481.0
2026-10-08,sh,688593,新相微,30.89,31.08,31.64,29.11,29.42,11884142,357084649.0
2026-10-08,sh,688595,芯海科技,29.82,29.76,30.34,28.05,28.33,2475765,71756320.0
2026-10-08,sh,688596,正帆科技,57.93,57.39,58.0,53.88,54.45,10935882,607700284.0
2026-10-08,sh,688597,煜邦电力,6.2,6.23,6.32,6.1,6.18,3303830,20504536.0
2026-10-08,sh,688598,金博股份,32.18,32.3,32.96,29.6,29.97,10876994,336537285.0
2026-10-08,sh,688599,天合光能,10.99,10.95,11.09,10.74,10.85,24595998,268768692.0
2026-10-08,sh,688600,皖仪科技,34.91,34.91,34.91,31.5,32.2,4990543,163301718.0
2026-10-08,sh,688601,力芯微,57.46,57.47,59.65,55.15,55.51,3456187,197114955.0
2026-10-08,sh,688602,康鹏科技,6.8,6.84,6.84,6.66,6.71,3210909,21679393.0
2026-10-08,sh,688603,天承科技,111.5,111.1,116.5,102.5,103.19,4586619,497118528.0
2026-10-08,sh,688605,先锋精科,79.91,80.0,81.3,76.3,76.78,2651757,207512470.0
2026-10-08,sh,688606,奥泰生物,49.8,50.29,51.54,49.18,51.1,967340,48873404.0
2026-10-08,sh,688607,康众科技,35.55,36.58,37.27,34.5,35.24,1408467,50645107.0
2026-10-08,sh,688608,恒玄科技,109.61,109.0,112.58,108.3,109.37,6243137,687894017.0
2026-10-08,sh,688609,九联科技,8.82,8.89,8.93,8.51,8.6,17863936,154870916.0
2026-10-08,sh,688610,埃科光电,144.79,148.54,148.54,134.0,135.43,1363535,189049091.0
2026-10-08,sh,688611,杭州柯林,62.73,62.7,63.29,58.55,59.5,1032458,62210491.0
2026-10-08,sh,688612,威迈斯,32.94,32.82,33.1,29.99,30.45,6180741,192410723.0
2026-10-08,sh,688613,奥精医疗,20.1,20.2,20.49,18.91,19.12,5568113,108433550.0
2026-10-08,sh,688615,合合信息,83.21,83.12,83.22,79.0,79.26,3644148,293837272.0
2026-10-08,sh,688616,西力科技,11.11,11.16,11.27,11.0,11.1,1665247,18513837.0
2026-10-08,sh,688617,惠泰医疗,248.25,245.8,250.09,241.6,244.4,1652091,405064500.0
2026-10-08,sh,688618,三旺通信,27.96,27.96,28.64,27.3,27.69,2096985,58340765.0
2026-10-08,sh,688619,罗普特,13.53,13.52,13.94,12.79,13.04,3324593,44008313.0
2026-10-08,sh,688620,安凯微,16.15,16.27,16.47,14.5,14.62,21232388,324101896.0
2026-10-08,sh,688621,阳光诺和,71.0,71.7,72.5,65.81,67.71,3082123,209879448.0
2026-10-08,sh,688622,*ST禾信,119.6,116.99,121.91,112.0,112.1,738531,85795856.0
2026-10-08,sh,688623,双元科技,63.4,64.66,66.93,63.24,64.28,1002993,65192096.0
2026-10-08,sh,688625,呈和科技,66.58,74.46,76.0,65.88,66.57,11710687,824004113.0
2026-10-08,sh,688626,翔宇医疗,41.95,42.5,43.1,40.01,40.33,2718689,112406163.0
2026-10-08,sh,688627,精智达,422.8,422.56,425.0,391.92,401.47,2888876,1184826660.0
2026-10-08,sh,688628,优利德,85.99,85.0,85.88,79.21,80.41,6318203,519396115.0
2026-10-08,sh,688629,华丰科技,101.35,102.0,102.98,96.57,97.45,9526916,948816483.0
2026-10-08,sh,688630,芯碁微装,388.68,390.0,401.97,362.0,366.77,3574047,1348540820.0
2026-10-08,sh,688631,莱斯信息,35.88,36.4,36.95,35.43,35.61,1176758,42330653.0
2026-10-08,sh,688633,星球石墨,21.77,21.86,22.18,21.56,21.78,1532085,33482627.0
2026-10-08,sh,688635,长进光子,251.5,248.99,249.66,227.59,230.36,1356508,319518927.0
2026-10-08,sh,688636,智明达,19.46,19.5,19.78,18.71,18.92,5106282,98240606.0
2026-10-08,sh,688638,誉辰智能,34.71,34.72,35.59,34.33,34.82,492779,17223390.0
2026-10-08,sh,688639,华恒生物,19.11,19.37,19.88,18.66,18.76,11297776,216298634.0
2026-10-08,sh,688646,逸飞激光,71.25,72.74,74.37,70.6,72.0,1494080,108426333.0
2026-10-08,sh,688648,中邮科技,28.54,28.54,28.87,27.28,27.57,1443125,40226392.0
2026-10-08,sh,688651,盛邦安全,24.96,24.8,24.94,23.5,23.66,2190110,52847935.0
2026-10-08,sh,688652,京仪装备,130.68,130.68,136.43,127.51,129.14,3187261,419614728.0
2026-10-08,sh,688653,康希通信,14.28,14.46,14.52,13.29,13.5,12253381,168830849.0
2026-10-08,sh,688655,迅捷兴,71.9,74.77,76.0,66.6,67.81,11911798,829750872.0
2026-10-08,sh,688656,浩欧博,131.72,129.09,134.98,125.52,126.51,926382,120003624.0
2026-10-08,sh,688657,浩辰软件,33.38,33.52,34.37,32.2,32.5,931556,30798814.0
2026-10-08,sh,688658,悦康药业,14.04,14.14,14.25,13.15,13.18,18554755,250804921.0
2026-10-08,sh,688659,元琛科技,9.1,9.11,9.33,8.91,9.04,3299337,30011363.0
2026-10-08,sh,688660,电气风电,9.04,8.95,9.13,8.65,8.9,27729452,246235130.0
2026-10-08,sh,688661,和林微纳,92.52,93.53,99.8,87.0,92.9,7068130,663908425.0
2026-10-08,sh,688662,富信科技,110.5,114.95,127.78,110.46,112.14,16669964,1968149613.0
2026-10-08,sh,688663,新风光,56.98,57.3,58.9,55.15,55.6,3086703,175019894.0
2026-10-08,sh,688665,四方光电,41.08,41.49,42.02,40.45,40.67,650116,26797540.0
2026-10-08,sh,688667,菱电电控,97.99,98.38,98.96,93.45,94.53,681210,65373966.0
2026-10-08,sh,688668,鼎通科技,206.41,209.22,210.0,193.08,196.95,3478615,697222876.0
2026-10-08,sh,688669,聚石化学,60.5,61.7,65.13,59.59,60.54,2793835,174145078.0
2026-10-08,sh,688670,金迪克,18.73,18.9,19.48,17.8,18.22,2602182,47555878.0
2026-10-08,sh,688671,碧兴物联,24.97,25.21,25.9,24.35,24.66,1221734,30691418.0
2026-10-08,sh,688676,XD金盘科,61.31,61.53,63.1,60.54,61.15,6102880,377451206.0
2026-10-08,sh,688677,海泰新光,76.06,75.9,76.38,68.5,69.32,5109301,366575768.0
2026-10-08,sh,688678,福立旺,31.15,31.12,31.5,28.9,29.24,28679938,860029481.0
2026-10-08,sh,688679,通源环境,38.3,38.3,39.52,36.55,36.71,2429400,92062607.0
2026-10-08,sh,688680,海优新材,38.81,38.9,39.42,38.0,38.09,1497927,57895244.0
2026-10-08,sh,688681,科汇股份,15.49,15.67,15.7,15.2,15.36,1537289,23737115.0
2026-10-08,sh,688682,霍莱沃,33.65,33.7,34.19,32.66,33.14,3390757,113387145.0
2026-10-08,sh,688683,莱尔科技,29.39,29.52,30.26,29.01,29.12,1045650,30871160.0
2026-10-08,sh,688685,迈信林,41.11,41.0,41.2,35.0,35.59,9363557,344310475.0
2026-10-08,sh,688686,奥普特,128.4,127.98,129.0,122.73,123.64,992060,124363646.0
2026-10-08,sh,688687,凯因科技,18.91,19.23,19.34,18.12,18.21,3900504,72341556.0
2026-10-08,sh,688689,银河微电,37.79,37.62,39.64,36.4,36.88,4979677,188231354.0
2026-10-08,sh,688690,纳微科技,44.98,45.37,45.77,43.0,44.07,10141843,447551901.0
2026-10-08,sh,688691,灿芯股份,58.32,59.49,59.55,54.08,54.78,3731351,209875739.0
2026-10-08,sh,688692,达梦数据,182.72,182.6,183.21,174.87,175.7,899535,160713500.0
2026-10-08,sh,688693,锴威特,70.2,71.08,71.73,66.25,67.1,990045,67741972.0
2026-10-08,sh,688695,中创股份,19.86,20.0,20.69,19.49,19.79,1438145,28948556.0
2026-10-08,sh,688696,极米科技,84.79,85.23,85.66,78.43,79.17,1959251,159427468.0
2026-10-08,sh,688697,纽威数控,14.35,14.41,14.58,13.89,14.08,5696152,80872694.0
2026-10-08,sh,688698,伟创电气,41.58,41.56,41.73,39.51,39.72,3012616,121661072.0
2026-10-08,sh,688699,明微电子,63.34,63.73,63.99,56.66,57.17,4192844,249966128.0
2026-10-08,sh,688700,东威科技,60.36,60.2,62.66,56.89,58.0,9434069,561555399.0
2026-10-08,sh,688701,卓锦股份,8.68,8.68,8.84,8.33,8.44,2303957,19793169.0
2026-10-08,sh,688702,盛科通信,284.91,289.62,289.63,265.5,268.64,6276450,1724521329.0
2026-10-08,sh,688707,振华新材,10.78,10.85,11.38,10.7,11.12,18280719,204182497.0
2026-10-08,sh,688708,佳驰科技,38.3,38.2,38.77,37.06,37.52,1489805,56186634.0
2026-10-08,sh,688709,成都华微,24.61,24.5,25.08,24.08,24.24,4789717,117661798.0
2026-10-08,sh,688710,益诺思,105.2,102.58,112.0,99.18,107.21,5172217,550239129.0
2026-10-08,sh,688711,宏微科技,25.49,25.64,26.12,23.76,24.1,6886189,170619670.0
2026-10-08,sh,688712,北芯生命,30.92,30.8,31.12,29.8,29.97,1700348,51434503.0
2026-10-08,sh,688716,中研股份,25.52,25.69,25.97,24.45,24.59,1187414,29673540.0
2026-10-08,sh,688717,艾罗能源,41.14,40.8,41.66,40.36,40.73,4832155,197858304.0
2026-10-08,sh,688718,唯赛勃,14.67,14.77,15.05,14.37,14.56,1330058,19565671.0
2026-10-08,sh,688719,爱科赛博,56.0,56.43,58.16,51.98,52.87,3771540,206560037.0
2026-10-08,sh,688720,艾森股份,62.03,61.46,64.3,58.03,58.7,3949619,240533161.0
2026-10-08,sh,688721,龙图光罩,37.91,37.69,38.59,35.85,36.34,2601912,96067097.0
2026-10-08,sh,688722,同益中,14.56,14.56,14.79,14.34,14.41,2575440,37530787.0
2026-10-08,sh,688726,拉普拉斯,44.52,44.5,45.93,43.0,43.35,5007988,222299615.0
2026-10-08,sh,688727,恒坤新材,43.45,43.46,44.12,41.09,41.59,2081855,88057782.0
2026-10-08,sh,688728,格科微,13.95,13.99,14.08,13.01,13.16,30624648,409373126.0
2026-10-08,sh,688729,屹唐股份,21.95,21.96,22.14,20.38,20.7,33670143,713199938.0
2026-10-08,sh,688733,壹石通,27.6,27.8,30.7,27.67,28.73,9771944,288546763.0
2026-10-08,sh,688737,中自科技,16.76,16.88,17.18,16.3,16.51,1787881,29911597.0
2026-10-08,sh,688739,成大生物,21.02,21.21,21.37,20.82,20.89,2304290,48493172.0
2026-10-08,sh,688750,金天钛业,13.79,13.84,14.08,13.65,13.72,1582429,21908929.0
2026-10-08,sh,688755,汉邦科技,30.24,30.24,30.5,28.32,29.32,3976017,115270629.0
2026-10-08,sh,688757,胜科纳米,27.5,27.88,28.17,25.61,26.05,7598256,203100347.0
2026-10-08,sh,688758,赛分科技,30.13,30.3,31.27,28.96,29.77,16159104,486456366.0
2026-10-08,sh,688759,必贝特,21.69,21.69,21.97,20.45,20.73,5935244,124615750.0
2026-10-08,sh,688765,禾元生物,39.84,40.2,40.5,36.23,36.23,5379199,202407895.0
2026-10-08,sh,688766,普冉股份,356.64,352.0,355.48,330.03,333.79,7272851,2487993901.0
2026-10-08,sh,688767,博拓生物,40.2,42.2,44.0,40.04,40.38,6216975,262638132.0
2026-10-08,sh,688768,容知日新,52.3,52.61,52.74,50.5,51.92,1083806,55822273.0
2026-10-08,sh,688772,珠海冠宇,14.34,14.2,14.41,13.83,13.9,16789616,236711319.0
2026-10-08,sh,688775,影石创新,90.18,90.45,92.18,88.68,89.54,3809617,343877602.0
2026-10-08,sh,688776,国光电气,47.4,47.52,49.27,44.38,45.03,2908383,135426117.0
2026-10-08,sh,688777,中控技术,80.05,80.0,80.35,76.5,77.08,9355463,733608977.0
2026-10-08,sh,688778,厦钨新能,43.87,43.64,47.34,43.4,46.28,14934052,684428174.0
2026-10-08,sh,688779,五矿新能,7.45,7.45,7.72,7.41,7.64,26753455,204160740.0
2026-10-08,sh,688781,视涯科技,40.21,40.45,41.39,38.6,39.2,3061200,121563385.0
2026-10-08,sh,688783,西安奕材,26.92,26.98,27.56,24.88,25.01,21288294,552387518.0
2026-10-08,sh,688785,恒运昌,346.48,330.01,356.59,330.01,335.5,543714,186675580.0
2026-10-08,sh,688786,悦安新材,26.12,26.28,26.82,25.16,25.6,3542152,91084156.0
2026-10-08,sh,688787,海天瑞声,85.02,84.9,85.46,79.78,80.45,1619599,132809523.0
2026-10-08,sh,688788,科思科技,27.61,27.76,29.3,27.12,27.37,2920717,82099334.0
2026-10-08,sh,688789,宏华数科,50.0,49.78,49.78,47.25,48.08,1944099,94047309.0
2026-10-08,sh,688790,昂瑞微,97.12,97.22,98.7,93.02,94.5,1215408,116271619.0
2026-10-08,sh,688793,倍轻松,18.32,18.5,18.51,17.46,17.63,2237574,39990236.0
2026-10-08,sh,688795,摩尔线程,393.94,391.66,394.86,368.09,372.0,3358334,1274602736.0
2026-10-08,sh,688796,百奥赛图,126.77,132.0,132.58,121.18,123.0,1960968,243778261.0
2026-10-08,sh,688797,臻宝科技,241.6,241.64,243.0,227.0,228.98,1771419,415089258.0
2026-10-08,sh,688798,艾为电子,53.78,53.89,54.32,51.0,51.31,3458024,180517066.0
2026-10-08,sh,688799,华纳药厂,57.21,57.91,57.91,52.66,53.0,3550339,193501126.0
2026-10-08,sh,688800,瑞可达,56.18,56.0,56.59,52.11,52.78,8108276,437653047.0
2026-10-08,sh,688801,燧原科技,420.4,423.28,439.16,413.05,426.6,2185588,930844027.0
2026-10-08,sh,688802,沐曦股份,497.08,497.78,502.97,460.13,467.58,2982388,1425483862.0
2026-10-08,sh,688805,健信超导,38.83,39.39,39.5,37.85,38.23,954850,36723859.0
2026-10-08,sh,688806,泰诺麦博,30.67,29.39,30.6,27.07,27.15,15937042,451776041.0
2026-10-08,sh,688807,优迅股份,300.21,292.33,293.84,265.0,268.24,1781519,484924748.0
2026-10-08,sh,688808,联讯仪器,1546.63,1505.0,1548.0,1370.1,1420.0,1742845,2512620980.0
2026-10-08,sh,688809,强一股份,488.64,489.32,492.98,465.0,470.0,962184,460309738.0
2026-10-08,sh,688811,有研复材,18.67,18.7,19.2,18.65,18.73,3641599,68801196.0
2026-10-08,sh,688813,泰金新能,128.09,126.33,131.99,121.04,122.87,4645827,587287760.0
2026-10-08,sh,688816,易思维,46.26,46.09,47.27,46.09,46.94,279644,13114815.0
2026-10-08,sh,688818,电科蓝天,39.46,39.45,43.33,39.45,41.8,11914437,498155481.0
2026-10-08,sh,688819,天能股份,20.78,20.81,21.38,20.72,20.98,3094478,65348620.0
2026-10-08,sh,688820,盛合晶微,115.78,116.25,117.0,105.22,105.95,8660096,951382850.0
2026-10-08,sh,688825,长鑫科技,54.79,54.5,54.51,50.2,50.52,365289830,18905234267.0
2026-10-08,sh,688826,频准激光,718.95,704.81,707.99,659.0,661.02,653250,443621274.0
2026-10-08,sh,688828,国仪公司,82.68,82.3,83.39,79.38,80.0,1202090,97222701.0
2026-10-08,sh,688835,高凯技术,340.47,345.0,368.0,338.12,343.07,1963560,688827793.0
2026-10-08,sh,688836,宇树科技,450.4,444.5,446.0,425.6,427.8,2156240,936959002.0
2026-10-08,sh,688837,信诺维,49.4,49.91,51.76,47.88,49.6,14353149,711786569.0
2026-10-08,sh,688981,中芯国际,111.99,112.0,113.13,105.82,107.08,48153938,5234115684.0
2026-10-08,sh,689009,九号公司,37.1,37.0,37.2,36.01,36.56,6981392,255525194.0
2026-10-08,sz,000001,平安银行,11.57,11.57,11.87,11.54,11.78,148168594,1743402510.4
2026-10-08,sz,000002,万 科Ａ,4.26,4.11,4.29,4.03,4.06,735739353,3048906401.02
2026-10-08,sz,000006,深振业Ａ,7.51,7.43,7.82,7.31,7.5,45597938,347539409.17
2026-10-08,sz,000007,全新好,10.96,11.01,11.08,10.55,10.75,6220200,67165640.0
2026-10-08,sz,000008,神州高铁,2.4,2.4,2.43,2.37,2.39,22146200,53184079.0
2026-10-08,sz,000009,中国宝安,6.93,6.87,7.04,6.87,6.94,13044457,90892874.61
2026-10-08,sz,000010,*ST美丽,1.44,1.43,1.46,1.41,1.41,12557600,18040712.0
2026-10-08,sz,000011,深物业A,12.24,12.19,13.46,12.12,12.12,116472464,1513302213.86
2026-10-08,sz,000012,南 玻Ａ,3.69,3.68,3.72,3.66,3.68,12254951,45244152.88
2026-10-08,sz,000014,沙河股份,11.24,11.15,11.86,11.14,11.5,23218433,267080154.12
2026-10-08,sz,000017,深中华A,7.4,7.42,7.66,7.35,7.5,34183000,257291298.0
2026-10-08,sz,000019,深粮控股,7.01,7.08,7.25,7.01,7.07,20271201,144358010.55
2026-10-08,sz,000020,深华发Ａ,14.28,14.29,15.54,14.05,14.67,26374281,390211810.95
2026-10-08,sz,000021,深科技,32.83,33.46,34.36,32.63,33.12,54668039,1833463104.25
2026-10-08,sz,000025,特 力Ａ,15.21,15.12,15.76,15.11,15.42,7704260,119408708.06
2026-10-08,sz,000026,飞亚达,18.86,18.67,19.05,17.75,17.9,5715000,104029238.0
2026-10-08,sz,000027,深圳能源,6.28,6.29,6.42,6.28,6.37,29720617,189232002.88
2026-10-08,sz,000028,国药一致,19.66,19.84,19.89,19.71,19.75,2599671,51516265.89
2026-10-08,sz,000029,深深房Ａ,22.71,22.49,22.88,21.7,21.84,6380857,142284074.88
2026-10-08,sz,000030,富奥股份,3.93,3.93,3.96,3.88,3.91,6770000,26513466.0
2026-10-08,sz,000031,大悦城,2.46,2.44,2.45,2.35,2.39,82799571,198753787.31
2026-10-08,sz,000032,深桑达Ａ,13.09,13.08,13.42,12.81,12.93,28105647,367691976.34
2026-10-08,sz,000034,神州数码,23.21,23.35,23.48,22.05,22.24,24250835,548867056.23
2026-10-08,sz,000035,中国天楹,4.74,4.74,4.99,4.73,4.87,40982059,200183011.11
2026-10-08,sz,000036,华联控股,4.08,4.04,4.14,3.97,4.01,74431513,302261600.57
2026-10-08,sz,000037,深南电A,9.15,9.15,9.3,9.1,9.19,12370799,113862989.75
2026-10-08,sz,000039,中集集团,8.6,8.6,8.89,8.57,8.68,16995750,148398333.0
2026-10-08,sz,000042,中洲控股,8.46,8.38,8.66,8.37,8.54,8702429,74483014.27
2026-10-08,sz,000045,深纺织Ａ,11.13,11.1,11.34,11.03,11.06,5233699,58485167.95
2026-10-08,sz,000048,京基智农,18.0,18.0,18.84,17.74,17.82,11812877,215703406.49
2026-10-08,sz,000049,德赛电池,22.4,22.34,22.8,22.33,22.52,5898401,133180795.31
2026-10-08,sz,000050,深天马Ａ,6.31,6.31,6.54,6.14,6.18,35234882,221430524.3
2026-10-08,sz,000055,方大集团,3.86,3.84,3.91,3.8,3.85,11991468,46217099.97
2026-10-08,sz,000056,*ST皇庭,2.7,2.69,2.85,2.69,2.77,22019900,61262773.0
2026-10-08,sz,000058,深 赛 格,7.28,7.24,7.73,7.17,7.4,23584666,176089355.45
2026-10-08,sz,000059,华锦股份,5.55,5.56,5.78,5.55,5.63,37833270,213467353.9
2026-10-08,sz,000060,中金岭南,5.84,5.82,5.87,5.72,5.76,51934673,301307634.53
2026-10-08,sz,000061,农 产 品,6.03,6.03,6.15,5.96,6.0,17177432,103953743.24
2026-10-08,sz,000062,深圳华强,21.32,21.36,21.6,20.86,21.0,10615611,225111609.57
2026-10-08,sz,000063,中兴通讯,30.58,30.6,30.67,29.16,29.32,81743437,2436154017.81
2026-10-08,sz,000065,北方国际,9.73,9.65,9.81,9.52,9.58,13739219,132686231.26
2026-10-08,sz,000066,中国长城,14.1,14.06,14.33,13.77,13.85,75032573,1049876303.87
2026-10-08,sz,000068,华控赛格,3.41,3.37,3.47,3.37,3.4,37447657,127984377.09
2026-10-08,sz,000069,华侨城Ａ,1.97,1.95,2.0,1.9,1.92,128199452,249555793.88
2026-10-08,sz,000070,特发信息,16.3,16.37,16.65,15.84,15.96,38519379,622025455.67
2026-10-08,sz,000078,ST海王,1.49,1.49,1.51,1.46,1.47,37733700,55935354.0
2026-10-08,sz,000088,盐 田 港,4.66,4.67,4.77,4.66,4.75,39496278,187225287.84
2026-10-08,sz,000089,深圳机场,6.69,6.65,6.77,6.64,6.68,19895595,133256243.72
2026-10-08,sz,000090,天健集团,3.64,3.61,3.65,3.53,3.55,35804735,128855635.34
2026-10-08,sz,000096,广聚能源,7.99,7.97,8.21,7.97,8.2,6490385,52914181.2
2026-10-08,sz,000099,中信海直,12.67,12.67,12.87,12.62,12.68,4402392,56128652.82
2026-10-08,sz,000100,TCL科技,4.79,4.8,4.83,4.59,4.63,443427390,2076297484.11
2026-10-08,sz,000151,中成股份,10.06,10.08,10.28,10.02,10.18,7965800,81059444.0
2026-10-08,sz,000153,丰原药业,6.11,6.21,6.25,6.03,6.07,10636700,65036720.0
2026-10-08,sz,000155,川能动力,10.88,10.88,11.19,10.83,11.16,20381374,226187982.2
2026-10-08,sz,000156,华数传媒,6.98,6.99,7.03,6.91,6.93,7279921,50655040.32
2026-10-08,sz,000157,中联重科,5.97,5.97,6.08,5.92,6.03,44124407,265637940.55
2026-10-08,sz,000158,常山北明,12.17,12.22,13.12,12.15,12.64,40613382,514071619.1
2026-10-08,sz,000159,国际实业,5.45,5.45,5.58,5.4,5.44,8997200,49368813.0
2026-10-08,sz,000166,申万宏源,4.38,4.38,4.4,4.31,4.33,55405111,241068997.42
2026-10-08,sz,000301,东方盛虹,12.89,13.0,13.9,12.91,13.5,39424296,536073109.49
2026-10-08,sz,000333,美的集团,80.1,80.67,81.88,78.3,81.74,38781834,3141585528.0
2026-10-08,sz,000338,潍柴动力,25.1,25.59,26.34,24.68,24.86,110200493,2823172399.51
2026-10-08,sz,000400,许继电气,21.61,21.61,21.9,21.46,21.74,13797829,299058549.86
2026-10-08,sz,000401,金隅冀东,3.66,3.64,3.68,3.62,3.64,9160556,33411069.85
2026-10-08,sz,000402,金 融 街,2.74,2.71,2.74,2.64,2.67,87052497,233818034.99
2026-10-08,sz,000403,派林生物,10.06,10.05,10.14,9.78,9.84,6022185,59912147.97
2026-10-08,sz,000404,长虹华意,6.84,6.81,6.89,6.81,6.85,4687326,32148254.37
2026-10-08,sz,000407,胜利股份,4.25,4.25,4.35,4.25,4.31,17573850,75698938.0
2026-10-08,sz,000408,藏格矿业,70.66,71.89,72.99,71.33,71.79,8141313,587586274.72
2026-10-08,sz,000409,云鼎科技,8.61,8.59,8.67,8.41,8.45,5186300,44027781.0
2026-10-08,sz,000410,沈阳机床,5.11,5.13,5.15,5.01,5.05,13623400,69188186.0
2026-10-08,sz,000411,英特集团,10.02,10.07,10.2,10.01,10.1,4554400,46008729.76
2026-10-08,sz,000415,渤海租赁,4.13,4.11,4.13,3.95,3.98,61427900,247163991.0
2026-10-08,sz,000417,合百集团,5.64,5.63,5.73,5.54,5.58,19022533,107134165.78
2026-10-08,sz,000419,通程控股,5.1,5.1,5.18,5.05,5.09,5474000,27976198.0
2026-10-08,sz,000420,吉林化纤,3.44,3.44,3.5,3.42,3.46,34745440,120074593.2
2026-10-08,sz,000421,南京公用,5.74,5.7,5.86,5.7,5.81,7183600,41767873.0
2026-10-08,sz,000422,湖北宜化,11.52,11.52,11.65,11.21,11.28,12743488,145681024.83
2026-10-08,sz,000423,东阿阿胶,45.95,46.1,46.8,45.63,46.42,5713503,264208532.76
2026-10-08,sz,000425,徐工机械,7.2,7.15,7.26,7.11,7.18,77372505,555610839.26
2026-10-08,sz,000426,兴业银锡,31.5,31.33,31.38,30.43,30.7,28159307,869060411.09
2026-10-08,sz,000428,华天酒店,3.83,3.85,3.86,3.72,3.77,26637416,100529809.36
2026-10-08,sz,000429,粤高速Ａ,12.46,12.45,12.73,12.41,12.72,7845128,99248450.0
2026-10-08,sz,000430,张家界,6.66,6.67,6.67,6.43,6.48,9998948,65260363.0
2026-10-08,sz,000488,ST晨鸣,2.13,2.12,2.12,2.08,2.09,10318300,21654740.0
2026-10-08,sz,000498,山东路桥,5.87,6.07,6.35,6.06,6.12,71263023,440090567.57
2026-10-08,sz,000501,武商集团,7.14,7.14,7.17,7.04,7.08,3729193,26497537.48
2026-10-08,sz,000503,国新健康,7.69,7.69,8.05,7.63,7.89,53319155,420493192.98
2026-10-08,sz,000504,南华生物,12.42,12.47,13.0,11.35,11.45,81000203,982087143.08
2026-10-08,sz,000505,京粮控股,6.28,6.28,6.58,6.28,6.32,29434033,188404135.18
2026-10-08,sz,000506,招金黄金,16.71,16.37,16.78,16.22,16.43,25595951,422034376.83
2026-10-08,sz,000507,珠海港,4.94,4.92,4.98,4.91,4.96,6579923,32626953.68
2026-10-08,sz,000509,华塑控股,3.39,3.42,3.51,3.35,3.4,25718356,88078709.6
2026-10-08,sz,000510,新金路,16.85,16.88,17.19,15.79,15.98,28368095,463880117.78
2026-10-08,sz,000513,丽珠集团,32.9,32.49,32.74,29.61,29.61,34914637,1064992550.34
2026-10-08,sz,000514,渝 开 发,4.6,4.51,4.59,4.45,4.48,24224501,109590377.48
2026-10-08,sz,000516,国际医学,4.37,4.41,4.44,4.35,4.37,18922951,82831828.85
2026-10-08,sz,000517,荣安地产,2.07,2.06,2.09,1.99,2.02,39659200,80309289.0
2026-10-08,sz,000518,四环生物,3.59,3.65,3.74,3.63,3.64,28858309,106209819.03
2026-10-08,sz,000519,中兵红箭,14.3,14.3,14.58,14.0,14.13,30279814,432776750.21
2026-10-08,sz,000520,凤凰航运,4.0,4.01,4.23,4.01,4.05,28465602,117114872.26
2026-10-08,sz,000521,长虹美菱,4.35,4.36,4.36,4.21,4.23,14696324,62927139.04
2026-10-08,sz,000523,红棉股份,3.3,3.43,3.63,3.43,3.5,290921453,1033652243.85
2026-10-08,sz,000524,岭南控股,8.76,8.8,8.91,8.7,8.85,5541400,48918193.96
2026-10-08,sz,000525,红太阳,4.44,4.49,4.63,4.47,4.57,23621306,107620196.14
2026-10-08,sz,000526,学大教育,35.82,36.0,36.4,34.6,35.05,1799337,63831451.67
2026-10-08,sz,000528,柳 工,7.52,7.51,7.58,7.5,7.53,15092699,113783446.62
2026-10-08,sz,000529,广弘控股,5.04,5.04,5.09,4.97,4.99,3374701,16918085.04
2026-10-08,sz,000530,冰山冷热,5.15,5.16,5.31,5.11,5.26,13818007,72535548.54
2026-10-08,sz,000531,穗恒运Ａ,5.55,5.54,5.59,5.51,5.56,5124603,28503566.68
2026-10-08,sz,000532,华金资本,12.26,12.26,12.38,11.9,12.01,13287165,160820985.39
2026-10-08,sz,000533,顺钠股份,9.92,10.01,10.12,9.85,9.93,17843790,177954972.5
2026-10-08,sz,000534,万泽股份,21.63,21.81,22.45,20.94,21.22,10874711,235019729.2
2026-10-08,sz,000536,华映科技,3.34,3.33,3.38,3.25,3.28,35894582,118530685.02
2026-10-08,sz,000537,绿发电力,7.38,7.39,7.46,7.37,7.41,10607209,78652448.69
2026-10-08,sz,000538,云南白药,50.44,50.57,51.0,50.28,50.89,9149972,464291256.33
2026-10-08,sz,000539,粤电力Ａ,5.09,5.09,5.21,5.07,5.2,54284021,280925942.48
2026-10-08,sz,000541,佛山照明,4.89,4.91,4.94,4.88,4.91,4750360,23325781.0
2026-10-08,sz,000543,皖能电力,7.15,7.13,7.4,7.12,7.39,47885306,350792565.45
2026-10-08,sz,000544,中原环保,7.23,7.22,7.28,7.21,7.25,2254827,16344203.92
2026-10-08,sz,000545,金浦钛业,2.21,2.22,2.26,2.18,2.19,29407500,65145240.0
2026-10-08,sz,000546,金圆股份,4.33,4.33,4.41,4.3,4.34,8381000,36480599.0
2026-10-08,sz,000547,航天发展,13.68,13.73,14.83,13.68,13.83,82457549,1165075759.69
2026-10-08,sz,000548,湖南投资,4.64,4.64,4.69,4.59,4.62,4378511,20327253.25
2026-10-08,sz,000550,江铃汽车,16.5,16.49,16.79,16.28,16.4,4630070,76532532.39
2026-10-08,sz,000551,创元科技,11.66,11.7,11.82,11.53,11.63,6207407,72468302.81
2026-10-08,sz,000552,甘肃能化,2.5,2.51,2.56,2.51,2.53,75670692,192167580.24
2026-10-08,sz,000553,安道麦A,5.48,5.47,5.56,5.43,5.47,4537200,24953613.0
2026-10-08,sz,000554,泰山石油,6.19,6.18,6.42,6.18,6.4,19167700,121849765.0
2026-10-08,sz,000555,神州信息,10.07,10.04,10.11,9.78,9.83,11748656,116584398.12
2026-10-08,sz,000557,西部创业,3.64,3.65,3.69,3.61,3.65,7873276,28756033.68
2026-10-08,sz,000558,天府文旅,3.52,3.51,3.52,3.41,3.42,20329952,70277266.36
2026-10-08,sz,000559,万向钱潮,10.87,10.85,10.9,10.35,10.41,41779676,442367629.07
2026-10-08,sz,000560,我爱我家,3.7,3.51,3.89,3.51,3.65,614408082,2282154079.6
2026-10-08,sz,000561,烽火电子,7.54,7.53,7.81,7.53,7.61,10121398,77828917.68
2026-10-08,sz,000563,陕国投Ａ,2.91,2.91,2.94,2.9,2.92,33797242,98738595.06
2026-10-08,sz,000564,供销大集,1.47,1.47,1.49,1.44,1.44,167978429,245166325.3
2026-10-08,sz,000565,渝三峡Ａ,6.34,6.34,6.45,6.27,6.41,8971864,57124354.64
2026-10-08,sz,000566,海南海药,4.62,4.69,4.74,4.51,4.53,66659727,307881693.46
2026-10-08,sz,000567,海德股份,5.88,5.88,5.97,5.78,5.83,16849799,98696227.21
2026-10-08,sz,000568,泸州老窖,72.28,71.75,72.64,71.02,72.61,10445482,750952950.53
2026-10-08,sz,000570,苏常柴Ａ,5.28,5.29,5.35,5.26,5.3,6303900,33436894.0
2026-10-08,sz,000571,新大洲A,6.47,6.5,6.53,6.04,6.15,18779774,117490144.1
2026-10-08,sz,000572,海马汽车,4.03,4.18,4.32,3.97,4.0,149410418,620133263.63
2026-10-08,sz,000573,粤宏远Ａ,3.9,3.86,3.96,3.84,3.93,15348609,60118571.27
2026-10-08,sz,000576,甘化科工,8.3,8.4,8.49,8.07,8.13,9168900,75427868.0
2026-10-08,sz,000581,威孚高科,18.21,18.18,18.37,18.11,18.3,6352681,116205886.13
2026-10-08,sz,000586,汇源通信,12.51,12.51,12.85,12.0,12.32,5997600,74753100.09
2026-10-08,sz,000589,贵州轮胎,4.2,4.2,4.23,4.19,4.22,16706424,70460233.84
2026-10-08,sz,000590,古汉医药,9.1,9.19,9.35,8.98,9.05,2860404,26099555.42
2026-10-08,sz,000591,太阳能,4.17,4.17,4.22,4.16,4.18,25267700,105821948.46
2026-10-08,sz,000592,平潭发展,8.53,8.36,8.75,8.0,8.08,275666402,2303816801.61
2026-10-08,sz,000593,德龙汇能,20.11,20.13,20.98,19.98,20.01,9636591,196367782.99
2026-10-08,sz,000595,新能股份,5.51,5.51,5.71,5.5,5.68,39717066,223831144.42
2026-10-08,sz,000596,古井贡酒,93.55,92.9,94.27,92.02,93.55,2758687,256487086.75
2026-10-08,sz,000597,东北制药,4.76,4.9,4.96,4.75,4.78,18098900,87540040.06
2026-10-08,sz,000598,兴蓉环境,7.06,7.04,7.1,6.99,7.09,13319841,94006692.2
2026-10-08,sz,000599,青岛双星,4.47,4.47,4.5,4.39,4.42,11171602,49545216.94
2026-10-08,sz,000600,建投能源,7.17,7.22,7.27,7.17,7.26,16670255,120498534.88
2026-10-08,sz,000601,韶能股份,6.05,6.05,6.16,6.03,6.08,33420507,203860691.32
2026-10-08,sz,000603,盛达资源,30.9,29.96,30.68,29.19,29.58,18666844,557939799.79
2026-10-08,sz,000605,渤海股份,6.04,6.04,6.12,6.0,6.05,3036420,18384623.4
2026-10-08,sz,000607,华媒控股,3.96,3.96,4.0,3.87,3.93,44897946,177026996.33
2026-10-08,sz,000608,阳光股份,7.05,7.05,7.26,6.9,6.91,18155200,127402941.0
2026-10-08,sz,000609,*ST中迪,9.37,9.38,9.52,9.28,9.3,2833112,26571947.08
2026-10-08,sz,000610,*ST西旅,7.5,7.49,7.54,7.03,7.53,7362300,53555546.0
2026-10-08,sz,000612,焦作万方,10.44,10.39,10.51,10.3,10.33,20277322,210881460.39
2026-10-08,sz,000615,*ST美谷,3.28,3.27,3.29,3.19,3.2,5610560,18166268.8
2026-10-08,sz,000617,中油资本,6.56,6.57,6.62,6.5,6.53,45698096,299647124.98
2026-10-08,sz,000619,海螺新材,5.2,5.2,5.28,5.15,5.22,5356800,27897962.0
2026-10-08,sz,000620,盈新发展,3.06,3.05,3.08,2.99,3.02,153684905,465895910.15
2026-10-08,sz,000623,吉林敖东,17.41,17.42,17.48,17.2,17.26,7320500,126957746.68
2026-10-08,sz,000625,长安汽车,7.11,7.1,7.12,7.02,7.04,45895829,324171671.71
2026-10-08,sz,000626,远大控股,8.74,8.77,9.16,8.71,8.78,10264700,91189469.0
2026-10-08,sz,000628,高新发展,54.09,54.43,54.63,51.15,51.33,8223187,429541588.55
2026-10-08,sz,000629,钒钛股份,2.83,2.82,2.84,2.8,2.82,50522516,142489039.85
2026-10-08,sz,000630,铜陵有色,5.78,5.8,5.84,5.73,5.75,103271256,597593218.24
2026-10-08,sz,000631,顺发恒能,3.04,3.03,3.07,3.01,3.03,11615819,35251151.19
2026-10-08,sz,000632,ST三木,3.8,3.82,3.9,3.62,3.65,12352400,46477842.0
2026-10-08,sz,000633,合金投资,5.29,5.3,5.38,5.19,5.28,5869494,31005356.23
2026-10-08,sz,000635,英 力 特,7.58,7.58,7.71,7.53,7.65,8606873,65694700.26
2026-10-08,sz,000636,风华高科,49.61,50.5,52.65,49.9,50.4,87521422,4470769497.83
2026-10-08,sz,000637,茂化实华,4.2,4.22,4.33,4.21,4.25,6812100,29038309.0
2026-10-08,sz,000639,ST西王,1.54,1.55,1.59,1.53,1.53,26231800,40821752.0
2026-10-08,sz,000650,仁和药业,5.24,5.25,5.31,5.19,5.21,14741945,77337552.94
2026-10-08,sz,000651,格力电器,38.28,38.29,38.55,37.98,38.32,27358930,1048965231.58
2026-10-08,sz,000652,泰达股份,3.33,3.38,3.4,3.3,3.32,11479380,38441211.8
2026-10-08,sz,000655,金岭矿业,7.25,7.25,7.44,7.2,7.44,6421940,47416777.42
2026-10-08,sz,000656,金科股份,1.28,1.26,1.27,1.22,1.22,264076800,329629637.0
2026-10-08,sz,000657,中钨高新,52.74,52.75,53.74,51.15,51.85,28831704,1512361470.3
2026-10-08,sz,000659,珠海中富,2.74,2.72,2.78,2.67,2.69,21552380,58505392.6
2026-10-08,sz,000661,长春高新,71.83,72.69,73.39,69.06,69.23,6882819,487172918.8
2026-10-08,sz,000663,永安林业,6.08,6.09,6.19,5.97,6.0,7167400,43540000.0
2026-10-08,sz,000665,湖北广电,4.11,4.09,4.12,4.03,4.05,18136531,73767790.17
2026-10-08,sz,000669,ST金鸿,4.05,4.07,4.13,4.05,4.07,2532900,10359742.0
2026-10-08,sz,000670,盈方微,7.29,7.35,7.35,6.81,6.88,53983956,378919077.08
2026-10-08,sz,000672,上峰材料,14.84,14.9,15.38,14.61,14.86,19822811,297205621.42
2026-10-08,sz,000676,智度股份,6.56,6.58,6.62,6.33,6.4,43138035,277604961.98
2026-10-08,sz,000677,ST海龙,1.74,1.72,1.76,1.7,1.71,13092200,22581775.0
2026-10-08,sz,000678,襄阳轴承,12.89,13.0,13.9,12.05,12.24,129735846,1684516376.77
2026-10-08,sz,000679,大连友谊,6.29,6.31,6.38,6.18,6.29,5740870,36113399.1
2026-10-08,sz,000680,山推股份,9.06,9.05,9.17,8.98,9.08,11276987,102324682.74
2026-10-08,sz,000681,视觉中国,15.62,15.6,15.64,15.26,15.35,13457873,207717177.3
2026-10-08,sz,000682,东方电子,10.62,10.66,10.75,10.52,10.57,7104543,75488486.84
2026-10-08,sz,000683,博源化工,5.79,5.79,5.86,5.74,5.76,37001427,214669353.46
2026-10-08,sz,000685,中山公用,10.67,10.66,10.72,10.57,10.64,10169568,108372431.38
2026-10-08,sz,000686,东北证券,7.53,7.53,7.58,7.4,7.44,11583898,86748382.62
2026-10-08,sz,000688,国城矿业,24.24,24.36,25.45,23.93,24.98,17417359,435784637.23
2026-10-08,sz,000690,宝新能源,5.21,5.22,5.55,5.2,5.5,122155808,661722459.16
2026-10-08,sz,000691,亚太实业,9.0,8.91,8.97,8.46,8.51,6963850,60715931.0
2026-10-08,sz,000692,惠天热电,4.59,4.55,4.76,4.42,4.61,69893395,321056948.16
2026-10-08,sz,000695,滨海能源,12.77,12.71,13.15,12.71,13.02,5268700,68665212.0
2026-10-08,sz,000697,炼石航空,9.16,9.21,9.41,9.14,9.4,8700305,80852780.4
2026-10-08,sz,000698,ST沈化,3.72,3.73,3.77,3.72,3.74,3789110,14181287.27
2026-10-08,sz,000700,模塑科技,12.28,12.14,12.47,11.67,11.84,52114156,623331861.77
2026-10-08,sz,000701,厦门信达,5.07,5.09,5.31,5.08,5.14,16296172,84121193.2
2026-10-08,sz,000702,正虹科技,5.87,5.88,5.94,5.76,5.81,6219601,36347529.8
2026-10-08,sz,000703,恒逸石化,15.63,16.09,16.71,15.98,16.29,78954121,1294958972.25
2026-10-08,sz,000705,浙江震元,7.13,7.18,7.28,7.09,7.12,3821722,27355126.56
2026-10-08,sz,000707,双环科技,4.62,4.64,4.69,4.6,4.67,6378900,29701613.0
2026-10-08,sz,000708,中信特钢,13.11,13.12,13.3,13.11,13.2,10566971,139578268.85
2026-10-08,sz,000709,河钢股份,2.04,2.04,2.07,2.02,2.03,94902124,194237890.93
2026-10-08,sz,000710,贝瑞基因,10.87,11.96,11.96,10.17,10.27,87632209,965448630.28
2026-10-08,sz,000711,京蓝科技,4.63,4.6,4.7,4.48,4.52,73408000,336039390.0
2026-10-08,sz,000712,锦龙股份,9.77,9.76,10.08,9.66,9.78,40914129,404303880.21
2026-10-08,sz,000713,国投丰乐,6.3,6.4,6.5,6.19,6.25,20290383,128296166.07
2026-10-08,sz,000715,中兴商业,5.33,5.36,5.4,5.29,5.36,5888990,31429426.2
2026-10-08,sz,000716,黑芝麻,4.94,4.97,5.01,4.89,4.92,15181063,74903571.7
2026-10-08,sz,000717,中南股份,2.19,2.18,2.24,2.15,2.17,22502436,49365206.75
2026-10-08,sz,000718,苏宁环球,2.13,2.1,2.12,2.06,2.07,36751680,76824129.0
2026-10-08,sz,000719,中原传媒,11.95,12.06,12.1,11.88,12.08,4375909,52718883.03
2026-10-08,sz,000720,新能泰山,3.64,3.62,3.68,3.58,3.62,23137115,83815106.0
2026-10-08,sz,000721,西安饮食,6.1,6.08,6.1,5.97,6.01,9753000,58709348.0
2026-10-08,sz,000722,湖南发展,13.0,13.1,13.74,13.08,13.55,33506961,451649694.39
2026-10-08,sz,000723,美锦能源,3.51,3.51,3.56,3.47,3.54,58053514,204600723.59
2026-10-08,sz,000725,京东方Ａ,5.72,5.7,5.79,5.47,5.5,1010114319,5653432093.2
2026-10-08,sz,000726,鲁 泰Ａ,5.97,5.95,5.99,5.9,5.92,5154200,30578639.0
2026-10-08,sz,000727,冠捷科技,2.18,2.18,2.27,2.17,2.21,94530293,209887303.6
2026-10-08,sz,000728,国元证券,7.25,7.24,7.3,7.14,7.17,16710036,120579461.0
2026-10-08,sz,000729,燕京啤酒,11.0,11.05,11.26,10.96,11.17,23236483,259028138.95
2026-10-08,sz,000731,四川美丰,7.97,7.98,8.23,7.98,8.1,11079221,90151893.75
2026-10-08,sz,000733,振华科技,39.13,39.16,39.78,38.37,38.5,7635729,298493876.41
2026-10-08,sz,000735,罗 牛 山,5.69,5.64,5.76,5.55,5.61,34894506,197343643.9
2026-10-08,sz,000736,中交发展,4.85,4.84,4.87,4.69,4.74,24337153,116559309.58
2026-10-08,sz,000737,北方铜业,13.44,13.61,13.92,13.48,13.58,53885451,739478790.17
2026-10-08,sz,000738,航发控制,18.75,18.8,19.08,18.36,18.49,10481868,195988998.43
2026-10-08,sz,000739,普洛药业,27.61,27.49,28.5,26.64,27.26,21923541,603389680.21
2026-10-08,sz,000750,国海证券,3.61,3.6,3.64,3.56,3.58,33108765,119236883.4
2026-10-08,sz,000751,锌业股份,4.39,4.41,4.43,4.33,4.37,14459562,63415859.72
2026-10-08,sz,000752,*ST西发,8.72,8.72,8.81,8.5,8.55,1842300,15861438.0
2026-10-08,sz,000753,漳州发展,5.44,5.36,5.52,5.29,5.32,41389247,222936374.38
2026-10-08,sz,000755,山西高速,4.73,4.72,4.77,4.7,4.75,3483901,16513674.64
2026-10-08,sz,000756,新华制药,14.6,14.89,15.0,14.14,14.23,37191584,536703139.57
2026-10-08,sz,000757,浩物股份,4.3,4.3,4.35,4.2,4.24,8361500,35698667.0
2026-10-08,sz,000758,中色股份,5.72,5.7,5.78,5.66,5.71,14561007,83322709.43
2026-10-08,sz,000759,中百集团,6.15,6.17,6.29,6.06,6.16,49035767,303094056.7
2026-10-08,sz,000761,本钢板材,2.35,2.35,2.42,2.32,2.35,20787400,49137500.0
2026-10-08,sz,000762,西藏矿业,20.74,20.64,21.25,20.44,20.85,7835534,163644153.41
2026-10-08,sz,000766,通化金马,15.16,15.3,15.38,14.3,14.36,15134400,223647244.55
2026-10-08,sz,000767,晋控电力,3.28,3.28,3.35,3.27,3.34,60293557,200364430.74
2026-10-08,sz,000768,中航西飞,23.12,23.12,23.46,22.48,22.6,21086110,482227218.66
2026-10-08,sz,000776,广发证券,19.88,19.8,19.98,19.21,19.32,43288461,845842683.08
2026-10-08,sz,000777,中核科技,16.12,16.29,16.46,16.06,16.17,3328344,54217084.75
2026-10-08,sz,000778,新兴铸管,3.56,3.57,3.65,3.55,3.61,50129383,181211690.74
2026-10-08,sz,000779,甘咨询,8.39,8.41,8.54,8.31,8.4,15698000,131975382.0
2026-10-08,sz,000782,恒申新材,8.1,8.11,8.19,8.0,8.08,12164800,98530809.0
2026-10-08,sz,000783,长江证券,7.94,7.93,7.99,7.71,7.76,63693210,499007710.52
2026-10-08,sz,000785,居然智家,2.3,2.31,2.32,2.24,2.26,55169685,125576052.1
2026-10-08,sz,000786,北新建材,16.6,16.5,16.77,16.3,16.52,23949632,395888491.24
2026-10-08,sz,000788,北大医药,5.46,5.68,5.71,5.44,5.48,21123701,117444151.52
2026-10-08,sz,000789,万年青,4.17,4.17,4.2,4.14,4.17,5320295,22217702.5
2026-10-08,sz,000790,华神科技,4.42,4.39,4.5,4.35,4.39,47161760,208645686.73
2026-10-08,sz,000791,甘肃能源,7.06,7.08,7.23,7.05,7.22,18989346,135919280.17
2026-10-08,sz,000792,盐湖股份,23.83,23.78,24.3,23.68,23.96,48787874,1170962513.68
2026-10-08,sz,000793,ST华闻,1.99,1.99,2.0,1.93,1.94,10636800,20890899.0
2026-10-08,sz,000795,英洛华,8.21,8.21,8.26,8.14,8.19,5579471,45721893.62
2026-10-08,sz,000796,凯撒旅业,3.52,3.5,3.54,3.41,3.43,28334299,98244377.54
2026-10-08,sz,000797,中国武夷,2.72,2.66,2.72,2.63,2.66,44358900,118801432.56
2026-10-08,sz,000798,中水渔业,9.79,9.79,9.95,9.66,9.75,9893200,96696087.0
2026-10-08,sz,000799,酒鬼酒,36.67,36.46,36.86,36.22,36.49,3108613,113467926.44
2026-10-08,sz,000800,一汽解放,5.88,5.87,5.9,5.78,5.8,12023040,70075833.47
2026-10-08,sz,000801,四川九洲,11.41,11.41,11.65,11.2,11.27,10277500,117105367.0
2026-10-08,sz,000802,北京文化,3.85,3.83,3.89,3.79,3.8,29483083,112837589.4
2026-10-08,sz,000803,山高环能,7.24,7.24,7.95,7.16,7.53,28523864,215106264.8
2026-10-08,sz,000807,云铝股份,26.2,26.16,26.59,25.9,26.3,40036085,1053978122.9
2026-10-08,sz,000809,和展能源,3.42,3.41,3.54,3.41,3.44,20382000,70391227.0
2026-10-08,sz,000810,创维数字,9.1,9.12,9.27,8.9,8.95,13451759,121706050.44
2026-10-08,sz,000811,冰轮环境,36.79,36.61,37.98,35.12,35.56,22814984,831424120.7
2026-10-08,sz,000812,陕西金叶,3.72,3.72,3.8,3.68,3.69,18533552,69324248.72
2026-10-08,sz,000813,德展健康,3.23,3.24,3.27,3.18,3.19,21160400,68310167.0
2026-10-08,sz,000815,美利云,14.25,14.35,14.52,13.93,14.03,18758268,266107983.84
2026-10-08,sz,000816,智慧农业,2.79,2.79,2.84,2.75,2.76,17475797,48810195.66
2026-10-08,sz,000818,航锦科技,11.26,11.27,11.44,11.04,11.14,9520594,106696634.29
2026-10-08,sz,000819,岳阳兴长,12.2,12.18,12.4,12.03,12.14,3508501,42820091.74
2026-10-08,sz,000820,神雾节能,3.59,3.67,3.73,3.48,3.51,16954561,61088047.75
2026-10-08,sz,000821,ST京机,7.28,7.29,7.37,7.2,7.2,3504000,25478505.0
2026-10-08,sz,000822,山东海化,4.28,4.28,4.39,4.28,4.39,11958895,52180417.25
2026-10-08,sz,000823,超声电子,23.28,23.6,23.77,22.53,22.71,75197535,1734430875.83
2026-10-08,sz,000825,太钢不锈,3.39,3.39,3.47,3.38,3.41,32116850,110299572.5
2026-10-08,sz,000826,*ST启环,1.72,1.71,1.76,1.71,1.71,9283900,16028052.0
2026-10-08,sz,000828,东莞控股,9.97,9.99,10.07,9.93,10.0,3656500,36516123.0
2026-10-08,sz,000829,天音控股,9.14,9.35,9.42,9.09,9.19,20732080,190913826.4
2026-10-08,sz,000830,鲁西化工,11.43,11.43,11.67,11.43,11.55,15708300,181702449.48
2026-10-08,sz,000831,中国稀土,52.73,52.5,52.58,48.5,48.9,31649372,1564992862.82
2026-10-08,sz,000833,粤桂股份,18.76,19.06,19.77,18.94,19.4,25745979,499300655.72
2026-10-08,sz,000837,秦川机床,9.47,9.48,9.55,9.24,9.3,8480364,79515466.45
2026-10-08,sz,000838,*ST发展,2.45,2.5,2.57,2.47,2.5,46765754,117828992.12
2026-10-08,sz,000839,国安股份,2.85,2.84,2.85,2.74,2.75,68749816,191389333.0
2026-10-08,sz,000848,承德露露,8.14,8.13,8.19,8.03,8.14,11553095,93788769.49
2026-10-08,sz,000850,华茂股份,4.17,4.12,4.23,4.03,4.03,84515362,346666203.86
2026-10-08,sz,000852,石化机械,5.31,5.31,5.52,5.3,5.45,16801950,91433330.5
2026-10-08,sz,000856,冀东装备,8.88,8.89,9.09,8.82,9.03,5150100,46365892.0
2026-10-08,sz,000858,五 粮 液,70.06,70.05,70.45,69.63,70.14,16835562,1179720585.45
2026-10-08,sz,000859,国风新材,8.53,8.58,8.78,8.48,8.63,21720156,187345000.16
2026-10-08,sz,000860,顺鑫农业,10.38,10.39,10.46,10.22,10.3,7295556,75314538.26
2026-10-08,sz,000862,银星能源,5.34,5.32,5.48,5.32,5.45,16203640,88019682.8
2026-10-08,sz,000863,三湘印象,4.46,4.46,4.54,4.39,4.5,13733181,61591693.88
2026-10-08,sz,000868,安凯客车,4.15,4.06,4.19,3.96,4.0,51993473,210093599.97
2026-10-08,sz,000869,张 裕Ａ,17.05,16.88,18.76,16.81,18.76,7691655,140803249.12
2026-10-08,sz,000875,电投绿能,4.68,4.69,4.74,4.65,4.69,24139601,113490269.19
2026-10-08,sz,000876,新 希 望,6.92,6.89,6.94,6.73,6.77,27625033,188322855.18
2026-10-08,sz,000877,天山股份,3.76,3.75,3.78,3.68,3.7,16080139,59893124.91
2026-10-08,sz,000878,云南铜业,16.04,16.12,16.33,15.93,16.07,27612773,445549666.82
2026-10-08,sz,000880,潍柴重机,23.86,24.1,24.98,23.15,23.52,14655251,352699475.98
2026-10-08,sz,000881,中广核技,6.4,6.41,6.47,6.36,6.41,3856710,24745525.4
2026-10-08,sz,000882,华联股份,1.55,1.55,1.55,1.49,1.5,57719000,87553428.0
2026-10-08,sz,000883,湖北能源,4.39,4.39,4.5,4.38,4.49,53523941,238026928.67
2026-10-08,sz,000885,城发环境,11.7,11.73,11.77,11.67,11.74,1736000,20344980.0
2026-10-08,sz,000886,海南高速,4.73,4.7,4.78,4.68,4.71,11857400,56043259.0
2026-10-08,sz,000887,中鼎股份,18.32,18.4,18.86,17.66,17.77,23818261,432838391.62
2026-10-08,sz,000888,峨眉山Ａ,9.06,9.01,9.05,8.88,8.93,6725641,60244356.72
2026-10-08,sz,000889,中嘉博创,3.62,3.6,3.66,3.55,3.58,19629560,70502442.4
2026-10-08,sz,000890,法尔胜,6.96,7.01,7.19,6.87,6.93,14233967,100014803.54
2026-10-08,sz,000892,欢瑞世纪,4.53,4.57,4.6,4.33,4.41,68753100,307028888.0
2026-10-08,sz,000893,亚钾国际,36.84,36.82,38.08,36.6,37.62,11869452,445091059.95
2026-10-08,sz,000895,双汇发展,23.66,23.62,23.69,23.42,23.66,8051545,189778062.1
2026-10-08,sz,000897,津滨发展,1.96,1.95,1.98,1.91,1.92,41831430,81426672.0
2026-10-08,sz,000898,鞍钢股份,2.06,2.05,2.1,2.02,2.03,50828780,104495365.67
2026-10-08,sz,000899,赣能股份,9.08,9.14,9.19,8.98,9.15,11230057,102154325.2
2026-10-08,sz,000900,现代投资,3.59,3.58,3.62,3.57,3.6,8522826,30643439.34
2026-10-08,sz,000901,航天科技,13.68,13.78,14.17,13.52,13.64,11415301,158180660.82
2026-10-08,sz,000902,新洋丰,13.5,13.5,13.71,13.45,13.57,4758500,64849228.0
2026-10-08,sz,000903,ST云动,1.97,1.96,1.97,1.91,1.91,11884400,23057923.0
2026-10-08,sz,000905,厦门港务,9.15,9.12,9.54,9.06,9.23,24982687,233078840.85
2026-10-08,sz,000906,浙商中拓,6.11,6.14,6.17,6.04,6.07,10465800,63735962.0
2026-10-08,sz,000908,石药景峰,5.99,6.09,6.1,5.86,5.89,9700300,57804518.0
2026-10-08,sz,000909,*ST数源,5.25,5.27,5.43,5.24,5.31,3050100,16255641.0
2026-10-08,sz,000910,大亚圣象,6.15,6.13,6.37,6.08,6.13,47784081,296659780.53
2026-10-08,sz,000911,*ST广糖,5.4,5.62,5.89,5.51,5.65,15484500,88080061.0
2026-10-08,sz,000912,泸天化,3.88,3.91,4.05,3.9,3.97,45543187,180972066.39
2026-10-08,sz,000913,钱江摩托,10.7,10.71,10.89,10.69,10.79,3543000,38212038.0
2026-10-08,sz,000915,华特达因,23.83,23.97,24.2,23.84,23.95,1720287,41272444.87
2026-10-08,sz,000917,电广传媒,6.77,6.75,6.79,6.58,6.63,15380818,102653529.16
2026-10-08,sz,000919,金陵药业,6.5,6.51,6.6,6.46,6.5,10089400,65894456.0
2026-10-08,sz,000920,沃顿科技,12.43,12.65,12.75,12.27,12.32,13260599,165641905.67
2026-10-08,sz,000921,海信家电,26.78,26.79,27.16,26.27,26.52,6690496,178868600.88
2026-10-08,sz,000922,佳电股份,11.93,12.0,12.17,11.96,12.07,5543164,66994565.24
2026-10-08,sz,000923,河钢资源,15.73,15.85,16.29,15.74,15.88,14415300,230721994.9
2026-10-08,sz,000925,众合科技,7.86,7.85,7.99,7.64,7.71,16588156,129073745.49
2026-10-08,sz,000926,福星股份,2.2,2.17,2.2,2.1,2.13,40673560,87628122.6
2026-10-08,sz,000927,中国铁物,2.47,2.47,2.51,2.46,2.48,45690398,113591404.04
2026-10-08,sz,000928,中钢国际,5.34,5.32,5.38,5.31,5.34,9000000,48148625.0
2026-10-08,sz,000929,兰州黄河,9.4,9.41,9.57,9.35,9.4,3113800,29435289.0
2026-10-08,sz,000930,中粮科技,5.16,5.25,5.4,5.13,5.16,52311062,275434075.56
2026-10-08,sz,000931,中 关 村,4.58,4.66,4.67,4.46,4.48,13563666,61468861.14
2026-10-08,sz,000932,华菱钢铁,3.54,3.52,3.62,3.51,3.56,91454463,326634372.45
2026-10-08,sz,000933,神火股份,26.22,25.98,26.85,25.98,26.4,34893268,926080099.02
2026-10-08,sz,000935,四川双马,19.45,19.45,19.89,18.77,18.92,5848277,111813003.47
2026-10-08,sz,000936,华西股份,5.49,5.49,5.61,5.48,5.53,13799600,76466531.0
2026-10-08,sz,000937,冀中能源,4.4,4.4,4.47,4.39,4.45,40238879,178706929.05
2026-10-08,sz,000938,紫光股份,31.02,31.2,31.42,29.98,30.24,77132163,2361365502.64
2026-10-08,sz,000948,南天信息,13.14,13.19,13.21,12.91,12.99,2876700,37511010.0
2026-10-08,sz,000949,新乡化纤,6.44,6.44,6.88,6.4,6.59,55639744,368627131.82
2026-10-08,sz,000950,重药控股,5.25,5.25,5.3,5.2,5.23,15650418,82295446.87
2026-10-08,sz,000951,中国重汽,20.23,20.25,20.38,19.99,20.15,6856662,138316301.35
2026-10-08,sz,000952,广济药业,6.57,6.62,6.72,6.49,6.53,6584388,43350236.84
2026-10-08,sz,000953,中哲精化,5.98,5.97,6.13,5.87,5.94,7200400,43004955.0
2026-10-08,sz,000955,欣龙控股,4.1,4.11,4.19,4.02,4.05,9932700,40686037.0
2026-10-08,sz,000957,中通客车,9.86,9.8,9.96,9.7,9.74,9622232,94334573.84
2026-10-08,sz,000958,电投产融,4.94,4.97,5.0,4.94,4.99,10994938,54743340.86
2026-10-08,sz,000959,首钢股份,3.51,3.49,3.58,3.48,3.5,24338700,85887420.0
2026-10-08,sz,000960,锡业股份,30.46,30.46,30.74,29.68,29.95,19718710,596025389.39
2026-10-08,sz,000962,东方钽业,54.27,54.85,57.0,54.4,55.11,14610901,812784298.49
2026-10-08,sz,000963,华东医药,27.69,27.69,27.69,26.8,26.95,25153484,681907999.51
2026-10-08,sz,000965,天保基建,3.5,3.46,3.53,3.42,3.43,32499600,112974332.0
2026-10-08,sz,000966,长源电力,3.98,3.98,4.06,3.97,4.05,39459082,159163142.46
2026-10-08,sz,000967,盈峰环境,7.79,7.83,7.97,7.61,7.7,39228992,303712749.57
2026-10-08,sz,000968,蓝焰控股,6.83,6.89,7.28,6.89,7.16,37909068,270806863.75
2026-10-08,sz,000969,安泰科技,16.0,16.04,16.45,15.82,15.92,14425963,232927608.98
2026-10-08,sz,000970,中科三环,10.95,11.0,11.19,10.88,10.97,16752737,184773376.37
2026-10-08,sz,000972,中基健康,3.94,3.93,4.24,3.93,4.02,21312700,86965809.0
2026-10-08,sz,000973,佛塑科技,11.56,11.57,12.05,11.52,11.87,33073479,392655791.71
2026-10-08,sz,000975,山金国际,22.76,22.29,22.59,21.97,22.14,23065763,513403830.63
2026-10-08,sz,000977,浪潮信息,65.93,66.0,66.77,64.0,64.56,33157681,2167795136.04
2026-10-08,sz,000978,桂林旅游,7.08,7.09,7.23,6.96,7.01,38527843,271831428.76
2026-10-08,sz,000980,众泰汽车,2.26,2.25,2.31,2.14,2.16,396624433,878536472.71
2026-10-08,sz,000981,山子高科,2.69,2.69,2.77,2.67,2.68,251291298,679320877.97
2026-10-08,sz,000983,山西焦煤,6.48,6.51,6.55,6.46,6.52,41228152,268305116.18
2026-10-08,sz,000985,大庆华科,17.1,17.1,17.9,16.9,17.74,3498100,61315638.0
2026-10-08,sz,000987,越秀资本,7.2,7.18,7.24,7.11,7.15,14035910,100643650.31
2026-10-08,sz,000988,华工科技,92.25,92.45,92.8,86.3,86.99,40467760,3600138387.95
2026-10-08,sz,000989,九芝堂,8.75,8.74,8.89,8.65,8.7,13426575,117631456.7
2026-10-08,sz,000990,诚志股份,6.17,6.19,6.41,6.19,6.35,37312506,236193520.98
2026-10-08,sz,000993,闽东电力,17.09,17.43,17.88,16.92,17.74,64808690,1139143542.85
2026-10-08,sz,000995,皇台酒业,11.4,11.39,11.8,11.21,11.54,14616800,168192034.0
2026-10-08,sz,000997,新 大 陆,19.33,19.3,19.68,18.78,18.9,10522358,200925382.32
2026-10-08,sz,000998,隆平高科,8.66,8.7,8.92,8.58,8.65,24074299,209675414.15
2026-10-08,sz,000999,华润三九,24.19,24.17,24.62,24.08,24.48,12246636,297597122.54
2026-10-08,sz,001201,东瑞股份,15.82,15.52,15.96,15.29,15.36,10759876,166816806.84
2026-10-08,sz,001202,炬申股份,14.88,14.88,15.26,14.77,15.07,2234710,33659056.78
2026-10-08,sz,001203,大中矿业,22.28,22.3,22.99,22.04,22.56,12792900,287968393.0
2026-10-08,sz,001205,盛航股份,14.44,14.51,14.86,14.47,14.54,4559800,66730983.0
2026-10-08,sz,001206,依依股份,18.62,18.53,20.3,18.31,19.13,17941577,347740502.97
2026-10-08,sz,001207,联科科技,19.0,18.89,19.05,18.42,18.79,4613038,86431991.1
2026-10-08,sz,001208,华菱线缆,12.92,12.99,13.48,12.87,13.12,9869987,130815398.79
2026-10-08,sz,001209,洪兴股份,18.87,18.83,19.59,18.83,19.43,3566745,69066467.5
2026-10-08,sz,001210,金房能源,27.2,26.97,27.2,25.61,25.92,5321667,138716276.22
2026-10-08,sz,001211,双枪科技,29.52,29.02,30.29,26.57,27.08,12085492,342513056.69
2026-10-08,sz,001212,中旗新材,36.18,36.14,36.78,34.67,34.92,4016807,142680386.99
2026-10-08,sz,001213,中铁特货,3.51,3.51,3.55,3.49,3.53,10535500,37160594.0
2026-10-08,sz,001215,千味央厨,32.44,32.39,32.73,32.01,32.55,1217500,39470147.0
2026-10-08,sz,001216,华瓷股份,26.18,25.01,25.4,23.56,23.56,17708637,422116629.9
2026-10-08,sz,001217,华尔泰,11.16,11.21,11.42,11.16,11.32,4722200,53267533.0
2026-10-08,sz,001218,丽臣实业,23.46,23.4,23.84,23.12,23.21,2256651,52939091.92
2026-10-08,sz,001219,青岛食品,12.94,12.94,13.17,12.88,13.03,2104764,27392095.94
2026-10-08,sz,001220,世盟股份,31.28,31.3,31.78,31.06,31.28,561641,17625417.84
2026-10-08,sz,001221,悍高集团,32.64,32.49,33.09,31.98,32.54,2083427,67851864.17
2026-10-08,sz,001222,源飞宠物,15.38,15.39,15.53,15.14,15.27,2564280,39341828.0
2026-10-08,sz,001223,欧克科技,40.94,41.0,42.35,39.61,40.12,1366068,55622343.2
2026-10-08,sz,001225,和泰机电,33.9,33.9,35.71,33.28,34.6,2401540,82962852.6
2026-10-08,sz,001226,拓山重工,45.7,45.62,45.62,42.52,43.08,1097400,48353708.0
2026-10-08,sz,001227,兰州银行,2.11,2.1,2.13,2.1,2.11,56023145,118673257.4
2026-10-08,sz,001228,永泰运,37.9,38.85,39.25,37.15,37.95,3789778,144904200.01
2026-10-08,sz,001229,魅视科技,37.13,37.01,37.74,34.8,35.34,2781920,99996098.6
2026-10-08,sz,001230,劲旅环境,18.97,18.98,19.48,18.9,19.37,3072848,59296851.36
2026-10-08,sz,001231,农心科技,22.52,22.53,23.05,22.38,22.88,1591000,36158045.0
2026-10-08,sz,001232,嘉立创,184.73,184.74,187.3,169.74,172.0,3611141,640770402.87
2026-10-08,sz,001233,海安集团,43.8,44.0,45.88,43.8,44.4,2450451,110086757.77
2026-10-08,sz,001234,泰慕士,25.8,24.0,24.58,23.25,23.26,12845764,306221045.59
2026-10-08,sz,001236,弘业期货,7.84,7.83,7.9,7.65,7.71,6261600,48657103.0
2026-10-08,sz,001237,惠康科技,49.05,49.07,49.78,48.88,49.01,784501,38667318.88
2026-10-08,sz,001238,浙江正特,25.9,25.93,26.55,25.42,25.61,1263519,32796584.51
2026-10-08,sz,001239,永达股份,12.3,12.31,12.88,12.31,12.5,3866449,48591801.38
2026-10-08,sz,001246,C力勤,65.09,60.63,65.0,52.22,53.55,67811594,3919921888.31
2026-10-08,sz,001248,华润新能,11.54,11.51,11.64,11.49,11.55,27385439,316535944.83
2026-10-08,sz,001255,博菲电气,27.1,27.13,27.75,26.91,27.01,1158800,31529434.96
2026-10-08,sz,001256,炜冈科技,21.72,21.9,22.18,21.51,21.75,2223800,48531502.0
2026-10-08,sz,001257,盛龙股份,20.47,20.41,20.64,20.25,20.42,8397327,171927785.76
2026-10-08,sz,001258,立新能源,10.03,10.09,10.26,10.01,10.11,26305500,266408760.0
2026-10-08,sz,001259,利仁科技,43.75,43.6,44.69,43.11,43.7,1152200,50567063.0
2026-10-08,sz,001260,坤泰股份,19.2,19.39,19.5,18.99,19.1,2365304,45464089.2
2026-10-08,sz,001266,宏英智能,39.96,40.5,43.43,39.7,41.62,13852699,573437155.34
2026-10-08,sz,001267,汇绿生态,32.83,33.21,34.77,32.16,32.42,30161960,1003962658.94
2026-10-08,sz,001268,联合精密,25.22,25.53,25.55,23.84,24.28,4004700,98573743.89
2026-10-08,sz,001269,欧晶科技,19.13,19.11,19.29,18.53,18.67,1711404,32335384.76
2026-10-08,sz,001270,铖昌科技,89.5,89.5,94.5,88.59,90.33,6102109,561009182.23
2026-10-08,sz,001277,速达股份,30.29,30.4,30.6,29.75,30.21,855333,25866055.64
2026-10-08,sz,001278,一彬科技,16.97,17.12,17.31,16.81,17.18,3454300,58945028.0
2026-10-08,sz,001279,强邦新材,26.0,26.08,27.5,25.88,26.8,1451599,38645460.33
2026-10-08,sz,001280,中国铀业,60.22,60.24,61.15,60.23,60.42,2222436,134812636.6
2026-10-08,sz,001282,三联锻造,16.75,16.7,16.97,16.43,16.64,4648192,77495634.8
2026-10-08,sz,001283,豪鹏科技,47.06,47.06,48.55,46.44,47.49,3314509,158143508.7
2026-10-08,sz,001285,瑞立科密,41.62,41.61,42.71,41.5,42.11,1317302,55350741.66
2026-10-08,sz,001286,陕西能源,9.45,9.46,9.81,9.44,9.66,31248396,300390642.54
2026-10-08,sz,001287,中电港,22.59,22.84,22.87,21.39,21.63,15222727,335643216.56
2026-10-08,sz,001288,运机集团,31.32,31.19,33.11,31.01,32.14,7188560,231501985.4
2026-10-08,sz,001289,龙源电力,14.91,14.9,14.97,14.86,14.96,2214119,33054614.65
2026-10-08,sz,001296,长江材料,19.39,19.4,19.79,19.14,19.27,1342600,26030891.0
2026-10-08,sz,001298,好上好,16.21,16.24,17.05,16.0,16.17,8343175,137471522.2
2026-10-08,sz,001299,美能能源,10.09,10.09,10.47,10.09,10.25,5783788,59432516.52
2026-10-08,sz,001300,三柏硕,12.28,12.38,13.51,12.16,13.51,8573900,113204255.0
2026-10-08,sz,001301,尚太科技,47.34,47.32,48.2,46.0,46.38,3460168,162924892.86
2026-10-08,sz,001306,夏厦精密,55.8,55.56,56.28,53.79,54.13,675472,36938793.04
2026-10-08,sz,001308,康冠科技,18.03,17.95,18.12,17.61,17.67,1405543,25075815.37
2026-10-08,sz,001309,德明利,358.46,358.0,358.46,338.67,341.48,8116994,2821111287.41
2026-10-08,sz,001311,多利科技,16.7,16.71,16.98,16.19,16.28,3450230,56788330.26
2026-10-08,sz,001312,福恩股份,17.76,17.77,18.13,17.74,18.0,2164390,38878706.17
2026-10-08,sz,001313,粤海饲料,7.16,7.15,7.21,7.03,7.08,8592205,61053719.45
2026-10-08,sz,001314,亿道信息,49.05,49.01,49.48,46.69,47.35,3697377,176058277.84
2026-10-08,sz,001316,润贝航科,27.46,27.49,28.02,26.4,26.61,2942386,79692160.67
2026-10-08,sz,001317,三羊马,61.85,63.01,68.04,63.01,66.28,13380743,883168463.35
2026-10-08,sz,001318,阳光乳业,13.04,12.33,13.3,12.3,12.83,20823580,264485475.0
2026-10-08,sz,001319,铭科精技,21.14,21.21,21.29,20.59,20.69,1341142,28000705.08
2026-10-08,sz,001322,箭牌家居,6.74,6.74,6.9,6.67,6.77,6788400,45962915.0
2026-10-08,sz,001323,慕思股份,18.68,18.55,18.89,18.3,18.64,1751589,32715760.7
2026-10-08,sz,001324,长青科技,20.26,20.3,21.27,20.1,20.39,4569736,94529053.1
2026-10-08,sz,001325,元创股份,35.48,35.77,36.43,35.48,36.03,756917,27339681.66
2026-10-08,sz,001326,联域股份,101.03,101.65,107.95,100.0,101.37,2523900,261266176.46
2026-10-08,sz,001328,登康口腔,31.6,31.44,31.6,30.15,30.5,1405152,43147923.17
2026-10-08,sz,001330,博纳影业,6.58,6.4,6.5,6.1,6.34,157465837,995453394.8
2026-10-08,sz,001331,胜通能源,38.97,38.74,39.8,36.59,38.5,5969234,227164449.05
2026-10-08,sz,001332,锡装股份,26.9,27.68,28.76,27.03,28.47,5905255,166545992.85
2026-10-08,sz,001333,光华股份,19.93,20.08,20.62,19.89,20.52,2020600,41061905.0
2026-10-08,sz,001335,信凯科技,33.04,32.99,34.25,32.72,33.4,905797,30343788.26
2026-10-08,sz,001336,楚环科技,18.77,18.8,20.65,18.62,20.65,6121384,124843842.62
2026-10-08,sz,001337,四川黄金,44.9,43.9,44.79,43.57,43.96,6134000,270196103.0
2026-10-08,sz,001338,永顺泰,9.21,9.21,9.37,9.17,9.32,8295212,77100849.36
2026-10-08,sz,001339,智微智能,69.72,69.66,71.36,66.96,67.65,5510150,379905680.75
2026-10-08,sz,001356,富岭股份,9.21,9.19,9.31,9.12,9.14,2417200,22247320.0
2026-10-08,sz,001358,兴欣新材,24.17,24.16,24.76,23.8,24.01,1208864,29237684.36
2026-10-08,sz,001359,平安电工,79.9,80.11,84.76,80.11,81.59,3261892,268263146.87
2026-10-08,sz,001360,南矿集团,18.89,18.9,19.5,18.47,18.63,4464600,84387050.0
2026-10-08,sz,001365,天海电子,35.25,35.05,36.21,34.95,35.48,4925642,175383515.48
2026-10-08,sz,001366,播恩集团,13.13,13.12,13.36,12.9,13.02,3597600,47130412.0
2026-10-08,sz,001367,海森药业,22.01,22.0,22.19,21.62,21.86,2307499,50359437.15
2026-10-08,sz,001368,通达创智,36.85,34.86,40.1,34.86,37.16,10869776,412551358.92
2026-10-08,sz,001369,双欣材料,11.94,11.95,12.09,11.86,12.0,3519011,42178839.17
2026-10-08,sz,001373,翔腾新材,30.99,30.98,31.5,29.73,30.44,1865600,56979711.0
2026-10-08,sz,001376,百通能源,12.18,12.1,12.49,12.01,12.25,13080200,160880161.0
2026-10-08,sz,001378,德冠新材,21.96,21.98,23.06,21.71,22.39,7085044,159759353.96
2026-10-08,sz,001379,腾达科技,15.75,15.75,16.25,15.66,15.96,1996962,31992341.52
2026-10-08,sz,001380,华纬科技,18.79,18.81,18.96,18.45,18.81,2124171,39736619.5
2026-10-08,sz,001382,新亚电缆,16.43,16.41,16.6,16.3,16.38,1041900,17130335.0
2026-10-08,sz,001386,马可波罗,15.98,15.96,16.04,15.57,15.69,2836249,44828030.63
2026-10-08,sz,001387,雪祺电气,12.38,12.45,12.51,12.22,12.38,2579710,31858188.5
2026-10-08,sz,001388,信通电子,19.53,19.71,20.17,19.58,19.8,2929360,58359944.0
2026-10-08,sz,001389,广合科技,176.66,176.68,179.68,165.05,167.0,8174034,1409289501.28
2026-10-08,sz,001390,古麒绒材,17.11,17.12,17.25,16.8,16.99,2547148,43334224.2
2026-10-08,sz,001391,国货航,3.84,3.83,3.9,3.83,3.9,27083953,105061114.92
2026-10-08,sz,001393,维通利,40.05,40.22,41.35,40.2,40.64,2057500,83881222.0
2026-10-08,sz,001395,亚联机械,29.75,29.75,30.4,29.58,30.19,1329948,39933064.3
2026-10-08,sz,001396,誉帆科技,30.89,31.09,31.74,30.82,31.14,700069,21905140.46
2026-10-08,sz,001399,惠科股份,21.27,21.38,21.54,20.4,20.52,17497803,365913766.18
2026-10-08,sz,001400,江顺科技,84.8,83.97,86.2,81.66,82.0,2988099,249774464.11
2026-10-08,sz,001696,宗申动力,15.15,15.05,15.25,14.59,14.64,25842770,385503901.24
2026-10-08,sz,001872,招商港口,24.18,24.15,24.88,23.95,24.61,3411280,83795110.55
2026-10-08,sz,001896,豫能控股,10.3,10.35,10.6,10.32,10.45,33525304,350526598.84
2026-10-08,sz,001914,招商积余,9.4,9.29,9.47,9.24,9.28,14206880,132704845.76
2026-10-08,sz,001965,招商公路,10.05,10.01,10.25,9.97,10.23,14692378,149755777.5
2026-10-08,sz,001979,招商蛇口,7.58,7.55,7.95,7.43,7.82,180615281,1401123379.26
2026-10-08,sz,002001,新 和 成,25.95,26.09,26.75,25.93,26.31,29851058,790652959.68
2026-10-08,sz,002003,伟星股份,11.31,11.31,11.55,11.28,11.45,7072794,80832502.63
2026-10-08,sz,002004,华邦健康,4.34,4.35,4.4,4.34,4.35,18260090,79726268.37
2026-10-08,sz,002005,德豪润达,2.73,2.74,2.75,2.67,2.68,18032799,48833678.27
2026-10-08,sz,002006,精工科技,13.21,13.21,13.35,12.9,12.99,4650000,60876289.0
2026-10-08,sz,002007,华兰生物,13.34,13.37,13.49,13.15,13.2,11517148,153074504.84
2026-10-08,sz,002008,大族激光,80.03,80.17,84.21,77.03,78.11,42126581,3383128165.67
2026-10-08,sz,002009,天奇股份,15.49,15.56,15.74,15.24,15.33,8379700,129544640.0
2026-10-08,sz,002010,传化智联,4.6,4.6,4.65,4.54,4.58,14389353,66113419.74
2026-10-08,sz,002011,盾安环境,12.6,12.64,12.79,12.09,12.29,40184582,496857621.52
2026-10-08,sz,002012,凯恩股份,6.9,6.9,6.99,6.78,6.81,8688300,59810568.0
2026-10-08,sz,002014,永新股份,11.21,11.2,11.29,11.11,11.19,3086780,34534863.6
2026-10-08,sz,002015,协鑫能科,14.58,14.57,14.75,14.4,14.51,29239175,425634126.14
2026-10-08,sz,002016,世荣兆业,4.95,4.88,4.99,4.79,4.83,16883800,82199571.0
2026-10-08,sz,002017,东信和平,13.79,13.83,13.94,13.51,13.62,7997400,109548271.99
2026-10-08,sz,002019,亿帆医药,9.42,9.52,9.58,9.37,9.44,7761735,73583659.07
2026-10-08,sz,002020,京新药业,11.83,12.14,12.19,11.61,11.7,21643417,257055221.17
2026-10-08,sz,002021,中捷资源,2.58,2.59,2.63,2.53,2.55,26379698,68022565.57
2026-10-08,sz,002022,科华生物,6.12,6.36,6.52,5.98,6.05,24169513,150162394.87
2026-10-08,sz,002023,海特高新,9.25,9.31,9.47,9.05,9.13,11254413,104048742.34
2026-10-08,sz,002024,ST易购,1.16,1.15,1.16,1.14,1.15,18469400,21239027.0
2026-10-08,sz,002025,航天电器,67.01,67.02,68.18,62.88,64.5,9619458,625343455.48
2026-10-08,sz,002026,山东威达,10.98,10.98,11.12,10.8,10.93,6370500,69670049.0
2026-10-08,sz,002027,分众传媒,4.73,4.73,4.74,4.67,4.74,124335331,585604491.92
2026-10-08,sz,002028,思源电气,120.46,120.4,120.76,116.53,117.11,13174882,1555027211.17
2026-10-08,sz,002029,七 匹 狼,8.87,8.99,9.6,8.92,9.19,44010788,406698405.52
2026-10-08,sz,002030,达安基因,5.75,6.33,6.33,5.8,5.96,93784808,563622153.02
2026-10-08,sz,002031,巨轮智能,5.44,5.36,5.49,5.3,5.32,94191813,505998021.2
2026-10-08,sz,002032,苏 泊 尔,39.95,39.92,41.8,39.79,41.44,4531816,186269397.86
2026-10-08,sz,002033,丽江股份,8.21,8.21,8.23,8.14,8.16,8769128,71715008.76
2026-10-08,sz,002034,旺能环境,14.07,14.05,14.17,13.94,14.04,5446468,76675256.04
2026-10-08,sz,002035,华帝股份,4.77,4.77,4.78,4.67,4.7,17362653,82090571.54
2026-10-08,sz,002036,联创电子,5.97,5.97,6.05,5.78,5.83,20478184,120589609.01
2026-10-08,sz,002037,保利联合,6.77,6.71,6.89,6.68,6.76,4336200,29400537.0
2026-10-08,sz,002038,双鹭药业,5.75,5.82,5.85,5.57,5.62,23162650,131764293.5
2026-10-08,sz,002039,黔源电力,19.54,19.5,20.1,19.45,20.01,10504642,208837428.28
2026-10-08,sz,002040,南 京 港,8.72,8.76,9.2,8.73,8.94,19882730,179319877.7
2026-10-08,sz,002041,登海种业,10.23,10.5,10.66,10.05,10.13,46841917,480080174.43
2026-10-08,sz,002042,华孚时尚,3.59,3.62,3.66,3.55,3.58,24198168,87360848.38
2026-10-08,sz,002043,兔 宝 宝,12.02,11.67,11.94,11.55,11.8,25156950,295434164.86
2026-10-08,sz,002044,美年健康,4.54,4.61,4.68,4.49,4.52,67424176,308785551.41
2026-10-08,sz,002045,国光电器,8.57,8.58,8.66,8.3,8.39,11033326,93239888.96
2026-10-08,sz,002046,国机精工,59.75,59.6,60.5,56.61,58.0,10721694,622539840.5
2026-10-08,sz,002047,宝鹰股份,3.17,3.16,3.2,3.12,3.17,18540022,58367626.64
2026-10-08,sz,002048,宁波华翔,17.67,17.8,17.81,16.89,17.03,13052480,225170927.22
2026-10-08,sz,002049,紫光国微,57.88,57.9,58.31,56.03,56.14,10060219,574040270.28
2026-10-08,sz,002050,三花智控,35.71,35.5,35.82,33.74,33.94,52881405,1833464375.36
2026-10-08,sz,002051,中工国际,8.74,8.55,8.72,8.51,8.54,17313731,148852604.25
2026-10-08,sz,002052,同洲电子,7.98,7.99,8.08,7.74,7.81,5611910,44124344.2
2026-10-08,sz,002053,云南能投,9.52,9.54,9.68,9.51,9.64,7650268,73522947.44
2026-10-08,sz,002054,德美化工,7.07,7.07,7.16,7.03,7.07,6379800,45247851.0
2026-10-08,sz,002055,ST得润,6.43,6.44,6.56,6.25,6.27,10080218,64348358.79
2026-10-08,sz,002056,横店东磁,19.33,19.33,19.5,18.75,18.86,16166439,308048615.23
2026-10-08,sz,002057,中钢天源,8.77,8.8,8.96,8.75,8.82,9459205,83664259.35
2026-10-08,sz,002058,紫竹高科,20.2,22.22,22.22,21.42,22.22,4724400,104419028.0
2026-10-08,sz,002059,云南旅游,4.23,4.22,4.26,4.14,4.16,33039667,138190542.37
2026-10-08,sz,002060,广东建工,3.06,3.06,3.1,3.05,3.08,19182888,59165138.92
2026-10-08,sz,002061,浙江交科,3.35,3.35,3.38,3.34,3.36,20991221,70579644.88
2026-10-08,sz,002062,宏润建设,9.05,9.06,9.68,9.03,9.2,20256662,189128024.0
2026-10-08,sz,002063,远光软件,5.26,5.26,5.3,5.2,5.24,12962408,68059037.71
2026-10-08,sz,002064,华峰化学,9.65,9.75,10.02,9.58,9.77,41575348,410737858.91
2026-10-08,sz,002065,东华软件,6.5,6.5,6.58,6.39,6.41,18557514,120363519.11
2026-10-08,sz,002066,瑞泰科技,19.57,19.75,20.16,19.2,19.42,3387850,67079564.47
2026-10-08,sz,002067,景兴纸业,3.95,3.95,3.99,3.86,3.9,23378654,91548529.24
2026-10-08,sz,002068,黑猫股份,8.97,9.02,9.21,8.92,9.05,29942221,271718122.32
2026-10-08,sz,002069,獐子岛,3.65,3.65,3.71,3.63,3.65,9980450,36528702.5
2026-10-08,sz,002072,凯瑞德,7.03,7.1,7.21,6.93,7.04,6909800,48687617.0
2026-10-08,sz,002073,软控股份,5.68,5.69,5.75,5.61,5.66,10566000,60159297.0
2026-10-08,sz,002074,国轩高科,29.5,29.87,32.14,29.47,31.3,119387048,3666273461.18
2026-10-08,sz,002075,沙钢股份,3.52,3.52,3.6,3.48,3.52,24357529,86175282.86
2026-10-08,sz,002076,星光股份,2.11,2.11,2.15,2.07,2.1,26346900,55493917.55
2026-10-08,sz,002077,大港股份,13.68,13.56,13.91,13.08,13.19,33543528,449821479.92
2026-10-08,sz,002078,太阳纸业,13.7,13.71,13.83,13.53,13.64,16084827,219508152.0
2026-10-08,sz,002079,苏州固锝,8.43,8.46,8.58,8.21,8.28,18053483,151451333.62
2026-10-08,sz,002080,中材科技,54.15,54.45,55.6,51.5,52.01,42700242,2277108076.77
2026-10-08,sz,002081,金 螳 螂,4.77,4.8,4.97,4.71,4.76,165067394,796670394.09
2026-10-08,sz,002082,ST万邦,12.97,12.88,12.89,11.67,11.68,23386822,281472518.86
2026-10-08,sz,002083,孚日股份,9.6,9.49,9.89,9.49,9.72,29046301,281847207.18
2026-10-08,sz,002084,海鸥住工,5.74,5.7,5.81,5.44,5.54,44878533,251423808.82
2026-10-08,sz,002085,万丰奥威,9.32,9.33,9.47,9.18,9.22,15588426,145396304.28
2026-10-08,sz,002086,东方海洋,2.03,2.03,2.07,1.99,2.01,39225400,79501935.0
2026-10-08,sz,002088,鲁阳节能,8.1,8.13,8.25,8.03,8.11,2230656,18144726.12
2026-10-08,sz,002090,金智科技,8.94,8.92,9.08,8.91,9.04,4308132,38713354.14
2026-10-08,sz,002091,江苏国泰,7.57,7.55,7.68,7.54,7.64,8409965,64213512.3
2026-10-08,sz,002092,中泰化学,4.37,4.4,4.54,4.39,4.42,38374500,171260436.0
2026-10-08,sz,002093,国脉科技,7.76,7.72,7.76,7.08,7.11,35766064,263541763.79
2026-10-08,sz,002094,青岛金王,4.94,5.0,5.02,4.86,4.89,15008500,73995405.0
2026-10-08,sz,002095,生 意 宝,15.19,15.39,15.74,15.1,15.33,6827411,105335458.13
2026-10-08,sz,002096,易普力,9.11,9.06,9.25,9.04,9.16,3564321,32634812.8
2026-10-08,sz,002097,山河智能,6.8,6.8,6.89,6.69,6.75,9783918,66362446.92
2026-10-08,sz,002098,浔兴股份,8.21,8.2,8.48,8.16,8.41,5276400,44082185.0
2026-10-08,sz,002099,海翔药业,6.15,6.21,6.36,6.1,6.15,38574586,240416194.62
2026-10-08,sz,002100,天康生物,7.87,7.88,7.93,7.55,7.62,15715465,121313228.04
2026-10-08,sz,002101,广东鸿图,8.57,8.55,8.73,8.53,8.58,3885100,33444182.0
2026-10-08,sz,002102,ST能特,2.6,2.6,2.61,2.55,2.55,7106000,18263080.0
2026-10-08,sz,002103,广博股份,6.68,6.75,6.76,6.58,6.63,5088600,33806031.0
2026-10-08,sz,002104,恒宝股份,10.12,10.13,10.26,9.93,9.99,18510491,186367550.41
2026-10-08,sz,002105,信隆健康,6.05,6.03,6.17,5.97,6.17,7990900,48861751.8
2026-10-08,sz,002106,莱宝高科,11.9,11.91,12.25,11.55,11.73,28789832,340845246.59
2026-10-08,sz,002107,沃华医药,7.09,7.38,7.54,7.09,7.16,27884960,203167336.2
2026-10-08,sz,002108,沧州明珠,4.26,4.26,4.39,4.26,4.36,22139412,96143709.92
2026-10-08,sz,002109,ST兴化,2.8,2.79,2.91,2.79,2.86,7742900,22117481.0
2026-10-08,sz,002110,三钢闽光,2.93,2.92,3.0,2.88,2.91,29157900,85719973.0
2026-10-08,sz,002111,威海广泰,9.05,9.06,9.26,9.05,9.14,8544320,78378869.8
2026-10-08,sz,002112,三变科技,13.75,13.89,14.04,13.67,13.78,6099219,84480547.95
2026-10-08,sz,002114,罗平锌电,7.18,7.19,7.27,7.06,7.13,5179800,37100734.0
2026-10-08,sz,002115,三维通信,9.25,9.25,9.39,9.1,9.14,19379566,178886363.69
2026-10-08,sz,002116,中国海诚,7.2,7.2,7.28,7.14,7.15,3240400,23317203.4
2026-10-08,sz,002117,东港股份,7.79,7.8,7.91,7.72,7.78,5451500,42555572.0
2026-10-08,sz,002119,康强电子,25.8,26.06,26.8,24.84,25.07,63183849,1624125212.11
2026-10-08,sz,002120,韵达股份,6.82,6.82,6.85,6.73,6.79,28757348,195225677.95
2026-10-08,sz,002121,科陆电子,4.12,4.11,4.25,4.11,4.21,23012165,96749981.7
2026-10-08,sz,002122,ST汇洲,2.84,2.85,2.9,2.82,2.86,17029802,48700219.72
2026-10-08,sz,002123,梦网科技,7.54,7.57,7.61,7.33,7.4,11401188,84841863.68
2026-10-08,sz,002124,天邦食品,1.98,1.98,2.0,1.94,1.95,51392668,101285321.2
2026-10-08,sz,002125,湘潭电化,11.92,12.0,12.38,11.93,12.25,18415696,225279348.42
2026-10-08,sz,002126,银轮股份,33.95,33.9,34.28,32.55,32.94,17142878,570547747.93
2026-10-08,sz,002127,南极电商,2.97,2.96,2.99,2.9,2.92,37089959,109023669.23
2026-10-08,sz,002128,电投能源,27.9,27.92,28.36,27.62,28.15,14767533,413951894.07
2026-10-08,sz,002129,TCL中环,9.2,9.2,9.51,9.15,9.37,101269871,950599180.03
2026-10-08,sz,002130,沃尔核材,15.71,15.71,15.94,15.51,15.57,15970853,251288017.09
2026-10-08,sz,002131,利欧股份,4.2,4.21,4.23,4.1,4.12,142868719,594306400.15
2026-10-08,sz,002132,恒星科技,4.03,4.04,4.09,3.97,4.0,22705750,91364807.5
2026-10-08,sz,002133,广宇集团,2.94,2.93,3.01,2.93,2.99,30017460,89159082.6
2026-10-08,sz,002134,天津普林,23.69,23.79,24.81,22.31,22.66,15851500,369029909.0
2026-10-08,sz,002135,东南网架,5.93,5.92,6.24,5.9,6.14,19563200,119459064.0
2026-10-08,sz,002136,安 纳 达,11.75,11.85,12.3,11.76,12.2,7633866,92225045.88
2026-10-08,sz,002137,实益达,7.6,7.73,8.29,7.58,7.78,49427900,391007129.0
2026-10-08,sz,002138,顺络电子,48.24,48.68,50.78,47.48,48.09,27333136,1337711296.39
2026-10-08,sz,002139,拓邦股份,9.57,9.6,9.72,9.43,9.61,12759791,122261204.26
2026-10-08,sz,002140,东华科技,9.15,9.17,9.44,9.15,9.39,6849520,63859364.6
2026-10-08,sz,002141,贤丰控股,6.3,6.26,6.46,6.03,6.13,100006701,624939799.75
2026-10-08,sz,002142,宁波银行,35.43,35.4,35.99,35.22,35.68,26814289,957503958.99
2026-10-08,sz,002144,宏达高科,11.03,11.12,11.27,10.95,11.06,4282400,47574283.0
2026-10-08,sz,002145,钛能化学,4.59,4.6,4.67,4.54,4.67,59685850,275167147.85
2026-10-08,sz,002146,荣盛发展,1.31,1.3,1.32,1.25,1.26,230850206,297789430.7
2026-10-08,sz,002148,北纬科技,6.18,6.21,6.28,6.08,6.11,7972250,49094732.0
2026-10-08,sz,002149,西部材料,31.0,31.41,34.1,30.98,33.62,59858642,2007077251.78
2026-10-08,sz,002150,正泰电源,19.56,19.65,19.96,19.33,19.61,6271600,123061865.0
2026-10-08,sz,002151,北斗星通,27.82,27.9,28.98,27.87,28.21,15854741,451089433.6
2026-10-08,sz,002152,广电运通,8.95,8.97,8.99,8.78,8.8,13540600,120126483.0
2026-10-08,sz,002153,石基信息,7.37,7.37,7.43,7.17,7.19,12246042,89363723.88
2026-10-08,sz,002154,报 喜 鸟,3.85,3.84,3.87,3.78,3.8,28195815,107854308.85
2026-10-08,sz,002155,湖南黄金,23.2,22.74,23.11,22.58,22.76,24954109,570219054.07
2026-10-08,sz,002156,通富微电,56.9,57.71,58.13,55.38,55.93,51323281,2920248210.39
2026-10-08,sz,002157,正邦科技,2.92,2.93,2.95,2.87,2.88,107350023,312101272.99
2026-10-08,sz,002158,汉钟精机,24.31,24.54,24.94,23.77,24.03,6836114,166317950.1
2026-10-08,sz,002159,三特索道,13.31,13.28,13.38,13.07,13.2,2251400,29800952.0
2026-10-08,sz,002160,常铝股份,3.88,3.88,3.94,3.87,3.89,10796300,42096237.0
2026-10-08,sz,002161,远 望 谷,6.36,6.41,6.47,6.12,6.17,17691488,110794571.03
2026-10-08,sz,002162,悦心健康,4.19,4.32,4.37,4.18,4.23,32752330,140266261.7
2026-10-08,sz,002163,海南发展,7.51,7.54,7.78,7.39,7.46,22041047,166664487.38
2026-10-08,sz,002164,宁波东力,13.26,12.92,13.23,12.65,12.83,47371132,609854888.16
2026-10-08,sz,002165,红 宝 丽,6.8,6.86,7.06,6.86,6.98,42101605,293328874.76
2026-10-08,sz,002166,莱茵生物,6.8,7.01,7.1,6.9,6.96,21905220,153321403.98
2026-10-08,sz,002167,东方锆业,15.04,15.12,15.48,14.77,14.9,28157010,425392064.9
2026-10-08,sz,002168,ST惠程,3.56,3.56,3.58,3.51,3.52,2415900,8539043.0
2026-10-08,sz,002169,智光电气,12.43,12.65,13.13,12.33,12.4,20738406,261860314.46
2026-10-08,sz,002170,芭田股份,10.57,10.51,10.78,10.5,10.72,11428445,122054689.4
2026-10-08,sz,002171,楚江新材,9.81,9.81,9.97,9.6,9.69,26827648,262653536.15
2026-10-08,sz,002172,澳洋健康,5.43,5.59,5.76,5.41,5.66,184711604,1034874114.59
2026-10-08,sz,002173,创新医疗,17.26,17.85,17.99,17.1,17.1,15622160,272580018.42
2026-10-08,sz,002174,游族网络,13.19,13.2,13.3,12.55,12.62,32956718,422663033.72
2026-10-08,sz,002175,*ST东智,2.48,2.47,2.52,2.44,2.45,8611540,21375204.6
2026-10-08,sz,002176,江特电机,8.61,8.61,8.7,8.44,8.48,40826824,349544804.32
2026-10-08,sz,002177,御银股份,5.43,5.43,5.49,5.35,5.38,10547700,57145904.0
2026-10-08,sz,002178,延华智能,4.85,4.85,5.03,4.79,4.89,27479400,134515070.0
2026-10-08,sz,002179,中航光电,33.33,33.3,34.4,33.0,33.18,21444196,724112243.62
2026-10-08,sz,002180,奔图科技,16.14,16.14,16.87,15.74,16.83,15055408,245566862.35
2026-10-08,sz,002181,粤 传 媒,8.8,8.8,8.86,8.47,8.54,36892350,318138040.39
2026-10-08,sz,002182,宝武镁业,11.0,11.0,12.1,10.95,11.58,39973245,465811219.99
2026-10-08,sz,002183,怡 亚 通,4.18,4.16,4.27,4.15,4.2,34353100,144533769.0
2026-10-08,sz,002184,海得控制,9.8,9.91,10.01,9.75,9.84,3254400,32111827.0
2026-10-08,sz,002185,华天科技,16.46,16.59,16.83,15.91,16.03,144012484,2358424376.34
2026-10-08,sz,002186,全 聚 德,9.61,9.5,9.85,9.38,9.63,11600424,111243533.13
2026-10-08,sz,002187,广百股份,5.51,5.49,5.55,5.42,5.45,5696500,31167519.0
2026-10-08,sz,002188,中天服务,6.4,5.99,6.52,5.83,5.97,78019655,478218173.97
2026-10-08,sz,002189,中光学,19.21,18.83,19.12,18.31,18.43,3391688,63363775.32
2026-10-08,sz,002190,成飞集成,22.94,23.38,23.8,22.73,22.87,5211900,121329874.0
2026-10-08,sz,002191,劲嘉股份,3.5,3.5,3.52,3.45,3.46,8280100,28847255.0
2026-10-08,sz,002192,融捷股份,56.4,56.8,59.39,56.22,57.22,11402625,657906088.51
2026-10-08,sz,002193,ST如意,4.53,4.51,4.61,4.46,4.48,2028100,9173346.45
2026-10-08,sz,002194,武汉凡谷,9.69,9.87,10.08,9.65,9.72,20682533,204343578.84
2026-10-08,sz,002195,岩山科技,5.92,5.99,6.04,5.81,5.84,66939517,397065465.99
2026-10-08,sz,002196,方正电机,10.1,10.06,10.15,9.8,9.85,16439200,163467465.0
2026-10-08,sz,002197,证通电子,6.35,6.34,6.43,6.15,6.22,11206800,70280280.0
2026-10-08,sz,002198,ST嘉应,3.58,3.6,3.61,3.51,3.51,2663100,9473898.0
2026-10-08,sz,002199,东晶电子,11.12,11.34,11.58,10.98,11.1,3984899,44729552.56
2026-10-08,sz,002200,交投生态,6.86,6.8,6.96,6.63,6.69,4390200,29834427.0
2026-10-08,sz,002201,九鼎新材,9.1,9.23,9.25,8.86,8.95,17197168,155468687.73
2026-10-08,sz,002202,金风科技,17.22,16.85,17.12,16.66,16.68,65023913,1095174703.1
2026-10-08,sz,002203,海亮股份,17.32,17.32,17.5,16.63,16.82,13221639,225071815.56
2026-10-08,sz,002204,大连重工,5.33,5.33,5.44,5.32,5.39,27132185,146249571.82
2026-10-08,sz,002205,国统股份,12.16,12.26,12.44,11.76,12.08,16343051,197167832.63
2026-10-08,sz,002206,海 利 得,4.87,4.88,4.93,4.88,4.89,5795600,28467431.0
2026-10-08,sz,002207,*ST准油,5.33,5.35,5.49,5.33,5.41,5324300,28827580.0
2026-10-08,sz,002208,合肥城建,9.89,9.8,9.95,9.54,9.63,21706238,211780685.11
2026-10-08,sz,002209,达 意 隆,13.18,13.18,13.4,12.96,13.07,3348100,43984083.0
2026-10-08,sz,002210,飞马国际,2.08,2.09,2.13,2.07,2.08,43246100,90624118.0
2026-10-08,sz,002211,ST宏达,3.74,3.75,3.76,3.68,3.68,3198400,11882556.0
2026-10-08,sz,002212,天融信,7.21,7.18,7.18,6.83,6.87,81986792,571921379.79
2026-10-08,sz,002213,大为股份,26.7,26.98,27.18,25.88,26.07,7214902,191258273.54
2026-10-08,sz,002214,大立科技,17.65,17.65,17.73,17.03,17.08,5236500,90497962.0
2026-10-08,sz,002215,诺 普 信,9.31,9.29,9.46,9.29,9.35,9557200,89405284.0
2026-10-08,sz,002216,三全食品,11.5,11.49,11.64,11.49,11.63,4355063,50452790.01
2026-10-08,sz,002217,ST合力泰,1.53,1.53,1.56,1.52,1.54,77353600,119146337.0
2026-10-08,sz,002218,拓日新能,3.83,3.82,4.0,3.82,3.86,50741816,198503743.52
2026-10-08,sz,002219,新里程,2.1,2.12,2.14,2.03,2.04,84825500,176121509.0
2026-10-08,sz,002221,东华能源,5.61,5.64,5.87,5.62,5.74,19123689,110235021.64
2026-10-08,sz,002222,福晶科技,60.64,60.87,61.2,55.8,56.58,18058591,1046245670.81
2026-10-08,sz,002223,鱼跃医疗,26.27,26.41,26.59,25.79,25.95,9030817,235049637.33
2026-10-08,sz,002224,三 力 士,3.77,3.75,3.81,3.71,3.74,10447700,39228293.0
2026-10-08,sz,002225,濮耐股份,3.42,3.4,3.55,3.39,3.44,22246600,76996569.32
2026-10-08,sz,002226,江南化工,5.34,5.34,5.46,5.22,5.29,82568292,441044485.4
2026-10-08,sz,002227,*ST特迅,6.43,6.45,6.49,6.33,6.4,1179300,7572324.0
2026-10-08,sz,002228,合兴包装,3.23,3.22,3.28,3.2,3.22,19449782,62973119.22
2026-10-08,sz,002229,鸿博股份,10.05,10.12,10.23,9.86,9.94,14469839,145193642.16
2026-10-08,sz,002230,科大讯飞,37.22,37.22,37.59,36.85,36.89,14954893,555743315.2
2026-10-08,sz,002232,启明信息,16.48,16.4,16.56,16.0,16.09,16247369,263811538.28
2026-10-08,sz,002233,塔牌集团,6.86,6.87,7.14,6.81,7.1,25375154,178588791.47
2026-10-08,sz,002234,民和股份,7.92,7.95,8.02,7.78,7.8,4573900,36010260.0
2026-10-08,sz,002235,安妮股份,7.53,7.58,7.66,7.45,7.5,13317400,100378416.0
2026-10-08,sz,002236,大华股份,15.32,15.31,15.42,15.21,15.29,14483939,221860505.27
2026-10-08,sz,002237,恒邦股份,12.47,12.35,12.48,12.27,12.33,13864197,171553188.75
2026-10-08,sz,002238,天威视讯,7.08,7.01,7.37,6.84,6.9,44274172,310469044.69
2026-10-08,sz,002239,奥特佳,2.48,2.48,2.5,2.44,2.46,48127000,118770162.0
2026-10-08,sz,002240,盛新锂能,25.01,25.3,25.95,24.86,25.14,26184047,663387054.94
2026-10-08,sz,002241,歌尔股份,22.79,22.79,23.03,21.56,21.7,79454080,1759278060.08
2026-10-08,sz,002242,九阳股份,12.5,13.75,13.75,13.75,13.75,10995170,151183587.5
2026-10-08,sz,002243,力合科创,6.95,6.98,7.26,6.93,7.01,12676913,89948298.65
2026-10-08,sz,002244,滨江集团,10.14,10.05,10.5,9.77,10.21,103934764,1052680168.18
2026-10-08,sz,002245,蔚蓝锂芯,16.16,16.33,17.2,16.2,16.35,96611787,1616768678.78
2026-10-08,sz,002246,北化股份,25.41,25.5,25.51,24.31,24.51,20631724,513052030.55
2026-10-08,sz,002247,聚力文化,2.48,2.49,2.53,2.44,2.46,19689800,48674089.0
2026-10-08,sz,002248,华东数控,9.16,9.23,9.38,9.03,9.09,11127300,102076669.0
2026-10-08,sz,002249,大洋电机,6.41,6.41,6.47,6.29,6.3,21530424,136891318.0
2026-10-08,sz,002250,联化科技,14.24,14.26,14.53,14.25,14.43,9358353,134727948.2
2026-10-08,sz,002251,步步高,3.45,3.45,3.51,3.41,3.43,52432764,181005371.52
2026-10-08,sz,002252,上海莱士,5.32,5.33,5.39,5.03,5.06,128592217,662787577.03
2026-10-08,sz,002253,川大智胜,8.8,8.82,8.96,8.54,8.59,7394514,64374584.54
2026-10-08,sz,002254,泰和新材,11.35,11.5,11.77,11.37,11.48,13611667,157186018.84
2026-10-08,sz,002255,海陆重工,7.26,7.3,7.44,7.28,7.32,6555593,48229046.75
2026-10-08,sz,002256,兆新股份,3.12,3.13,3.18,3.12,3.15,24893400,78510238.0
2026-10-08,sz,002258,利尔化学,13.88,13.89,14.13,13.68,13.72,9524200,132094716.0
2026-10-08,sz,002259,升达林业,5.01,5.18,5.34,5.05,5.15,42015900,217968206.0
2026-10-08,sz,002261,拓维信息,23.72,23.73,24.65,23.45,24.02,30023226,721316450.69
2026-10-08,sz,002262,恩华药业,22.73,22.64,22.7,21.66,21.85,18543476,406961055.35
2026-10-08,sz,002263,大东南,3.19,3.2,3.28,3.2,3.26,51304800,166822965.25
2026-10-08,sz,002264,新 华 都,7.4,7.4,7.54,7.12,7.16,37580400,272902921.0
2026-10-08,sz,002265,建设工业,18.92,18.91,19.16,18.56,18.71,7320961,137854357.97
2026-10-08,sz,002266,浙富控股,4.63,4.64,4.9,4.62,4.86,122211173,591652169.41
2026-10-08,sz,002267,陕天然气,7.21,7.21,7.37,7.19,7.36,8168021,59853627.08
2026-10-08,sz,002268,电科网安,14.86,14.84,14.85,14.35,14.44,12415558,181272277.5
2026-10-08,sz,002269,美邦服饰,1.39,1.4,1.42,1.36,1.38,37304360,51717779.0
2026-10-08,sz,002270,华明装备,17.04,17.23,17.79,17.17,17.67,15906521,279740316.91
2026-10-08,sz,002271,东方雨虹,10.61,10.52,10.88,10.48,10.67,47580048,507678264.68
2026-10-08,sz,002272,川润股份,13.99,14.24,14.31,13.46,13.62,16247396,225380299.99
2026-10-08,sz,002273,水晶光电,24.4,24.39,24.69,22.96,23.15,68883786,1635580918.96
2026-10-08,sz,002274,华昌化工,5.81,5.83,5.94,5.8,5.87,14604206,85511813.52
2026-10-08,sz,002275,桂林三金,12.22,12.22,12.29,12.15,12.19,1347800,16483867.0
2026-10-08,sz,002276,万马股份,9.86,9.93,10.1,9.86,9.9,9856305,98412101.3
2026-10-08,sz,002277,友阿股份,4.81,4.9,5.09,4.78,4.79,25599126,124410593.72
2026-10-08,sz,002278,神开股份,7.97,7.93,8.12,7.9,8.01,12303282,98889497.28
2026-10-08,sz,002279,久其软件,6.54,6.53,6.59,6.42,6.46,14139191,91787471.67
2026-10-08,sz,002281,光迅科技,164.88,165.01,165.59,150.0,152.01,36751111,5731831989.55
2026-10-08,sz,002282,博深股份,6.06,6.09,6.15,6.0,6.03,4110300,25005566.0
2026-10-08,sz,002283,天润工业,7.52,7.5,7.8,7.46,7.77,30168503,231700617.34
2026-10-08,sz,002284,亚太股份,9.29,9.32,9.41,9.12,9.3,14683304,136188950.8
2026-10-08,sz,002285,世联行,3.02,2.87,3.32,2.85,3.21,354241169,1140776440.93
2026-10-08,sz,002286,保龄宝,8.32,8.4,8.56,8.35,8.45,17728800,149779453.0
2026-10-08,sz,002287,奇正藏药,19.38,19.48,19.61,19.28,19.34,1218354,23680316.71
2026-10-08,sz,002289,宇顺电子,33.2,33.83,35.39,32.0,32.65,4068900,136813500.0
2026-10-08,sz,002290,禾盛新材,68.08,67.3,68.08,63.18,63.91,6279010,410719691.93
2026-10-08,sz,002291,遥望科技,5.48,5.48,5.53,5.38,5.43,20290667,110280966.24
2026-10-08,sz,002292,奥飞娱乐,8.47,8.48,8.61,8.29,8.4,44015370,371879050.08
2026-10-08,sz,002293,罗莱生活,10.68,10.73,10.95,10.65,10.85,4667500,50435550.0
2026-10-08,sz,002294,信立泰,30.66,30.6,30.84,30.01,30.15,8890546,270593107.76
2026-10-08,sz,002295,精艺股份,9.77,9.82,10.1,9.65,9.71,6216075,61239711.5
2026-10-08,sz,002296,辉煌科技,9.42,9.37,9.51,9.25,9.31,7223800,67613289.0
2026-10-08,sz,002297,博云新材,19.7,19.67,19.98,19.0,19.18,42508729,827548856.19
2026-10-08,sz,002298,中电鑫龙,8.76,8.7,8.95,8.62,8.86,35901547,316184475.8
2026-10-08,sz,002299,圣农发展,15.6,15.57,15.82,15.57,15.68,6499100,102174525.79
2026-10-08,sz,002300,太阳电缆,7.68,7.64,7.98,7.61,7.96,39961850,314613265.28
2026-10-08,sz,002301,齐心集团,8.56,8.65,8.98,8.56,8.6,20836350,181654658.5
2026-10-08,sz,002302,西部建设,4.72,4.71,4.76,4.67,4.68,4236100,19973747.0
2026-10-08,sz,002303,美盈森,6.8,6.81,6.91,6.28,6.38,110033041,715038995.05
2026-10-08,sz,002304,洋河股份,37.25,37.1,37.19,36.87,37.02,4779554,176902201.78
2026-10-08,sz,002305,*ST南置,2.09,2.08,2.12,2.05,2.07,20567800,43029408.0
2026-10-08,sz,002306,ST云网,2.11,2.1,2.16,2.02,2.04,8261600,17279435.0
2026-10-08,sz,002307,北新路桥,2.97,2.95,2.98,2.91,2.93,17591660,51822602.0
2026-10-08,sz,002309,中利集团,2.79,2.78,2.84,2.77,2.8,48531902,136147080.6
2026-10-08,sz,002310,东方新能,2.23,2.22,2.26,2.19,2.22,61999714,137942432.36
2026-10-08,sz,002311,海大集团,42.0,42.0,42.2,41.45,41.96,4503382,188769267.13
2026-10-08,sz,002312,川发龙蟒,8.16,8.14,8.26,8.11,8.16,13081954,107049770.4
2026-10-08,sz,002313,日海智能,8.76,8.71,8.89,8.56,8.65,12027200,104670158.0
2026-10-08,sz,002314,南山控股,2.43,2.41,2.44,2.33,2.35,52763329,125837936.23
2026-10-08,sz,002315,焦点科技,24.81,24.82,25.0,24.09,24.15,5534792,134683953.82
2026-10-08,sz,002316,亚联发展,4.95,5.45,5.45,4.64,4.98,126749399,652297532.37
2026-10-08,sz,002317,众生药业,24.03,24.59,24.69,23.09,23.17,28200383,668405447.64
2026-10-08,sz,002318,久立特材,17.83,17.85,18.12,17.58,17.67,5463055,97570628.8
2026-10-08,sz,002319,乐通股份,10.14,10.08,10.27,9.88,10.0,5042100,50655399.0
2026-10-08,sz,002320,海峡股份,6.33,6.3,6.48,6.23,6.28,20582384,130836188.91
2026-10-08,sz,002321,华英农业,2.04,2.04,2.23,2.04,2.06,138140600,293789947.0
2026-10-08,sz,002322,理工能科,11.86,11.93,12.09,11.8,11.85,5484300,65452437.0
2026-10-08,sz,002323,*ST雅博,1.19,1.18,1.2,1.17,1.2,33431449,39705947.88
2026-10-08,sz,002324,普利特,8.78,8.89,9.04,8.66,8.74,20580280,182432223.28
2026-10-08,sz,002326,永太科技,16.47,16.4,17.04,16.3,16.61,21621765,361642009.33
2026-10-08,sz,002327,富安娜,6.13,6.14,6.19,6.11,6.18,5449500,33606564.0
2026-10-08,sz,002328,新朋股份,8.11,8.09,8.21,7.8,7.88,32995998,264018380.52
2026-10-08,sz,002329,皇氏集团,3.71,3.7,3.74,3.6,3.63,22377444,81663858.26
2026-10-08,sz,002330,得利斯,4.11,4.11,4.16,4.04,4.06,8213300,33556191.0
2026-10-08,sz,002331,皖通科技,6.85,6.86,6.95,6.74,6.79,5155800,35207484.0
2026-10-08,sz,002332,仙琚制药,8.64,8.7,8.76,8.62,8.64,9654670,83681790.3
2026-10-08,sz,002333,罗普斯金,5.47,5.48,5.51,5.37,5.39,6889100,37366039.0
2026-10-08,sz,002334,英威腾,6.39,6.39,6.49,6.34,6.36,6996288,44813075.96
2026-10-08,sz,002335,科华数据,29.93,30.0,30.52,28.71,28.95,19656481,578753152.36
2026-10-08,sz,002337,赛象科技,4.73,4.71,4.78,4.61,4.65,6478300,30346249.0
2026-10-08,sz,002338,奥普光电,41.91,42.1,42.41,39.01,39.54,5651500,228033766.35
2026-10-08,sz,002339,积成电子,7.15,7.14,7.52,7.11,7.23,22275253,162725774.65
2026-10-08,sz,002340,格林美,6.11,6.11,6.27,6.09,6.2,71815789,445431296.55
2026-10-08,sz,002342,巨力索具,8.25,8.28,8.86,8.28,8.46,167981799,1440522574.17
2026-10-08,sz,002343,慈文传媒,5.64,5.61,5.67,5.49,5.53,10910400,60676376.0
2026-10-08,sz,002344,海宁皮城,4.02,4.01,4.05,3.94,3.98,10935900,43530045.0
2026-10-08,sz,002345,潮宏基,8.3,8.3,8.49,8.26,8.45,12485665,104728310.0
2026-10-08,sz,002346,柘中股份,17.81,17.82,18.37,17.46,17.7,4542500,81259278.0
2026-10-08,sz,002347,泰尔股份,6.39,6.36,6.45,6.25,6.3,38464900,243474826.0
2026-10-08,sz,002348,高乐股份,10.65,10.65,10.7,10.11,10.25,9196885,95163487.7
2026-10-08,sz,002349,精华制药,8.55,8.59,9.3,8.54,8.72,93045921,820208407.58
2026-10-08,sz,002350,北京科锐,13.43,13.51,13.88,13.22,13.29,5167700,69849400.0
2026-10-08,sz,002351,漫步者,9.84,9.87,9.91,9.63,9.71,5741051,55953408.35
2026-10-08,sz,002352,顺丰控股,30.67,30.65,30.9,30.6,30.77,15344050,472274771.6
2026-10-08,sz,002353,杰瑞股份,110.22,110.22,113.08,108.08,109.55,14679855,1622744707.2
2026-10-08,sz,002354,天娱数科,7.16,7.2,7.24,6.96,7.0,98262952,694985136.14
2026-10-08,sz,002355,兴民智通,4.61,4.61,4.69,4.54,4.57,8998600,41350812.89
2026-10-08,sz,002356,鹏飞绿能,2.69,2.67,2.73,2.63,2.66,20401693,54560070.45
2026-10-08,sz,002357,富临运业,11.5,11.49,11.75,11.42,11.63,6459500,74817402.4
2026-10-08,sz,002358,森源电气,5.13,5.12,5.24,5.1,5.17,10652900,55285545.0
2026-10-08,sz,002360,ST同德,5.33,5.26,5.35,5.11,5.11,4431100,23027388.0
2026-10-08,sz,002361,神剑股份,9.58,9.77,10.54,9.59,10.1,178441356,1825605386.94
2026-10-08,sz,002362,汉王科技,15.77,15.73,15.88,15.3,15.45,4630761,72007644.82
2026-10-08,sz,002363,隆基机械,6.95,6.94,7.05,6.83,6.9,5450280,37737414.9
2026-10-08,sz,002364,中恒电气,32.14,32.43,32.78,30.93,31.27,13558485,429804608.0
2026-10-08,sz,002365,永安药业,13.48,13.49,13.64,13.03,13.12,16304000,216112987.0
2026-10-08,sz,002366,融发核电,5.49,5.56,5.93,5.55,5.68,38610592,220237119.03
2026-10-08,sz,002367,康力电梯,6.06,6.08,6.17,5.96,6.01,18138342,109653650.22
2026-10-08,sz,002368,太极股份,12.62,12.61,12.67,12.21,12.28,6788440,84161330.6
2026-10-08,sz,002369,卓翼科技,5.56,5.59,5.65,5.43,5.48,6766577,37318648.19
2026-10-08,sz,002370,亚太药业,5.16,5.23,5.26,5.06,5.09,13525800,69743174.47
2026-10-08,sz,002371,北方华创,615.97,625.77,634.41,595.0,600.32,7762069,4765038021.4
2026-10-08,sz,002372,伟星新材,8.74,8.79,8.97,8.68,8.92,21181401,187983121.19
2026-10-08,sz,002373,千方科技,7.35,7.35,7.4,7.14,7.18,13560415,98406348.7
2026-10-08,sz,002374,中锐股份,3.36,3.47,3.57,3.38,3.42,47048900,162638220.3
2026-10-08,sz,002375,亚厦股份,3.92,3.9,3.95,3.85,3.88,16149700,62919505.0
2026-10-08,sz,002376,新北洋,6.55,6.5,6.6,6.4,6.42,8082700,52374627.0
2026-10-08,sz,002377,国创高新,2.96,2.98,3.07,2.96,3.0,40869100,123070191.0
2026-10-08,sz,002378,章源钨业,21.13,20.97,21.33,20.65,20.81,12247295,256899256.48
2026-10-08,sz,002379,宏桥控股,16.28,16.22,16.77,16.08,16.38,20907791,344619313.76
2026-10-08,sz,002380,科远智慧,26.29,26.27,27.14,25.44,25.68,4036000,105718564.0
2026-10-08,sz,002381,双箭股份,5.64,5.63,5.7,5.57,5.62,3492800,19658996.0
2026-10-08,sz,002382,蓝帆医疗,6.32,6.56,6.88,6.42,6.58,56431343,372595241.07
2026-10-08,sz,002383,合众思壮,7.68,7.86,7.99,7.5,7.62,18855753,145465228.74
2026-10-08,sz,002384,东山精密,167.4,154.09,156.66,150.66,150.66,54062383,8202814550.51
2026-10-08,sz,002385,大北农,3.1,3.1,3.14,3.06,3.09,48598500,150560760.0
2026-10-08,sz,002386,天原股份,5.85,5.85,5.99,5.83,5.91,14505347,86086801.02
2026-10-08,sz,002387,维信诺,6.7,6.73,7.09,6.63,6.67,14341115,97657488.45
2026-10-08,sz,002389,航天彩虹,18.11,18.15,18.84,18.07,18.22,15749250,289439875.09
2026-10-08,sz,002390,信邦制药,2.96,2.97,3.02,2.93,2.94,22228200,66114135.0
2026-10-08,sz,002391,长青股份,5.14,5.15,5.25,5.13,5.21,7253858,37795250.34
2026-10-08,sz,002392,北京利尔,7.42,7.47,7.54,7.28,7.33,8011793,59345279.02
2026-10-08,sz,002393,力生制药,14.08,14.09,14.28,14.06,14.14,2182360,30917628.0
2026-10-08,sz,002394,联发股份,10.15,10.23,10.38,10.16,10.3,3632200,37340298.0
2026-10-08,sz,002395,双象股份,13.6,13.55,13.76,13.39,13.43,8273144,111981097.07
2026-10-08,sz,002396,星网锐捷,32.6,32.53,33.16,31.48,31.74,36171266,1161270855.14
2026-10-08,sz,002397,梦洁股份,3.59,3.59,3.67,3.56,3.58,10200300,36815337.0
2026-10-08,sz,002398,垒知集团,4.26,4.26,4.34,4.2,4.22,11141185,47470997.25
2026-10-08,sz,002399,海普瑞,9.85,9.99,10.0,9.7,9.75,4326820,42487569.91
2026-10-08,sz,002400,省广集团,6.36,6.33,6.38,6.18,6.23,42715759,267642441.48
2026-10-08,sz,002401,中远海科,12.06,12.08,12.2,11.97,12.0,1966560,23748917.6
2026-10-08,sz,002402,和而泰,17.62,17.63,18.05,17.35,17.52,18770130,330775728.06
2026-10-08,sz,002403,爱仕达,10.18,10.16,10.49,10.01,10.09,13633876,139236374.2
2026-10-08,sz,002404,嘉欣丝绸,5.79,5.79,5.84,5.74,5.77,5403900,31236603.0
2026-10-08,sz,002405,四维图新,5.91,5.91,5.97,5.84,5.9,23899749,141032028.19
2026-10-08,sz,002406,远东传动,6.42,6.42,6.49,6.29,6.34,9909534,63101849.89
2026-10-08,sz,002407,多氟多,29.49,29.5,30.71,29.4,30.05,60888718,1837110458.42
2026-10-08,sz,002408,齐翔腾达,5.22,5.24,5.36,5.2,5.29,19173455,101219505.63
2026-10-08,sz,002409,雅克科技,121.0,121.31,122.8,114.38,115.39,11926898,1405284054.31
2026-10-08,sz,002410,广联达,8.54,8.51,8.6,8.4,8.44,17343074,147462806.94
2026-10-08,sz,002412,汉森制药,9.07,9.24,9.29,8.9,8.98,33816316,306306684.15
2026-10-08,sz,002413,雷科防务,8.61,8.66,9.08,8.44,8.53,118503106,1031985522.44
2026-10-08,sz,002414,高德红外,11.18,11.22,11.34,11.13,11.2,29472940,331240954.76
2026-10-08,sz,002415,海康威视,32.46,32.57,33.12,32.55,33.0,53274562,1756013564.87
2026-10-08,sz,002416,爱施德,8.98,8.99,9.13,8.85,8.92,10191040,91588113.8
2026-10-08,sz,002418,康盛股份,4.37,4.42,4.51,4.26,4.31,46467400,202673857.0
2026-10-08,sz,002419,天虹股份,5.09,5.02,5.02,4.82,4.9,73612800,359967305.93
2026-10-08,sz,002420,毅昌科技,6.09,6.03,6.16,5.97,6.09,7503300,45732882.0
2026-10-08,sz,002421,达实智能,3.17,3.18,3.27,3.16,3.2,119823969,384284497.3
2026-10-08,sz,002422,科伦药业,40.85,40.84,40.88,38.35,38.75,22095124,870187747.23
2026-10-08,sz,002423,中粮资本,9.14,9.14,9.24,9.04,9.09,9481123,86597990.26
2026-10-08,sz,002424,ST百灵,4.69,4.65,4.76,4.65,4.67,9980446,46991290.66
2026-10-08,sz,002425,凯撒文化,3.09,3.08,3.11,2.98,3.01,25247700,76642727.0
2026-10-08,sz,002426,胜利精密,2.56,2.56,2.66,2.54,2.58,99289987,257163922.53
2026-10-08,sz,002427,尤夫股份,4.52,4.57,4.61,4.51,4.57,8855258,40506094.75
2026-10-08,sz,002428,云南锗业,86.87,88.01,91.08,84.13,85.71,38265805,3343092966.16
2026-10-08,sz,002429,兆驰股份,7.92,7.97,8.37,7.8,7.84,78277762,629380576.42
2026-10-08,sz,002430,杭氧股份,25.04,24.94,25.45,24.43,24.62,10417150,259094015.0
2026-10-08,sz,002431,ST棕榈,1.32,1.31,1.34,1.29,1.3,11846850,15570225.5
2026-10-08,sz,002432,九安医疗,60.39,60.95,60.98,58.13,58.73,11529946,685137386.07
2026-10-08,sz,002434,万里扬,6.17,6.2,6.3,6.08,6.14,13595460,83909196.8
2026-10-08,sz,002436,兴森科技,40.94,41.8,44.0,39.9,40.41,118965896,4972144293.51
2026-10-08,sz,002437,誉衡药业,3.65,3.75,3.78,3.5,3.53,260157421,937489575.17
2026-10-08,sz,002438,江苏神通,13.68,13.75,13.92,13.6,13.7,3852242,53082350.4
2026-10-08,sz,002439,启明星辰,14.68,14.6,14.65,14.16,14.27,24454776,351432873.16
2026-10-08,sz,002440,闰土股份,13.26,13.56,13.66,12.91,13.07,35540091,468858859.64
2026-10-08,sz,002441,众业达,8.25,8.27,8.39,8.25,8.35,5432280,45191575.34
2026-10-08,sz,002442,龙星科技,5.35,5.32,5.48,5.32,5.39,17051000,92108434.0
2026-10-08,sz,002443,金洲管道,12.67,12.58,12.97,12.27,12.45,23526965,296241136.4
2026-10-08,sz,002444,巨星科技,26.84,26.8,27.38,26.61,26.77,4974106,134315553.27
2026-10-08,sz,002445,中南文化,3.08,3.08,3.12,3.07,3.11,31706197,98228306.73
2026-10-08,sz,002446,盛路通信,7.58,7.65,7.78,7.46,7.52,18102418,137946569.18
2026-10-08,sz,002448,中原内配,10.9,10.8,11.0,10.57,10.62,11288600,121585393.0
2026-10-08,sz,002449,国星光电,6.55,6.49,6.66,6.39,6.45,7454980,48503980.4
2026-10-08,sz,002451,摩恩电气,7.69,7.7,7.83,7.67,7.74,8601639,66726626.69
2026-10-08,sz,002452,长高电气,11.37,11.43,11.67,11.29,11.38,7940677,91076183.52
2026-10-08,sz,002453,华软科技,4.79,4.75,4.93,4.71,4.75,40672564,195433989.64
2026-10-08,sz,002454,松芝股份,5.61,5.86,6.17,5.55,5.7,76948275,448118225.54
2026-10-08,sz,002455,百川股份,6.8,6.83,6.98,6.76,6.88,21782363,150222076.73
2026-10-08,sz,002456,欧菲光,6.49,6.47,6.64,6.36,6.39,67148490,433529813.9
2026-10-08,sz,002457,青龙管业,11.31,11.3,11.68,11.21,11.48,20056983,230763729.19
2026-10-08,sz,002458,益生股份,8.09,8.09,8.14,7.94,7.98,19647865,157791034.58
2026-10-08,sz,002459,晶澳科技,6.74,6.7,6.79,6.62,6.69,29450470,197424384.98
2026-10-08,sz,002460,赣锋锂业,43.43,43.2,45.16,43.05,44.21,44729247,1983007972.5
2026-10-08,sz,002461,珠江啤酒,8.39,8.5,8.69,8.32,8.65,8152255,69992500.65
2026-10-08,sz,002462,嘉事堂,12.26,12.25,12.39,12.1,12.14,2445500,29955097.0
2026-10-08,sz,002463,沪电股份,115.93,117.5,123.11,115.0,115.88,46138581,5494283299.05
2026-10-08,sz,002465,海格通信,9.89,9.9,10.25,9.9,10.02,57982471,585451342.06
2026-10-08,sz,002466,天齐锂业,40.25,40.44,41.64,40.05,40.69,27709059,1133949189.64
2026-10-08,sz,002467,二六三,4.88,4.88,5.16,4.84,5.15,127120579,641325241.63
2026-10-08,sz,002468,申通快递,14.6,14.62,15.01,14.6,14.86,15502884,229597868.64
2026-10-08,sz,002469,三维化学,6.06,6.05,6.24,6.04,6.23,8299300,51270993.0
2026-10-08,sz,002470,金正大,1.98,1.99,2.03,1.95,1.97,102049468,202661095.0
2026-10-08,sz,002471,中超控股,5.12,5.13,5.31,5.05,5.1,54445544,282557587.79
2026-10-08,sz,002472,双环传动,38.09,37.98,38.24,36.53,36.72,13899294,517751056.4
2026-10-08,sz,002474,榕基软件,6.38,6.4,6.48,6.19,6.25,23572938,148871490.5
2026-10-08,sz,002475,立讯精密,49.43,49.45,50.18,47.9,48.43,69467702,3403331514.42
2026-10-08,sz,002476,新叶股份,4.82,4.86,4.93,4.81,4.83,5787900,28221071.0
2026-10-08,sz,002478,常宝股份,6.28,6.28,6.41,6.22,6.28,12925599,81641475.6
2026-10-08,sz,002479,富春环保,5.78,5.81,6.04,5.78,6.01,18879250,112682592.5
2026-10-08,sz,002480,新筑股份,5.48,5.47,5.51,5.41,5.45,12552700,68471206.0
2026-10-08,sz,002481,双塔食品,4.28,4.29,4.39,4.26,4.35,12490300,54310074.0
2026-10-08,sz,002482,广田集团,1.4,1.4,1.47,1.38,1.4,124708961,178415439.81
2026-10-08,sz,002483,润邦股份,5.84,5.93,6.2,5.92,5.97,19685840,118598445.4
2026-10-08,sz,002484,江海股份,51.32,51.15,52.76,49.16,49.71,29125258,1476749484.15
2026-10-08,sz,002485,ST雪发,5.98,5.98,6.03,5.9,6.03,2349800,14035876.0
2026-10-08,sz,002486,嘉麟杰,2.66,2.65,2.72,2.63,2.68,22077500,58917916.0
2026-10-08,sz,002487,大金重工,46.29,45.83,49.4,44.91,48.61,91837310,4341799804.11
2026-10-08,sz,002488,金固股份,7.23,7.25,7.39,7.19,7.27,10876654,79168144.44
2026-10-08,sz,002489,浙江永强,2.88,2.91,2.92,2.81,2.84,25379300,72432640.0
2026-10-08,sz,002490,山东墨龙,6.91,6.93,7.6,6.93,7.6,67697423,499360190.88
2026-10-08,sz,002491,通鼎互联,20.04,20.15,21.19,19.5,19.78,108041893,2185354325.62
2026-10-08,sz,002492,恒基达鑫,6.36,6.36,6.43,6.21,6.27,5873657,36970181.68
2026-10-08,sz,002493,荣盛石化,13.33,13.51,13.93,13.4,13.49,57440298,786156905.16
2026-10-08,sz,002494,华斯股份,5.05,5.0,5.11,4.92,4.96,40361301,201619542.99
2026-10-08,sz,002495,佳隆股份,2.43,2.43,2.46,2.4,2.43,20521537,49786701.86
2026-10-08,sz,002496,辉丰股份,2.1,2.11,2.31,2.1,2.29,122054864,277002059.51
2026-10-08,sz,002497,雅化集团,15.7,15.71,16.1,15.57,15.72,27869520,440662821.25
2026-10-08,sz,002498,汉缆股份,6.11,6.17,6.19,6.06,6.12,28488884,174733244.33
2026-10-08,sz,002500,山西证券,5.18,5.18,5.2,5.09,5.12,18728592,96192465.62
2026-10-08,sz,002501,*ST利源,1.3,1.3,1.33,1.29,1.3,29612500,38713310.0
2026-10-08,sz,002506,协鑫集成,2.38,2.38,2.46,2.35,2.37,173407227,415645226.57
2026-10-08,sz,002507,涪陵榨菜,11.2,11.21,11.24,11.14,11.19,7173005,80238873.13
2026-10-08,sz,002508,老板电器,17.11,17.08,17.37,16.85,17.08,8160460,139712367.06
2026-10-08,sz,002510,天汽模,5.82,5.75,5.79,5.6,5.63,21392439,121591848.96
2026-10-08,sz,002511,中顺洁柔,6.99,6.99,7.04,6.88,6.92,7863406,54637466.58
2026-10-08,sz,002512,ST达华,3.76,3.77,3.91,3.59,3.82,34803300,130447906.0
2026-10-08,sz,002513,蓝丰生化,5.86,5.56,5.85,5.51,5.56,45199053,256027454.32
2026-10-08,sz,002514,*ST宝馨,2.41,2.46,2.57,2.43,2.44,27822050,69499961.5
2026-10-08,sz,002515,金字火腿,7.05,7.05,7.07,6.75,6.82,45947056,315124301.56
2026-10-08,sz,002516,旷达科技,5.53,5.53,5.56,5.39,5.44,14042700,76716701.0
2026-10-08,sz,002517,恺英网络,16.01,16.09,16.19,15.6,15.69,25988520,411255242.24
2026-10-08,sz,002518,科士达,34.05,34.45,36.24,32.5,32.93,17109900,582925082.3
2026-10-08,sz,002519,银河电子,5.57,5.6,5.76,5.46,5.51,34632000,194133771.0
2026-10-08,sz,002520,日发精机,6.27,6.22,6.33,6.07,6.13,24077650,148585041.5
2026-10-08,sz,002521,齐峰新材,6.19,6.19,6.27,6.15,6.19,2474400,15341279.0
2026-10-08,sz,002522,浙江众成,5.26,5.31,5.43,5.22,5.27,27168195,145045978.85
2026-10-08,sz,002523,天桥起重,3.4,3.42,3.45,3.38,3.4,18562701,63354896.41
2026-10-08,sz,002524,光正眼科,4.13,4.17,4.19,4.02,4.06,15535300,63623130.0
2026-10-08,sz,002526,山东矿机,2.59,2.59,2.63,2.56,2.57,16447760,42673002.4
2026-10-08,sz,002527,新时达,10.59,10.65,10.8,10.28,10.35,4878654,51207456.91
2026-10-08,sz,002528,*ST英飞,6.17,6.18,6.33,6.03,6.08,16521900,101582388.0
2026-10-08,sz,002529,海源复材,6.75,6.82,6.93,6.73,6.86,4061800,27705596.0
2026-10-08,sz,002530,金财互联,7.02,7.06,7.08,6.86,6.91,6612292,45899142.72
2026-10-08,sz,002531,天顺风能,7.98,7.9,8.4,7.8,8.35,179744215,1462713455.07
2026-10-08,sz,002532,天山铝业,12.18,12.12,12.37,12.02,12.17,48750987,594914092.36
2026-10-08,sz,002533,金杯电工,10.79,10.8,10.96,10.7,10.87,3101000,33721661.0
2026-10-08,sz,002534,西子洁能,17.1,17.1,17.85,17.01,17.36,12114800,211139539.8
2026-10-08,sz,002535,林州重机,2.47,2.49,2.54,2.42,2.45,14068700,34685147.0
2026-10-08,sz,002536,飞龙股份,45.38,43.23,46.34,42.0,42.77,41845931,1839486263.42
2026-10-08,sz,002537,海联金汇,5.66,5.65,5.69,5.53,5.57,13385800,75016942.0
2026-10-08,sz,002538,ST司特,6.75,6.72,6.74,6.6,6.65,9356540,62270072.4
2026-10-08,sz,002539,云图控股,11.75,11.74,11.97,11.74,11.79,8798552,104125053.58
2026-10-08,sz,002540,亚太科技,4.99,5.01,5.13,4.98,5.1,11325353,57683320.19
2026-10-08,sz,002541,鸿路钢构,18.36,18.52,18.88,18.1,18.25,10596289,196286328.04
2026-10-08,sz,002542,*ST中岩,1.64,1.63,1.67,1.6,1.6,10599500,17311278.0
2026-10-08,sz,002543,万和电气,7.26,7.26,7.49,7.22,7.47,13659205,101258766.41
2026-10-08,sz,002544,普天科技,15.17,15.24,15.96,15.05,15.29,13476763,209301543.36
2026-10-08,sz,002545,东方铁塔,13.85,13.98,14.29,13.87,14.0,14721852,207033020.2
2026-10-08,sz,002546,新联电子,7.34,7.31,7.45,7.31,7.36,6492415,47972349.7
2026-10-08,sz,002547,*ST春兴,2.58,2.84,2.84,2.67,2.73,73566841,203917782.11
2026-10-08,sz,002548,金新农,3.94,3.94,3.98,3.81,3.85,18185830,70647120.9
2026-10-08,sz,002549,凯美特气,12.29,12.3,12.57,12.18,12.27,9628053,119093521.72
2026-10-08,sz,002550,千红制药,6.59,6.63,6.66,6.46,6.51,16096600,105249393.0
2026-10-08,sz,002551,尚荣医疗,3.41,3.45,3.48,3.34,3.38,21506538,73245489.02
2026-10-08,sz,002552,宝鼎科技,44.39,44.2,45.73,43.0,43.45,10818000,478627492.0
2026-10-08,sz,002553,南方精工,16.97,16.98,17.2,16.25,16.33,20586727,342687715.94
2026-10-08,sz,002554,惠博普,2.71,2.71,2.76,2.7,2.74,13712400,37454969.0
2026-10-08,sz,002555,三七互娱,17.2,17.21,17.21,16.81,16.83,15901400,270513972.26
2026-10-08,sz,002556,辉隆股份,5.06,5.05,5.34,5.05,5.16,13004436,67244037.2
2026-10-08,sz,002557,洽洽食品,18.34,18.3,18.64,18.15,18.62,6857468,126800660.97
2026-10-08,sz,002558,巨人网络,22.5,22.49,22.76,21.82,21.94,34492137,768299542.71
2026-10-08,sz,002559,亚威股份,8.54,8.54,8.64,8.26,8.3,14936250,125712456.0
2026-10-08,sz,002560,通达股份,6.29,6.39,6.63,6.33,6.4,52664408,340649698.35
2026-10-08,sz,002561,徐家汇,7.31,7.32,7.41,7.19,7.23,4721020,34309057.57
2026-10-08,sz,002562,兄弟科技,4.93,4.93,5.04,4.86,4.92,20400650,100992887.5
2026-10-08,sz,002563,森马服饰,5.45,5.45,5.51,5.39,5.48,16938872,92212259.12
2026-10-08,sz,002564,天沃科技,5.18,5.2,5.44,5.12,5.27,46583400,245602843.0
2026-10-08,sz,002565,顺灏股份,8.44,8.48,9.28,8.43,9.28,170589398,1557861795.94
2026-10-08,sz,002566,益盛药业,7.06,7.08,7.52,6.94,7.03,12845299,91409705.32
2026-10-08,sz,002567,唐人神,3.7,3.69,3.71,3.57,3.62,19411973,70539676.37
2026-10-08,sz,002568,百润股份,19.49,19.28,19.81,19.21,19.58,13658301,267477097.15
2026-10-08,sz,002569,*ST步森,12.06,11.93,12.09,11.6,11.6,1434300,16907880.0
2026-10-08,sz,002570,贝因美,4.42,4.41,4.45,4.36,4.38,17222970,75772940.97
2026-10-08,sz,002571,德力股份,10.42,10.42,10.46,10.15,10.2,3375900,34714054.0
2026-10-08,sz,002572,索菲亚,7.72,7.7,7.71,7.41,7.49,14808300,111467934.0
2026-10-08,sz,002573,清新环境,3.14,3.13,3.17,3.11,3.13,10045200,31598235.0
2026-10-08,sz,002574,明牌珠宝,4.98,4.99,5.05,4.93,4.97,4655400,23158789.0
2026-10-08,sz,002575,群兴玩具,5.0,4.92,5.05,4.87,4.95,21164791,104934492.71
2026-10-08,sz,002576,通达动力,14.38,14.36,14.75,14.28,14.67,3482600,50807142.0
2026-10-08,sz,002577,雷柏科技,20.68,20.85,21.11,20.47,20.7,5095700,105586892.82
2026-10-08,sz,002578,闽发铝业,4.14,4.14,4.15,4.03,4.12,19359000,79196383.0
2026-10-08,sz,002579,中京电子,16.88,16.96,17.47,16.23,16.4,58145182,975603560.32
2026-10-08,sz,002580,圣阳股份,19.52,19.33,21.47,19.06,21.36,121625544,2546677482.14
2026-10-08,sz,002581,*ST未名,5.1,5.39,5.49,5.1,5.15,8707500,46296057.0
2026-10-08,sz,002582,好想你,9.39,9.34,9.57,9.3,9.48,8529100,80439116.53
2026-10-08,sz,002583,海能达,8.07,7.98,8.05,7.77,7.78,34784402,274522857.14
2026-10-08,sz,002584,西陇科学,8.79,8.8,9.13,8.8,8.96,78566150,705972737.6
2026-10-08,sz,002585,双星新材,10.35,10.81,11.05,10.38,10.49,91196085,973062340.28
2026-10-08,sz,002586,围海股份,3.62,3.64,3.68,3.45,3.54,8167200,28967857.0
2026-10-08,sz,002587,奥拓电子,5.29,5.25,5.34,5.2,5.23,8796776,46280748.96
2026-10-08,sz,002588,史丹利,7.45,7.44,7.52,7.43,7.48,5874500,43903728.0
2026-10-08,sz,002589,瑞康医药,3.27,3.35,3.38,3.19,3.23,74304411,242610023.6
2026-10-08,sz,002590,万安科技,9.55,9.6,9.82,9.42,9.55,7453274,71700429.78
2026-10-08,sz,002591,恒大高新,6.51,6.52,6.72,6.47,6.6,11486200,75870480.0
2026-10-08,sz,002592,ST八菱,6.25,6.23,6.28,6.11,6.14,1600200,9908296.0
2026-10-08,sz,002593,日上集团,4.57,4.56,4.64,4.52,4.54,8703100,39821947.0
2026-10-08,sz,002594,比亚迪,83.31,82.98,83.19,81.51,81.72,24840572,2039984055.34
2026-10-08,sz,002595,豪迈科技,38.4,38.52,39.18,38.2,38.89,2850745,110815922.32
2026-10-08,sz,002596,海南瑞泽,3.22,3.23,3.27,3.14,3.17,14087199,45136788.8
2026-10-08,sz,002597,金禾实业,21.23,21.35,22.1,21.33,21.58,3734466,80902554.76
2026-10-08,sz,002598,ST章鼓,6.81,6.81,6.92,6.81,6.89,1996984,13740137.08
2026-10-08,sz,002599,盛通股份,5.5,5.5,5.56,5.41,5.47,4405200,24118968.0
2026-10-08,sz,002600,领益智造,11.88,11.85,11.93,11.41,11.42,59841117,695372580.34
2026-10-08,sz,002601,龙佰集团,14.71,14.78,14.97,14.67,14.77,8843316,131142802.68
2026-10-08,sz,002602,世纪华通,13.8,13.86,14.01,13.25,13.3,63496386,861093300.28
2026-10-08,sz,002603,以岭药业,15.35,15.56,15.7,15.33,15.39,13306400,206265178.0
2026-10-08,sz,002605,姚记科技,16.47,16.45,16.52,16.16,16.22,3096200,50408031.0
2026-10-08,sz,002606,大连电瓷,11.95,12.0,12.56,11.99,12.21,14460784,177805304.13
2026-10-08,sz,002607,中公教育,1.85,1.85,1.88,1.83,1.84,104673384,193804480.08
2026-10-08,sz,002608,江苏国信,7.34,7.36,7.55,7.36,7.54,16406485,123035413.72
2026-10-08,sz,002609,捷顺科技,7.87,7.82,7.94,7.75,7.81,5065943,39686529.4
2026-10-08,sz,002611,东方精工,13.98,13.84,14.04,13.54,13.61,15817248,217714771.26
2026-10-08,sz,002612,朗姿股份,16.72,16.79,16.85,16.33,16.52,6114972,100897855.52
2026-10-08,sz,002613,北玻股份,3.35,3.35,3.4,3.3,3.32,21294345,71307478.95
2026-10-08,sz,002614,奥佳华,7.76,7.61,8.45,7.32,8.34,96549923,780647188.58
2026-10-08,sz,002615,哈尔斯,6.23,6.12,6.35,5.95,6.29,28045191,171476549.91
2026-10-08,sz,002616,长青集团,4.84,4.84,4.94,4.82,4.93,10012190,49124225.0
2026-10-08,sz,002617,露笑科技,6.9,6.97,7.09,6.91,7.04,115033441,805332662.0
2026-10-08,sz,002620,*ST瑞和,5.34,5.39,5.46,5.1,5.17,5617800,29422809.0
2026-10-08,sz,002622,皓宸医疗,2.53,2.6,2.66,2.42,2.45,68718000,174609605.0
2026-10-08,sz,002623,亚玛顿,17.99,17.99,18.34,17.68,17.91,6586001,118382324.72
2026-10-08,sz,002624,完美世界,9.71,9.71,9.74,9.49,9.56,27495439,263794925.67
2026-10-08,sz,002625,光启技术,23.57,23.77,24.18,23.01,23.15,21421693,503236078.35
2026-10-08,sz,002626,金达威,16.13,16.23,16.29,15.5,15.65,4430800,69766858.0
2026-10-08,sz,002627,三峡旅游,6.55,6.52,6.58,6.42,6.48,7407340,48162579.34
2026-10-08,sz,002628,成都路桥,4.82,4.84,5.12,4.8,4.85,22612664,111723442.4
2026-10-08,sz,002629,仁智股份,4.39,4.4,4.57,4.4,4.47,12052524,53871530.8
2026-10-08,sz,002630,*ST华西,1.43,1.38,1.57,1.38,1.57,45164216,67503560.36
2026-10-08,sz,002631,德尔未来,13.48,13.67,13.87,12.3,12.53,43916872,563450636.6
2026-10-08,sz,002632,道明光学,8.94,9.09,9.09,8.64,8.67,14991800,132036047.05
2026-10-08,sz,002633,申科股份,15.23,15.24,15.53,14.91,15.05,4660300,70605418.96
2026-10-08,sz,002634,*ST棒杰,3.92,3.92,3.96,3.84,3.88,3829700,14922929.0
2026-10-08,sz,002635,安洁科技,14.12,14.4,14.43,13.58,13.73,26741046,373710128.34
2026-10-08,sz,002636,金安国纪,79.45,80.0,82.72,78.75,79.63,33178526,2677211513.6
2026-10-08,sz,002637,赞宇科技,10.37,10.43,10.56,10.28,10.35,12632900,131402070.01
2026-10-08,sz,002638,勤上股份,4.77,4.86,4.96,4.67,4.72,38438860,183659722.8
2026-10-08,sz,002639,雪人集团,13.59,13.69,14.56,13.64,14.06,73979401,1048035099.04
2026-10-08,sz,002640,跨境通,3.91,3.81,3.87,3.67,3.7,251380992,942116134.38
2026-10-08,sz,002641,公元股份,3.8,3.79,3.84,3.79,3.8,6854760,26145884.0
2026-10-08,sz,002642,荣联科技,6.92,6.94,6.99,6.78,6.84,6687100,45995130.0
2026-10-08,sz,002643,万润股份,12.52,12.54,12.75,12.1,12.2,15935800,197456297.0
2026-10-08,sz,002644,佛慈制药,8.26,8.29,8.39,8.15,8.19,4143700,34243158.0
2026-10-08,sz,002645,华宏科技,16.85,16.76,17.25,16.63,16.78,14980826,253350953.62
2026-10-08,sz,002646,天佑德酒,7.14,7.11,7.28,7.02,7.16,9726202,69466917.77
2026-10-08,sz,002647,仁东控股,11.08,11.2,11.87,11.1,11.57,41091700,477974576.0
2026-10-08,sz,002648,卫星化学,26.51,27.0,27.76,26.7,27.36,39052125,1071108815.55
2026-10-08,sz,002649,博彦科技,9.14,9.17,9.19,8.93,8.98,5859600,52955577.0
2026-10-08,sz,002650,ST加加,6.44,6.43,6.43,6.18,6.23,3991400,25044829.0
2026-10-08,sz,002651,利君股份,7.89,7.92,8.05,7.77,7.84,7226100,57120115.0
2026-10-08,sz,002652,扬子新材,4.42,4.46,4.51,4.31,4.37,12278200,53709970.0
2026-10-08,sz,002653,海思科,62.18,62.18,62.97,58.8,59.41,6311833,377337435.56
2026-10-08,sz,002654,万润科技,12.24,12.3,12.41,11.73,11.84,26561210,320192427.3
2026-10-08,sz,002655,共达电声,32.54,33.03,33.15,30.53,31.07,20557501,648547061.09
2026-10-08,sz,002656,摩登大道,2.83,2.83,2.86,2.75,2.8,13986328,39179633.68
2026-10-08,sz,002657,中科金财,14.6,14.6,14.8,14.21,14.36,5469400,78982735.0
2026-10-08,sz,002658,雪迪龙,7.13,7.13,7.2,7.1,7.12,2760200,19716867.0
2026-10-08,sz,002659,凯文教育,4.7,4.7,4.77,4.63,4.66,9023900,42324486.0
2026-10-08,sz,002660,茂硕电源,7.97,7.87,8.06,7.73,7.79,6659100,52305861.0
2026-10-08,sz,002661,克明食品,7.56,7.57,7.68,7.51,7.58,4352400,32978437.0
2026-10-08,sz,002662,峰璟股份,3.12,3.13,3.18,3.1,3.12,10244000,32115334.0
2026-10-08,sz,002663,普邦股份,1.75,1.75,1.77,1.7,1.72,32170800,55717274.06
2026-10-08,sz,002664,信质集团,14.31,14.31,14.48,13.97,14.12,3856894,54496534.82
2026-10-08,sz,002666,德联集团,4.21,4.23,4.29,4.16,4.19,8713400,36764060.0
2026-10-08,sz,002668,TCL智家,8.66,8.67,8.82,8.54,8.72,7078128,61547458.76
2026-10-08,sz,002669,康达新材,13.73,13.65,15.1,13.65,14.7,54034547,800497970.9
2026-10-08,sz,002670,国盛证券,11.18,11.16,11.24,10.78,10.85,14654476,160528987.6
2026-10-08,sz,002671,龙泉股份,4.06,4.06,4.13,3.99,4.02,8045400,32605612.0
2026-10-08,sz,002672,东江环保,3.7,3.7,3.94,3.65,3.83,36735400,139004219.0
2026-10-08,sz,002673,西部证券,6.59,6.57,6.64,6.48,6.51,17354781,113671478.46
2026-10-08,sz,002674,兴业科技,19.82,20.0,21.45,20.0,20.28,16235901,337115203.21
2026-10-08,sz,002675,东诚药业,12.9,13.0,13.13,12.6,12.63,8736660,111165532.8
2026-10-08,sz,002676,顺威股份,5.16,5.18,5.39,5.17,5.28,13132000,69485265.29
2026-10-08,sz,002677,浙江美大,6.13,6.19,6.25,6.0,6.07,6485400,39592444.0
2026-10-08,sz,002678,珠江钢琴,4.42,4.43,4.47,4.34,4.4,6379400,28074318.0
2026-10-08,sz,002679,福建金森,11.65,11.51,11.96,11.29,11.52,22879922,266985323.48
2026-10-08,sz,002681,奋达科技,4.44,4.46,4.5,4.33,4.36,27401027,120485664.45
2026-10-08,sz,002682,龙洲股份,4.88,4.9,5.04,4.82,4.9,16330750,80575754.0
2026-10-08,sz,002683,广东宏大,27.86,28.02,28.45,27.53,27.84,4724763,132261077.99
2026-10-08,sz,002685,华东重机,5.17,5.2,5.37,5.15,5.16,24263023,127041451.04
2026-10-08,sz,002686,亿利达,6.08,6.09,6.27,6.02,6.26,10440890,64212933.65
2026-10-08,sz,002687,乔治白,5.58,5.93,6.14,5.93,6.14,21152965,128882316.37
2026-10-08,sz,002688,金河生物,5.2,5.31,5.55,5.19,5.21,20137478,107553696.76
2026-10-08,sz,002689,ST远智,2.93,2.93,2.99,2.92,2.95,6396573,18958297.15
2026-10-08,sz,002690,美亚光电,15.43,15.5,15.57,15.25,15.28,3492531,53723471.42
2026-10-08,sz,002691,*ST冀凯,3.96,3.96,4.07,3.96,4.0,1864300,7505326.0
2026-10-08,sz,002692,远程股份,4.22,4.23,4.39,4.21,4.33,13549800,58741452.0
2026-10-08,sz,002693,双成药业,9.22,9.26,9.4,9.02,9.1,14882700,136493434.0
2026-10-08,sz,002694,*ST顾地,2.76,2.77,2.8,2.64,2.74,9704800,26237295.0
2026-10-08,sz,002695,煌上煌,10.78,10.78,10.82,10.49,10.64,12591311,133873966.5
2026-10-08,sz,002696,百洋股份,6.58,6.62,6.91,6.59,6.65,18745000,125707967.0
2026-10-08,sz,002697,红旗连锁,4.73,4.72,4.75,4.66,4.71,12096016,56890355.52
2026-10-08,sz,002698,博实股份,11.1,11.1,11.25,10.98,11.05,5267356,58518758.56
2026-10-08,sz,002700,万憬能源,6.34,6.34,6.59,6.34,6.48,5748000,37060286.0
2026-10-08,sz,002701,奥瑞金,4.32,4.32,4.37,4.24,4.33,17933600,77497567.0
2026-10-08,sz,002702,海欣食品,5.38,5.41,5.92,5.36,5.92,66024410,371309037.78
2026-10-08,sz,002703,浙江世宝,15.65,15.46,16.16,15.02,16.05,44515309,701463701.42
2026-10-08,sz,002705,新宝股份,11.62,11.64,11.86,11.51,11.59,8678600,101272864.0
2026-10-08,sz,002706,良信股份,8.34,8.34,8.48,8.24,8.31,12826835,107121894.41
2026-10-08,sz,002707,众信旅游,5.03,5.03,5.04,4.88,4.9,13475400,66691484.0
2026-10-08,sz,002708,光洋股份,17.43,17.77,17.77,16.12,16.26,42807118,714978005.78
2026-10-08,sz,002709,天赐材料,31.2,31.21,33.4,31.15,32.69,85430042,2786100524.76
2026-10-08,sz,002712,思美传媒,5.0,4.99,5.01,4.84,4.9,13201600,64938340.0
2026-10-08,sz,002713,东易日盛,9.8,9.79,9.85,9.44,9.59,11163561,107690076.57
2026-10-08,sz,002714,牧原股份,42.45,42.21,42.4,41.06,41.13,25530652,1063666664.32
2026-10-08,sz,002715,登云股份,13.28,13.29,13.48,12.81,13.12,2418100,31830530.0
2026-10-08,sz,002716,湖南白银,8.77,8.5,8.78,8.5,8.6,68523324,592517857.87
2026-10-08,sz,002717,*ST岭南,0.62,0.56,0.56,0.56,0.56,2148300,1203048.0
2026-10-08,sz,002718,友邦吊顶,79.57,79.57,82.99,78.12,82.31,1167800,95444923.0
2026-10-08,sz,002719,ST麦趣,6.18,6.19,6.35,6.18,6.22,2387800,14924222.0
2026-10-08,sz,002721,金一文化,2.59,2.58,2.61,2.53,2.55,37660700,96600697.0
2026-10-08,sz,002722,物产金轮,13.13,13.2,13.38,13.12,13.22,2582205,34229795.8
2026-10-08,sz,002723,小崧股份,7.31,7.37,7.41,7.07,7.11,9581700,68911600.66
2026-10-08,sz,002724,海洋王,6.98,7.08,7.32,6.86,6.95,29368719,207503185.5
2026-10-08,sz,002725,跃岭股份,10.81,10.89,11.07,10.54,10.65,2710171,29097789.76
2026-10-08,sz,002726,ST龙大,2.22,2.28,2.34,2.21,2.22,40817080,92826982.11
2026-10-08,sz,002727,一心堂,10.72,10.79,10.85,10.67,10.75,3515700,37840828.0
2026-10-08,sz,002728,特一药业,9.91,10.13,10.6,9.79,9.94,46779680,472823155.02
2026-10-08,sz,002729,好利科技,13.63,13.63,13.98,13.35,13.41,4145321,56488858.75
2026-10-08,sz,002730,电光科技,20.55,20.56,20.66,19.4,19.75,7772500,154351521.0
2026-10-08,sz,002732,燕塘乳业,14.27,14.2,14.76,14.16,14.35,2856700,41150379.0
2026-10-08,sz,002733,雄韬股份,17.17,17.36,18.89,17.2,18.89,16285069,304284347.51
2026-10-08,sz,002734,利民股份,18.53,18.54,18.81,17.7,17.92,17968382,325106297.0
2026-10-08,sz,002735,王子新材,10.7,10.91,11.29,10.6,10.67,19426128,212028037.73
2026-10-08,sz,002736,国信证券,9.8,9.78,9.85,9.65,9.7,15150924,147425288.58
2026-10-08,sz,002737,葵花药业,11.4,11.44,11.5,11.21,11.28,3556837,40316728.14
2026-10-08,sz,002738,中矿资源,42.5,42.99,43.0,40.92,41.34,21353614,894273927.05
2026-10-08,sz,002739,儒意电影,8.22,8.06,8.13,7.95,7.99,45916782,368920650.23
2026-10-08,sz,002741,光华科技,24.91,24.39,24.79,23.5,23.73,33697007,810792697.29
2026-10-08,sz,002742,冀衡医药,4.16,4.18,4.24,4.07,4.09,18237600,75448952.0
2026-10-08,sz,002743,ST富煌,4.43,4.48,4.59,4.38,4.38,10045000,44940090.0
2026-10-08,sz,002745,木林森,11.56,11.57,11.83,11.01,11.09,44605669,506062335.35
2026-10-08,sz,002746,仙坛股份,6.22,6.22,6.27,6.18,6.21,9888140,61374493.0
2026-10-08,sz,002747,埃斯顿,28.22,28.13,28.14,26.72,26.86,27419925,747959424.6
2026-10-08,sz,002748,世龙实业,12.09,12.22,12.65,12.01,12.45,6980000,86754437.0
2026-10-08,sz,002749,国光股份,8.51,8.49,8.56,8.45,8.51,1422040,12078946.6
2026-10-08,sz,002752,昇兴股份,6.09,6.06,6.13,6.05,6.1,10748121,65475137.89
2026-10-08,sz,002753,永东股份,6.74,6.75,6.87,6.7,6.84,5357100,36442060.0
2026-10-08,sz,002755,奥赛康,13.55,13.82,13.95,13.07,13.22,24790591,331132182.51
2026-10-08,sz,002756,永兴材料,38.99,39.0,39.83,38.34,39.01,7743935,303060778.75
2026-10-08,sz,002757,南兴股份,18.43,18.35,18.6,17.61,17.76,20408250,368310900.5
2026-10-08,sz,002758,浙农股份,8.48,8.45,8.57,8.42,8.48,4420460,37449610.4
2026-10-08,sz,002759,ST天际,13.54,13.6,14.1,13.52,13.56,21720604,299603246.16
2026-10-08,sz,002760,凤形股份,18.05,18.05,18.34,17.8,18.25,3069892,55497322.12
2026-10-08,sz,002761,浙江建投,7.68,7.6,7.68,7.53,7.55,16168514,123050743.62
2026-10-08,sz,002762,金发拉比,9.26,9.24,9.37,8.93,9.02,8036900,73331467.0
2026-10-08,sz,002763,汇洁股份,7.36,7.37,7.48,7.36,7.45,5874745,43670093.28
2026-10-08,sz,002765,蓝黛科技,6.75,6.78,6.83,6.59,6.64,7255100,48461726.0
2026-10-08,sz,002766,索菱股份,4.02,4.02,4.09,3.95,3.98,12625797,50585580.12
2026-10-08,sz,002767,先锋电子,18.16,18.02,18.24,17.34,17.55,2388300,42368216.0
2026-10-08,sz,002768,国恩股份,69.81,69.84,70.7,65.0,68.0,10197097,690208041.63
2026-10-08,sz,002769,普路通,6.72,6.72,6.96,6.67,6.72,11357700,77160174.0
2026-10-08,sz,002771,真视通,13.64,13.64,13.74,13.28,13.41,4963100,66692063.0
2026-10-08,sz,002772,众兴菌业,10.58,10.59,10.85,10.59,10.66,7831305,83918693.2
2026-10-08,sz,002773,康弘药业,21.8,21.66,21.7,20.21,20.35,17399768,359286369.78
2026-10-08,sz,002774,快意电梯,17.31,17.61,19.04,17.32,19.04,7235100,134655120.0
2026-10-08,sz,002775,文科股份,3.44,3.43,3.47,3.3,3.39,11016452,37179033.88
2026-10-08,sz,002777,久远银海,12.65,12.62,12.73,12.42,12.5,3516525,44190481.0
2026-10-08,sz,002778,中晟高科,15.84,15.82,16.25,15.65,15.89,1478000,23560174.0
2026-10-08,sz,002779,中坚科技,75.49,75.5,76.5,72.53,73.32,2109440,156351813.6
2026-10-08,sz,002780,三夫户外,14.5,14.45,15.48,14.39,15.18,9380864,142349924.65
2026-10-08,sz,002782,可立克,13.99,14.05,14.6,13.71,13.88,8670300,122124713.0
2026-10-08,sz,002783,凯龙股份,8.13,8.14,8.19,7.98,8.01,9041403,72943724.25
2026-10-08,sz,002785,万里石,33.91,33.99,36.1,33.98,34.41,5435038,189513865.6
2026-10-08,sz,002786,银宝山新,7.56,7.6,7.65,7.36,7.38,5610109,41756499.87
2026-10-08,sz,002787,华源控股,25.51,25.75,25.97,24.04,24.55,10758200,266644348.0
2026-10-08,sz,002788,鹭燕医药,10.76,10.84,10.97,10.51,10.6,10718443,114895423.95
2026-10-08,sz,002789,*ST建艺,14.95,14.69,14.75,13.98,14.25,2857080,40511030.2
2026-10-08,sz,002790,瑞尔特,6.44,6.48,6.51,6.4,6.51,12604022,81455317.66
2026-10-08,sz,002791,坚朗五金,15.95,15.78,16.15,15.68,15.79,4718503,75081013.63
2026-10-08,sz,002792,通宇通讯,28.82,29.51,30.63,28.55,28.84,22267642,656430176.66
2026-10-08,sz,002793,罗欣药业,4.82,4.86,4.89,4.68,4.74,24311099,116197517.17
2026-10-08,sz,002795,永和智控,7.23,7.28,7.39,7.1,7.14,11726928,84952742.92
2026-10-08,sz,002796,世嘉科技,25.94,25.95,26.18,24.36,24.65,7008441,175639090.28
2026-10-08,sz,002797,第一创业,6.12,6.1,6.15,6.03,6.05,29363424,178906574.96
2026-10-08,sz,002798,帝欧水华,6.58,6.59,6.75,6.48,6.57,9840820,65119835.7
2026-10-08,sz,002799,环球印务,7.32,7.25,7.4,7.0,7.22,42375283,306070071.61
2026-10-08,sz,002800,天顺股份,14.98,14.98,15.12,14.25,14.43,2324000,33840928.0
2026-10-08,sz,002801,微光股份,26.61,26.95,26.95,25.75,25.8,976000,25575861.01
2026-10-08,sz,002802,洪汇新材,12.36,12.35,13.18,12.35,12.59,3801401,48046324.85
2026-10-08,sz,002803,吉宏股份,20.24,20.4,20.48,18.83,19.02,16479649,321881163.75
2026-10-08,sz,002805,丰元股份,16.06,16.35,17.67,16.1,17.67,24564431,424878102.18
2026-10-08,sz,002806,华锋股份,14.47,14.47,14.95,14.4,14.67,5683183,83336134.95
2026-10-08,sz,002807,江阴银行,4.2,4.2,4.26,4.19,4.24,42892117,181633299.1
2026-10-08,sz,002809,红墙股份,8.57,8.49,8.73,8.35,8.5,4209125,35952387.66
2026-10-08,sz,002810,山东赫达,20.2,20.2,20.74,20.1,20.29,2684400,54775344.0
2026-10-08,sz,002811,郑中设计,16.97,16.91,17.14,16.62,16.73,13175899,221556314.33
2026-10-08,sz,002812,恩捷股份,45.51,45.52,47.34,45.16,45.84,21749378,1007473637.81
2026-10-08,sz,002815,崇达技术,23.01,23.41,24.2,22.37,22.51,60444156,1399341438.57
2026-10-08,sz,002816,*ST和科,21.86,21.8,22.07,21.21,21.35,944313,20427947.34
2026-10-08,sz,002817,黄山胶囊,6.8,6.81,6.94,6.77,6.82,4558595,31209488.72
2026-10-08,sz,002818,富森美,11.22,11.27,11.59,11.27,11.41,6943385,79347643.45
2026-10-08,sz,002819,东方中科,23.73,23.48,23.7,22.44,22.68,10972385,251100552.12
2026-10-08,sz,002820,桂发祥,9.87,9.87,10.06,9.78,9.95,6385005,63146390.7
2026-10-08,sz,002821,凯莱英,188.62,188.1,188.22,180.18,180.68,7591296,1399274655.11
2026-10-08,sz,002822,ST中装,2.97,2.95,3.0,2.9,2.91,6895827,20303878.57
2026-10-08,sz,002823,凯中精密,12.72,12.8,12.92,12.6,12.69,2438343,31028679.27
2026-10-08,sz,002824,和胜股份,24.16,24.16,24.5,22.62,22.9,11698721,274184094.52
2026-10-08,sz,002825,纳尔股份,9.22,9.27,9.45,9.15,9.31,4218199,39305488.27
2026-10-08,sz,002826,易明医药,17.59,17.53,17.79,17.24,17.39,3036700,53062481.0
2026-10-08,sz,002827,高争民爆,59.0,58.72,59.44,54.79,55.85,17289020,976113428.0
2026-10-08,sz,002828,贝肯能源,10.84,10.96,11.15,10.83,10.92,6146510,67430788.5
2026-10-08,sz,002829,星网宇达,19.17,19.3,19.66,18.8,18.96,3993924,76776474.56
2026-10-08,sz,002830,名雕股份,14.88,14.88,15.08,14.64,14.95,2527540,37596245.2
2026-10-08,sz,002831,裕同科技,27.29,27.5,27.86,26.21,26.4,7297371,196047566.45
2026-10-08,sz,002832,比音勒芬,25.93,26.24,27.19,25.94,26.68,7587958,202572640.59
2026-10-08,sz,002833,弘亚数控,19.33,19.26,19.98,19.17,19.45,7999658,156636646.47
2026-10-08,sz,002835,同为股份,13.19,13.13,13.29,12.93,13.02,2073600,27076638.0
2026-10-08,sz,002836,新宏泽,12.12,11.91,12.11,11.62,11.68,8747363,103499843.66
2026-10-08,sz,002837,英维克,53.95,53.98,54.58,51.5,51.93,21663714,1145378508.82
2026-10-08,sz,002838,道恩股份,24.55,24.68,25.77,24.05,24.25,5959582,147819720.14
2026-10-08,sz,002839,张家港行,4.31,4.3,4.36,4.3,4.33,32270460,139794968.4
2026-10-08,sz,002840,华统股份,8.19,8.18,8.27,7.87,7.91,10994700,88348907.0
2026-10-08,sz,002841,视源股份,45.18,45.31,46.07,44.01,44.47,6598240,296435292.6
2026-10-08,sz,002842,翔鹭钨业,30.81,30.7,31.08,30.05,30.29,10380518,317449450.88
2026-10-08,sz,002843,泰嘉股份,14.72,14.95,15.6,14.29,14.47,13311713,198789259.45
2026-10-08,sz,002845,同兴达,13.59,13.64,13.84,13.06,13.18,6214500,83022836.32
2026-10-08,sz,002846,英联股份,11.5,11.44,12.08,11.37,11.93,35224707,418202241.38
2026-10-08,sz,002847,盐津铺子,43.41,43.24,44.8,43.0,44.29,2492401,109722655.86
2026-10-08,sz,002848,高斯贝尔,14.42,14.71,15.25,14.47,14.67,10166100,150974364.0
2026-10-08,sz,002849,威星智能,21.37,21.4,21.88,20.22,20.43,24025336,504148533.4
2026-10-08,sz,002850,科达利,155.8,155.12,156.61,150.51,153.9,2876234,443655568.75
2026-10-08,sz,002851,麦格米特,115.72,116.0,116.2,106.3,107.25,26037528,2869862995.67
2026-10-08,sz,002852,道道全,8.69,8.65,8.78,8.58,8.62,9959600,86322742.55
2026-10-08,sz,002853,皮阿诺,21.16,21.16,21.7,20.22,20.44,1862160,38447388.0
2026-10-08,sz,002855,捷荣技术,12.45,12.51,12.66,12.12,12.25,6348600,78486072.0
2026-10-08,sz,002856,*ST美芝,20.22,20.23,20.25,18.84,19.45,7122100,138115116.0
2026-10-08,sz,002857,三晖电气,17.69,17.82,18.04,17.18,17.42,1435300,25252065.0
2026-10-08,sz,002858,力盛体育,11.63,11.72,11.88,11.54,11.71,3700100,43458209.0
2026-10-08,sz,002859,洁美科技,59.14,59.33,60.78,55.15,56.01,10785385,620854006.72
2026-10-08,sz,002861,瀛通通讯,14.04,14.04,14.25,13.38,13.55,4793520,65432171.0
2026-10-08,sz,002862,实丰文化,14.66,14.66,14.68,14.16,14.33,3705900,53310359.0
2026-10-08,sz,002863,今飞凯达,4.76,4.78,4.88,4.73,4.76,8779523,42100990.05
2026-10-08,sz,002864,盘龙药业,21.05,21.2,21.35,20.7,20.78,1614730,33878442.34
2026-10-08,sz,002865,钧达股份,36.44,36.24,37.13,35.45,35.71,5931664,215004628.84
2026-10-08,sz,002866,传艺科技,16.9,16.76,18.59,16.18,18.59,37798595,671544940.17
2026-10-08,sz,002867,周大生,10.14,10.11,10.2,10.1,10.19,5166650,52531790.48
2026-10-08,sz,002868,绿康生化,22.3,22.31,22.9,22.09,22.11,1932100,43311757.0
2026-10-08,sz,002869,金溢科技,17.4,17.48,19.14,17.48,19.14,8859559,167174633.34
2026-10-08,sz,002870,香山股份,45.51,45.6,45.6,42.0,42.54,3630300,157159326.0
2026-10-08,sz,002871,伟隆股份,16.98,17.03,17.39,16.54,16.71,2015188,34022543.11
2026-10-08,sz,002872,ST天圣,6.19,6.23,6.28,6.09,6.12,4142200,25701974.0
2026-10-08,sz,002873,新天药业,8.55,8.62,8.69,8.41,8.47,4837829,41208032.35
2026-10-08,sz,002875,安奈儿,12.7,12.84,13.18,12.6,12.69,3431604,44074560.74
2026-10-08,sz,002876,三利谱,31.3,31.31,31.66,29.9,30.17,2937000,89823248.0
2026-10-08,sz,002877,智能自控,7.46,7.46,7.59,7.33,7.42,2792400,20848014.0
2026-10-08,sz,002878,元隆雅图,12.68,12.62,12.71,12.4,12.51,3142698,39363171.02
2026-10-08,sz,002879,长缆科技,16.88,16.7,17.0,16.2,16.36,9085120,150366824.2
2026-10-08,sz,002880,卫光生物,22.23,22.68,22.95,21.66,21.8,2695100,59564481.0
2026-10-08,sz,002881,美格智能,42.41,42.45,42.71,38.17,38.17,10089213,399034367.2
2026-10-08,sz,002882,金龙羽,24.98,24.96,27.48,24.6,26.95,34780139,921408948.39
2026-10-08,sz,002883,*ST中设,9.14,9.15,9.18,9.07,9.09,317700,2901578.0
2026-10-08,sz,002884,凌霄泵业,15.38,15.38,15.46,15.3,15.36,1295875,19941240.5
2026-10-08,sz,002885,京泉华,25.78,26.3,26.61,24.9,25.11,12311196,316401997.06
2026-10-08,sz,002886,沃特股份,23.64,23.51,24.08,22.83,23.05,12767856,298135220.06
2026-10-08,sz,002887,绿茵生态,8.73,8.77,8.93,8.62,8.68,6118800,53625527.0
2026-10-08,sz,002888,惠威科技,18.6,18.41,19.04,18.1,18.26,2174100,40212753.26
2026-10-08,sz,002889,东方嘉盛,12.04,12.06,12.18,11.86,11.92,1495833,17954701.39
2026-10-08,sz,002890,弘宇股份,15.13,15.11,15.38,14.45,14.56,4079655,60244500.56
2026-10-08,sz,002891,中宠股份,27.73,27.73,28.08,27.51,27.79,3754136,104306323.44
2026-10-08,sz,002892,科力尔,8.52,8.48,8.57,8.26,8.34,6590001,55293719.98
2026-10-08,sz,002893,京能热力,10.71,10.56,10.7,10.51,10.6,14383600,152384331.0
2026-10-08,sz,002895,川恒股份,30.35,30.25,30.6,30.04,30.23,3461266,104731278.33
2026-10-08,sz,002896,中大力德,59.62,59.0,59.9,57.18,57.59,5028221,293432822.89
2026-10-08,sz,002897,意华股份,57.99,58.0,59.2,54.0,55.14,9127577,512338636.25
2026-10-08,sz,002899,英派斯,20.4,20.4,21.1,19.6,19.85,4541200,92189967.18
2026-10-08,sz,002900,哈三联,12.97,13.14,13.2,12.67,12.79,16414900,211420696.0
2026-10-08,sz,002901,大博医疗,40.86,41.23,41.23,39.43,39.6,1301958,52313274.86
2026-10-08,sz,002902,铭普光磁,25.64,25.86,25.99,24.08,24.35,14160998,351417109.78
2026-10-08,sz,002903,宇环数控,27.97,27.82,28.29,26.77,27.06,4497930,123412254.0
2026-10-08,sz,002905,金逸影视,8.72,8.69,8.79,8.57,8.72,3816900,33218379.0
2026-10-08,sz,002906,华阳集团,26.62,26.66,26.75,25.52,25.65,6510804,169000223.32
2026-10-08,sz,002907,华森制药,14.9,15.11,15.2,14.45,14.51,14045900,207159816.0
2026-10-08,sz,002908,德生科技,7.03,7.09,7.37,7.01,7.15,6340630,45597720.74
2026-10-08,sz,002909,集泰股份,6.71,6.75,7.08,6.67,6.68,55647740,380106881.54
2026-10-08,sz,002910,庄园牧场,10.31,10.32,10.55,10.2,10.31,7471700,77317662.0
2026-10-08,sz,002911,佛燃能源,11.21,11.35,11.81,11.23,11.73,10861660,126420820.54
2026-10-08,sz,002912,中新赛克,26.6,25.98,27.58,25.6,25.95,23998001,635606727.75
2026-10-08,sz,002913,奥士康,92.3,93.27,97.88,89.5,90.77,13133629,1224430488.54
2026-10-08,sz,002915,中欣氟材,16.24,16.28,16.58,16.19,16.3,3644208,59707607.48
2026-10-08,sz,002916,深南电路,373.01,379.07,393.53,363.98,368.02,8980824,3402905417.84
2026-10-08,sz,002917,金奥博,10.03,10.05,10.17,9.92,9.98,2350300,23571890.0
2026-10-08,sz,002918,蒙娜丽莎,10.64,10.55,11.01,10.51,10.65,11892700,127706457.0
2026-10-08,sz,002919,名臣健康,15.59,15.9,16.84,15.61,16.5,7678358,126384999.17
2026-10-08,sz,002920,德赛西威,79.28,79.4,79.65,77.9,78.07,4346101,341244728.04
2026-10-08,sz,002921,联诚精密,19.7,19.71,20.15,18.97,19.08,4128800,80221885.0
2026-10-08,sz,002922,伊戈尔,21.44,21.45,21.87,20.85,21.08,8376326,178466324.29
2026-10-08,sz,002923,润都股份,11.03,12.13,12.13,11.08,11.5,40394480,473545353.15
2026-10-08,sz,002925,盈趣科技,22.2,22.2,22.62,21.22,21.43,11423100,249538120.0
2026-10-08,sz,002926,华西证券,8.15,8.14,8.23,8.08,8.11,11207179,91498454.86
2026-10-08,sz,002927,泰永长征,18.71,18.76,20.47,18.76,19.6,15376100,304460779.08
2026-10-08,sz,002928,华夏航空,6.37,6.2,6.23,6.11,6.15,23148523,143050583.31
2026-10-08,sz,002929,润建股份,46.11,46.71,46.75,44.19,44.47,4814210,217554765.68
2026-10-08,sz,002930,宏川智慧,8.93,8.94,9.15,8.87,9.05,4480039,40602396.51
2026-10-08,sz,002931,锋龙股份,39.34,38.7,39.31,37.2,37.46,7042765,268273350.2
2026-10-08,sz,002932,*ST明德,15.33,15.33,15.41,15.2,15.26,728059,11160469.58
2026-10-08,sz,002933,新兴装备,27.37,27.4,27.58,26.59,26.79,1128700,30412225.0
2026-10-08,sz,002935,天奥电子,17.57,17.73,17.89,17.32,17.56,7811617,137369311.92
2026-10-08,sz,002936,郑州银行,1.74,1.73,1.75,1.73,1.73,75518625,131419469.8
2026-10-08,sz,002937,兴瑞科技,25.21,25.01,25.64,24.33,24.56,10413836,258475139.29
2026-10-08,sz,002938,鹏鼎控股,79.55,80.5,82.48,77.01,78.0,20320743,1616483279.45
2026-10-08,sz,002939,长城证券,7.72,7.63,7.68,7.51,7.55,18505596,140408780.88
2026-10-08,sz,002940,昂利康,22.96,23.18,24.8,22.88,23.89,14927664,357160276.66
2026-10-08,sz,002941,新疆交建,10.54,10.55,10.66,10.4,10.45,5995080,63250104.6
2026-10-08,sz,002942,新农股份,17.06,17.1,17.6,16.79,17.32,8137247,140894128.4
2026-10-08,sz,002943,宇晶股份,28.28,28.28,30.45,27.86,28.25,12076611,350083442.54
2026-10-08,sz,002945,华林证券,13.98,13.98,14.04,13.56,13.66,9898264,136022003.12
2026-10-08,sz,002946,新乳业,14.82,14.8,14.87,14.59,14.83,4850000,71394856.0
2026-10-08,sz,002947,恒铭达,55.98,56.24,57.56,53.54,54.2,5776956,318650631.61
2026-10-08,sz,002948,青岛银行,6.15,6.14,6.28,6.12,6.27,46530900,289725981.86
2026-10-08,sz,002949,华阳国际,13.14,13.22,13.33,12.82,12.89,4980900,64683189.0
2026-10-08,sz,002950,奥美医疗,8.54,8.84,8.98,8.66,8.7,10039350,88212081.0
2026-10-08,sz,002951,金时科技,15.61,15.69,17.17,15.69,17.17,6112800,104156942.0
2026-10-08,sz,002952,亚世光电,19.05,19.03,19.38,18.67,18.76,2395150,45445205.0
2026-10-08,sz,002953,日丰股份,9.87,9.86,10.07,9.75,9.88,4419661,43748942.99
2026-10-08,sz,002955,鸿合科技,35.43,35.53,36.7,33.6,33.76,4986065,173700579.92
2026-10-08,sz,002956,西麦食品,17.57,17.58,17.96,17.36,17.95,4474540,79327009.8
2026-10-08,sz,002957,科瑞技术,35.28,35.81,36.15,33.03,33.57,19070315,654666689.66
2026-10-08,sz,002958,青农商行,2.94,2.93,2.97,2.92,2.95,53050100,156474285.5
2026-10-08,sz,002959,小熊电器,35.52,35.5,39.07,34.51,37.5,5878595,217503308.35
2026-10-08,sz,002960,青鸟智控,8.7,8.78,8.85,8.65,8.73,7196192,62923311.84
2026-10-08,sz,002961,瑞达期货,13.35,13.24,13.42,12.91,13.0,7811656,102676434.68
2026-10-08,sz,002962,五方光电,16.17,15.5,16.94,15.28,16.69,61165639,971753286.29
2026-10-08,sz,002963,豪尔赛,21.59,21.29,21.35,19.66,20.11,7590200,154783982.0
2026-10-08,sz,002965,祥鑫科技,28.98,29.0,29.38,27.58,27.93,9558300,269989946.36
2026-10-08,sz,002966,苏州银行,9.3,9.27,9.42,9.24,9.4,36250492,339359990.85
2026-10-08,sz,002967,广电计量,17.56,17.51,17.64,17.06,17.08,4373260,75721207.0
2026-10-08,sz,002968,新大正,10.14,10.02,10.15,9.85,9.91,6638621,66422587.32
2026-10-08,sz,002969,嘉美包装,10.65,10.74,10.87,10.42,10.48,16898514,179662537.84
2026-10-08,sz,002970,锐明技术,41.7,42.0,43.3,39.4,39.98,5729902,237038985.48
2026-10-08,sz,002971,和远气体,38.6,38.76,39.39,37.25,37.93,10586352,405213312.38
2026-10-08,sz,002972,科安达,13.0,13.02,14.0,13.02,13.77,12881360,175538313.8
2026-10-08,sz,002973,侨银股份,11.59,11.97,12.75,11.69,12.46,14316000,178694630.0
2026-10-08,sz,002975,博杰股份,101.95,103.14,104.98,96.6,98.02,10083366,1012090714.19
2026-10-08,sz,002976,瑞玛精密,21.5,21.56,21.93,20.37,20.6,5380806,112988934.2
2026-10-08,sz,002977,*ST天箭,18.43,18.44,19.0,18.44,18.66,967628,18172121.8
2026-10-08,sz,002978,安宁股份,25.05,25.21,25.53,25.01,25.37,2401518,60878792.07
2026-10-08,sz,002979,雷赛智能,52.47,52.33,52.39,50.16,50.53,5134239,262415294.57
2026-10-08,sz,002980,华盛昌,104.97,104.8,108.76,103.42,104.96,7693120,813524653.6
2026-10-08,sz,002981,朝阳科技,23.23,23.25,23.26,21.25,21.97,4472090,98914168.4
2026-10-08,sz,002982,湘佳股份,12.78,12.82,12.96,12.64,12.68,2261336,28856937.48
2026-10-08,sz,002983,芯瑞达,21.58,21.53,21.98,21.05,21.18,1607100,34448299.1
2026-10-08,sz,002984,森麒麟,13.02,13.02,13.22,12.84,12.92,5653918,73662602.58
2026-10-08,sz,002985,北摩高科,26.15,26.11,27.0,25.98,26.26,2951900,77698803.0
2026-10-08,sz,002986,宇新股份,12.57,12.66,13.03,12.55,12.75,3685200,47062773.48
2026-10-08,sz,002987,京北方,10.39,10.4,10.48,10.2,10.28,6002733,61845226.26
2026-10-08,sz,002988,豪美新材,30.94,30.81,32.16,30.2,31.95,6092958,189772011.8
2026-10-08,sz,002989,中天精装,22.61,22.61,22.97,21.15,21.49,6554900,143792423.0
2026-10-08,sz,002990,盛视科技,51.92,51.95,55.93,51.5,52.37,12041516,644979258.27
2026-10-08,sz,002991,甘源食品,38.57,38.65,38.88,38.15,38.54,945822,36397279.98
2026-10-08,sz,002992,宝明科技,32.4,32.4,33.03,31.84,32.12,1213750,39270791.5
2026-10-08,sz,002993,奥海科技,32.27,32.58,32.85,31.26,31.62,5298733,169278646.61
2026-10-08,sz,002995,天地在线,16.86,16.96,17.0,16.37,16.55,4775700,79340718.0
2026-10-08,sz,002996,顺博合金,5.95,5.95,6.0,5.93,5.97,3965700,23691359.0
2026-10-08,sz,002997,瑞鹄模具,26.39,26.4,26.57,25.92,26.01,1609192,42246604.3
2026-10-08,sz,002998,优彩资源,7.95,7.88,8.11,7.88,8.03,10268000,82181005.0
2026-10-08,sz,002999,天禾股份,6.36,6.36,6.45,6.3,6.34,9526299,60683216.66
2026-10-08,sz,003000,劲仔食品,9.61,9.62,9.71,9.52,9.66,3929643,37871701.38
2026-10-08,sz,003001,中岩大地,19.4,19.31,20.5,19.31,19.69,11533240,229433408.4
2026-10-08,sz,003002,壶化股份,15.61,15.61,15.95,15.44,15.54,3499597,54787241.72
2026-10-08,sz,003003,天元股份,11.18,11.29,11.39,11.1,11.26,3257500,36658693.0
2026-10-08,sz,003004,声迅股份,60.22,60.0,60.47,57.02,57.93,1303700,76728894.0
2026-10-08,sz,003005,竞业达,14.93,15.05,15.15,14.67,14.78,6415420,95395798.6
2026-10-08,sz,003006,百亚股份,23.12,23.14,23.64,22.04,22.2,54186126,1231159956.19
2026-10-08,sz,003007,直真科技,39.39,39.38,40.33,38.63,38.77,1220600,47913427.0
2026-10-08,sz,003008,开普检测,19.84,19.84,20.0,19.65,19.76,1306427,25884111.87
2026-10-08,sz,003009,中天火箭,44.05,44.05,45.2,43.47,43.81,2808001,124604866.81
2026-10-08,sz,003010,若羽臣,27.99,27.94,27.96,26.6,26.78,3978452,107782864.6
2026-10-08,sz,003011,海象新材,19.73,19.83,20.35,19.55,19.78,2340580,46618125.4
2026-10-08,sz,003012,东鹏控股,4.74,4.72,4.78,4.65,4.67,9324700,43975482.0
2026-10-08,sz,003013,地铁设计,16.31,16.39,17.79,16.37,17.35,19952340,342562923.94
2026-10-08,sz,003015,日久光电,12.06,12.09,12.26,11.76,11.87,3796300,45373239.0
2026-10-08,sz,003016,欣贺股份,7.42,7.49,7.55,7.37,7.5,3759500,28026370.0
2026-10-08,sz,003017,大洋生物,22.63,22.6,22.98,22.6,22.78,1956180,44602863.0
2026-10-08,sz,003018,金富科技,43.55,43.64,45.23,42.83,43.24,7737465,340699257.11
2026-10-08,sz,003019,宸展光电,26.08,26.2,26.46,25.35,25.62,2842005,73115225.72
2026-10-08,sz,003020,立方制药,17.26,17.72,17.89,16.82,16.96,3029500,52020879.4
2026-10-08,sz,003021,兆威机电,70.25,69.8,69.91,65.23,65.81,3192872,214026734.3
2026-10-08,sz,003022,联泓新科,18.16,18.52,18.85,18.19,18.46,6732610,124936903.6
2026-10-08,sz,003023,彩虹集团,25.38,25.32,26.18,25.01,25.87,1863500,48007451.0
2026-10-08,sz,003025,思进智能,12.11,12.08,12.33,11.91,11.97,2341740,28325954.4
2026-10-08,sz,003026,中晶科技,32.4,32.12,32.69,30.56,30.85,11960431,376448306.08
2026-10-08,sz,003027,同兴科技,16.62,16.7,16.99,16.63,16.82,1672850,28096515.0
2026-10-08,sz,003028,振邦智能,23.48,23.48,23.73,22.94,23.17,759950,17632424.0
2026-10-08,sz,003029,吉大正元,17.51,17.5,17.53,16.85,17.0,3410600,58496290.0
2026-10-08,sz,003030,祖名股份,25.79,25.9,25.98,24.3,25.47,5312200,133170614.0
2026-10-08,sz,003031,中瓷电子,118.84,118.89,120.16,108.77,110.64,9003492,1014512030.15
2026-10-08,sz,003032,传智教育,8.62,8.54,8.99,8.51,8.61,25425770,221625128.7
2026-10-08,sz,003033,征和工业,84.12,84.17,86.78,81.02,82.22,1642300,137236322.0
2026-10-08,sz,003035,南网能源,5.34,5.38,5.38,5.27,5.31,24750280,131535011.06
2026-10-08,sz,003036,泰坦股份,44.23,44.46,45.36,42.38,42.95,6318277,275497550.17
2026-10-08,sz,003037,三和管桩,5.86,5.83,5.93,5.79,5.81,2603200,15208283.0
2026-10-08,sz,003038,鑫铂股份,10.69,10.73,10.84,10.46,10.63,2622669,27930460.18
2026-10-08,sz,003039,顺控发展,12.49,12.5,12.83,12.45,12.73,6225316,78786065.14
2026-10-08,sz,003040,楚天龙,14.39,14.49,14.73,14.4,14.53,34605271,504238680.55
2026-10-08,sz,003041,真爱美家,38.92,39.01,39.9,37.91,38.36,1859000,72425105.0
2026-10-08,sz,003042,中农联合,14.4,14.4,14.68,14.01,14.24,2853800,40920978.0
2026-10-08,sz,003043,华亚智能,60.4,61.4,63.52,59.79,61.46,5690200,350957244.0
2026-10-08,sz,003816,中国广核,4.23,4.24,4.43,4.24,4.41,153149700,666939408.0
