date,market,code,name,prev_close,open,high,low,close,volume,amount
2026-09-22,sh,600000,浦发银行,9.01,9.03,9.07,8.97,9.04,53266728,480795737.0
2026-09-22,sh,600004,白云机场,7.68,7.68,7.7,7.63,7.65,4743950,36312076.0
2026-09-22,sh,600006,东风股份,5.32,5.33,5.36,5.3,5.31,11146465,59303745.0
2026-09-22,sh,600007,中国国贸,19.88,19.97,20.0,19.6,19.66,2387000,47212090.0
2026-09-22,sh,600008,首创环保,2.76,2.76,2.76,2.73,2.74,55812722,153261094.0
2026-09-22,sh,600009,上海机场,22.91,22.87,22.97,22.81,22.81,4793600,109582485.0
2026-09-22,sh,600010,包钢股份,2.15,2.15,2.16,2.12,2.12,256968842,548908774.0
2026-09-22,sh,600011,华能国际,6.79,6.78,6.82,6.72,6.8,60523052,409126394.0
2026-09-22,sh,600012,皖通高速,15.49,15.38,15.44,15.2,15.36,4146058,63553474.0
2026-09-22,sh,600015,华夏银行,6.24,6.23,6.26,6.21,6.24,45709390,284733311.0
2026-09-22,sh,600016,民生银行,3.5,3.49,3.51,3.46,3.5,208395547,725660994.0
2026-09-22,sh,600017,日照港,2.83,2.84,2.84,2.79,2.81,31612600,88828678.0
2026-09-22,sh,600018,上港集团,5.43,5.42,5.44,5.34,5.36,44218612,237781784.0
2026-09-22,sh,600019,宝钢股份,5.78,5.77,5.79,5.72,5.73,55051477,316187618.0
2026-09-22,sh,600020,中原高速,3.84,3.84,3.84,3.81,3.82,12269534,46892406.0
2026-09-22,sh,600021,上海电力,13.43,13.43,13.56,13.37,13.45,19327939,260352061.0
2026-09-22,sh,600022,山东钢铁,1.32,1.32,1.33,1.31,1.31,47047091,62007027.0
2026-09-22,sh,600023,浙能电力,5.01,5.01,5.01,4.97,5.0,24565433,122548775.0
2026-09-22,sh,600025,华能水电,9.66,9.65,9.69,9.54,9.62,29672197,284361299.0
2026-09-22,sh,600026,中远海能,22.92,22.33,22.37,21.38,21.91,94584579,2060180016.0
2026-09-22,sh,600027,华电国际,4.79,4.78,4.83,4.71,4.8,57760797,275816620.0
2026-09-22,sh,600028,中国石化,5.3,5.27,5.34,5.18,5.31,281962656,1482159823.0
2026-09-22,sh,600029,南方航空,4.95,4.98,4.98,4.93,4.96,44836035,222366640.0
2026-09-22,sh,600030,中信证券,26.74,26.83,27.03,26.75,26.89,78718131,2118654842.0
2026-09-22,sh,600031,三一重工,17.76,17.83,17.9,17.7,17.72,55365669,984363517.0
2026-09-22,sh,600032,浙江新能,7.07,7.08,7.1,6.94,6.98,21561820,150951149.0
2026-09-22,sh,600033,福建高速,3.63,3.63,3.66,3.58,3.62,27549703,99816663.0
2026-09-22,sh,600035,楚天高速,3.66,3.66,3.67,3.63,3.65,9688000,35354164.0
2026-09-22,sh,600036,招商银行,41.04,40.97,41.02,40.62,40.82,43342069,1770009799.0
2026-09-22,sh,600037,歌华有线,7.09,7.11,7.21,7.1,7.18,18863702,135011142.0
2026-09-22,sh,600038,中直股份,27.57,27.58,27.81,27.32,27.33,3266333,89521189.0
2026-09-22,sh,600039,四川路桥,8.79,8.76,8.95,8.69,8.77,18129820,159468463.0
2026-09-22,sh,600048,保利发展,5.68,5.63,5.74,5.57,5.68,299415822,1697844117.0
2026-09-22,sh,600050,中国联通,4.23,4.22,4.25,4.2,4.21,91422721,385602100.0
2026-09-22,sh,600051,宁波联合,6.22,6.26,6.3,6.15,6.26,4327900,27012332.0
2026-09-22,sh,600052,东望时代,3.74,3.74,3.77,3.66,3.71,11506700,42641481.0
2026-09-22,sh,600053,*ST九鼎,7.55,7.47,7.77,7.47,7.72,3381548,25912152.0
2026-09-22,sh,600054,黄山旅游,10.9,10.91,10.91,10.75,10.83,6149900,66336487.0
2026-09-22,sh,600055,万东医疗,10.52,10.55,10.65,10.3,10.33,5811550,60582810.0
2026-09-22,sh,600056,中国医药,9.1,9.09,9.13,9.03,9.05,8139925,73835773.0
2026-09-22,sh,600057,厦门象屿,6.15,6.18,6.22,6.11,6.17,11374511,70095873.0
2026-09-22,sh,600058,五矿发展,9.1,9.12,9.15,8.97,9.0,8412195,75820515.0
2026-09-22,sh,600059,古越龙山,11.48,11.2,11.47,10.74,10.79,99597254,1107318041.0
2026-09-22,sh,600060,海信视像,26.63,26.64,27.57,26.64,27.3,10544515,287649496.0
2026-09-22,sh,600061,国投资本,6.33,6.34,6.39,6.32,6.34,30448966,193192634.0
2026-09-22,sh,600062,华润双鹤,16.12,16.08,16.19,16.04,16.1,5714459,92187917.0
2026-09-22,sh,600063,皖维高新,5.66,5.68,5.75,5.61,5.62,35862774,203696604.0
2026-09-22,sh,600064,南京高科,7.81,7.81,7.83,7.73,7.73,12501040,97125519.0
2026-09-22,sh,600066,宇通客车,25.73,25.71,26.4,25.61,26.17,26548574,692399974.0
2026-09-22,sh,600067,冠城新材,2.7,2.7,2.71,2.64,2.69,32305494,86460838.0
2026-09-22,sh,600071,凤凰光学,16.79,16.8,16.92,16.62,16.78,1660079,27936348.0
2026-09-22,sh,600072,中船科技,9.06,9.1,9.12,8.92,8.93,15654810,140375861.0
2026-09-22,sh,600073,光明肉业,5.58,5.55,5.59,5.46,5.51,9439201,52122739.0
2026-09-22,sh,600075,新疆天业,4.7,4.7,4.73,4.63,4.63,12718500,59372311.0
2026-09-22,sh,600076,康欣新材,2.3,2.3,2.32,2.24,2.25,43940343,99427614.0
2026-09-22,sh,600078,澄星股份,10.36,10.42,10.45,10.26,10.31,9435350,97717791.0
2026-09-22,sh,600079,ST人福,18.78,18.73,18.8,18.63,18.73,4786100,89563271.0
2026-09-22,sh,600080,ST金花,4.83,4.83,4.86,4.8,4.8,1917600,9252632.0
2026-09-22,sh,600081,东风科技,10.36,10.36,10.46,10.27,10.45,2809640,29162933.0
2026-09-22,sh,600082,ST海泰,3.22,3.2,3.22,3.14,3.16,6957100,22078120.0
2026-09-22,sh,600084,*ST尼雅,4.41,4.4,4.57,4.38,4.49,5174100,23274337.0
2026-09-22,sh,600085,同仁堂,23.66,23.58,23.83,23.55,23.66,4641723,109953477.0
2026-09-22,sh,600088,中视传媒,14.81,14.52,15.73,14.33,15.17,40236385,605616020.0
2026-09-22,sh,600089,特变电工,18.3,18.35,18.38,18.18,18.21,39869351,728209800.0
2026-09-22,sh,600094,大名城,4.14,4.14,4.18,4.06,4.12,31007800,127728261.0
2026-09-22,sh,600095,湘财股份,9.07,9.16,9.22,8.96,9.05,62463598,567935975.0
2026-09-22,sh,600096,云天化,28.28,28.3,28.4,28.15,28.24,18198365,514415688.0
2026-09-22,sh,600097,开创国际,9.4,9.37,9.45,9.13,9.39,3695430,34343124.0
2026-09-22,sh,600098,广州发展,6.23,6.22,6.23,6.16,6.21,14121207,87542568.0
2026-09-22,sh,600099,林海股份,9.21,9.27,9.38,9.15,9.28,2369300,21933105.0
2026-09-22,sh,600100,同方股份,6.88,6.9,6.99,6.88,6.92,23425562,162454663.0
2026-09-22,sh,600101,明星电力,8.04,8.04,8.06,7.94,7.97,9412435,75075854.0
2026-09-22,sh,600103,青山纸业,3.84,3.85,3.89,3.77,3.77,185053941,705676117.0
2026-09-22,sh,600104,上汽集团,11.06,11.08,11.1,11.01,11.07,30471361,336789328.0
2026-09-22,sh,600105,永鼎股份,46.72,47.46,47.5,45.31,45.41,127689723,5924906771.0
2026-09-22,sh,600106,重庆路桥,4.47,4.46,4.51,4.42,4.48,8037662,35955816.0
2026-09-22,sh,600107,*ST尔雅,5.88,5.87,5.89,5.71,5.74,1506800,8706854.0
2026-09-22,sh,600108,亚盛集团,4.37,4.3,4.58,4.26,4.41,277909288,1218601924.0
2026-09-22,sh,600109,国金证券,8.33,8.37,8.43,8.34,8.35,21367353,179075485.0
2026-09-22,sh,600110,诺德股份,12.53,12.55,12.85,12.15,12.16,193968356,2411715652.0
2026-09-22,sh,600111,北方稀土,37.88,38.08,38.44,37.79,37.9,39477929,1503069388.0
2026-09-22,sh,600113,浙江东日,30.29,30.18,30.58,29.94,29.97,3946600,118866662.0
2026-09-22,sh,600114,东睦股份,27.86,27.98,28.36,27.64,27.71,9916551,277694935.0
2026-09-22,sh,600115,中国东航,3.45,3.47,3.49,3.43,3.45,131254002,453154118.0
2026-09-22,sh,600116,三峡水利,6.15,6.16,6.17,6.11,6.11,9856840,60454131.0
2026-09-22,sh,600117,西宁特钢,2.21,2.22,2.22,2.18,2.19,15191615,33317010.0
2026-09-22,sh,600118,中国卫星,58.99,59.38,59.94,58.57,58.82,20302769,1202197642.0
2026-09-22,sh,600119,*ST长投,5.02,5.02,5.1,4.97,5.03,1675600,8426658.0
2026-09-22,sh,600120,浙江东方,4.78,4.77,4.82,4.73,4.74,28573510,136418863.0
2026-09-22,sh,600121,郑州煤电,5.01,4.96,5.38,4.88,5.27,203875231,1053259375.0
2026-09-22,sh,600123,兰花科创,7.31,7.25,7.31,7.13,7.18,22109050,158813175.0
2026-09-22,sh,600125,铁龙物流,5.34,5.35,5.36,5.3,5.31,7540300,40136255.0
2026-09-22,sh,600126,杭钢股份,6.24,6.26,6.37,6.24,6.31,44114568,278197231.0
2026-09-22,sh,600127,金健米业,15.75,16.05,16.55,15.51,16.47,257404510,4133150168.0
2026-09-22,sh,600128,苏豪弘业,8.56,8.55,8.71,8.41,8.6,3652100,31314264.0
2026-09-22,sh,600129,太极集团,14.0,14.0,14.07,13.86,13.91,11068804,154361348.0
2026-09-22,sh,600130,波导股份,4.62,4.65,4.85,4.63,4.67,25257200,119189814.0
2026-09-22,sh,600131,国网信通,14.31,14.35,14.57,14.34,14.45,6857095,99246696.0
2026-09-22,sh,600132,重庆啤酒,38.11,38.1,38.41,38.05,38.18,2396772,91628492.0
2026-09-22,sh,600133,东湖高新,8.07,8.07,8.13,7.95,8.0,9279384,74468337.0
2026-09-22,sh,600135,乐凯胶片,7.93,7.95,7.97,7.75,7.78,11537700,90054998.0
2026-09-22,sh,600136,ST明诚,1.5,1.51,1.51,1.48,1.5,6152300,9186388.0
2026-09-22,sh,600137,浪莎股份,17.65,17.76,18.24,17.58,17.89,1473246,26386883.0
2026-09-22,sh,600138,中青旅,7.17,7.15,7.16,7.03,7.08,8577800,60821068.0
2026-09-22,sh,600141,兴发集团,29.4,29.56,29.84,29.05,29.17,18845942,554593608.0
2026-09-22,sh,600143,金发科技,13.41,13.42,13.72,13.4,13.46,30865601,417787091.0
2026-09-22,sh,600148,长春一东,15.83,15.92,16.03,15.73,15.87,2102499,33393236.0
2026-09-22,sh,600149,廊坊发展,5.03,5.03,5.07,4.97,5.04,7365847,36990506.0
2026-09-22,sh,600150,中国船舶,41.02,40.86,41.1,39.78,40.12,98646283,3968264199.0
2026-09-22,sh,600151,航天机电,9.6,9.6,9.67,9.45,9.5,18976472,181065836.0
2026-09-22,sh,600152,维科技术,7.94,7.95,8.03,7.86,7.88,14089909,111823404.0
2026-09-22,sh,600153,建发股份,8.5,8.45,8.63,8.44,8.58,19072905,162999682.0
2026-09-22,sh,600155,华创云信,6.23,6.2,6.29,6.16,6.2,38921745,242001702.0
2026-09-22,sh,600156,华升股份,9.27,9.18,9.29,8.82,8.88,24138500,216587275.0
2026-09-22,sh,600157,永泰能源,1.52,1.53,1.53,1.52,1.52,144280030,219903779.0
2026-09-22,sh,600158,中体产业,7.17,7.16,7.23,7.1,7.15,16188800,115794371.0
2026-09-22,sh,600159,大龙地产,2.82,2.81,2.81,2.71,2.78,18938000,52319679.0
2026-09-22,sh,600160,巨化股份,34.85,34.98,35.12,34.5,34.61,25815418,897056358.0
2026-09-22,sh,600161,天坛生物,12.48,12.43,12.56,12.32,12.46,11786493,146688096.0
2026-09-22,sh,600162,香江控股,4.73,4.72,4.96,4.71,4.89,129304925,624181806.0
2026-09-22,sh,600163,中闽能源,5.91,5.86,5.89,5.58,5.7,112269091,641783644.0
2026-09-22,sh,600165,宁科生物,3.35,3.34,3.46,3.28,3.28,22225567,74644498.0
2026-09-22,sh,600166,福田汽车,2.79,2.79,2.81,2.77,2.79,63879900,178011473.0
2026-09-22,sh,600167,联美控股,5.66,5.66,5.69,5.64,5.64,4106620,23269294.0
2026-09-22,sh,600168,武汉控股,4.36,4.36,4.37,4.32,4.34,3973720,17254457.0
2026-09-22,sh,600169,ST太重,2.17,2.17,2.17,2.16,2.16,4509259,9753006.0
2026-09-22,sh,600170,上海建工,2.25,2.25,2.26,2.22,2.23,119258781,266838497.0
2026-09-22,sh,600171,上海贝岭,23.15,23.38,23.55,23.05,23.1,10643600,247926254.0
2026-09-22,sh,600172,黄河旋风,16.42,16.5,16.8,16.02,16.06,176756597,2900830137.0
2026-09-22,sh,600173,卧龙新能,6.01,5.99,6.04,5.9,5.94,3492038,20798501.0
2026-09-22,sh,600176,中国巨石,45.87,46.1,47.52,45.1,45.47,235175616,10892567474.0
2026-09-22,sh,600177,雅戈尔,8.17,8.11,8.15,8.07,8.11,15410781,125084164.0
2026-09-22,sh,600178,东安动力,9.64,9.66,9.7,9.49,9.55,4277900,40912701.0
2026-09-22,sh,600179,安通控股,4.58,4.58,4.59,4.54,4.58,23222343,106124353.0
2026-09-22,sh,600180,*ST瑞茂,1.68,1.69,1.7,1.61,1.63,18083600,29600657.0
2026-09-22,sh,600182,S佳通,12.78,12.81,12.85,12.75,12.78,950300,12157216.0
2026-09-22,sh,600183,生益科技,146.27,149.5,149.94,142.62,143.45,60702823,8866227688.0
2026-09-22,sh,600184,光电股份,21.08,21.09,21.29,20.15,20.42,34878622,723910947.0
2026-09-22,sh,600185,珠免集团,4.92,4.89,4.92,4.83,4.86,26499557,128879785.0
2026-09-22,sh,600186,莲花控股,12.5,12.7,13.12,12.7,12.93,274524583,3548984484.0
2026-09-22,sh,600187,*ST国中,1.3,1.3,1.31,1.29,1.3,14883500,19346767.0
2026-09-22,sh,600188,兖矿能源,20.44,20.3,20.49,19.96,20.35,27596146,558057791.0
2026-09-22,sh,600189,泉阳泉,8.27,8.22,8.34,8.02,8.3,15741300,129111856.0
2026-09-22,sh,600191,华资实业,9.91,9.8,10.0,9.41,9.43,12031200,116172295.0
2026-09-22,sh,600192,长城电工,7.8,7.75,7.8,7.64,7.69,13258800,102114567.0
2026-09-22,sh,600195,中牧股份,6.78,6.82,6.84,6.7,6.74,5120505,34575192.0
2026-09-22,sh,600196,复星医药,23.05,22.87,23.25,22.75,23.13,31382496,724971213.0
2026-09-22,sh,600197,伊力特,9.48,9.48,9.5,9.36,9.38,3314300,31239471.0
2026-09-22,sh,600198,大唐电信,7.68,7.76,7.84,7.65,7.72,16831500,130282883.0
2026-09-22,sh,600199,金种子酒,7.32,7.25,7.45,7.2,7.34,19925220,146095652.0
2026-09-22,sh,600201,生物股份,11.7,11.68,11.8,11.63,11.72,8897194,104386268.0
2026-09-22,sh,600202,哈空调,5.13,5.15,5.18,5.06,5.15,5908397,30282067.0
2026-09-22,sh,600203,福日电子,10.15,10.19,10.33,10.18,10.24,16436800,168536372.0
2026-09-22,sh,600206,有研新材,51.32,52.41,52.63,49.87,49.95,82015109,4185329614.0
2026-09-22,sh,600207,安彩高科,4.93,4.91,4.97,4.82,4.86,28425301,138718897.0
2026-09-22,sh,600208,衢州发展,2.9,2.89,2.95,2.87,2.9,82774926,240573111.0
2026-09-22,sh,600210,紫江企业,6.25,6.26,6.28,6.23,6.24,8380551,52401550.0
2026-09-22,sh,600211,西藏药业,36.77,36.75,36.85,36.36,36.42,2258392,82623621.0
2026-09-22,sh,600212,绿能慧充,5.89,5.9,5.93,5.83,5.87,7496812,44023885.0
2026-09-22,sh,600215,派斯林,6.21,6.25,6.28,6.14,6.24,6605451,41000344.0
2026-09-22,sh,600216,浙江医药,12.82,12.75,12.83,12.68,12.72,13024628,166023589.0
2026-09-22,sh,600217,中再资环,3.26,3.28,3.28,3.2,3.25,11439400,37085840.0
2026-09-22,sh,600218,全柴动力,8.27,8.26,8.3,7.98,8.03,33665429,271032366.0
2026-09-22,sh,600219,南山铝业,4.77,4.75,4.79,4.73,4.75,91288125,434478558.0
2026-09-22,sh,600221,海航控股,1.25,1.26,1.26,1.24,1.24,165301305,206067227.0
2026-09-22,sh,600222,太龙药业,7.9,7.85,8.3,7.84,8.12,27277250,222025573.0
2026-09-22,sh,600223,福瑞达,5.71,5.76,5.77,5.65,5.67,8092600,46090023.0
2026-09-22,sh,600226,亨通股份,6.06,6.1,6.18,5.96,5.99,87499967,531306275.0
2026-09-22,sh,600227,赤天化,4.07,4.04,4.38,3.96,4.28,278346929,1164018218.0
2026-09-22,sh,600228,返利科技,12.09,12.05,12.25,11.83,11.89,29930669,359183832.0
2026-09-22,sh,600229,城市传媒,5.83,5.84,6.11,5.84,5.95,15241050,90798980.0
2026-09-22,sh,600230,沧州大化,13.75,13.83,13.83,13.36,13.47,8168701,110141495.0
2026-09-22,sh,600231,凌钢股份,1.72,1.72,1.72,1.67,1.68,20300932,34244337.0
2026-09-22,sh,600232,金鹰股份,6.58,6.56,6.66,6.49,6.63,5397000,35483639.0
2026-09-22,sh,600233,圆通速递,18.46,18.26,18.28,17.61,17.69,30956405,554599500.0
2026-09-22,sh,600234,科新发展,22.14,22.09,22.68,21.91,22.55,2461334,54995814.0
2026-09-22,sh,600235,民丰特纸,5.86,5.88,5.9,5.79,5.87,4395600,25696536.0
2026-09-22,sh,600236,桂冠电力,9.6,9.62,9.62,9.41,9.44,10924491,103646264.0
2026-09-22,sh,600237,铜峰电子,9.6,9.62,10.12,9.55,10.12,94575949,927788494.0
2026-09-22,sh,600238,ST椰岛,4.68,4.55,4.57,4.25,4.3,17138756,74833593.0
2026-09-22,sh,600239,ST云城,1.45,1.45,1.45,1.42,1.44,14103962,20281633.0
2026-09-22,sh,600241,时代万恒,7.3,7.33,7.47,7.25,7.4,3300376,24334845.0
2026-09-22,sh,600243,*ST海华,3.41,3.43,3.55,3.38,3.44,6367000,22122695.0
2026-09-22,sh,600246,万通发展,14.12,14.55,15.53,14.54,14.64,202279113,3044710576.0
2026-09-22,sh,600248,陕建股份,2.88,2.89,2.9,2.85,2.86,15010260,43063593.0
2026-09-22,sh,600249,两面针,5.53,5.51,5.58,5.42,5.53,8449000,46459341.0
2026-09-22,sh,600250,南京商旅,9.29,9.26,9.28,8.99,9.15,10476901,95431153.0
2026-09-22,sh,600251,冠农股份,10.4,10.33,10.44,10.25,10.31,15080652,155626402.0
2026-09-22,sh,600252,中恒集团,2.24,2.25,2.26,2.19,2.21,62298597,138400979.0
2026-09-22,sh,600255,鑫科材料,3.73,3.73,3.74,3.6,3.64,92228508,336708842.0
2026-09-22,sh,600256,广汇能源,7.07,7.0,7.07,6.81,7.0,122831256,852099008.0
2026-09-22,sh,600257,大湖股份,5.72,5.71,5.79,5.61,5.69,15937825,90725649.0
2026-09-22,sh,600258,首旅酒店,11.42,11.42,11.43,11.28,11.35,13595500,154145397.0
2026-09-22,sh,600259,中稀有色,82.82,83.36,84.65,82.58,83.25,7496934,628445154.0
2026-09-22,sh,600261,阳光照明,3.47,3.49,3.52,3.43,3.46,33150900,114748629.0
2026-09-22,sh,600262,北方股份,15.62,15.62,15.69,15.3,15.3,4261220,65529980.0
2026-09-22,sh,600265,*ST景谷,22.66,22.66,22.87,22.51,22.71,382800,8684698.0
2026-09-22,sh,600266,城建发展,4.37,4.33,4.52,4.31,4.47,79773748,354982137.0
2026-09-22,sh,600267,海正药业,11.87,11.77,11.88,11.67,11.76,23682744,278549720.0
2026-09-22,sh,600268,国电南自,10.49,10.54,10.58,10.38,10.41,7622549,79891696.0
2026-09-22,sh,600269,赣粤高速,3.82,3.82,3.83,3.8,3.81,9841500,37511883.0
2026-09-22,sh,600271,航天信息,6.81,6.8,6.88,6.8,6.81,8167794,55790056.0
2026-09-22,sh,600272,开开实业,16.32,16.33,17.95,15.88,17.35,48044300,810170708.0
2026-09-22,sh,600273,嘉化能源,6.38,6.38,6.4,6.34,6.36,9864237,62794943.0
2026-09-22,sh,600276,恒瑞医药,46.04,46.04,46.14,45.45,45.72,72275447,3307838672.0
2026-09-22,sh,600278,东方创业,6.67,6.68,6.71,6.55,6.6,6197573,40921522.0
2026-09-22,sh,600279,重庆港,4.38,4.4,4.4,4.31,4.35,6771100,29369640.0
2026-09-22,sh,600280,中央商场,3.2,3.14,3.22,3.09,3.14,37464508,117713580.0
2026-09-22,sh,600281,华阳新材,4.98,5.45,5.45,4.82,4.87,51523528,254919332.0
2026-09-22,sh,600282,南钢股份,4.43,4.44,4.46,4.38,4.38,45419370,200289072.0
2026-09-22,sh,600283,钱江水利,8.08,8.08,8.12,8.0,8.06,1925780,15552578.0
2026-09-22,sh,600284,浦东建设,5.14,5.17,5.24,5.14,5.18,13805082,71554810.0
2026-09-22,sh,600285,羚锐制药,19.12,19.13,19.17,19.06,19.1,3700400,70728982.0
2026-09-22,sh,600287,苏豪时尚,5.03,5.04,5.06,4.93,5.01,3584900,17931550.0
2026-09-22,sh,600288,大恒科技,11.07,11.14,11.19,10.96,11.07,13155238,145803837.0
2026-09-22,sh,600289,ST信通,4.51,4.5,4.55,4.4,4.42,3151200,14069320.0
2026-09-22,sh,600292,电投水电,11.61,11.68,11.74,11.57,11.59,6386015,74187210.0
2026-09-22,sh,600293,三峡新材,3.47,3.44,3.45,3.32,3.36,88333649,297861613.0
2026-09-22,sh,600295,鄂尔多斯,13.3,13.3,13.39,12.97,13.02,9696628,127383167.0
2026-09-22,sh,600298,安琪酵母,39.15,39.01,39.89,38.75,39.42,7193929,283944173.0
2026-09-22,sh,600299,安迪苏,8.55,8.51,8.58,8.35,8.42,33550718,282914211.0
2026-09-22,sh,600300,维维股份,3.18,3.16,3.17,3.09,3.12,32640800,102035075.0
2026-09-22,sh,600301,华锡有色,49.97,54.95,54.95,48.1,48.87,33621639,1657422695.0
2026-09-22,sh,600302,ST标准,7.1,7.05,7.16,6.84,6.89,4459200,31015945.0
2026-09-22,sh,600303,曙光股份,3.14,3.2,3.4,3.06,3.12,51565416,161029279.0
2026-09-22,sh,600305,恒顺醋业,6.76,6.77,6.8,6.72,6.73,7015827,47371447.0
2026-09-22,sh,600307,酒钢宏兴,1.51,1.51,1.52,1.47,1.48,46947902,69941020.0
2026-09-22,sh,600308,华泰股份,3.42,3.41,3.42,3.31,3.34,30693139,102498946.0
2026-09-22,sh,600309,万华化学,70.51,70.6,71.19,70.16,70.66,21953549,1551469005.0
2026-09-22,sh,600310,广西能源,4.72,4.73,4.75,4.6,4.64,44335904,205787924.0
2026-09-22,sh,600312,平高电气,19.49,19.52,19.59,19.29,19.3,8501900,165106075.0
2026-09-22,sh,600313,农发种业,7.22,7.16,7.29,7.04,7.18,55782898,398366485.0
2026-09-22,sh,600315,上海家化,18.64,18.58,18.77,18.38,18.48,6299600,116711996.0
2026-09-22,sh,600316,洪都航空,33.63,33.5,34.32,32.9,34.11,12616153,425570224.0
2026-09-22,sh,600318,新力金融,7.15,7.1,7.24,7.05,7.11,25786232,183837776.0
2026-09-22,sh,600319,亚星化学,6.36,6.36,6.4,6.19,6.28,4606200,28857211.0
2026-09-22,sh,600320,振华重工,4.21,4.21,4.22,4.11,4.12,39103542,161984729.0
2026-09-22,sh,600322,津投城开,2.8,2.77,2.82,2.73,2.79,30804970,85491394.0
2026-09-22,sh,600323,瀚蓝环境,28.55,28.55,28.98,28.4,28.81,3369338,96944843.0
2026-09-22,sh,600325,华发股份,2.73,2.74,2.89,2.74,2.82,207143638,581518938.0
2026-09-22,sh,600326,西藏天路,6.88,6.88,6.93,6.83,6.86,13749591,94662634.0
2026-09-22,sh,600327,大东方,3.96,3.96,3.98,3.86,3.92,15461730,60516451.0
2026-09-22,sh,600328,中盐化工,5.79,5.8,5.84,5.73,5.78,12616074,72710280.0
2026-09-22,sh,600329,达仁堂,35.2,35.17,35.3,35.0,35.1,1366366,48031108.0
2026-09-22,sh,600330,天通股份,29.41,30.26,30.5,29.3,29.71,102290673,3067560073.0
2026-09-22,sh,600331,宏达股份,11.84,11.84,12.08,11.71,11.92,30286154,360218453.0
2026-09-22,sh,600332,白云山,19.73,19.73,19.76,19.6,19.68,4474560,88152223.0
2026-09-22,sh,600333,长春燃气,6.81,6.79,6.87,6.74,6.85,10217100,69549868.0
2026-09-22,sh,600335,国机汽车,5.23,5.23,5.26,5.17,5.17,8778990,45626210.0
2026-09-22,sh,600336,澳柯玛,6.45,6.47,6.51,6.43,6.45,4208300,27233529.0
2026-09-22,sh,600337,ST美克,3.18,3.22,3.41,3.19,3.39,42157757,140665111.0
2026-09-22,sh,600338,西藏珠峰,12.76,12.8,12.92,12.71,12.79,21255643,272388283.0
2026-09-22,sh,600339,中油工程,3.39,3.37,3.39,3.32,3.34,39932380,133609674.0
2026-09-22,sh,600340,*ST华幸,1.12,1.11,1.14,1.1,1.12,58437723,65238954.0
2026-09-22,sh,600343,航天动力,21.04,21.0,21.18,20.12,20.29,41398516,850513335.0
2026-09-22,sh,600345,长江通信,54.7,55.5,56.33,54.29,54.41,13277349,734569665.0
2026-09-22,sh,600346,恒力石化,16.6,16.65,16.68,16.31,16.54,27821969,458696980.0
2026-09-22,sh,600348,华阳股份,9.13,9.07,9.24,8.99,9.24,28814452,263155268.0
2026-09-22,sh,600350,山东高速,9.94,9.93,10.03,9.87,10.0,9637011,96202653.0
2026-09-22,sh,600351,亚宝药业,6.95,6.9,6.94,6.8,6.84,19369600,132789716.0
2026-09-22,sh,600352,浙江龙盛,12.26,12.24,12.77,12.16,12.62,66810668,839217538.0
2026-09-22,sh,600353,旭光电子,33.64,33.96,35.49,33.03,33.32,55211370,1882363836.0
2026-09-22,sh,600354,敦煌种业,10.46,10.39,10.49,9.85,10.12,108627056,1098589326.0
2026-09-22,sh,600356,恒丰纸业,10.21,10.21,11.19,10.15,10.93,29027021,310272280.0
2026-09-22,sh,600358,国旅联合,5.12,5.12,5.15,5.07,5.14,3750001,19157981.0
2026-09-22,sh,600359,新农开发,8.08,7.99,8.18,7.74,8.04,39969439,317653977.0
2026-09-22,sh,600360,华微电子,11.61,11.61,11.79,11.34,11.38,97145127,1120665504.0
2026-09-22,sh,600361,创新新材,3.53,3.54,3.56,3.52,3.53,31231690,110489394.0
2026-09-22,sh,600362,江西铜业,44.24,44.68,45.8,44.1,45.1,57707838,2602377314.0
2026-09-22,sh,600363,联创光电,16.01,16.07,16.32,15.91,15.98,24436487,393738208.0
2026-09-22,sh,600365,ST通葡,2.86,2.83,2.87,2.82,2.86,1814500,5162512.0
2026-09-22,sh,600366,宁波韵升,11.43,11.46,11.64,11.38,11.43,25495021,293670126.0
2026-09-22,sh,600367,红星发展,37.62,37.85,40.47,37.43,38.29,40641818,1574298203.0
2026-09-22,sh,600368,五洲交通,4.09,4.09,4.1,4.04,4.06,19431431,78849994.0
2026-09-22,sh,600369,西南证券,3.98,3.99,4.03,3.98,3.99,29682773,118759585.0
2026-09-22,sh,600370,*ST三房,1.52,1.52,1.52,1.49,1.5,13404800,20122649.0
2026-09-22,sh,600371,万向德农,16.39,16.11,16.8,15.12,15.71,71870765,1136939850.0
2026-09-22,sh,600372,中航机载,11.48,11.49,11.63,11.43,11.57,28679306,330447518.0
2026-09-22,sh,600373,中文传媒,7.49,7.67,7.89,7.63,7.66,26489800,205006363.0
2026-09-22,sh,600375,汉马科技,3.73,3.74,3.75,3.69,3.71,13972500,51787436.0
2026-09-22,sh,600376,首开股份,3.31,3.27,3.44,3.25,3.4,121826304,408423528.0
2026-09-22,sh,600377,宁沪高速,12.52,12.5,12.56,12.38,12.54,9058000,112872383.0
2026-09-22,sh,600378,昊华科技,47.75,48.2,48.68,46.86,47.07,44550154,2130125963.0
2026-09-22,sh,600379,XD宝光股,14.87,15.06,15.78,14.6,14.69,20292580,309366524.0
2026-09-22,sh,600380,健康元,9.4,9.4,9.48,9.35,9.38,12935775,121693811.0
2026-09-22,sh,600381,*ST春天,4.14,4.1,4.33,4.1,4.26,8911300,37807379.0
2026-09-22,sh,600382,广东明珠,6.25,6.19,6.25,5.98,6.02,26379969,160571515.0
2026-09-22,sh,600383,金地集团,2.47,2.43,2.54,2.41,2.5,306037204,755107004.0
2026-09-22,sh,600386,北巴传媒,3.59,3.6,3.62,3.53,3.59,7543800,26971172.0
2026-09-22,sh,600388,紫金龙净,17.7,17.74,17.82,17.09,17.13,13332930,230755497.0
2026-09-22,sh,600389,江山股份,19.23,19.1,19.39,18.83,18.86,8814355,167219548.0
2026-09-22,sh,600390,五矿资本,4.94,4.95,5.0,4.91,4.91,29302047,144923996.0
2026-09-22,sh,600391,航发科技,43.6,43.69,44.36,42.38,42.84,14496701,625043912.0
2026-09-22,sh,600392,盛和资源,22.2,22.4,22.51,22.07,22.19,39293615,874359175.0
2026-09-22,sh,600395,盘江股份,5.17,5.13,5.22,5.07,5.17,30238632,155680071.0
2026-09-22,sh,600396,华电辽能,13.79,13.71,14.24,13.66,13.86,103031616,1435162688.0
2026-09-22,sh,600397,江钨装备,17.24,17.3,17.8,17.27,17.49,74925406,1315218818.0
2026-09-22,sh,600398,海澜之家,5.75,5.75,5.76,5.7,5.7,27693000,158659307.0
2026-09-22,sh,600399,抚顺特钢,4.51,4.56,4.56,4.38,4.38,34859300,154327466.0
2026-09-22,sh,600400,红豆股份,3.6,3.55,3.65,3.39,3.43,98235895,343188716.0
2026-09-22,sh,600403,大有能源,6.91,6.85,7.6,6.78,7.6,110064358,793350767.0
2026-09-22,sh,600405,动力源,5.0,5.03,5.03,4.97,5.01,7037153,35146074.0
2026-09-22,sh,600406,国电南瑞,22.1,22.13,22.34,22.12,22.23,34593702,769913032.0
2026-09-22,sh,600408,安泰集团,3.1,3.11,3.19,3.02,3.13,48965141,151666307.0
2026-09-22,sh,600409,三友化工,6.52,6.51,6.55,6.33,6.35,17300500,110607412.0
2026-09-22,sh,600410,华胜天成,17.19,17.02,17.15,16.48,16.48,151763080,2548467523.0
2026-09-22,sh,600415,小商品城,11.93,11.9,12.0,11.75,11.85,32364409,384507523.0
2026-09-22,sh,600416,湘电股份,8.67,8.67,8.75,8.54,8.56,10180624,87761696.0
2026-09-22,sh,600418,江淮汽车,19.38,19.38,21.32,19.25,21.32,143068645,2914330911.0
2026-09-22,sh,600419,天润乳业,8.81,8.85,8.85,8.67,8.8,3076360,26973053.0
2026-09-22,sh,600420,国药现代,8.37,8.44,8.45,8.3,8.4,8552200,71640840.0
2026-09-22,sh,600422,昆药集团,8.32,8.34,8.38,8.24,8.25,3467193,28764884.0
2026-09-22,sh,600423,*ST柳化,2.73,2.73,2.76,2.7,2.73,3994600,10903710.0
2026-09-22,sh,600425,青松建化,3.68,3.7,3.7,3.6,3.63,14297208,51827271.0
2026-09-22,sh,600426,华鲁恒升,20.53,20.39,20.6,20.13,20.4,29910046,608353107.0
2026-09-22,sh,600428,中远海特,11.51,11.51,11.52,11.16,11.34,31396214,354864885.0
2026-09-22,sh,600429,XD三元股,4.59,4.6,4.63,4.51,4.56,9333100,42574396.0
2026-09-22,sh,600433,冠豪高新,3.38,3.39,3.4,3.34,3.37,17862058,60138239.0
2026-09-22,sh,600435,北方导航,11.93,11.9,12.0,11.65,11.68,18472402,216860586.0
2026-09-22,sh,600436,片仔癀,121.02,120.26,121.37,120.0,120.82,1801460,217202223.0
2026-09-22,sh,600438,通威股份,11.59,11.6,11.84,11.6,11.72,33529530,392750819.0
2026-09-22,sh,600439,ST瑞贝卡,1.9,1.9,1.91,1.88,1.88,7781840,14673358.0
2026-09-22,sh,600444,国机通用,14.26,14.26,14.54,14.14,14.3,2234000,31950252.0
2026-09-22,sh,600446,金证股份,11.01,11.15,11.18,10.84,10.9,20094422,220241753.0
2026-09-22,sh,600448,华纺股份,3.89,4.2,4.23,3.51,3.58,239789826,906982801.0
2026-09-22,sh,600449,宁夏建材,13.25,13.2,13.33,13.08,13.1,7477040,98673815.0
2026-09-22,sh,600452,涪陵电力,9.18,9.2,9.2,9.02,9.03,29676725,269480841.0
2026-09-22,sh,600455,博通股份,23.71,23.97,24.49,23.79,24.23,1691300,40901819.0
2026-09-22,sh,600456,宝钛股份,25.69,25.93,25.95,25.62,25.64,3156499,81371554.0
2026-09-22,sh,600458,时代新材,11.34,11.38,11.45,11.16,11.21,15254296,172502968.0
2026-09-22,sh,600459,贵研铂业,19.36,19.42,19.56,19.17,19.23,10481815,203242373.0
2026-09-22,sh,600460,士兰微,33.27,33.85,34.47,33.21,33.4,95152669,3214375091.0
2026-09-22,sh,600461,洪城环境,8.88,8.88,8.89,8.82,8.83,9920961,87754372.0
2026-09-22,sh,600463,空港股份,8.27,8.27,8.39,8.11,8.29,4107000,33943317.0
2026-09-22,sh,600467,好当家,2.49,2.5,2.51,2.41,2.44,43385900,105871218.0
2026-09-22,sh,600468,百利电气,6.45,6.46,6.5,6.27,6.28,25799400,163489342.0
2026-09-22,sh,600469,风神股份,5.06,5.07,5.07,5.03,5.04,4946282,24959239.0
2026-09-22,sh,600470,六国化工,5.84,5.84,5.87,5.75,5.81,17283004,100217948.0
2026-09-22,sh,600475,华光环能,15.22,15.23,15.34,14.82,14.92,7792602,117475084.0
2026-09-22,sh,600476,*ST湘邮,10.27,10.28,10.62,10.28,10.59,2094901,21978815.0
2026-09-22,sh,600477,杭萧钢构,2.47,2.47,2.5,2.42,2.44,31041022,75845534.0
2026-09-22,sh,600478,科力远,4.55,4.56,4.65,4.55,4.58,31265599,143780805.0
2026-09-22,sh,600479,千金药业,12.34,12.13,13.57,12.06,13.57,98981706,1254824521.0
2026-09-22,sh,600480,凌云股份,7.8,7.85,7.86,7.71,7.74,10926900,85090693.0
2026-09-22,sh,600481,双良节能,4.18,4.18,4.22,4.06,4.1,33694528,139207126.0
2026-09-22,sh,600482,中国动力,35.55,35.53,36.2,35.13,35.34,10843547,383916985.0
2026-09-22,sh,600483,福能股份,10.86,10.82,10.89,10.64,10.73,11810061,126529944.0
2026-09-22,sh,600486,扬农化工,53.74,53.64,53.73,52.92,52.96,2804230,149225755.0
2026-09-22,sh,600487,亨通光电,71.75,74.5,76.35,71.84,73.0,213843469,15835413501.0
2026-09-22,sh,600488,津药药业,6.29,6.22,6.29,6.08,6.13,110808001,683509400.0
2026-09-22,sh,600489,中金黄金,23.61,23.55,23.8,23.37,23.47,49540388,1168325584.0
2026-09-22,sh,600490,鹏欣资源,7.13,7.13,7.26,7.08,7.17,32764702,235706550.0
2026-09-22,sh,600491,ST龙元,1.67,1.67,1.67,1.61,1.64,53352645,87385432.0
2026-09-22,sh,600493,凤竹纺织,6.41,6.5,6.5,6.28,6.46,8191050,52452303.0
2026-09-22,sh,600495,晋西车轴,4.09,4.1,4.16,4.04,4.11,11364299,46572123.0
2026-09-22,sh,600496,精工钢构,3.35,3.36,3.37,3.29,3.31,21022300,69875085.0
2026-09-22,sh,600497,驰宏锌锗,9.66,9.7,9.99,9.67,9.79,106910911,1053485619.0
2026-09-22,sh,600498,烽火通信,44.15,45.0,45.18,43.24,43.51,81730153,3619412052.0
2026-09-22,sh,600499,科达制造,13.39,12.78,12.9,12.05,12.06,103269134,1250252987.0
2026-09-22,sh,600500,中化国际,5.87,5.9,5.96,5.73,5.77,102769196,599601803.0
2026-09-22,sh,600501,航天晨光,15.05,15.08,15.14,14.81,14.85,3987500,59597192.0
2026-09-22,sh,600502,安徽建工,4.14,4.14,4.16,4.12,4.13,29617402,122442306.0
2026-09-22,sh,600503,华丽家族,2.43,2.35,2.67,2.33,2.67,196076174,482275938.0
2026-09-22,sh,600505,西昌电力,10.73,10.72,10.77,10.56,10.59,7488489,79378803.0
2026-09-22,sh,600506,统一股份,16.84,16.84,17.91,16.66,17.63,22709065,398292918.0
2026-09-22,sh,600507,方大特钢,4.11,4.13,4.13,4.06,4.07,15624141,63923666.0
2026-09-22,sh,600508,上海能源,10.92,10.85,11.08,10.76,11.0,18637294,203947357.0
2026-09-22,sh,600509,天富能源,7.31,7.31,7.39,7.29,7.34,13588383,99780489.0
2026-09-22,sh,600510,黑牡丹,6.72,6.7,6.92,6.7,6.76,6711300,45659801.0
2026-09-22,sh,600511,国药股份,26.27,26.27,26.29,26.07,26.12,3194400,83553206.0
2026-09-22,sh,600512,腾达建设,2.09,2.09,2.11,2.05,2.07,26820001,55575353.0
2026-09-22,sh,600513,联环药业,15.38,15.36,15.56,15.15,15.39,8552700,131453292.0
2026-09-22,sh,600515,海南机场,2.8,2.78,2.81,2.74,2.76,85975303,237526607.0
2026-09-22,sh,600516,方大炭素,5.53,5.54,5.58,5.47,5.49,56099746,309274598.0
2026-09-22,sh,600517,国网英大,4.98,4.98,5.03,4.97,4.99,13939200,69614259.0
2026-09-22,sh,600518,康美药业,1.38,1.38,1.39,1.36,1.36,133560005,183360025.0
2026-09-22,sh,600519,贵州茅台,1252.57,1252.15,1265.88,1248.1,1253.8,2457294,3088526148.0
2026-09-22,sh,600520,三佳科技,26.11,26.4,26.76,25.68,25.79,6759101,176326570.0
2026-09-22,sh,600521,华海药业,16.66,16.61,16.75,16.45,16.57,21793719,361721424.0
2026-09-22,sh,600522,中天科技,36.95,37.54,38.48,36.5,36.88,285841702,10707234336.0
2026-09-22,sh,600523,贵航股份,12.0,12.0,12.22,11.9,12.13,5202000,62901416.0
2026-09-22,sh,600525,长园集团,5.08,5.05,5.11,4.98,5.01,15454020,77721293.0
2026-09-22,sh,600526,菲达环保,4.62,4.6,4.63,4.57,4.58,5571502,25567788.0
2026-09-22,sh,600527,江南高纤,2.25,2.26,2.26,2.18,2.2,46025200,101596418.0
2026-09-22,sh,600528,中铁工业,6.86,6.88,6.89,6.83,6.83,5679000,38973612.0
2026-09-22,sh,600529,山东药玻,18.72,18.78,18.83,18.61,18.7,4782064,89597005.0
2026-09-22,sh,600530,ST交昂,4.0,3.98,4.09,3.93,4.04,7287200,29248990.0
2026-09-22,sh,600531,豫光金铅,12.23,12.27,12.35,12.12,12.17,25905489,317680705.0
2026-09-22,sh,600533,栖霞建设,2.27,2.28,2.29,2.19,2.26,21160200,47398712.0
2026-09-22,sh,600535,天士力,14.07,14.04,14.07,13.91,13.95,11066798,154638495.0
2026-09-22,sh,600536,中国软件,31.94,32.3,32.54,31.96,32.1,14165620,456461953.0
2026-09-22,sh,600537,*ST亿晶,2.12,2.18,2.33,2.15,2.23,67472100,152095904.0
2026-09-22,sh,600538,国发股份,4.91,4.91,5.01,4.86,4.9,8708600,42876539.0
2026-09-22,sh,600539,狮头股份,13.48,13.58,14.22,13.55,13.8,16707288,232017680.0
2026-09-22,sh,600540,新赛股份,5.65,5.65,6.22,5.49,6.03,144576556,862524887.0
2026-09-22,sh,600543,*ST莫高,4.17,4.19,4.2,4.12,4.12,1057400,4381333.0
2026-09-22,sh,600545,卓郎智能,4.58,4.59,4.68,4.48,4.5,95120066,434681549.0
2026-09-22,sh,600546,山煤国际,13.61,13.44,13.71,13.31,13.64,18208099,246248236.0
2026-09-22,sh,600547,山东黄金,32.23,32.17,32.27,31.26,31.45,90026366,2860205452.0
2026-09-22,sh,600548,深高速,8.11,8.09,8.11,8.07,8.1,2080901,16839262.0
2026-09-22,sh,600549,厦门钨业,50.2,50.2,50.76,49.22,49.34,39071584,1953731872.0
2026-09-22,sh,600550,保变电气,10.91,10.91,10.94,10.72,10.74,13811754,149476126.0
2026-09-22,sh,600551,时代出版,7.66,7.64,7.94,7.61,7.9,33195980,260417865.0
2026-09-22,sh,600552,凯盛科技,18.06,18.27,18.56,17.78,17.9,54685642,995201379.0
2026-09-22,sh,600556,天下秀,4.67,4.73,4.92,4.71,4.81,64918195,312945110.0
2026-09-22,sh,600557,康缘药业,12.42,12.41,12.55,12.34,12.41,5723765,71210486.0
2026-09-22,sh,600558,大西洋,4.92,4.9,4.95,4.83,4.84,12177978,59239526.0
2026-09-22,sh,600559,老白干酒,11.18,11.13,11.39,11.11,11.27,11875922,133796115.0
2026-09-22,sh,600560,金自天正,11.26,11.3,11.46,11.22,11.38,2424400,27552659.0
2026-09-22,sh,600561,江西长运,5.85,5.88,5.96,5.75,5.9,4182300,24549848.0
2026-09-22,sh,600562,国睿科技,27.76,27.63,29.06,27.54,28.78,14636189,417048822.0
2026-09-22,sh,600563,法拉电子,123.86,124.68,127.0,123.52,124.02,4218132,528421703.0
2026-09-22,sh,600566,济川药业,24.96,24.92,24.99,24.62,24.74,4264407,105632789.0
2026-09-22,sh,600567,山鹰国际,1.35,1.35,1.35,1.33,1.33,40189600,53827687.0
2026-09-22,sh,600568,ST中珠,2.42,2.43,2.43,2.36,2.39,9496303,22624606.0
2026-09-22,sh,600569,安阳钢铁,1.81,1.8,1.82,1.74,1.77,30109374,53297419.0
2026-09-22,sh,600570,恒生电子,20.4,20.49,20.67,20.4,20.5,17565667,360970822.0
2026-09-22,sh,600571,信雅达,10.58,10.6,10.75,10.52,10.6,5747025,61174841.0
2026-09-22,sh,600572,康恩贝,4.38,4.36,4.4,4.31,4.32,48323705,210130408.0
2026-09-22,sh,600573,惠泉啤酒,10.05,10.0,10.09,9.82,9.96,5422200,53941607.0
2026-09-22,sh,600575,淮河能源,3.24,3.23,3.24,3.19,3.19,34871404,111829327.0
2026-09-22,sh,600576,祥源文旅,5.47,5.46,5.49,5.4,5.45,7400410,40241932.0
2026-09-22,sh,600577,精达股份,8.98,8.95,9.04,8.82,8.9,95671250,852914556.0
2026-09-22,sh,600578,京能电力,5.38,5.39,5.41,5.33,5.34,41797800,223998753.0
2026-09-22,sh,600579,中化装备,7.25,7.25,7.3,7.19,7.25,6145500,44508217.0
2026-09-22,sh,600580,卧龙电驱,27.46,27.71,27.85,27.29,27.41,18652327,513037564.0
2026-09-22,sh,600581,*ST八钢,2.46,2.47,2.47,2.43,2.44,5444100,13299931.0
2026-09-22,sh,600582,天地科技,4.88,4.88,4.89,4.85,4.86,18243000,88738910.0
2026-09-22,sh,600583,海油工程,6.53,6.5,6.55,6.37,6.45,48907710,316121501.0
2026-09-22,sh,600584,长电科技,72.22,73.9,74.5,71.6,72.24,106231826,7753692177.0
2026-09-22,sh,600585,海螺水泥,17.25,17.2,17.21,17.04,17.12,15467688,264933409.0
2026-09-22,sh,600586,金晶科技,4.09,4.1,4.14,4.05,4.06,15394600,62987490.0
2026-09-22,sh,600587,新华医疗,13.4,13.68,13.94,13.4,13.44,52089354,711948775.0
2026-09-22,sh,600588,用友网络,9.57,9.68,10.03,9.63,9.9,86261406,848848178.0
2026-09-22,sh,600589,大位科技,7.85,7.95,8.54,7.89,8.25,122523558,995877271.0
2026-09-22,sh,600590,泰豪科技,8.84,8.88,8.9,8.59,8.62,25279074,219867482.0
2026-09-22,sh,600592,龙溪股份,14.72,14.73,14.89,14.47,14.51,4311000,62959516.0
2026-09-22,sh,600593,大连圣亚,48.57,48.08,50.02,46.8,47.12,18479400,886575215.0
2026-09-22,sh,600594,益佰制药,3.82,3.8,3.84,3.75,3.78,29956200,113623689.0
2026-09-22,sh,600595,中孚实业,6.04,6.03,6.09,6.01,6.04,46758773,282815558.0
2026-09-22,sh,600596,新安股份,12.03,12.06,12.14,11.7,11.8,61757556,735902560.0
2026-09-22,sh,600597,光明乳业,6.82,6.8,6.82,6.74,6.74,7677800,51961805.0
2026-09-22,sh,600598,北大荒,12.82,12.81,13.42,12.71,13.1,43478384,569345131.0
2026-09-22,sh,600600,青岛啤酒,50.21,50.2,50.39,50.08,50.15,2690886,135152281.0
2026-09-22,sh,600601,方正科技,15.25,15.45,15.8,15.21,15.36,200320209,3091565025.0
2026-09-22,sh,600602,云赛智联,17.2,17.4,17.48,17.1,17.21,19373122,335090375.0
2026-09-22,sh,600603,广汇物流,4.89,4.89,4.91,4.78,4.83,11758420,56712242.0
2026-09-22,sh,600604,市北高新,4.77,4.73,4.96,4.73,4.94,40093378,195483377.0
2026-09-22,sh,600605,汇通能源,27.2,27.06,29.4,26.9,28.74,9623908,273666595.0
2026-09-22,sh,600606,绿地控股,1.6,1.58,1.64,1.52,1.53,583595552,910940875.0
2026-09-22,sh,600609,金杯汽车,3.74,3.76,3.8,3.61,3.65,66866966,244381480.0
2026-09-22,sh,600610,中毅达,7.78,7.8,8.23,7.65,8.11,51390276,409572195.0
2026-09-22,sh,600611,大众交通,4.57,4.56,4.78,4.54,4.71,96079787,447640117.0
2026-09-22,sh,600612,老凤祥,31.6,31.62,31.88,31.5,31.74,1015600,32237313.0
2026-09-22,sh,600613,神奇制药,9.25,9.25,9.6,9.05,9.43,161957442,1522447935.0
2026-09-22,sh,600615,鑫源智造,9.44,9.57,9.62,9.41,9.49,1462641,13910809.0
2026-09-22,sh,600616,金枫酒业,5.1,5.02,5.6,4.95,5.21,64795166,342259137.0
2026-09-22,sh,600617,国新能源,3.36,3.37,3.37,3.27,3.34,30255785,100438118.0
2026-09-22,sh,600618,氯碱化工,9.96,9.97,9.99,9.88,9.89,3661391,36332206.0
2026-09-22,sh,600619,海立股份,13.18,13.24,13.93,13.2,13.65,36414988,495034828.0
2026-09-22,sh,600620,天宸股份,4.41,4.4,4.44,4.32,4.37,5438096,23820477.0
2026-09-22,sh,600621,华鑫股份,14.24,14.22,14.23,13.96,14.01,31707574,445542544.0
2026-09-22,sh,600622,光大嘉宝,2.49,2.47,2.5,2.43,2.49,36646694,90548003.0
2026-09-22,sh,600623,华谊集团,8.53,8.49,8.53,8.43,8.47,9797083,82956384.0
2026-09-22,sh,600624,ST复华,4.77,4.79,4.82,4.75,4.8,4640042,22231552.0
2026-09-22,sh,600626,申达股份,3.89,3.86,3.91,3.76,3.83,19771089,75590046.0
2026-09-22,sh,600628,新世界,6.46,6.43,6.47,6.35,6.38,7117225,45531664.0
2026-09-22,sh,600629,华建集团,16.59,16.5,16.88,16.45,16.8,20044173,333318953.0
2026-09-22,sh,600630,龙头股份,9.12,8.97,10.03,8.71,9.48,144060768,1351039411.0
2026-09-22,sh,600633,浙数文化,10.33,10.45,10.58,10.36,10.52,17329793,181776025.0
2026-09-22,sh,600635,大众公用,4.62,4.62,4.65,4.56,4.57,24016853,110333367.0
2026-09-22,sh,600637,东方明珠,8.84,8.9,9.08,8.89,9.04,64991251,584448126.0
2026-09-22,sh,600638,新黄浦,5.14,5.07,5.16,5.04,5.12,18286835,93311988.0
2026-09-22,sh,600639,浦东金桥,9.92,9.9,9.9,9.56,9.65,11895261,114828918.0
2026-09-22,sh,600640,国脉文化,12.54,12.54,13.79,12.38,13.41,56048927,745839786.0
2026-09-22,sh,600641,先导基电,39.76,42.51,43.74,42.51,43.74,58575135,2552043485.0
2026-09-22,sh,600642,申能股份,8.6,8.58,8.75,8.57,8.73,19070518,165801945.0
2026-09-22,sh,600643,爱建集团,4.17,4.17,4.19,4.09,4.11,14027766,57898158.0
2026-09-22,sh,600644,乐山电力,9.97,9.98,9.98,9.66,9.78,35298032,344929268.0
2026-09-22,sh,600645,中源协和,19.05,19.08,19.5,18.8,19.29,12782065,245150358.0
2026-09-22,sh,600648,外高桥,9.49,9.47,9.49,9.34,9.4,1885280,17710200.0
2026-09-22,sh,600649,城投控股,4.11,4.08,4.14,4.03,4.07,26248591,106903349.0
2026-09-22,sh,600650,锦江在线,10.42,10.43,10.52,10.33,10.46,3212500,33567388.0
2026-09-22,sh,600651,飞乐音响,5.23,5.25,5.34,5.22,5.24,15994467,84308148.0
2026-09-22,sh,600653,申华控股,1.75,1.74,1.75,1.69,1.7,25375201,43343263.0
2026-09-22,sh,600654,中安科,3.12,3.14,3.16,3.07,3.09,52143506,162193133.0
2026-09-22,sh,600655,豫园股份,4.67,4.67,4.69,4.62,4.62,10366494,48198684.0
2026-09-22,sh,600657,信达地产,3.15,3.15,3.31,3.11,3.24,107019145,344274306.0
2026-09-22,sh,600658,电子城,4.18,4.18,4.21,4.1,4.15,13784800,57115516.0
2026-09-22,sh,600660,福耀玻璃,54.14,54.15,54.25,53.61,53.77,7860879,423211227.0
2026-09-22,sh,600661,昂立教育,8.83,8.8,9.08,8.62,8.94,8867800,78830168.0
2026-09-22,sh,600662,外服控股,4.25,4.24,4.3,4.23,4.29,10604600,45310996.0
2026-09-22,sh,600663,陆家嘴,9.1,9.21,9.26,8.76,8.85,15225919,135066677.0
2026-09-22,sh,600664,哈药股份,8.25,9.02,9.08,8.68,9.08,308205511,2779141466.0
2026-09-22,sh,600665,天地源,3.51,3.51,3.53,3.32,3.45,21200080,72224417.0
2026-09-22,sh,600666,奥瑞德,3.53,3.53,3.63,3.48,3.49,116111349,411703838.0
2026-09-22,sh,600667,太极实业,20.3,20.63,20.72,19.77,19.87,207834252,4192866793.0
2026-09-22,sh,600668,尖峰集团,7.4,7.4,7.48,7.36,7.39,4324739,32014848.0
2026-09-22,sh,600671,天目药业,23.84,23.8,24.23,23.2,23.9,3588541,85536587.0
2026-09-22,sh,600673,东阳光,31.48,31.8,32.59,31.75,32.16,29954212,964836746.0
2026-09-22,sh,600674,川投能源,15.91,15.84,15.95,15.66,15.93,20255977,320273780.0
2026-09-22,sh,600675,中华企业,2.45,2.4,2.46,2.36,2.42,89306420,215442569.0
2026-09-22,sh,600676,久事动娱,6.85,6.84,6.88,6.79,6.8,7025100,47947154.0
2026-09-22,sh,600678,ST金顶,5.8,5.78,5.83,5.73,5.76,4139600,23884010.0
2026-09-22,sh,600679,上海凤凰,10.52,10.41,11.5,10.25,10.92,16378828,177801390.0
2026-09-22,sh,600681,百川能源,3.52,3.52,3.53,3.43,3.45,24219424,83733279.0
2026-09-22,sh,600682,南京新百,5.97,5.9,5.98,5.84,5.91,22322243,131880925.0
2026-09-22,sh,600683,京投发展,9.99,9.89,10.05,9.83,9.93,20672877,205034018.0
2026-09-22,sh,600684,珠江股份,3.64,3.64,3.66,3.57,3.62,14526900,52515249.0
2026-09-22,sh,600685,中船防务,30.31,30.15,30.56,29.5,29.97,17362244,517904421.0
2026-09-22,sh,600686,金龙汽车,11.14,11.25,11.3,11.06,11.13,14236423,159011439.0
2026-09-22,sh,600688,上海石化,2.84,2.84,2.85,2.78,2.79,56208497,157502134.0
2026-09-22,sh,600689,上海三毛,12.33,12.33,12.35,11.96,12.0,3669400,44342652.0
2026-09-22,sh,600690,海尔智家,19.89,19.89,20.29,19.72,20.2,48298714,971461194.0
2026-09-22,sh,600691,潞化科技,2.95,2.94,2.95,2.85,2.91,64931925,188046948.0
2026-09-22,sh,600692,亚通股份,6.59,6.59,6.62,6.46,6.58,6326129,41387132.0
2026-09-22,sh,600693,东百集团,9.97,9.9,10.01,9.67,9.82,62361730,613284717.0
2026-09-22,sh,600694,大商股份,14.57,14.55,14.58,14.45,14.5,2125913,30806089.0
2026-09-22,sh,600697,欧亚集团,11.79,11.82,11.83,11.46,11.62,6968391,80894417.0
2026-09-22,sh,600698,湖南天雁,7.18,7.15,7.18,7.0,7.07,27857769,197006026.0
2026-09-22,sh,600699,均胜电子,20.95,21.41,21.5,20.69,20.8,49714315,1041815654.0
2026-09-22,sh,600702,舍得酒业,33.7,33.5,33.8,33.37,33.62,4198578,141094559.0
2026-09-22,sh,600703,三安光电,12.98,13.1,13.24,12.81,12.87,103195533,1342996333.0
2026-09-22,sh,600704,物产中大,4.89,4.89,4.92,4.87,4.87,32541755,159401515.0
2026-09-22,sh,600706,曲江文旅,8.73,8.77,8.79,8.34,8.48,14544695,123682500.0
2026-09-22,sh,600707,彩虹股份,9.85,9.95,9.97,9.5,9.55,200319630,1943208703.0
2026-09-22,sh,600708,光明地产,3.16,3.15,3.17,3.08,3.12,27483502,85712887.0
2026-09-22,sh,600710,苏美达,11.53,11.48,11.54,11.26,11.31,9247662,105134661.0
2026-09-22,sh,600711,盛屯矿业,10.94,10.99,11.25,10.92,11.06,61470649,682193754.0
2026-09-22,sh,600712,南宁百货,5.89,5.89,6.04,5.7,5.74,52779722,306148765.0
2026-09-22,sh,600713,南京医药,5.08,5.08,5.1,5.01,5.02,10781700,54357605.0
2026-09-22,sh,600714,金瑞矿业,19.25,19.28,19.77,19.0,19.07,36015200,695323991.0
2026-09-22,sh,600715,文投控股,1.65,1.65,1.76,1.63,1.69,79413899,134015455.0
2026-09-22,sh,600716,凤凰股份,3.73,3.71,3.8,3.66,3.76,9648700,36132890.0
2026-09-22,sh,600717,天津港,4.27,4.27,4.28,4.23,4.23,15835347,67189827.0
2026-09-22,sh,600718,东软集团,8.11,8.14,8.23,8.11,8.15,7843500,64102250.0
2026-09-22,sh,600719,大连热电,8.17,8.14,8.35,8.02,8.07,20984024,170128209.0
2026-09-22,sh,600720,中交设计,5.23,5.24,5.24,5.16,5.17,6965930,36161852.0
2026-09-22,sh,600721,百花医药,13.15,13.38,14.47,13.37,14.47,194682781,2739441731.0
2026-09-22,sh,600722,金牛化工,16.64,16.31,18.17,16.02,18.08,144211971,2485140671.0
2026-09-22,sh,600724,宁波富达,5.06,5.06,5.09,4.99,5.02,7011501,35252417.0
2026-09-22,sh,600725,云维股份,3.34,3.32,3.37,3.26,3.31,12437330,41059428.0
2026-09-22,sh,600726,华电能源,5.3,5.32,5.38,5.24,5.29,57288300,304472872.0
2026-09-22,sh,600727,鲁北化工,7.62,7.6,7.64,7.51,7.61,10817971,81758526.0
2026-09-22,sh,600728,佳都科技,4.53,4.56,4.63,4.54,4.57,20592880,94496039.0
2026-09-22,sh,600729,重百集团,18.51,18.53,18.64,18.4,18.48,2803108,51904563.0
2026-09-22,sh,600730,*ST高科,9.31,9.31,9.5,9.14,9.31,10228000,95498891.0
2026-09-22,sh,600731,湖南海利,5.91,5.9,5.93,5.85,5.88,3068400,18051259.0
2026-09-22,sh,600732,爱旭股份,11.04,11.03,11.2,10.88,10.93,22745258,249711906.0
2026-09-22,sh,600733,北汽蓝谷,4.65,4.66,4.86,4.63,4.78,134945374,641477730.0
2026-09-22,sh,600734,*ST实达,2.0,2.01,2.02,1.96,1.98,42888418,85096072.0
2026-09-22,sh,600735,ST新华锦,6.64,6.55,6.84,6.53,6.72,6465301,43060149.0
2026-09-22,sh,600736,苏州高新,6.77,6.75,6.79,6.63,6.66,19178277,128218423.0
2026-09-22,sh,600737,中粮糖业,15.2,15.15,15.34,14.72,15.01,85100911,1274988087.0
2026-09-22,sh,600738,丽尚国潮,4.37,4.37,4.37,4.24,4.27,15937700,68245801.0
2026-09-22,sh,600739,辽宁成大,10.49,10.5,10.58,10.46,10.48,11166829,117514120.0
2026-09-22,sh,600740,山西焦化,3.84,3.83,3.91,3.75,3.85,30211079,115724869.0
2026-09-22,sh,600741,华域汽车,14.8,14.83,14.97,14.76,14.92,11037292,164450183.0
2026-09-22,sh,600742,富维股份,7.73,7.77,7.87,7.71,7.72,5182019,40284208.0
2026-09-22,sh,600743,华远控股,2.33,2.56,2.56,2.56,2.56,9034889,23129316.0
2026-09-22,sh,600744,华银电力,6.58,6.5,6.59,6.45,6.54,72543808,472345380.0
2026-09-22,sh,600745,*ST闻泰,16.86,17.02,17.69,17.02,17.59,44613767,776231997.0
2026-09-22,sh,600746,江苏索普,7.21,7.21,7.24,7.0,7.18,11079102,79036564.0
2026-09-22,sh,600748,上实发展,4.06,4.05,4.05,3.93,3.97,15109336,60083388.0
2026-09-22,sh,600749,西藏旅游,13.89,13.85,13.85,13.58,13.69,8060100,110328384.0
2026-09-22,sh,600750,华润江中,22.31,22.3,22.45,22.21,22.32,2735170,60995414.0
2026-09-22,sh,600751,海航科技,3.02,3.02,3.03,2.91,2.92,39060318,115503574.0
2026-09-22,sh,600753,ST海钦,12.37,12.37,12.43,12.19,12.36,1597800,19699352.0
2026-09-22,sh,600754,锦江酒店,18.62,18.56,18.69,18.45,18.56,8269265,153312118.0
2026-09-22,sh,600755,厦门国贸,5.65,5.63,5.94,5.63,5.81,42706422,248169130.0
2026-09-22,sh,600756,浪潮软件,14.01,14.05,14.19,13.93,14.08,7280472,102376187.0
2026-09-22,sh,600757,长江传媒,7.3,7.3,7.61,7.29,7.5,17196064,128545722.0
2026-09-22,sh,600758,辽宁能源,3.74,3.71,3.79,3.62,3.75,63152200,233800588.0
2026-09-22,sh,600759,ST洲际,2.38,2.36,2.38,2.35,2.36,60579545,143272665.0
2026-09-22,sh,600760,中航沈飞,45.0,45.0,45.33,44.25,44.71,10428784,464635608.0
2026-09-22,sh,600761,安徽合力,15.46,15.5,15.54,15.29,15.37,9328943,143893313.0
2026-09-22,sh,600763,通策医疗,34.06,33.87,34.1,33.67,33.73,5809208,196446832.0
2026-09-22,sh,600764,中国海防,19.05,19.0,19.13,18.61,18.71,5965800,111828409.0
2026-09-22,sh,600765,中航重机,13.62,13.62,13.72,13.47,13.48,11194565,151524235.0
2026-09-22,sh,600768,富邦新材,14.69,14.87,15.06,14.71,14.85,2861000,42667307.0
2026-09-22,sh,600769,祥龙电业,16.4,16.44,16.6,16.08,16.15,9725300,158545573.0
2026-09-22,sh,600770,综艺股份,6.03,6.63,6.63,6.63,6.63,20435196,135485349.0
2026-09-22,sh,600771,广誉远,13.96,14.0,14.18,13.95,14.05,7269364,102310973.0
2026-09-22,sh,600773,西藏城投,10.37,10.36,10.58,10.31,10.36,14423513,150010876.0
2026-09-22,sh,600774,汉商集团,7.94,7.91,8.01,7.75,7.92,4355100,34334959.0
2026-09-22,sh,600775,南京熊猫,9.95,9.97,10.0,9.86,9.93,10302184,102270035.0
2026-09-22,sh,600776,东方通信,13.75,13.79,13.9,13.56,13.66,19358215,265732487.0
2026-09-22,sh,600777,新潮能源,4.03,4.02,4.13,3.99,4.05,29145200,117800628.0
2026-09-22,sh,600778,友好集团,5.95,6.0,6.0,5.78,5.87,16196037,95115565.0
2026-09-22,sh,600779,水井坊,26.75,26.6,27.15,26.47,26.75,2397497,64102732.0
2026-09-22,sh,600780,通宝能源,6.25,6.23,6.24,6.15,6.17,8858444,54762150.0
2026-09-22,sh,600782,新钢股份,2.71,2.71,2.72,2.67,2.68,33374200,89724144.0
2026-09-22,sh,600783,鲁信创投,15.6,15.65,15.8,15.49,15.52,8628700,134397386.0
2026-09-22,sh,600784,鲁银投资,7.21,7.19,7.2,7.07,7.1,7239942,51475957.0
2026-09-22,sh,600785,新华百货,11.35,11.32,11.55,10.96,11.23,50622920,568301062.0
2026-09-22,sh,600787,中储股份,4.63,4.64,4.66,4.6,4.62,12468554,57630546.0
2026-09-22,sh,600789,鲁抗医药,7.86,7.84,7.97,7.8,7.85,30016461,236246762.0
2026-09-22,sh,600790,轻纺城,3.68,3.66,3.66,3.53,3.55,35522768,127487266.0
2026-09-22,sh,600791,京能置业,7.26,7.22,7.29,7.06,7.16,12149791,86754761.0
2026-09-22,sh,600792,云煤能源,5.46,5.3,6.01,5.21,5.75,183429917,1033002301.0
2026-09-22,sh,600793,宜宾纸业,17.78,18.01,18.04,17.34,17.36,6173800,108794304.0
2026-09-22,sh,600794,保税科技,3.24,3.25,3.25,3.19,3.2,13171400,42281846.0
2026-09-22,sh,600795,国电电力,5.25,5.26,5.26,5.18,5.19,70701924,368371714.0
2026-09-22,sh,600796,钱江生化,5.1,5.1,5.13,5.02,5.09,4487700,22777072.0
2026-09-22,sh,600797,浙大网新,6.72,6.74,6.84,6.71,6.77,17677500,119827711.0
2026-09-22,sh,600798,宁波海运,3.5,3.5,3.5,3.38,3.42,32528101,111104209.0
2026-09-22,sh,600800,渤海化学,3.36,3.4,3.41,3.29,3.31,19747300,65693681.0
2026-09-22,sh,600801,华新建材,24.41,24.42,24.51,23.66,23.72,5456454,130312843.0
2026-09-22,sh,600802,福建水泥,5.61,5.56,5.6,5.4,5.47,27136376,149112290.0
2026-09-22,sh,600803,新奥股份,18.82,18.82,19.01,18.51,18.63,5429519,101331869.0
2026-09-22,sh,600805,悦达投资,4.57,4.57,4.6,4.52,4.57,6523427,29774170.0
2026-09-22,sh,600807,济高发展,2.68,2.68,2.71,2.62,2.67,13684726,36387801.0
2026-09-22,sh,600808,马钢股份,2.57,2.57,2.58,2.49,2.5,90548200,228289693.0
2026-09-22,sh,600809,山西汾酒,112.8,112.1,114.26,111.69,113.2,4737650,536224662.0
2026-09-22,sh,600810,神马股份,6.41,6.44,6.52,6.38,6.38,5127800,33025849.0
2026-09-22,sh,600812,华北制药,5.08,5.26,5.3,5.08,5.1,108143918,559671802.0
2026-09-22,sh,600814,杭州解百,7.16,7.22,7.22,6.98,7.03,13286814,93692567.0
2026-09-22,sh,600815,厦工股份,3.81,3.79,4.19,3.77,4.19,105223213,428779360.0
2026-09-22,sh,600816,建元信托,2.42,2.42,2.44,2.4,2.41,46479664,112330792.0
2026-09-22,sh,600817,宇通重工,9.72,9.72,9.83,9.61,9.64,1986698,19334546.0
2026-09-22,sh,600818,ST中路,9.11,9.21,9.21,9.01,9.01,3477499,31643004.0
2026-09-22,sh,600819,耀皮玻璃,5.66,5.69,5.7,5.59,5.62,7216801,40673836.0
2026-09-22,sh,600820,隧道股份,5.27,5.27,5.32,5.25,5.27,11771751,62164135.0
2026-09-22,sh,600821,金开新能,6.12,6.16,6.18,6.06,6.08,40731056,248468623.0
2026-09-22,sh,600822,上海物贸,9.48,9.49,9.82,9.25,9.44,17400757,164767511.0
2026-09-22,sh,600824,益民集团,3.74,3.73,3.76,3.64,3.68,13703800,50522548.0
2026-09-22,sh,600825,新华传媒,5.84,6.42,6.42,6.42,6.42,3486600,22383972.0
2026-09-22,sh,600826,兰生股份,7.85,7.8,8.12,7.77,7.9,9211817,73125490.0
2026-09-22,sh,600827,百联股份,7.87,7.84,7.88,7.79,7.81,9655019,75572280.0
2026-09-22,sh,600828,茂业商业,4.42,4.42,4.86,4.35,4.62,48385956,222942650.0
2026-09-22,sh,600829,人民同泰,10.08,9.98,10.22,9.96,10.1,14582416,147085484.0
2026-09-22,sh,600830,香溢融通,8.67,8.63,8.69,8.58,8.64,13096378,113088506.0
2026-09-22,sh,600831,广电网络,3.37,3.42,3.47,3.34,3.43,13930300,47558546.0
2026-09-22,sh,600833,第一医药,10.9,10.83,10.97,10.61,10.87,6685201,72049144.0
2026-09-22,sh,600834,申通地铁,7.66,7.7,7.73,7.63,7.65,1609900,12342125.0
2026-09-22,sh,600835,上海机电,18.66,18.6,18.85,18.25,18.33,8149774,150358630.0
2026-09-22,sh,600838,上海九百,8.71,8.71,8.75,8.5,8.6,19106560,164293991.0
2026-09-22,sh,600839,四川长虹,6.73,6.75,6.78,6.7,6.71,33828016,227865737.0
2026-09-22,sh,600841,动力新科,5.89,5.9,5.93,5.81,5.84,11755300,68781403.0
2026-09-22,sh,600843,上工申贝,6.91,6.96,7.04,6.88,6.92,5055000,35136989.0
2026-09-22,sh,600844,金煤科技,3.4,3.37,3.44,3.31,3.42,41710500,140837472.0
2026-09-22,sh,600845,宝信软件,18.13,18.25,18.79,18.17,18.45,25209423,467171850.0
2026-09-22,sh,600846,同济科技,11.01,11.02,11.08,10.83,10.86,1681050,18383356.0
2026-09-22,sh,600847,万里股份,13.75,13.86,13.88,13.22,13.35,11251284,151162133.0
2026-09-22,sh,600848,上海临港,8.63,8.68,8.72,8.55,8.68,9363080,81061138.0
2026-09-22,sh,600850,电科数字,14.11,14.24,14.4,14.13,14.19,9700564,138416800.0
2026-09-22,sh,600851,海欣股份,8.68,8.66,8.66,8.42,8.52,10108310,86072515.0
2026-09-22,sh,600853,龙建股份,3.32,3.31,3.36,3.25,3.27,10255820,33626046.0
2026-09-22,sh,600854,春兰股份,4.71,4.71,4.75,4.66,4.71,4628100,21791757.0
2026-09-22,sh,600855,航天长峰,13.42,13.4,13.5,13.1,13.15,7515496,99567752.0
2026-09-22,sh,600857,宁波中百,23.41,23.73,24.81,23.35,24.24,12278837,297934415.0
2026-09-22,sh,600858,银座股份,5.06,5.08,5.11,4.95,5.0,9503993,47685278.0
2026-09-22,sh,600859,王府井,10.0,9.99,10.04,9.89,9.9,10957546,109102929.0
2026-09-22,sh,600860,京城股份,7.72,7.67,7.85,7.56,7.69,11816559,90691253.0
2026-09-22,sh,600861,北京人力,12.82,12.83,12.83,12.75,12.78,988147,12631361.0
2026-09-22,sh,600862,中航高科,18.3,18.48,18.48,18.11,18.16,8034853,146277381.0
2026-09-22,sh,600863,华能蒙电,4.75,4.74,4.76,4.69,4.74,60660440,286223071.0
2026-09-22,sh,600864,哈投股份,5.95,5.91,5.96,5.84,5.86,52544597,309271586.0
2026-09-22,sh,600865,百大集团,11.44,11.36,11.78,11.05,11.55,51354452,585022104.0
2026-09-22,sh,600866,星湖科技,4.23,4.24,4.25,4.17,4.2,17847684,75050506.0
2026-09-22,sh,600867,通化东宝,7.96,7.96,7.97,7.86,7.87,15821689,125102051.0
2026-09-22,sh,600868,梅雁吉祥,2.86,2.85,2.86,2.78,2.79,52398508,146822069.0
2026-09-22,sh,600869,远东股份,22.94,22.94,22.97,21.92,22.03,237924432,5331859755.0
2026-09-22,sh,600871,石化油服,2.25,2.23,2.24,2.17,2.19,145518950,318515177.0
2026-09-22,sh,600872,中炬高新,17.27,17.26,17.37,17.23,17.35,6481399,112236519.0
2026-09-22,sh,600873,梅花生物,7.54,7.56,7.59,7.5,7.51,13985700,105491659.0
2026-09-22,sh,600874,创业环保,5.57,5.58,5.58,5.52,5.53,6718100,37233612.0
2026-09-22,sh,600875,东方电气,24.49,24.55,24.65,24.32,24.33,20628369,504363279.0
2026-09-22,sh,600876,凯盛新能,8.34,8.26,8.3,8.03,8.1,17249000,139966501.0
2026-09-22,sh,600877,电科芯片,12.16,12.28,12.38,12.09,12.14,12744330,156023855.0
2026-09-22,sh,600879,航天电子,14.72,14.78,14.9,14.56,14.62,54832702,806745292.0
2026-09-22,sh,600880,博瑞传播,4.9,4.9,5.3,4.7,4.83,103675516,510448865.0
2026-09-22,sh,600881,亚泰集团,1.9,1.89,1.93,1.87,1.91,131983300,251357728.0
2026-09-22,sh,600882,妙可蓝多,19.48,19.49,19.69,19.35,19.57,3450100,67373848.0
2026-09-22,sh,600883,博闻科技,8.04,8.12,8.23,7.93,8.12,3957800,32006091.0
2026-09-22,sh,600884,杉杉股份,11.21,11.26,11.48,11.24,11.26,32599667,369409521.0
2026-09-22,sh,600885,宏发股份,34.08,34.3,34.69,33.8,33.8,7942384,271842134.0
2026-09-22,sh,600886,国投电力,14.25,14.2,14.36,14.09,14.3,15205923,216385628.0
2026-09-22,sh,600887,伊利股份,26.65,26.58,26.85,26.45,26.77,34631884,925362136.0
2026-09-22,sh,600888,新疆众和,10.25,10.26,10.42,10.16,10.21,43080081,443677069.0
2026-09-22,sh,600889,*ST京化,13.36,13.44,13.56,13.31,13.41,1126800,15153593.0
2026-09-22,sh,600892,大晟文化,4.13,4.17,4.48,4.15,4.32,70521700,303750406.0
2026-09-22,sh,600893,航发动力,40.53,40.28,40.98,39.2,39.65,34473562,1365896219.0
2026-09-22,sh,600894,广日股份,7.92,8.0,8.0,7.62,7.68,20288297,157135673.0
2026-09-22,sh,600895,张江高科,28.73,28.84,29.46,28.76,29.25,24931166,725683982.0
2026-09-22,sh,600897,厦门空港,15.32,15.35,15.35,15.16,15.17,1600900,24377674.0
2026-09-22,sh,600900,长江电力,28.1,28.03,28.15,27.93,28.02,74887566,2099484600.0
2026-09-22,sh,600901,江苏金租,6.67,6.65,6.78,6.62,6.76,28358305,190301937.0
2026-09-22,sh,600903,贵州燃气,6.79,6.75,6.94,6.75,6.89,46216888,317290227.0
2026-09-22,sh,600905,三峡能源,3.64,3.64,3.65,3.64,3.64,36222716,132009774.0
2026-09-22,sh,600906,财达证券,6.52,6.51,6.56,6.46,6.47,24200051,157378428.0
2026-09-22,sh,600908,无锡银行,5.75,5.75,5.79,5.71,5.77,15557400,89483021.0
2026-09-22,sh,600909,华安证券,8.14,8.21,8.21,8.1,8.15,84551378,689713469.0
2026-09-22,sh,600916,中国黄金,7.47,7.48,7.49,7.4,7.43,18258200,135913893.0
2026-09-22,sh,600917,重庆燃气,4.93,4.9,4.94,4.87,4.9,5440001,26628668.0
2026-09-22,sh,600918,中泰证券,5.52,5.53,5.6,5.51,5.55,29333307,163160787.0
2026-09-22,sh,600919,江苏银行,12.13,12.08,12.1,11.95,12.09,106427045,1279743435.0
2026-09-22,sh,600925,苏能股份,4.14,4.15,4.15,4.11,4.14,7389000,30545809.0
2026-09-22,sh,600926,杭州银行,17.18,17.11,17.14,16.88,17.08,42082107,715841858.0
2026-09-22,sh,600927,永安期货,12.64,12.55,12.62,12.42,12.46,6320541,79029094.0
2026-09-22,sh,600928,西安银行,3.5,3.5,3.53,3.48,3.51,19217407,67276968.0
2026-09-22,sh,600929,雪天盐业,6.43,6.45,6.51,6.27,6.29,47853244,304367984.0
2026-09-22,sh,600930,华电新能,3.98,3.97,3.98,3.94,3.96,85944586,339866942.0
2026-09-22,sh,600933,爱柯迪,14.55,14.54,14.6,13.86,13.96,24061960,342584065.0
2026-09-22,sh,600935,华塑股份,2.42,2.4,2.41,2.34,2.35,39360700,93055389.0
2026-09-22,sh,600936,北投科技,4.53,4.54,4.56,4.46,4.49,38077701,171280424.0
2026-09-22,sh,600938,中国海油,33.54,33.17,33.26,32.8,33.09,25284102,835000184.0
2026-09-22,sh,600939,重庆建工,2.69,2.71,2.72,2.59,2.63,17238052,45360891.0
2026-09-22,sh,600941,中国移动,96.01,96.01,96.76,95.8,96.45,6898122,664494766.0
2026-09-22,sh,600955,维远股份,12.6,12.6,12.65,12.5,12.59,2163500,27174779.0
2026-09-22,sh,600956,新天绿能,7.29,7.3,7.32,7.14,7.18,7855200,56412300.0
2026-09-22,sh,600958,东方证券,8.94,8.96,9.03,8.93,8.97,36521802,327710242.0
2026-09-22,sh,600959,江苏有线,3.15,3.16,3.18,3.13,3.15,30800179,97168289.0
2026-09-22,sh,600960,渤海汽车,3.94,3.96,3.97,3.9,3.94,6916400,27173804.0
2026-09-22,sh,600961,株冶集团,25.01,25.22,25.57,24.82,24.92,22221148,559639086.0
2026-09-22,sh,600962,国投中鲁,27.03,26.99,27.5,26.92,27.3,5499950,150070508.0
2026-09-22,sh,600963,岳阳林纸,3.44,3.46,3.59,3.42,3.53,43626070,153530563.0
2026-09-22,sh,600965,*ST福成,2.77,2.78,2.78,2.73,2.75,2874200,7896504.0
2026-09-22,sh,600966,博汇纸业,5.04,5.02,5.04,4.94,4.97,10924600,54501081.0
2026-09-22,sh,600967,内蒙一机,13.86,13.68,13.79,13.42,13.46,58621421,792802153.0
2026-09-22,sh,600968,海油发展,4.01,3.98,4.0,3.9,3.91,35128552,138044062.0
2026-09-22,sh,600969,郴电国际,10.32,10.25,10.35,10.13,10.18,8327500,84918261.0
2026-09-22,sh,600970,中材国际,7.67,7.68,7.72,7.59,7.6,15152052,115770056.0
2026-09-22,sh,600971,恒源煤电,8.54,8.48,8.54,8.34,8.49,11834180,99967429.0
2026-09-22,sh,600973,宝胜股份,6.16,6.16,6.19,6.02,6.03,17965590,109284572.0
2026-09-22,sh,600975,新五丰,5.34,5.29,5.36,5.19,5.29,23737701,124874239.0
2026-09-22,sh,600976,健民集团,27.58,27.48,27.62,27.15,27.21,1227683,33520655.0
2026-09-22,sh,600977,中国电影,13.53,13.42,13.67,13.26,13.55,34923600,470735837.0
2026-09-22,sh,600979,广安爱众,4.01,4.0,4.02,3.94,3.96,27920838,110715246.0
2026-09-22,sh,600980,北矿科技,19.39,19.38,19.8,19.32,19.8,2641502,51756664.0
2026-09-22,sh,600981,苏豪汇鸿,2.45,2.47,2.47,2.38,2.44,22441600,54391803.0
2026-09-22,sh,600982,宁波能源,5.16,5.15,5.16,5.01,5.03,32345147,163242272.0
2026-09-22,sh,600983,惠而浦,7.38,7.41,7.48,7.38,7.45,1314100,9773318.0
2026-09-22,sh,600984,建设机械,3.55,3.55,3.57,3.49,3.52,22457060,79092968.0
2026-09-22,sh,600985,淮北矿业,16.71,16.54,16.83,16.4,16.74,13697770,227991325.0
2026-09-22,sh,600986,浙文互联,7.19,7.27,7.6,7.24,7.39,80157162,595619614.0
2026-09-22,sh,600987,航民股份,6.38,6.39,6.4,6.33,6.35,2533908,16133972.0
2026-09-22,sh,600988,赤峰黄金,42.96,42.88,43.55,42.3,42.4,31992238,1372886952.0
2026-09-22,sh,600989,宝丰能源,23.7,23.53,23.53,22.89,23.21,56207619,1301709634.0
2026-09-22,sh,600990,四创电子,18.29,18.3,18.39,18.0,18.07,2333000,42342845.0
2026-09-22,sh,600992,贵绳股份,10.57,10.45,10.71,10.21,10.28,21374425,220538960.0
2026-09-22,sh,600993,马应龙,22.72,22.69,22.72,22.54,22.55,2311000,52266189.0
2026-09-22,sh,600995,南网储能,12.24,12.28,12.28,12.11,12.12,9514797,115951801.0
2026-09-22,sh,600996,贵广网络,7.11,7.08,7.2,6.99,7.04,15024984,106071049.0
2026-09-22,sh,600997,开滦股份,5.26,5.24,5.31,5.17,5.26,12124275,63617269.0
2026-09-22,sh,600998,九州通,5.01,5.0,5.01,4.86,4.87,54571897,268277291.0
2026-09-22,sh,600999,招商证券,17.91,17.94,18.1,17.83,18.01,38779744,698195824.0
2026-09-22,sh,601000,唐山港,4.47,4.46,4.47,4.33,4.36,54284981,237634285.0
2026-09-22,sh,601001,晋控煤业,17.61,17.38,18.51,17.28,18.28,27432862,494485621.0
2026-09-22,sh,601002,晋亿实业,5.28,5.27,5.31,5.17,5.2,8034403,41987652.0
2026-09-22,sh,601003,柳钢股份,3.6,3.6,3.63,3.55,3.59,13286575,47600546.0
2026-09-22,sh,601005,重庆钢铁,1.22,1.22,1.23,1.2,1.21,61062726,73943292.0
2026-09-22,sh,601006,大秦铁路,4.72,4.71,4.72,4.69,4.71,87742678,412765943.0
2026-09-22,sh,601007,金陵饭店,6.91,6.92,6.93,6.76,6.81,5962000,40714669.0
2026-09-22,sh,601008,连云港,4.53,4.52,4.53,4.38,4.43,19205384,85025860.0
2026-09-22,sh,601009,南京银行,11.82,11.8,11.81,11.68,11.77,39248732,461215168.0
2026-09-22,sh,601010,ST文峰,1.49,1.5,1.5,1.46,1.47,13067400,19294073.0
2026-09-22,sh,601011,宝泰隆,3.01,3.01,3.04,2.91,3.01,58671724,174740726.0
2026-09-22,sh,601012,隆基绿能,11.36,11.39,11.49,11.35,11.38,67008357,764688477.0
2026-09-22,sh,601015,陕西黑猫,3.64,3.59,3.87,3.54,3.75,103611335,383420129.0
2026-09-22,sh,601016,节能风电,3.39,3.39,3.39,3.33,3.34,102152374,342088586.0
2026-09-22,sh,601018,宁波港,3.47,3.46,3.47,3.4,3.42,48928225,167428522.0
2026-09-22,sh,601019,山东出版,6.81,6.84,7.06,6.81,6.99,15091896,105152619.0
2026-09-22,sh,601020,华钰矿业,21.23,21.24,21.38,20.98,21.08,17222925,364391787.0
2026-09-22,sh,601021,春秋航空,41.94,42.16,42.16,41.75,41.88,4851421,203446612.0
2026-09-22,sh,601022,宁波远洋,8.96,8.88,8.94,8.57,8.62,18843381,163223599.0
2026-09-22,sh,601026,道生天合,15.6,15.58,15.66,15.29,15.43,6461900,99873787.0
2026-09-22,sh,601033,永兴股份,14.36,14.36,14.38,14.2,14.26,3743100,53451863.0
2026-09-22,sh,601038,一拖股份,14.05,14.04,14.1,13.71,13.77,6119500,84617176.0
2026-09-22,sh,601058,赛轮轮胎,13.79,13.74,13.99,13.72,13.75,33543810,464630497.0
2026-09-22,sh,601059,信达证券,15.56,0.0,0.0,0.0,15.56,0,0.0
2026-09-22,sh,601061,中信金属,11.63,11.6,11.85,11.59,11.6,12896367,151017250.0
2026-09-22,sh,601065,江盐集团,6.78,6.76,6.8,6.75,6.76,2786500,18865339.0
2026-09-22,sh,601066,中信建投,23.79,23.81,23.96,23.7,23.77,11048811,263114769.0
2026-09-22,sh,601068,中铝国际,4.43,4.43,4.48,4.4,4.4,8342800,36926485.0
2026-09-22,sh,601069,西部黄金,27.51,27.43,27.6,26.78,26.91,15639184,424735650.0
2026-09-22,sh,601077,渝农商行,6.59,6.56,6.6,6.46,6.58,82315819,537188853.0
2026-09-22,sh,601083,锦江航运,13.02,12.92,13.04,12.52,12.75,9540310,121205803.0
2026-09-22,sh,601086,国芳集团,17.67,18.76,18.95,17.16,18.16,112989519,2036346346.0
2026-09-22,sh,601088,中国神华,46.8,46.43,47.74,46.15,47.51,24855945,1173358585.0
2026-09-22,sh,601089,福元医药,16.36,16.34,16.58,16.23,16.45,3226800,53008361.0
2026-09-22,sh,601091,C沈鼓,37.72,38.7,42.5,34.8,37.98,114459947,4381484588.0
2026-09-22,sh,601096,宏盛华源,4.16,4.16,4.18,4.12,4.14,13721190,56927447.0
2026-09-22,sh,601098,中南传媒,10.4,10.4,10.59,10.38,10.57,10263890,108104969.0
2026-09-22,sh,601099,太平洋,3.57,3.56,3.69,3.56,3.57,205143782,740578961.0
2026-09-22,sh,601100,恒立液压,93.48,93.6,95.08,91.96,92.39,7311194,679804052.0
2026-09-22,sh,601101,昊华能源,13.5,13.3,13.7,13.15,13.58,19629167,264151893.0
2026-09-22,sh,601106,中国一重,3.06,3.06,3.08,2.99,2.99,70303100,212075830.0
2026-09-22,sh,601107,四川成渝,5.93,5.95,5.98,5.89,5.98,6085421,36154714.0
2026-09-22,sh,601108,财通证券,8.6,8.62,8.75,8.59,8.6,52204951,451746901.0
2026-09-22,sh,601111,中国国航,5.89,5.92,5.95,5.85,5.93,76910509,455145239.0
2026-09-22,sh,601112,振石股份,17.17,17.17,17.2,16.75,16.78,9369818,158284627.0
2026-09-22,sh,601113,华鼎股份,3.53,3.52,3.54,3.46,3.49,13785500,48202410.0
2026-09-22,sh,601116,三江购物,10.47,10.36,10.64,10.21,10.43,14811119,154342210.0
2026-09-22,sh,601117,中国化学,7.25,7.24,7.25,7.21,7.23,28542903,206303019.0
2026-09-22,sh,601118,海南橡胶,6.39,6.32,6.65,6.28,6.54,125947697,812344632.0
2026-09-22,sh,601121,宝地矿业,7.28,7.31,7.32,7.17,7.22,8657200,62620340.0
2026-09-22,sh,601123,马矿股份,19.56,20.5,20.5,18.6,18.6,50779319,983744677.0
2026-09-22,sh,601126,四方股份,40.58,40.79,41.67,39.95,40.19,21902019,894344865.0
2026-09-22,sh,601127,赛力斯,47.76,47.77,48.2,47.3,47.78,16411626,783875757.0
2026-09-22,sh,601128,常熟银行,6.25,6.23,6.25,6.2,6.25,40267720,250541242.0
2026-09-22,sh,601133,柏诚股份,25.79,25.99,26.28,24.72,24.93,17022421,431968578.0
2026-09-22,sh,601136,首创证券,14.51,14.59,14.64,14.43,14.53,14352599,208691068.0
2026-09-22,sh,601137,博威合金,20.65,20.86,20.98,20.3,20.35,10043394,206313258.0
2026-09-22,sh,601138,工业富联,63.6,64.5,64.94,63.11,63.3,75244335,4818717669.0
2026-09-22,sh,601139,深圳燃气,6.32,6.32,6.34,6.26,6.28,10377900,65208581.0
2026-09-22,sh,601155,新城控股,12.7,12.45,13.0,12.44,12.92,30035533,382941150.0
2026-09-22,sh,601156,东航物流,18.09,18.15,18.43,18.1,18.13,6068949,110722312.0
2026-09-22,sh,601158,重庆水务,4.02,4.02,4.03,4.0,4.0,5143580,20634693.0
2026-09-22,sh,601162,天风证券,3.69,3.7,3.82,3.69,3.72,192818813,724063494.0
2026-09-22,sh,601163,三角轮胎,12.48,12.45,12.53,12.45,12.49,2062027,25751929.0
2026-09-22,sh,601166,兴业银行,17.73,17.72,17.92,17.65,17.89,66714910,1188331275.0
2026-09-22,sh,601168,西部矿业,36.23,36.55,37.36,36.31,36.77,45229629,1667089918.0
2026-09-22,sh,601169,北京银行,5.54,5.52,5.53,5.47,5.52,151370069,832613138.0
2026-09-22,sh,601177,杭齿前进,13.79,13.79,13.91,13.66,13.69,3306300,45508328.0
2026-09-22,sh,601179,中国西电,12.37,12.36,12.39,12.2,12.22,52529112,645995896.0
2026-09-22,sh,601186,中国铁建,6.06,6.06,6.06,6.03,6.04,18793761,113521588.0
2026-09-22,sh,601187,厦门银行,6.88,6.85,7.05,6.84,7.03,27653326,192578814.0
2026-09-22,sh,601188,龙江交通,2.91,2.9,2.93,2.86,2.87,13959500,40127289.0
2026-09-22,sh,601198,东兴证券,13.06,0.0,0.0,0.0,13.06,0,0.0
2026-09-22,sh,601199,江南水务,6.61,6.58,6.79,6.56,6.68,15550404,103932297.0
2026-09-22,sh,601200,上海环境,6.86,6.88,6.89,6.84,6.85,4760776,32682747.0
2026-09-22,sh,601208,东材科技,52.75,53.32,54.34,51.98,52.19,64401000,3424805847.0
2026-09-22,sh,601211,国泰海通,17.63,17.62,17.84,17.55,17.71,59928623,1062167935.0
2026-09-22,sh,601212,白银有色,6.17,6.18,6.21,6.07,6.09,166328640,1020487745.0
2026-09-22,sh,601216,君正集团,4.65,4.65,4.66,4.52,4.55,76926764,351398294.0
2026-09-22,sh,601218,吉鑫科技,5.44,5.4,5.43,5.21,5.26,117083155,617292039.0
2026-09-22,sh,601222,林洋能源,5.98,5.99,6.06,5.95,5.96,14896646,89315851.0
2026-09-22,sh,601225,陕西煤业,25.7,25.45,26.11,25.1,26.03,33825291,871595683.0
2026-09-22,sh,601226,华电科工,6.92,6.88,6.92,6.7,6.75,18617624,125938797.0
2026-09-22,sh,601228,广州港,3.1,3.09,3.1,3.04,3.06,19008200,58171460.0
2026-09-22,sh,601229,上海银行,9.54,9.54,9.56,9.48,9.53,36794802,350111621.0
2026-09-22,sh,601231,环旭电子,26.52,27.11,27.73,26.81,26.89,36642166,1001897984.0
2026-09-22,sh,601233,桐昆股份,24.4,24.4,24.45,23.58,23.92,25400127,606763546.0
2026-09-22,sh,601236,红塔证券,6.84,6.94,7.3,6.87,7.06,51234347,365654150.0
2026-09-22,sh,601238,广汽集团,5.09,0.0,0.0,0.0,5.09,0,0.0
2026-09-22,sh,601279,英利汽车,3.51,3.53,3.55,3.47,3.49,11467702,40172182.0
2026-09-22,sh,601288,农业银行,6.91,6.86,6.9,6.82,6.88,251524217,1725723088.0
2026-09-22,sh,601298,青岛港,9.79,9.83,9.83,9.69,9.77,7646800,74609098.0
2026-09-22,sh,601311,骆驼股份,7.47,7.49,7.5,7.42,7.44,6290600,46916710.0
2026-09-22,sh,601318,中国平安,53.98,53.98,54.51,53.56,54.46,57911678,3139771477.0
2026-09-22,sh,601319,中国人保,8.04,7.97,8.22,7.93,8.17,80488454,651588221.0
2026-09-22,sh,601326,秦港股份,3.53,3.53,3.54,3.44,3.48,25828800,89765012.0
2026-09-22,sh,601328,交通银行,7.55,7.52,7.57,7.47,7.55,118358721,890541104.0
2026-09-22,sh,601330,绿色动力,8.38,8.38,8.39,8.1,8.19,15503776,127393299.0
2026-09-22,sh,601333,广深铁路,3.1,3.09,3.1,3.01,3.02,71402939,217240136.0
2026-09-22,sh,601336,新华保险,58.54,58.32,58.86,58.12,58.68,11633853,681248897.0
2026-09-22,sh,601339,百隆东方,7.22,7.23,7.25,7.16,7.16,5634600,40557766.0
2026-09-22,sh,601360,XD三六零,8.98,9.02,9.25,9.0,9.18,146220312,1333512276.0
2026-09-22,sh,601366,利群股份,3.67,3.68,3.69,3.59,3.64,12961200,47122480.0
2026-09-22,sh,601368,绿城水务,4.51,4.52,4.55,4.47,4.5,2444100,10995465.0
2026-09-22,sh,601369,陕鼓动力,9.04,8.97,9.1,8.79,8.99,22940376,205175493.0
2026-09-22,sh,601375,中原证券,4.04,4.04,4.08,4.03,4.04,28836057,116863285.0
2026-09-22,sh,601377,兴业证券,5.97,5.99,6.01,5.95,5.97,53285371,318851174.0
2026-09-22,sh,601388,怡球资源,3.25,3.25,3.28,3.23,3.25,26676360,86787605.0
2026-09-22,sh,601390,中国中铁,4.33,4.33,4.33,4.3,4.31,48140267,207527789.0
2026-09-22,sh,601398,工商银行,8.11,8.08,8.12,8.01,8.12,299064863,2413500960.0
2026-09-22,sh,601399,国机重装,3.22,3.23,3.25,3.15,3.16,78017400,247907660.0
2026-09-22,sh,601456,国联民生,8.7,8.71,8.75,8.67,8.69,13355400,116224782.0
2026-09-22,sh,601500,通用股份,3.91,3.91,3.93,3.87,3.89,10270201,39985944.0
2026-09-22,sh,601512,中新集团,8.48,8.43,8.56,8.4,8.49,2324200,19748493.0
2026-09-22,sh,601515,衢州东峰,3.3,3.31,3.33,3.27,3.29,12301282,40586256.0
2026-09-22,sh,601518,吉林高速,2.79,2.78,2.79,2.77,2.77,9439495,26228664.0
2026-09-22,sh,601519,大智慧,8.8,8.78,9.28,8.76,9.07,56545338,512690069.0
2026-09-22,sh,601528,瑞丰银行,4.96,4.96,4.99,4.92,4.96,11357799,56275596.0
2026-09-22,sh,601555,东吴证券,8.31,8.33,8.43,8.29,8.34,30503522,254815645.0
2026-09-22,sh,601566,九牧王,9.2,9.25,9.38,9.03,9.3,18532176,171582242.0
2026-09-22,sh,601567,三星电气,14.58,14.58,14.85,14.47,14.6,21847062,320161201.0
2026-09-22,sh,601568,北元化工,3.7,3.7,3.71,3.64,3.66,14301960,52444774.0
2026-09-22,sh,601577,长沙银行,9.72,9.7,9.74,9.65,9.7,16928800,164124936.0
2026-09-22,sh,601579,会稽山,36.12,36.51,39.33,36.1,37.46,48444068,1814827378.0
2026-09-22,sh,601588,北辰实业,1.79,1.78,1.8,1.74,1.79,59175775,104891755.0
2026-09-22,sh,601595,上海电影,24.1,24.0,25.32,23.52,24.64,15909626,390263923.0
2026-09-22,sh,601598,中国外运,6.48,6.47,6.53,6.42,6.44,8334237,53884699.0
2026-09-22,sh,601599,浙文影业,3.27,3.27,3.3,3.23,3.28,18372200,60084613.0
2026-09-22,sh,601600,中国铝业,9.18,9.14,9.41,9.11,9.27,208992542,1933257969.0
2026-09-22,sh,601601,中国太保,32.0,31.85,32.23,31.73,32.15,41128225,1316307594.0
2026-09-22,sh,601606,长城军工,33.25,33.15,33.46,32.76,33.1,22379423,739973581.0
2026-09-22,sh,601607,上海医药,16.09,16.09,16.1,15.98,16.04,6041010,96908271.0
2026-09-22,sh,601608,中信重工,4.77,4.78,4.8,4.66,4.67,32706690,154288553.0
2026-09-22,sh,601609,金田股份,13.26,13.28,13.45,12.92,13.25,60855799,803414581.0
2026-09-22,sh,601611,中国核建,10.44,10.41,10.5,10.37,10.42,14433390,150539373.0
2026-09-22,sh,601615,明阳智能,9.78,9.85,9.91,9.65,9.69,32568296,317073549.0
2026-09-22,sh,601616,广电电气,3.86,3.88,3.9,3.81,3.86,11467306,44222222.0
2026-09-22,sh,601618,中国中冶,2.56,2.56,2.58,2.55,2.56,49438800,126680325.0
2026-09-22,sh,601619,嘉泽新能,4.08,4.09,4.1,4.04,4.04,27011363,109633403.0
2026-09-22,sh,601628,中国人寿,38.02,37.84,38.89,37.75,38.69,28446895,1094029820.0
2026-09-22,sh,601633,长城汽车,14.04,14.04,14.2,14.0,14.13,16249356,229226103.0
2026-09-22,sh,601636,旗滨集团,5.74,5.75,5.83,5.64,5.68,48933600,280139524.0
2026-09-22,sh,601658,邮储银行,5.35,5.34,5.35,5.3,5.33,125551432,668117526.0
2026-09-22,sh,601665,齐鲁银行,6.91,6.88,6.9,6.78,6.82,56450750,385490476.0
2026-09-22,sh,601666,平煤股份,9.01,8.96,9.14,8.85,9.08,24168715,218194165.0
2026-09-22,sh,601668,中国建筑,4.31,4.3,4.32,4.28,4.3,155711069,669458448.0
2026-09-22,sh,601669,中国电建,4.64,4.64,4.64,4.6,4.61,52545981,242580370.0
2026-09-22,sh,601677,明泰铝业,16.83,16.83,17.24,16.71,17.06,23621454,402625413.0
2026-09-22,sh,601678,滨化股份,6.03,6.04,6.13,6.0,6.07,67101238,406671318.0
2026-09-22,sh,601686,友发集团,5.11,5.11,5.12,5.04,5.05,6577668,33334447.0
2026-09-22,sh,601688,华泰证券,18.47,18.57,18.65,18.38,18.47,50153106,928830342.0
2026-09-22,sh,601689,拓普集团,45.76,45.81,47.08,45.61,45.71,22858070,1055841593.0
2026-09-22,sh,601696,中银证券,11.38,11.42,11.54,11.37,11.39,27006076,309024009.0
2026-09-22,sh,601698,中国卫通,24.04,24.15,24.38,23.95,24.0,18183965,439246936.0
2026-09-22,sh,601699,潞安环能,15.61,15.52,15.83,15.25,15.75,26357934,410689994.0
2026-09-22,sh,601700,风范股份,6.48,6.49,6.78,6.41,6.75,90714820,601063095.0
2026-09-22,sh,601702,华峰铝业,15.29,15.29,15.75,15.22,15.61,6554712,102056922.0
2026-09-22,sh,601717,中创智领,13.8,13.79,13.85,13.64,13.65,14075800,193204089.0
2026-09-22,sh,601718,ST际华,1.99,1.99,2.0,1.97,1.98,9606000,19031816.0
2026-09-22,sh,601727,上海电气,6.51,6.56,6.71,6.55,6.68,111031795,739384074.0
2026-09-22,sh,601728,中国电信,6.16,6.15,6.21,6.1,6.12,77613681,477183664.0
2026-09-22,sh,601766,中国中车,6.08,6.08,6.09,5.95,5.98,165628180,991819435.0
2026-09-22,sh,601777,千里科技,7.8,7.85,7.91,7.77,7.78,19707606,154561830.0
2026-09-22,sh,601778,晶科科技,3.58,3.59,3.61,3.52,3.53,79823168,284146204.0
2026-09-22,sh,601788,光大证券,14.07,14.1,14.14,14.02,14.06,11968420,168511964.0
2026-09-22,sh,601789,宁波建工,4.2,4.2,4.37,4.18,4.26,46846722,200181843.0
2026-09-22,sh,601798,蓝科高新,7.64,7.65,7.67,7.54,7.59,3135547,23785648.0
2026-09-22,sh,601799,星宇股份,72.28,72.6,72.67,71.1,71.36,4424443,317096832.0
2026-09-22,sh,601800,中国交建,5.88,5.87,5.9,5.85,5.86,13968259,81955109.0
2026-09-22,sh,601801,皖新传媒,5.52,5.61,6.07,5.61,5.83,68375780,400527589.0
2026-09-22,sh,601808,中海油服,12.52,12.39,12.48,12.23,12.23,11502069,141391879.0
2026-09-22,sh,601811,新华文轩,15.29,16.82,16.82,16.82,16.82,4054800,68201736.0
2026-09-22,sh,601816,京沪高铁,4.77,4.77,4.79,4.73,4.74,116701146,554209050.0
2026-09-22,sh,601818,光大银行,3.02,3.01,3.02,3.0,3.01,100289585,301855236.0
2026-09-22,sh,601825,沪农商行,8.82,8.79,8.92,8.77,8.88,18044278,159871839.0
2026-09-22,sh,601827,三峰环境,7.83,7.83,7.86,7.81,7.84,2757100,21599632.0
2026-09-22,sh,601828,美凯龙,2.25,2.24,2.26,2.18,2.21,54635700,120676184.0
2026-09-22,sh,601838,成都银行,19.12,19.04,19.08,18.72,18.99,22853400,431350494.0
2026-09-22,sh,601857,中国石油,10.67,10.58,10.85,10.51,10.79,115671707,1237615542.0
2026-09-22,sh,601858,中国科传,20.86,20.87,21.99,20.8,21.66,13627361,293142173.0
2026-09-22,sh,601860,紫金银行,2.57,2.56,2.57,2.55,2.56,37650200,96374412.0
2026-09-22,sh,601865,福莱特,9.45,9.46,9.57,9.35,9.36,10301600,97274637.0
2026-09-22,sh,601866,中远海发,2.5,2.49,2.5,2.44,2.45,65443600,160939046.0
2026-09-22,sh,601868,中国能建,2.45,2.45,2.46,2.43,2.43,148705223,363601005.0
2026-09-22,sh,601869,长飞光纤,458.99,469.0,483.8,443.5,456.6,14877782,6956934520.0
2026-09-22,sh,601872,招商轮船,22.91,22.2,22.24,21.15,21.48,193902726,4173215771.0
2026-09-22,sh,601877,正泰电器,25.3,25.38,25.7,25.28,25.39,11364917,289801398.0
2026-09-22,sh,601878,浙商证券,9.15,9.16,9.2,9.14,9.14,16246100,148820214.0
2026-09-22,sh,601880,辽港股份,1.47,1.47,1.48,1.45,1.46,87735974,128162471.0
2026-09-22,sh,601881,中国银河,12.13,12.15,12.22,12.12,12.18,25411407,309089110.0
2026-09-22,sh,601882,海天精工,23.52,23.58,23.77,23.26,23.4,6212763,145584913.0
2026-09-22,sh,601886,江河集团,13.56,13.8,13.9,13.24,13.39,9285230,124079077.0
2026-09-22,sh,601888,中国中免,52.23,52.3,52.62,52.09,52.27,13321348,697010090.0
2026-09-22,sh,601890,亚星锚链,10.03,9.94,9.96,9.63,9.78,57867379,563908622.0
2026-09-22,sh,601898,中煤能源,14.27,14.1,14.27,13.95,14.23,22389416,316299584.0
2026-09-22,sh,601899,紫金矿业,31.3,31.39,31.75,31.18,31.41,132699925,4178951370.0
2026-09-22,sh,601900,南方传媒,12.15,12.15,12.93,12.15,12.68,28008286,355157624.0
2026-09-22,sh,601901,方正证券,6.91,6.91,6.95,6.89,6.9,28716347,198510026.0
2026-09-22,sh,601908,京运通,2.99,3.0,3.01,2.96,2.97,26865957,80150532.0
2026-09-22,sh,601916,浙商银行,2.91,2.91,2.91,2.88,2.88,103596275,299821032.0
2026-09-22,sh,601918,新集能源,10.7,10.63,11.04,10.52,10.95,35754834,388141848.0
2026-09-22,sh,601919,中远海控,16.71,16.68,16.72,16.39,16.56,67682820,1119125019.0
2026-09-22,sh,601921,浙版传媒,7.5,7.5,7.73,7.47,7.69,16053600,123101166.0
2026-09-22,sh,601928,凤凰传媒,8.27,8.29,8.48,8.28,8.47,19737117,166035338.0
2026-09-22,sh,601929,吉视传媒,2.46,2.47,2.6,2.43,2.54,201722276,511534972.0
2026-09-22,sh,601933,永辉超市,3.08,3.06,3.08,3.03,3.06,107617300,328652985.0
2026-09-22,sh,601939,建设银行,10.93,10.88,10.94,10.78,10.92,73135235,795067711.0
2026-09-22,sh,601949,中国出版,6.02,6.03,6.62,6.01,6.62,88533472,568227932.0
2026-09-22,sh,601952,苏垦农发,9.65,9.56,9.75,9.41,9.55,27617389,263557878.0
2026-09-22,sh,601956,东贝集团,4.89,4.9,4.92,4.85,4.92,3981500,19480133.0
2026-09-22,sh,601958,金钼股份,20.93,20.98,21.26,20.81,20.99,24432917,514126190.0
2026-09-22,sh,601963,重庆银行,10.9,10.87,10.95,10.81,10.93,8619100,93785251.0
2026-09-22,sh,601965,中国汽研,13.01,13.15,13.18,12.97,12.99,5633400,73558822.0
2026-09-22,sh,601966,玲珑轮胎,10.52,10.52,10.62,10.48,10.49,6183000,65172079.0
2026-09-22,sh,601968,宝钢包装,4.57,4.56,4.6,4.5,4.52,6062687,27548865.0
2026-09-22,sh,601969,海南矿业,9.4,9.4,9.48,9.26,9.35,10068772,94244948.0
2026-09-22,sh,601975,招商南油,4.85,4.75,4.76,4.49,4.58,269888895,1235073644.0
2026-09-22,sh,601985,中国核电,8.91,8.9,8.9,8.85,8.86,78229894,693601374.0
2026-09-22,sh,601988,中国银行,6.63,6.6,6.67,6.53,6.65,210100932,1386856242.0
2026-09-22,sh,601990,南京证券,6.7,6.71,6.78,6.7,6.74,17780124,119964883.0
2026-09-22,sh,601991,大唐发电,5.59,5.59,5.62,5.55,5.57,159891351,893125762.0
2026-09-22,sh,601992,金隅集团,1.43,1.42,1.43,1.4,1.41,49639340,70069702.0
2026-09-22,sh,601995,中金公司,31.8,0.0,0.0,0.0,31.8,0,0.0
2026-09-22,sh,601996,丰林集团,2.99,2.98,3.02,2.94,3.0,23011423,68618673.0
2026-09-22,sh,601997,贵阳银行,5.56,5.55,5.56,5.51,5.54,36206702,200386423.0
2026-09-22,sh,601998,中信银行,8.93,8.93,9.09,8.87,9.04,51412208,463190898.0
2026-09-22,sh,601999,出版传媒,6.97,7.01,7.41,7.01,7.19,45532999,327842295.0
2026-09-22,sh,603000,人民网,17.27,17.21,17.65,17.21,17.39,31308341,545891719.0
2026-09-22,sh,603001,奥康国际,11.47,11.56,12.04,11.45,11.62,37297785,434811831.0
2026-09-22,sh,603002,宏昌电子,19.34,20.28,20.38,19.54,19.8,81303956,1621490536.0
2026-09-22,sh,603004,鼎龙科技,19.13,19.13,19.29,18.93,19.05,1425154,27197812.0
2026-09-22,sh,603005,晶方科技,30.44,30.96,31.18,30.14,30.32,33439789,1026683021.0
2026-09-22,sh,603006,联明股份,10.73,10.73,10.95,10.72,10.88,2345200,25462668.0
2026-09-22,sh,603007,顺景科技,4.72,4.72,4.75,4.67,4.71,15992296,75250428.0
2026-09-22,sh,603008,ST喜临门,10.11,10.27,10.45,9.96,10.19,10269542,104509840.0
2026-09-22,sh,603009,北特科技,48.94,49.12,49.28,48.13,48.53,6773703,329816316.0
2026-09-22,sh,603010,万盛股份,12.78,12.8,12.84,12.37,12.5,10531405,131454410.0
2026-09-22,sh,603011,合锻智能,27.13,27.35,28.5,26.93,27.06,45000834,1245417849.0
2026-09-22,sh,603012,创力集团,9.19,9.22,9.27,9.09,9.19,10799900,99049860.0
2026-09-22,sh,603013,亚普股份,14.4,14.41,14.49,14.35,14.38,2098300,30252547.0
2026-09-22,sh,603014,威高血净,31.47,31.47,31.68,31.18,31.48,977925,30805348.0
2026-09-22,sh,603015,弘讯科技,10.62,10.72,10.74,10.56,10.62,3628800,38585521.0
2026-09-22,sh,603016,新宏泰,32.57,32.51,32.57,31.78,31.89,5351900,171592400.0
2026-09-22,sh,603017,中衡设计,10.0,10.03,10.1,9.97,10.04,3234519,32445032.0
2026-09-22,sh,603018,华设集团,5.31,5.31,5.34,5.23,5.24,6003531,31601775.0
2026-09-22,sh,603019,中科曙光,83.94,86.9,87.22,84.35,84.67,34271508,2937879301.0
2026-09-22,sh,603020,爱普股份,12.57,13.47,13.83,13.08,13.83,25788700,353265036.0
2026-09-22,sh,603021,*ST华鹏,5.47,5.43,5.61,5.41,5.45,4301400,23658973.0
2026-09-22,sh,603022,新通联,8.9,8.98,9.04,8.84,8.93,3497400,31285306.0
2026-09-22,sh,603023,威帝股份,4.12,4.13,4.18,4.09,4.14,11479826,47540821.0
2026-09-22,sh,603025,大豪科技,13.49,13.61,13.65,13.4,13.46,6451420,87306955.0
2026-09-22,sh,603026,石大胜华,60.09,60.12,60.97,59.62,59.78,4360969,262633132.0
2026-09-22,sh,603027,千禾味业,7.33,7.34,7.39,7.32,7.35,8250681,60654539.0
2026-09-22,sh,603028,赛福天,7.05,7.08,7.19,6.99,7.13,4280800,30387825.0
2026-09-22,sh,603029,天鹅股份,16.73,16.75,16.96,16.47,16.9,3154800,52834219.0
2026-09-22,sh,603030,全筑股份,2.14,2.13,2.17,2.06,2.09,33343100,70070837.0
2026-09-22,sh,603031,安孚科技,42.41,42.88,43.23,41.37,41.59,7773413,327692908.0
2026-09-22,sh,603032,德新科技,18.67,18.77,18.92,18.45,18.46,4165980,77816012.0
2026-09-22,sh,603033,三维股份,7.89,7.85,8.0,7.78,7.93,12329936,97460246.0
2026-09-22,sh,603035,常熟汽饰,10.35,10.35,10.44,10.32,10.35,2002504,20718869.0
2026-09-22,sh,603036,如通股份,13.72,13.7,13.95,13.62,13.84,4801032,66149471.0
2026-09-22,sh,603037,凯众股份,10.02,10.1,10.2,10.0,10.04,2440572,24636477.0
2026-09-22,sh,603038,华立股份,17.51,17.42,18.54,17.42,17.57,10476600,188510567.0
2026-09-22,sh,603039,泛微网络,36.09,36.8,39.7,36.45,39.7,37191820,1439688242.0
2026-09-22,sh,603040,新坐标,47.59,48.02,48.19,46.6,46.96,1984705,93605716.0
2026-09-22,sh,603041,美思德,11.29,11.35,11.53,11.24,11.42,2039180,23222000.0
2026-09-22,sh,603042,华脉科技,19.03,18.86,18.86,17.63,17.7,64462002,1159407921.0
2026-09-22,sh,603043,广州酒家,13.25,13.25,13.28,13.03,13.08,2918680,38396426.0
2026-09-22,sh,603045,福达合金,51.38,51.98,52.36,50.08,50.33,6443339,331015690.0
2026-09-22,sh,603048,浙江黎明,24.32,24.81,26.11,24.06,25.7,5229600,132103702.0
2026-09-22,sh,603049,中策橡胶,45.21,45.21,45.5,44.97,45.11,2147304,96999673.0
2026-09-22,sh,603050,科林电气,18.02,17.98,17.98,17.0,17.28,8485791,148899840.0
2026-09-22,sh,603051,鹿山新材,25.05,25.26,25.68,25.03,25.25,6433711,162633553.0
2026-09-22,sh,603052,可川科技,59.71,60.28,60.88,58.9,59.23,4391684,263095160.0
2026-09-22,sh,603053,成都燃气,8.81,8.81,8.81,8.73,8.74,1533100,13418272.0
2026-09-22,sh,603055,台华新材,9.28,9.34,9.38,9.22,9.29,5071800,47014367.0
2026-09-22,sh,603057,紫燕食品,18.56,18.5,18.72,18.3,18.65,3706600,68621792.0
2026-09-22,sh,603058,永吉股份,9.11,9.1,9.2,9.0,9.03,6648800,60429243.0
2026-09-22,sh,603059,倍加洁,25.71,25.55,25.97,25.37,25.63,1483200,37955088.0
2026-09-22,sh,603060,国检集团,5.5,5.5,5.54,5.43,5.46,3327661,18180075.0
2026-09-22,sh,603061,金海通,357.3,363.0,363.3,340.81,344.3,4156445,1462354084.0
2026-09-22,sh,603062,麦加芯彩,37.73,37.91,39.18,37.73,38.8,504900,19553220.0
2026-09-22,sh,603063,禾望电气,30.61,30.75,30.97,30.09,30.19,10711759,327197031.0
2026-09-22,sh,603065,宿迁联盛,14.27,14.46,15.65,14.41,14.94,36093785,541328956.0
2026-09-22,sh,603066,音飞储存,9.5,9.5,9.52,9.34,9.36,5535400,52129191.0
2026-09-22,sh,603067,振华股份,36.95,37.0,37.65,36.0,36.24,20157156,743874850.0
2026-09-22,sh,603068,博通集成,43.79,45.4,48.17,45.13,48.17,29083082,1374616701.0
2026-09-22,sh,603069,海汽集团,13.97,14.0,14.2,13.75,13.94,5172968,72359276.0
2026-09-22,sh,603070,万控智造,11.63,11.65,11.7,11.54,11.56,1435675,16645012.0
2026-09-22,sh,603071,物产环能,12.48,12.53,12.54,12.42,12.45,1483448,18517876.0
2026-09-22,sh,603072,天和磁材,30.76,30.9,31.24,30.88,31.06,1502429,46656979.0
2026-09-22,sh,603073,彩蝶实业,16.5,16.55,17.45,16.45,17.36,3290850,56309600.0
2026-09-22,sh,603075,热威股份,19.99,20.06,20.08,19.8,19.94,2534845,50558829.0
2026-09-22,sh,603076,乐惠国际,20.14,20.14,20.44,19.95,20.39,1315197,26629571.0
2026-09-22,sh,603077,和邦生物,2.29,2.29,2.31,2.27,2.28,120933252,276021387.0
2026-09-22,sh,603078,江化微,32.66,33.15,33.65,32.31,32.51,17999439,594327901.0
2026-09-22,sh,603079,圣达生物,13.38,13.33,13.58,13.18,13.45,4246700,56915675.0
2026-09-22,sh,603080,新疆火炬,19.68,19.8,20.03,19.48,19.99,1566200,30992950.0
2026-09-22,sh,603081,大丰实业,9.5,9.51,9.59,9.44,9.48,2428500,23087874.0
2026-09-22,sh,603082,北自科技,49.33,49.03,54.26,48.56,51.6,14451390,745179746.0
2026-09-22,sh,603083,剑桥科技,223.32,226.0,231.0,218.01,219.0,20852335,4665762807.0
2026-09-22,sh,603085,天成自控,9.8,9.8,9.92,9.77,9.81,3969549,39104353.0
2026-09-22,sh,603086,先达股份,5.94,5.92,5.97,5.83,5.91,7645800,44964840.0
2026-09-22,sh,603087,甘李药业,71.4,71.19,71.67,70.45,70.69,6837889,485521344.0
2026-09-22,sh,603088,宁波精达,10.43,10.47,10.63,10.36,10.44,6733123,70586153.0
2026-09-22,sh,603089,正裕工业,9.65,9.7,9.75,9.56,9.65,2531507,24362640.0
2026-09-22,sh,603090,宏盛股份,40.08,40.08,40.9,39.2,39.68,4962100,199187658.0
2026-09-22,sh,603091,众鑫股份,48.21,48.25,48.51,47.56,48.14,575600,27602990.0
2026-09-22,sh,603092,德力佳,44.6,44.6,44.79,43.54,43.68,1928931,84783591.0
2026-09-22,sh,603093,南华期货,13.99,13.86,13.89,13.49,13.76,29932859,409142653.0
2026-09-22,sh,603095,越剑智能,14.59,14.6,14.71,14.44,14.62,4311469,62937624.0
2026-09-22,sh,603096,新经典,15.78,15.81,16.44,15.81,16.12,2925200,47196828.0
2026-09-22,sh,603097,江苏华辰,18.5,18.6,18.72,18.38,18.44,1221780,22650974.0
2026-09-22,sh,603098,森特股份,10.87,10.89,10.96,10.74,10.78,2849899,30841490.0
2026-09-22,sh,603099,长白山,42.28,42.28,42.48,39.79,39.97,18404341,748502223.0
2026-09-22,sh,603100,川仪股份,18.22,18.4,18.57,18.24,18.35,2681473,49280017.0
2026-09-22,sh,603101,汇嘉时代,7.56,7.52,7.59,7.42,7.51,5723800,42875202.0
2026-09-22,sh,603102,百合股份,37.18,37.15,37.62,36.66,37.26,1506100,56002079.0
2026-09-22,sh,603103,横店影视,16.74,16.76,16.89,16.43,16.5,5145678,85264218.0
2026-09-22,sh,603105,芯能科技,8.18,8.16,8.62,8.08,8.53,38137815,320397781.0
2026-09-22,sh,603106,恒银科技,7.61,7.69,7.75,7.55,7.7,18558690,142154786.0
2026-09-22,sh,603107,上海汽配,12.24,12.24,12.27,12.14,12.19,1397307,17015305.0
2026-09-22,sh,603108,润达医疗,10.1,10.09,10.22,9.98,10.17,18680190,188886162.0
2026-09-22,sh,603109,神驰机电,17.33,17.24,17.62,17.24,17.31,1377425,23917709.0
2026-09-22,sh,603110,东方材料,25.16,25.48,25.87,24.78,25.4,9670000,245178390.0
2026-09-22,sh,603111,康尼机电,6.1,6.13,6.15,6.07,6.12,4466900,27328194.0
2026-09-22,sh,603112,华翔股份,17.63,17.63,18.04,17.55,17.64,13182047,234216364.0
2026-09-22,sh,603113,金能科技,5.03,5.0,5.03,4.92,4.98,16251600,80858962.0
2026-09-22,sh,603115,海星股份,89.58,89.0,89.0,82.25,84.17,13540878,1152343749.0
2026-09-22,sh,603116,红蜻蜓,6.65,6.66,6.75,6.52,6.7,6762360,45216016.0
2026-09-22,sh,603117,万林物流,4.03,4.03,4.05,3.93,3.97,10045300,39959066.0
2026-09-22,sh,603118,共进股份,18.65,18.73,18.93,18.1,18.2,80262068,1473974313.0
2026-09-22,sh,603119,浙江荣泰,56.56,56.46,57.05,55.21,56.28,13318901,746201460.0
2026-09-22,sh,603120,肯特催化,61.99,62.62,63.5,61.0,61.6,4871820,301463346.0
2026-09-22,sh,603121,华培动力,12.86,13.0,13.29,12.51,12.64,7534144,95862614.0
2026-09-22,sh,603122,合富中国,13.98,13.76,14.15,13.66,13.9,49100299,681515689.0
2026-09-22,sh,603123,翠微股份,10.0,10.0,10.3,9.91,10.18,46953459,475421445.0
2026-09-22,sh,603124,江南新材,129.88,130.98,138.7,130.84,131.82,7130764,959584362.0
2026-09-22,sh,603125,常青科技,24.14,24.17,24.3,23.63,23.78,3218834,77253365.0
2026-09-22,sh,603126,中材节能,6.37,6.37,6.47,6.29,6.39,8130900,51815574.0
2026-09-22,sh,603127,昭衍新药,46.74,46.08,47.38,45.74,46.12,35643276,1652010362.0
2026-09-22,sh,603128,华贸物流,5.49,5.46,5.48,5.31,5.33,18213308,97370395.0
2026-09-22,sh,603129,春风动力,305.62,307.38,313.0,303.13,306.36,1512590,467636404.0
2026-09-22,sh,603130,云中马,38.5,38.8,38.92,38.16,38.35,773600,29731947.0
2026-09-22,sh,603131,上海沪工,14.03,14.09,14.21,13.92,13.96,5778323,81213149.0
2026-09-22,sh,603132,金徽股份,18.42,18.43,19.09,18.35,18.77,4976508,93464655.0
2026-09-22,sh,603135,中重科技,8.88,8.97,9.04,8.81,8.83,4760040,42350328.0
2026-09-22,sh,603136,天目湖,9.5,9.56,9.58,9.21,9.32,13110173,122302221.0
2026-09-22,sh,603137,恒尚节能,19.81,19.83,21.43,19.83,20.7,22775816,470198719.0
2026-09-22,sh,603138,海量数据,15.74,15.92,15.94,15.22,15.41,24690750,381965882.0
2026-09-22,sh,603139,康惠股份,38.3,38.31,38.5,36.5,36.54,4616800,172810630.0
2026-09-22,sh,603150,万朗磁塑,70.37,70.59,75.2,70.2,73.46,3159800,233097482.0
2026-09-22,sh,603151,邦基科技,18.35,18.6,18.71,17.42,18.1,6283700,112632113.0
2026-09-22,sh,603153,上海建科,13.35,13.34,13.4,13.26,13.36,1406266,18738614.0
2026-09-22,sh,603155,新亚强,15.37,15.4,15.9,15.18,15.29,14298548,219398402.0
2026-09-22,sh,603156,养元饮品,45.0,44.97,46.3,44.97,45.37,10360752,472907491.0
2026-09-22,sh,603158,腾龙股份,10.98,11.16,11.22,10.71,10.85,13564348,147507285.0
2026-09-22,sh,603159,上海亚虹,22.59,22.5,22.78,22.25,22.58,5488620,123526010.0
2026-09-22,sh,603160,汇顶科技,53.16,53.79,56.12,53.6,56.0,9613700,530030159.0
2026-09-22,sh,603161,科华控股,15.07,15.17,15.37,14.96,15.3,3533099,53770749.0
2026-09-22,sh,603162,海通发展,14.41,14.32,14.32,13.81,14.15,41596868,584343932.0
2026-09-22,sh,603163,圣晖集成,83.6,84.06,85.68,82.89,83.23,2490424,209917356.0
2026-09-22,sh,603165,荣晟环保,13.7,13.8,13.82,13.58,13.61,2769700,37855689.0
2026-09-22,sh,603166,福达股份,11.25,11.25,11.36,11.03,11.06,6402140,71356965.0
2026-09-22,sh,603167,渤海轮渡,8.09,8.08,8.1,8.06,8.1,1539000,12448569.0
2026-09-22,sh,603168,莎普爱思,5.97,5.95,6.0,5.75,5.94,11666700,68992945.0
2026-09-22,sh,603169,兰石重装,6.21,6.25,6.25,6.08,6.13,13590812,83627552.0
2026-09-22,sh,603170,宝立食品,11.98,11.99,12.19,11.94,12.08,1958700,23635671.0
2026-09-22,sh,603171,税友股份,39.81,40.11,42.88,39.94,41.8,11947548,496670364.0
2026-09-22,sh,603172,万丰股份,19.03,19.0,20.8,19.0,19.86,3964031,78971101.0
2026-09-22,sh,603173,福斯达,29.9,30.25,30.25,29.55,29.71,711500,21215210.0
2026-09-22,sh,603175,超颖电子,110.17,113.0,115.43,109.5,113.08,3652177,407937829.0
2026-09-22,sh,603176,汇通集团,5.34,5.39,5.39,5.26,5.29,2770800,14688608.0
2026-09-22,sh,603177,德创环保,11.43,11.46,11.46,11.21,11.39,4314900,48926086.0
2026-09-22,sh,603178,圣龙股份,15.91,15.98,16.65,15.86,16.22,9836929,159688009.0
2026-09-22,sh,603179,新泉股份,41.02,41.14,41.55,40.06,40.35,13411683,543343550.0
2026-09-22,sh,603180,金牌家居,15.7,15.65,15.97,15.51,15.8,982575,15480520.0
2026-09-22,sh,603181,皇马科技,12.8,12.8,12.93,12.67,12.71,3718004,47594705.0
2026-09-22,sh,603182,嘉华股份,13.54,13.53,13.65,13.33,13.63,1991800,26930003.0
2026-09-22,sh,603183,建研院,5.0,5.01,5.11,4.9,5.05,20873377,104761308.0
2026-09-22,sh,603185,弘元绿能,14.56,14.6,14.68,14.34,14.36,5872242,85117248.0
2026-09-22,sh,603186,华正新材,231.7,237.99,239.01,225.52,226.5,16205533,3743932091.0
2026-09-22,sh,603187,海容冷链,10.86,10.9,10.9,10.79,10.82,2493903,27038236.0
2026-09-22,sh,603188,亚邦股份,4.6,4.6,4.66,4.52,4.61,10443000,47873445.0
2026-09-22,sh,603189,*ST网达,9.67,9.8,10.18,9.65,9.92,4307800,42707377.0
2026-09-22,sh,603190,亚通精工,16.14,16.17,16.53,16.01,16.44,1723480,28184364.0
2026-09-22,sh,603191,望变电气,13.7,13.8,13.81,13.53,13.6,6882600,93869515.0
2026-09-22,sh,603192,汇得科技,20.57,20.78,21.09,20.3,21.03,3517766,73308369.0
2026-09-22,sh,603193,润本股份,20.81,20.77,20.95,20.54,20.65,2350500,48629918.0
2026-09-22,sh,603194,中力股份,33.57,33.78,34.34,33.65,33.95,1016229,34584179.0
2026-09-22,sh,603195,公牛集团,37.98,38.02,38.21,37.9,37.99,1807887,68690107.0
2026-09-22,sh,603196,璞源材料,19.14,19.15,19.49,19.05,19.09,1468900,28257466.0
2026-09-22,sh,603197,保隆科技,29.35,29.4,29.72,29.33,29.47,2099766,62023314.0
2026-09-22,sh,603198,迎驾贡酒,38.77,38.77,39.16,38.21,38.9,2831539,109784055.0
2026-09-22,sh,603199,九华旅游,33.36,33.25,33.49,32.74,33.0,1586153,52200206.0
2026-09-22,sh,603200,上海洗霸,39.88,39.93,40.59,39.31,39.42,4804474,191772025.0
2026-09-22,sh,603201,常润股份,15.52,15.52,15.8,15.51,15.69,2995528,46958251.0
2026-09-22,sh,603202,天有为,51.57,51.58,52.4,51.53,52.27,1009574,52635168.0
2026-09-22,sh,603203,快克智能,47.9,48.6,48.8,46.8,46.99,9396617,448650521.0
2026-09-22,sh,603205,健尔康,21.75,21.76,21.99,21.63,21.83,1200384,26155756.0
2026-09-22,sh,603206,嘉环科技,13.73,13.9,14.1,13.82,14.08,4573600,63877659.0
2026-09-22,sh,603207,小方制药,25.07,24.8,25.67,24.51,25.35,5783017,145166447.0
2026-09-22,sh,603208,江山欧派,11.31,11.42,11.45,11.24,11.33,2500400,28367344.0
2026-09-22,sh,603209,兴通股份,14.8,14.81,14.81,14.52,14.66,3632980,53069521.0
2026-09-22,sh,603210,泰鸿万立,13.41,13.4,13.62,13.29,13.55,3073763,41422589.0
2026-09-22,sh,603211,晋拓股份,20.08,20.24,20.4,19.92,20.03,3896100,78513064.0
2026-09-22,sh,603212,赛伍技术,12.17,12.3,12.3,11.86,11.94,10903000,131186378.0
2026-09-22,sh,603213,镇洋发展,13.55,13.5,13.77,13.5,13.71,1860100,25413419.0
2026-09-22,sh,603214,爱婴室,13.47,13.53,13.76,13.36,13.57,3486850,47347929.0
2026-09-22,sh,603215,比依股份,14.4,14.53,15.79,14.49,15.24,8686801,133378647.0
2026-09-22,sh,603216,梦天家居,20.68,20.89,22.75,20.77,22.75,9477100,212778852.0
2026-09-22,sh,603217,元利科技,28.15,27.98,28.95,27.98,28.44,2201960,62767959.0
2026-09-22,sh,603218,日月股份,9.42,9.42,9.45,9.32,9.33,6508964,60946874.0
2026-09-22,sh,603219,富佳股份,12.67,12.73,13.07,12.73,12.88,3055100,39422362.0
2026-09-22,sh,603220,中贝通信,18.66,18.85,18.95,18.6,18.76,16089542,301861681.0
2026-09-22,sh,603221,爱丽家居,30.5,30.72,33.55,30.72,33.55,15213153,495512812.0
2026-09-22,sh,603222,济民健康,7.89,7.88,8.28,7.82,8.13,17070120,137861200.0
2026-09-22,sh,603223,恒通股份,10.12,10.13,10.13,9.97,10.06,5241912,52629613.0
2026-09-22,sh,603225,新凤鸣,17.73,17.87,17.89,17.58,17.75,12419397,220320265.0
2026-09-22,sh,603226,菲林格尔,36.57,35.93,35.93,32.91,32.91,11145074,380653489.0
2026-09-22,sh,603227,雪峰科技,7.6,7.58,7.63,7.55,7.55,4064225,30792201.0
2026-09-22,sh,603228,景旺电子,110.16,112.0,112.5,105.2,106.12,38428802,4132686373.0
2026-09-22,sh,603229,奥翔药业,7.91,7.88,8.22,7.79,8.11,12212476,98328606.0
2026-09-22,sh,603230,内蒙新华,14.83,15.26,16.31,14.98,16.31,38968781,622024363.0
2026-09-22,sh,603231,索宝蛋白,17.15,17.0,17.3,16.88,17.23,2844276,48790307.0
2026-09-22,sh,603232,格尔软件,16.13,16.21,16.33,16.03,16.22,13773460,222969976.0
2026-09-22,sh,603233,大参林,17.95,17.86,18.03,17.7,17.75,7745959,138231390.0
2026-09-22,sh,603235,天新药业,25.3,25.47,25.55,24.88,25.19,639991,16077186.0
2026-09-22,sh,603236,移远通信,73.72,75.27,77.2,73.83,76.15,18451431,1396016788.0
2026-09-22,sh,603237,五芳斋,15.17,15.08,15.3,14.95,15.26,1545328,23404022.0
2026-09-22,sh,603238,诺邦股份,12.26,12.29,12.55,12.2,12.42,2391005,29602517.0
2026-09-22,sh,603239,浙江仙通,13.98,14.03,14.17,13.91,13.96,1557500,21836613.0
2026-09-22,sh,603248,锡华科技,24.25,23.05,24.44,22.89,23.88,30625685,719809357.0
2026-09-22,sh,603255,鼎际得,33.61,33.99,34.17,33.01,33.69,1807104,60664979.0
2026-09-22,sh,603256,宏和科技,148.92,156.33,163.81,155.65,159.22,49087760,7893546704.0
2026-09-22,sh,603257,中国瑞林,69.32,68.0,69.97,67.82,69.0,1491466,102894811.0
2026-09-22,sh,603258,电魂网络,14.19,14.5,15.3,13.91,14.77,16802324,246208979.0
2026-09-22,sh,603259,药明康德,167.96,167.91,171.2,165.54,167.85,36997115,6210666950.0
2026-09-22,sh,603260,合盛硅业,32.72,32.85,33.2,32.7,32.78,6181300,203441609.0
2026-09-22,sh,603261,立航科技,53.58,53.58,54.47,53.19,54.35,1881000,101486973.0
2026-09-22,sh,603262,技源集团,18.2,18.21,18.34,18.06,18.14,2421830,44068715.0
2026-09-22,sh,603266,天龙股份,17.19,17.15,18.5,17.03,18.22,13475409,241357409.0
2026-09-22,sh,603267,鸿远电子,52.19,52.44,52.82,51.15,51.45,8845348,460174333.0
2026-09-22,sh,603268,松发股份,221.55,228.0,228.0,214.01,219.0,8626093,1874397671.0
2026-09-22,sh,603269,海鸥股份,26.78,27.0,27.97,26.71,26.92,24778872,675885592.0
2026-09-22,sh,603270,金帝股份,37.23,37.37,37.86,36.21,36.88,7405455,274238619.0
2026-09-22,sh,603271,永杰新材,38.88,38.98,40.74,38.83,40.38,2725983,108824763.0
2026-09-22,sh,603272,*ST联翔,17.12,17.36,17.74,16.43,16.7,4118900,70269953.0
2026-09-22,sh,603273,天元智能,14.74,14.8,14.96,14.7,14.73,1632300,24182123.0
2026-09-22,sh,603275,众辰科技,37.09,37.2,37.39,36.66,36.78,678000,25019365.0
2026-09-22,sh,603276,恒兴新材,18.11,18.2,18.54,18.07,18.16,4144486,75606190.0
2026-09-22,sh,603277,银都股份,11.43,11.42,11.49,11.33,11.41,1254465,14331556.0
2026-09-22,sh,603278,大业股份,9.16,9.2,9.22,9.03,9.06,5165600,47035152.0
2026-09-22,sh,603279,景津装备,11.22,11.23,11.28,11.17,11.18,3523980,39515088.0
2026-09-22,sh,603280,南方路机,26.03,26.15,26.26,25.84,25.94,701700,18246560.0
2026-09-22,sh,603281,江瀚新材,18.69,18.72,19.27,18.6,18.9,3868092,73240580.0
2026-09-22,sh,603282,亚光股份,16.78,16.78,17.07,16.72,17.0,1318000,22274523.0
2026-09-22,sh,603283,赛腾股份,46.52,47.4,47.49,45.63,45.85,14067191,656877251.0
2026-09-22,sh,603284,林平发展,41.22,41.2,41.38,41.0,41.35,850823,35062911.0
2026-09-22,sh,603285,键邦股份,38.37,38.86,38.92,37.84,38.3,5169648,198046865.0
2026-09-22,sh,603286,日盈电子,44.91,45.05,45.45,43.26,43.61,3284400,144979809.0
2026-09-22,sh,603288,海天味业,33.83,33.86,34.5,33.83,34.29,16044323,548490116.0
2026-09-22,sh,603289,泰瑞机器,10.51,10.75,11.26,10.46,11.05,25235220,276823460.0
2026-09-22,sh,603290,斯达半导,87.8,88.93,89.42,86.82,87.14,5276523,465282662.0
2026-09-22,sh,603291,联合水务,8.87,8.9,8.97,8.83,8.95,5066040,45177944.0
2026-09-22,sh,603293,埃泰克,37.39,37.61,37.62,37.28,37.32,1242382,46465728.0
2026-09-22,sh,603296,华勤技术,80.13,81.2,82.17,79.72,79.93,17065355,1382551916.0
2026-09-22,sh,603297,永新光学,115.02,115.02,117.8,114.58,115.38,1073841,124198198.0
2026-09-22,sh,603298,杭叉集团,23.4,23.42,23.68,23.38,23.45,3489132,82085052.0
2026-09-22,sh,603299,苏盐井神,8.73,8.76,8.88,8.73,8.75,2928121,25666965.0
2026-09-22,sh,603300,海南华铁,4.71,4.7,4.73,4.66,4.68,25327849,118840763.0
2026-09-22,sh,603301,振德医疗,80.3,80.04,81.0,78.87,79.99,2299371,183642818.0
2026-09-22,sh,603303,得邦照明,28.68,28.72,29.66,28.52,29.5,4333612,126796684.0
2026-09-22,sh,603305,旭升集团,11.42,11.42,11.54,11.2,11.27,14846390,168851745.0
2026-09-22,sh,603306,华懋科技,84.77,85.43,86.0,82.78,83.45,9508604,799599743.0
2026-09-22,sh,603307,扬州金泉,25.06,24.9,25.89,24.9,25.61,969277,24746738.0
2026-09-22,sh,603308,应流股份,41.97,42.08,42.62,40.94,41.03,21531898,896108930.0
2026-09-22,sh,603309,维力医疗,11.06,11.07,11.14,11.0,11.06,2073884,22938212.0
2026-09-22,sh,603310,巍华新材,14.93,14.94,14.98,14.78,14.84,1412200,20963218.0
2026-09-22,sh,603311,金海高科,26.03,26.02,26.49,25.75,25.84,3600300,93457846.0
2026-09-22,sh,603312,西典新能,32.03,32.24,32.29,31.75,31.95,576600,18445294.0
2026-09-22,sh,603313,梦百合,6.97,6.98,7.09,6.85,6.95,18771924,130496420.0
2026-09-22,sh,603315,福鞍股份,10.98,11.05,11.22,10.96,10.98,4409700,48759873.0
2026-09-22,sh,603316,诚邦股份,18.36,19.3,20.2,17.6,18.22,67154986,1249775452.0
2026-09-22,sh,603317,天味食品,13.0,12.96,13.08,12.82,12.85,6760144,87067875.0
2026-09-22,sh,603318,水发燃气,9.31,9.35,9.44,9.22,9.37,36203221,337912595.0
2026-09-22,sh,603319,美湖股份,32.18,32.16,33.4,31.61,31.76,28487710,917847915.0
2026-09-22,sh,603320,迪贝电气,18.47,18.4,18.73,18.32,18.64,1996600,36981824.0
2026-09-22,sh,603321,梅轮电梯,7.58,7.52,7.6,7.25,7.34,15727300,116388435.0
2026-09-22,sh,603322,超讯科技,32.31,32.36,33.04,31.8,32.75,5861200,190988982.0
2026-09-22,sh,603323,苏农银行,4.38,4.38,4.4,4.34,4.4,27787995,121342495.0
2026-09-22,sh,603324,盛剑科技,26.78,27.2,27.28,26.55,26.69,2132060,57330790.0
2026-09-22,sh,603325,博隆技术,52.75,52.77,53.47,52.63,52.73,219100,11624253.0
2026-09-22,sh,603326,我乐家居,7.48,7.48,7.65,7.41,7.65,4037560,30530825.0
2026-09-22,sh,603327,福蓉科技,8.47,8.51,8.65,8.45,8.5,18640482,159065165.0
2026-09-22,sh,603328,依顿电子,13.8,13.78,14.27,13.49,13.82,61988154,859786569.0
2026-09-22,sh,603329,上海雅仕,10.18,10.28,10.29,10.09,10.17,1862280,18939335.0
2026-09-22,sh,603330,天洋新材,10.19,10.2,10.35,10.01,10.07,42184979,428395400.0
2026-09-22,sh,603331,百达精工,13.02,13.18,13.19,12.88,12.91,2792300,36184182.0
2026-09-22,sh,603332,苏州龙杰,11.86,11.83,11.98,11.8,11.91,3422620,40723292.0
2026-09-22,sh,603333,福华尚纬,9.63,9.59,9.63,9.35,9.44,9633100,91251440.0
2026-09-22,sh,603334,丰倍生物,32.35,32.05,32.49,31.93,32.33,1442276,46365831.0
2026-09-22,sh,603335,迪生力,6.39,6.44,6.47,6.27,6.29,9235538,58845696.0
2026-09-22,sh,603336,宏辉果蔬,10.78,10.63,11.16,10.63,10.88,25881737,282476434.0
2026-09-22,sh,603337,杰克科技,36.24,36.5,38.78,36.24,37.47,5786819,217518059.0
2026-09-22,sh,603338,浙江鼎力,54.07,54.0,54.86,53.45,53.55,3339868,180664196.0
2026-09-22,sh,603339,四方科技,13.21,13.3,13.31,12.91,12.92,9547963,124489669.0
2026-09-22,sh,603341,龙旗科技,37.03,37.98,40.73,37.88,39.3,30414619,1197908343.0
2026-09-22,sh,603344,星德胜,24.09,24.05,24.44,23.72,23.85,1624343,38817593.0
2026-09-22,sh,603345,安井食品,80.91,80.58,81.08,79.62,79.66,3938159,315424689.0
2026-09-22,sh,603348,文灿股份,14.18,14.2,14.73,14.16,14.39,2809200,40465741.0
2026-09-22,sh,603350,安乃达,28.15,28.43,28.43,28.0,28.21,348100,9816383.0
2026-09-22,sh,603351,威尔药业,27.34,27.34,28.19,26.77,28.0,5163710,141863373.0
2026-09-22,sh,603352,至信股份,25.7,25.85,25.85,25.61,25.73,681028,17510391.0
2026-09-22,sh,603353,和顺石油,46.39,47.23,51.03,47.22,49.49,14892970,738641614.0
2026-09-22,sh,603355,莱克电气,30.79,30.79,32.78,30.3,32.44,8088322,255753169.0
2026-09-22,sh,603356,华菱精工,17.39,17.38,17.53,17.03,17.09,2368600,40735097.0
2026-09-22,sh,603357,设计总院,5.94,5.97,5.99,5.92,5.95,2492116,14846810.0
2026-09-22,sh,603358,华达科技,46.05,46.19,47.28,45.8,46.3,6176713,286181907.0
2026-09-22,sh,603359,*ST东珠,2.31,2.32,2.32,2.24,2.25,6774480,15382305.0
2026-09-22,sh,603360,百傲化学,13.28,13.3,13.46,12.92,12.99,11680322,153020908.0
2026-09-22,sh,603363,傲农生物,2.96,2.94,2.96,2.88,2.93,35619800,103902115.0
2026-09-22,sh,603365,水星家纺,16.24,16.3,16.48,16.11,16.19,1437900,23448144.0
2026-09-22,sh,603366,日出东方,7.49,7.6,7.65,7.35,7.4,21102513,156457386.0
2026-09-22,sh,603367,辰欣药业,14.46,14.41,14.75,14.35,14.6,8954464,130379256.0
2026-09-22,sh,603368,柳药集团,15.56,15.53,15.59,15.42,15.45,2979656,46170993.0
2026-09-22,sh,603369,今世缘,28.59,28.41,28.47,27.91,28.35,8582298,242520284.0
2026-09-22,sh,603370,华新精科,28.42,28.43,28.67,27.51,27.62,2646900,73727720.0
2026-09-22,sh,603373,安邦护卫,43.3,43.3,44.16,43.01,43.6,2661958,115787940.0
2026-09-22,sh,603375,盛景微,53.8,52.8,54.73,48.42,48.42,9363083,466901023.0
2026-09-22,sh,603376,大明电子,27.73,27.73,27.88,27.41,27.41,1711322,47278242.0
2026-09-22,sh,603377,ST东时,3.32,3.32,3.33,3.24,3.24,4040519,13259052.0
2026-09-22,sh,603378,*ST亚士,5.9,5.31,5.31,5.31,5.31,3703800,19667178.0
2026-09-22,sh,603379,三美股份,51.71,51.86,52.58,51.17,51.76,6144848,318242849.0
2026-09-22,sh,603380,易德龙,35.2,35.48,35.85,35.13,35.35,2478880,87747283.0
2026-09-22,sh,603381,永臻股份,14.88,14.97,15.13,14.88,14.99,2978100,44693101.0
2026-09-22,sh,603382,海阳科技,19.21,19.14,19.37,18.89,18.94,1603957,30463656.0
2026-09-22,sh,603383,顶点软件,27.44,27.5,27.98,27.35,27.68,2560540,70872202.0
2026-09-22,sh,603385,惠达卫浴,5.6,5.68,5.68,5.52,5.66,3945070,22154175.0
2026-09-22,sh,603386,骏亚科技,18.02,18.24,19.22,18.11,18.95,22536640,421433281.0
2026-09-22,sh,603387,基蛋生物,9.94,9.94,10.25,9.8,10.09,19290213,194217551.0
2026-09-22,sh,603389,亚振家居,46.09,46.55,46.55,45.0,45.01,1810800,82709391.0
2026-09-22,sh,603390,通达电气,11.07,11.01,11.05,10.84,10.9,10848700,118661033.0
2026-09-22,sh,603391,力聚热能,67.56,68.91,69.15,66.8,67.47,1632970,110160539.0
2026-09-22,sh,603392,万泰生物,26.01,26.01,26.37,25.78,26.22,6143413,160206757.0
2026-09-22,sh,603393,新天然气,25.73,25.49,25.6,25.1,25.58,4294700,108842008.0
2026-09-22,sh,603395,红四方,28.14,28.22,28.36,27.46,27.58,15479088,430210783.0
2026-09-22,sh,603396,金辰股份,29.9,29.8,30.06,29.42,29.45,5854973,173537716.0
2026-09-22,sh,603398,*ST沐邦,8.9,8.9,8.94,8.52,8.66,8600600,75037199.0
2026-09-22,sh,603399,永杉锂业,14.01,13.99,14.09,13.86,13.99,25620912,358851006.0
2026-09-22,sh,603400,华之杰,54.67,0.0,0.0,0.0,54.67,0,0.0
2026-09-22,sh,603402,陕西旅游,64.54,63.81,64.15,62.17,62.6,3111958,195852188.0
2026-09-22,sh,603406,天富龙,28.09,28.04,28.49,27.83,28.48,2175699,61282934.0
2026-09-22,sh,603407,长裕集团,61.54,61.56,62.0,59.82,60.76,6127984,373128454.0
2026-09-22,sh,603408,建霖家居,11.87,11.95,11.96,11.72,11.77,1754400,20758638.0
2026-09-22,sh,603409,汇通控股,17.98,17.98,18.14,17.85,17.91,1543645,27749720.0
2026-09-22,sh,603416,信捷电气,46.83,47.01,47.28,46.7,46.88,1224202,57577582.0
2026-09-22,sh,603418,友升股份,45.34,45.33,45.52,44.73,44.79,1124629,50626946.0
2026-09-22,sh,603421,鼎信通讯,7.03,6.96,7.05,6.72,6.81,29521942,202091566.0
2026-09-22,sh,603429,*ST集友,8.85,8.89,8.89,8.67,8.7,1361260,11908064.0
2026-09-22,sh,603435,嘉德利,49.74,49.91,50.45,48.96,49.25,2585880,128465525.0
2026-09-22,sh,603439,三力制药,14.38,14.37,14.68,14.19,14.46,30096676,434185589.0
2026-09-22,sh,603444,吉比特,348.91,350.0,354.26,349.0,350.4,1041519,366327410.0
2026-09-22,sh,603448,天博智能,62.72,62.98,63.46,61.45,61.6,4750220,295232974.0
2026-09-22,sh,603456,九洲药业,16.2,16.1,16.42,15.9,16.2,24944111,402615741.0
2026-09-22,sh,603458,勘设股份,10.91,10.92,11.09,10.82,11.02,8267900,90820410.0
2026-09-22,sh,603459,红板科技,91.6,93.0,93.0,89.41,89.8,11217590,1020465886.0
2026-09-22,sh,603466,风语筑,12.9,13.05,13.37,12.9,13.14,77949084,1025221388.0
2026-09-22,sh,603468,津富士达,22.84,22.87,22.87,22.5,22.52,2670956,60364818.0
2026-09-22,sh,603477,巨星农牧,14.73,14.65,14.77,14.44,14.61,9781689,142697798.0
2026-09-22,sh,603486,科沃斯,50.23,50.42,51.07,50.24,50.94,4098550,208225618.0
2026-09-22,sh,603488,展鹏科技,8.3,8.3,8.33,8.08,8.1,7028400,57542742.0
2026-09-22,sh,603489,八方股份,29.49,29.46,29.86,29.18,29.42,2220715,65319669.0
2026-09-22,sh,603496,恒为科技,23.44,23.54,23.58,23.17,23.23,6679599,155949362.0
2026-09-22,sh,603499,翔港科技,13.68,13.68,13.79,13.3,13.44,3746338,50659081.0
2026-09-22,sh,603500,祥和实业,9.84,9.76,9.88,9.38,9.45,13592874,130215232.0
2026-09-22,sh,603501,豪威集团,80.78,81.55,83.86,81.38,82.88,21490385,1786260565.0
2026-09-22,sh,603505,金石资源,15.39,15.42,15.54,15.35,15.42,6258285,96486297.0
2026-09-22,sh,603506,南都物业,11.93,11.86,12.35,11.73,12.2,5531400,66900966.0
2026-09-22,sh,603507,振江股份,26.48,26.49,27.32,25.87,26.79,20041356,532039806.0
2026-09-22,sh,603508,思维列控,21.05,21.13,21.18,20.98,21.0,1552833,32685799.0
2026-09-22,sh,603511,爱慕股份,12.3,12.34,12.4,12.25,12.31,1170800,14401137.0
2026-09-22,sh,603515,欧普照明,14.78,14.85,14.98,14.69,14.81,1420959,21048105.0
2026-09-22,sh,603516,淳中科技,86.13,86.92,88.5,85.2,85.56,3965836,344253504.0
2026-09-22,sh,603517,ST绝味,11.78,11.79,11.79,11.56,11.63,3649200,42485090.0
2026-09-22,sh,603518,锦泓集团,7.76,7.77,7.83,7.68,7.79,6355100,49359259.0
2026-09-22,sh,603519,立霸股份,16.2,16.42,16.87,15.89,16.29,7655200,125199957.0
2026-09-22,sh,603520,司太立,8.61,8.61,8.74,8.56,8.66,6144897,53192974.0
2026-09-22,sh,603527,众源新材,10.13,10.18,10.18,10.0,10.0,5169000,52039975.0
2026-09-22,sh,603528,多伦科技,6.5,6.54,6.62,6.5,6.59,13352200,87836355.0
2026-09-22,sh,603529,爱玛科技,21.71,21.65,21.7,21.43,21.46,2675197,57566580.0
2026-09-22,sh,603530,神马电力,45.0,45.2,46.88,44.88,46.72,5104501,235905273.0
2026-09-22,sh,603533,掌阅科技,23.5,23.73,24.25,23.48,23.7,31048026,739767670.0
2026-09-22,sh,603535,嘉诚国际,6.24,6.26,6.36,6.2,6.29,3466800,21766201.0
2026-09-22,sh,603536,惠发食品,9.99,9.99,10.13,9.78,10.01,4446300,44300836.0
2026-09-22,sh,603538,美诺华,27.9,27.5,29.39,27.31,28.82,71128289,2024082972.0
2026-09-22,sh,603551,奥普科技,9.31,9.33,9.37,9.29,9.34,1515100,14133824.0
2026-09-22,sh,603556,海兴电力,23.52,23.54,23.72,23.26,23.37,2592900,60733908.0
2026-09-22,sh,603557,*ST起步,3.36,3.37,3.4,3.34,3.35,2080900,7011991.0
2026-09-22,sh,603558,健盛集团,13.25,13.2,13.31,12.61,12.79,6593700,84794876.0
2026-09-22,sh,603559,中通国脉,9.47,9.47,10.1,9.39,9.75,18773100,182928648.0
2026-09-22,sh,603565,中谷物流,12.11,12.1,12.1,11.73,11.78,19133691,226533328.0
2026-09-22,sh,603566,普莱柯,10.29,10.33,10.39,10.21,10.32,2069500,21323768.0
2026-09-22,sh,603567,珍宝岛,5.56,5.55,5.62,5.46,5.51,25106054,138958232.0
2026-09-22,sh,603568,伟明环保,13.52,13.53,13.66,13.5,13.61,4227635,57361956.0
2026-09-22,sh,603569,长久物流,5.82,5.81,5.86,5.76,5.81,2167800,12586193.0
2026-09-22,sh,603577,汇金通,9.73,9.73,9.85,9.63,9.64,2738000,26598675.0
2026-09-22,sh,603578,三星新材,14.31,14.32,14.4,13.8,14.06,4885738,68580467.0
2026-09-22,sh,603579,荣泰健康,17.57,17.59,18.44,17.58,18.2,5274872,95959403.0
2026-09-22,sh,603580,艾艾精工,71.53,73.78,78.68,73.78,78.68,8214600,636185995.0
2026-09-22,sh,603583,捷昌驱动,28.01,28.03,28.84,28.03,28.12,7150666,202993937.0
2026-09-22,sh,603585,苏利股份,10.6,10.61,10.69,10.4,10.49,4357796,45897970.0
2026-09-22,sh,603586,金麒麟,13.75,13.79,13.88,13.68,13.74,1758250,24195420.0
2026-09-22,sh,603587,地素时尚,12.32,12.3,12.3,12.1,12.2,2852160,34785696.0
2026-09-22,sh,603588,高能环境,16.46,16.66,16.96,16.22,16.86,51270361,847976117.0
2026-09-22,sh,603589,口子窖,17.82,17.76,18.38,17.72,17.97,7630003,137918159.0
2026-09-22,sh,603590,康辰药业,29.88,29.72,30.45,29.56,29.96,2309348,69148735.0
2026-09-22,sh,603595,ST东尼,32.46,32.7,33.74,32.35,33.39,2796200,93397854.0
2026-09-22,sh,603596,伯特利,28.88,28.95,29.62,28.91,29.15,14896768,434820705.0
2026-09-22,sh,603598,引力传媒,17.24,17.5,18.96,17.43,18.96,33569500,625033586.0
2026-09-22,sh,603599,广信股份,10.61,10.61,10.82,10.52,10.68,10966209,117374399.0
2026-09-22,sh,603600,永艺股份,10.33,10.32,10.38,10.19,10.27,3567100,36616468.0
2026-09-22,sh,603601,再升科技,10.66,10.69,10.9,10.37,10.45,136432726,1445731334.0
2026-09-22,sh,603602,纵横通信,11.55,11.55,11.77,11.52,11.66,2673490,31145785.0
2026-09-22,sh,603605,珀莱雅,56.89,56.8,57.2,56.32,56.48,4314549,244021133.0
2026-09-22,sh,603606,东方电缆,36.36,36.4,36.53,35.81,35.93,10844824,390952131.0
2026-09-22,sh,603607,京华激光,23.94,24.02,24.2,23.81,24.03,6222860,149341313.0
2026-09-22,sh,603608,天创时尚,22.13,22.22,22.63,21.15,21.55,21722587,474190522.0
2026-09-22,sh,603609,禾丰股份,6.52,6.5,6.53,6.28,6.41,6371842,40503750.0
2026-09-22,sh,603610,麒盛科技,13.65,13.73,14.03,13.67,13.91,5252303,72898451.0
2026-09-22,sh,603611,诺力股份,15.91,15.9,15.97,15.8,15.83,1212900,19236313.0
2026-09-22,sh,603612,索通发展,16.75,16.8,17.0,16.62,16.65,6428780,108083439.0
2026-09-22,sh,603613,国联股份,21.29,21.31,21.6,20.87,21.01,11642595,246834888.0
2026-09-22,sh,603615,茶花股份,19.15,19.15,19.35,18.86,19.1,5588826,106610425.0
2026-09-22,sh,603616,韩建河山,5.58,5.6,5.7,5.53,5.61,8683968,48766611.0
2026-09-22,sh,603617,君禾股份,6.83,6.89,6.92,6.79,6.82,4510100,30808794.0
2026-09-22,sh,603618,杭电股份,40.68,41.49,41.5,38.67,38.79,86707247,3455169608.0
2026-09-22,sh,603619,中曼石油,22.14,21.9,22.32,21.77,22.22,16601500,366144061.0
2026-09-22,sh,603626,科森科技,23.35,23.64,24.08,22.78,22.93,52570282,1225708746.0
2026-09-22,sh,603628,清源股份,10.57,10.57,10.59,10.31,10.33,5639900,58569137.0
2026-09-22,sh,603629,利通电子,111.5,112.86,118.0,111.19,115.96,37928649,4332757222.0
2026-09-22,sh,603630,拉芳家化,14.08,14.12,14.28,13.86,13.96,4578799,64161594.0
2026-09-22,sh,603633,徕木股份,6.44,6.49,6.5,6.39,6.48,7014800,45196120.0
2026-09-22,sh,603636,南威软件,7.28,8.01,8.01,8.01,8.01,17067716,136712405.0
2026-09-22,sh,603637,镇海股份,15.1,15.15,15.23,14.53,14.55,8887600,131518724.0
2026-09-22,sh,603638,艾迪精密,18.4,18.48,18.63,18.24,18.39,6099216,112431871.0
2026-09-22,sh,603639,海利尔,10.44,10.46,10.49,10.38,10.46,876900,9144025.0
2026-09-22,sh,603648,畅联股份,9.65,9.67,9.67,9.55,9.58,2750000,26387106.0
2026-09-22,sh,603650,彤程新材,71.99,72.38,72.38,68.73,69.01,26727695,1870765125.0
2026-09-22,sh,603655,XD朗博科,31.59,31.6,34.73,31.5,34.6,4081300,137034891.0
2026-09-22,sh,603656,泰禾智能,17.4,17.4,17.66,17.33,17.38,2805600,49120562.0
2026-09-22,sh,603657,春光科技,36.49,36.49,38.05,35.56,37.3,6620940,241590327.0
2026-09-22,sh,603658,安图生物,32.52,32.51,35.71,32.3,34.97,12404379,428339715.0
2026-09-22,sh,603659,璞泰来,21.9,21.9,22.5,21.9,22.21,20494417,456856786.0
2026-09-22,sh,603660,苏州科达,9.82,9.91,10.12,9.84,9.88,17485400,174371305.0
2026-09-22,sh,603661,恒林股份,33.13,33.13,34.78,33.13,34.07,3651874,124754749.0
2026-09-22,sh,603662,柯力传感,49.86,49.88,50.57,49.6,49.82,2804286,140337500.0
2026-09-22,sh,603663,三祥新材,49.82,51.0,51.51,47.75,48.16,34251192,1677615091.0
2026-09-22,sh,603665,康隆达,21.56,21.7,22.09,21.52,21.67,2189800,47649144.0
2026-09-22,sh,603666,亿嘉和,26.84,27.2,27.77,26.99,27.4,4283254,117174032.0
2026-09-22,sh,603667,五洲新春,50.97,51.05,51.87,49.89,50.03,8881068,449529720.0
2026-09-22,sh,603668,天马科技,12.65,12.74,12.79,12.46,12.63,7672770,96592187.0
2026-09-22,sh,603669,灵康药业,5.9,5.84,6.13,5.77,6.01,39207000,234170285.0
2026-09-22,sh,603676,卫信康,9.04,9.06,9.09,8.95,9.04,1450300,13084460.0
2026-09-22,sh,603677,奇精机械,14.41,14.54,14.8,14.33,14.44,1864400,27114384.0
2026-09-22,sh,603678,火炬电子,50.93,51.5,51.75,49.18,49.51,23571759,1183596891.0
2026-09-22,sh,603679,华体科技,26.76,27.19,27.2,25.83,26.11,10138138,265964545.0
2026-09-22,sh,603680,今创集团,10.86,10.65,10.85,10.49,10.51,6779682,71768657.0
2026-09-22,sh,603681,永冠新材,19.66,19.69,19.96,19.03,19.28,9373680,182435562.0
2026-09-22,sh,603682,锦和商管,9.91,9.8,10.15,9.8,10.0,8968500,89600425.0
2026-09-22,sh,603683,晶华新材,16.67,16.8,16.85,16.3,16.4,12531150,207508169.0
2026-09-22,sh,603685,晨丰科技,27.79,28.1,28.1,26.68,26.76,1993698,54301216.0
2026-09-22,sh,603686,福龙马,15.22,15.45,15.5,14.58,14.78,61164154,910436857.0
2026-09-22,sh,603687,大胜达,15.77,16.16,16.16,15.37,15.46,17899735,281530693.0
2026-09-22,sh,603688,石英股份,50.75,51.25,51.5,49.15,49.31,17892541,897203701.0
2026-09-22,sh,603689,皖天然气,7.7,7.74,7.74,7.63,7.69,2235800,17144843.0
2026-09-22,sh,603690,至纯科技,24.2,24.45,24.78,23.95,24.03,17868128,434656002.0
2026-09-22,sh,603693,江苏新能,12.48,12.34,12.39,12.05,12.11,12819099,155875293.0
2026-09-22,sh,603696,安记食品,14.39,14.23,14.62,14.04,14.56,18103562,260902108.0
2026-09-22,sh,603697,有友食品,9.15,9.15,9.21,9.07,9.14,4099530,37471052.0
2026-09-22,sh,603698,航天工程,21.98,22.06,22.09,21.55,21.65,7951529,173180743.0
2026-09-22,sh,603699,纽威股份,43.57,43.8,45.36,43.66,44.6,5298137,236696290.0
2026-09-22,sh,603700,宁水集团,11.73,11.84,11.89,11.65,11.73,4116219,48431319.0
2026-09-22,sh,603701,德宏股份,19.93,19.9,20.05,19.64,19.66,2753560,54593007.0
2026-09-22,sh,603703,盛洋科技,10.88,10.88,11.06,10.5,10.59,20294200,217990651.0
2026-09-22,sh,603706,东方环宇,17.13,17.13,17.22,17.07,17.21,738500,12669469.0
2026-09-22,sh,603707,健友股份,7.89,7.89,8.02,7.81,7.94,13311110,105468796.0
2026-09-22,sh,603708,家家悦,9.12,9.12,9.15,8.97,9.03,4699200,42423218.0
2026-09-22,sh,603709,中源家居,12.42,12.42,12.72,12.38,12.6,3019845,37995642.0
2026-09-22,sh,603711,香飘飘,11.92,11.93,12.2,11.76,12.06,4738298,56927901.0
2026-09-22,sh,603712,七一二,11.86,11.86,12.05,11.7,11.82,12863150,152687723.0
2026-09-22,sh,603713,密尔克卫,68.32,68.85,68.93,67.33,67.61,1410722,95882135.0
2026-09-22,sh,603716,塞力医疗,16.9,17.0,17.99,16.69,17.57,23802621,412330780.0
2026-09-22,sh,603717,天域生物,5.98,5.98,6.04,5.83,5.94,8610280,51039365.0
2026-09-22,sh,603718,*ST海利,3.12,3.14,3.14,3.07,3.09,5601300,17365621.0
2026-09-22,sh,603719,良品铺子,9.1,9.15,9.3,9.02,9.21,3480900,31932299.0
2026-09-22,sh,603721,中广天择,18.47,18.5,19.06,18.4,18.96,10356263,194610095.0
2026-09-22,sh,603722,阿科力,29.57,29.95,30.11,29.64,29.78,1139600,34048932.0
2026-09-22,sh,603725,天安新材,11.85,11.97,12.02,11.58,11.83,13702392,161412549.0
2026-09-22,sh,603726,朗迪集团,24.3,24.57,24.65,24.08,24.13,2524900,61508952.0
2026-09-22,sh,603727,博迈科,18.7,18.61,19.0,18.35,18.62,3941127,73637396.0
2026-09-22,sh,603728,鸣志电器,50.78,50.78,51.32,50.15,50.55,4521700,228821930.0
2026-09-22,sh,603729,ST龙韵,12.7,12.7,12.8,12.63,12.71,720400,9150661.0
2026-09-22,sh,603730,岱美股份,9.97,10.0,10.2,9.64,9.66,13362637,131286048.0
2026-09-22,sh,603733,仙鹤股份,19.28,19.3,19.45,18.91,19.03,6431308,123027636.0
2026-09-22,sh,603737,三棵树,22.18,22.29,22.29,21.74,21.83,9710677,213517602.0
2026-09-22,sh,603738,泰晶科技,38.57,39.15,39.25,37.57,37.86,25064907,962096017.0
2026-09-22,sh,603739,蔚蓝生物,12.83,12.86,13.36,12.7,13.2,6816600,89031841.0
2026-09-22,sh,603755,日辰股份,24.7,24.64,24.84,24.3,24.38,1045100,25673417.0
2026-09-22,sh,603757,大元泵业,70.08,71.0,71.19,67.2,68.7,7450795,513876099.0
2026-09-22,sh,603758,秦安股份,11.05,11.12,11.18,10.95,11.03,7154200,78952012.0
2026-09-22,sh,603759,海天股份,7.82,7.83,7.97,7.74,7.82,4903028,38533185.0
2026-09-22,sh,603766,隆鑫通用,14.91,14.82,15.07,14.13,14.39,25341148,366351286.0
2026-09-22,sh,603767,中马传动,13.59,13.57,13.75,13.45,13.51,2586190,35063442.0
2026-09-22,sh,603768,常青股份,11.48,11.5,11.64,11.41,11.62,2103700,24293626.0
2026-09-22,sh,603773,沃格光电,95.96,99.0,99.7,93.0,93.18,26370302,2536825034.0
2026-09-22,sh,603776,永安行,19.64,19.68,20.65,19.5,20.64,3093765,62398330.0
2026-09-22,sh,603777,来伊份,13.73,13.73,14.3,13.64,14.19,10300540,145107741.0
2026-09-22,sh,603778,国晟科技,9.22,9.3,10.13,9.18,9.4,116787668,1115235464.0
2026-09-22,sh,603779,威龙股份,8.43,8.39,8.49,8.27,8.33,9682300,80872447.0
2026-09-22,sh,603786,科博达,37.71,37.93,38.06,37.72,37.77,999100,37830871.0
2026-09-22,sh,603787,新日股份,10.3,10.4,10.4,10.22,10.33,1989000,20493281.0
2026-09-22,sh,603788,宁波高发,13.76,13.77,13.84,13.69,13.8,1022840,14068245.0
2026-09-22,sh,603789,ST星农,6.03,6.03,6.08,5.96,6.06,2711550,16290281.0
2026-09-22,sh,603790,雅运股份,24.93,24.93,25.47,24.66,24.93,2893300,72327440.0
2026-09-22,sh,603797,联泰环保,4.9,4.93,4.98,4.82,4.95,9928108,48889741.0
2026-09-22,sh,603798,康普顿,13.67,13.74,13.8,13.27,13.48,3749800,50467561.0
2026-09-22,sh,603799,华友钴业,36.07,36.09,37.26,36.09,36.66,49529813,1816230758.0
2026-09-22,sh,603800,洪田股份,58.53,58.8,60.0,57.7,58.57,4233774,248413455.0
2026-09-22,sh,603801,志邦家居,6.12,6.11,6.26,6.03,6.21,8912028,54881404.0
2026-09-22,sh,603803,瑞斯康达,11.85,11.93,11.98,11.58,11.7,16106418,188948761.0
2026-09-22,sh,603806,福斯特,14.48,14.54,14.69,14.34,14.38,18602494,270103272.0
2026-09-22,sh,603808,歌力思,8.75,8.75,8.8,8.61,8.73,2297100,20003614.0
2026-09-22,sh,603809,豪能股份,8.69,8.72,8.77,8.63,8.63,5300451,46016128.0
2026-09-22,sh,603810,丰山集团,11.97,12.0,12.21,11.89,12.06,1977300,23849424.0
2026-09-22,sh,603811,诚意药业,7.02,7.01,7.09,6.95,7.01,5027935,35298978.0
2026-09-22,sh,603813,原尚股份,26.67,26.66,28.3,26.5,27.12,1243515,34198337.0
2026-09-22,sh,603815,交建股份,5.22,5.22,5.32,5.21,5.24,7589100,39936156.0
2026-09-22,sh,603816,顾家家居,22.36,22.36,22.68,22.3,22.41,3811690,85741255.0
2026-09-22,sh,603817,海峡环保,5.78,5.8,5.94,5.72,5.88,16207900,94535325.0
2026-09-22,sh,603818,曲美家居,4.03,4.11,4.17,3.95,3.98,36474050,146974382.0
2026-09-22,sh,603819,神力股份,17.33,17.16,17.48,16.3,16.58,15535660,258136990.0
2026-09-22,sh,603822,ST嘉澳,66.2,65.68,66.2,63.33,64.25,696500,44784102.0
2026-09-22,sh,603823,百合花,55.0,55.1,58.1,54.53,56.08,20978121,1178889983.0
2026-09-22,sh,603825,ST华扬,7.84,7.85,7.9,7.75,7.87,1908100,14942165.0
2026-09-22,sh,603826,坤彩科技,16.77,16.8,16.99,16.28,16.36,10697759,177191041.0
2026-09-22,sh,603828,*ST利达,6.06,6.04,6.27,5.97,6.11,6237912,38409723.0
2026-09-22,sh,603829,洛凯股份,16.03,16.0,16.23,15.83,15.91,2206400,35281454.0
2026-09-22,sh,603833,欧派家居,29.45,29.45,29.69,29.31,29.56,1953100,57687627.0
2026-09-22,sh,603836,海程邦达,9.53,9.55,9.77,9.39,9.66,4311660,41470295.0
2026-09-22,sh,603838,*ST四通,14.14,14.15,14.5,13.58,13.86,2952900,41578786.0
2026-09-22,sh,603839,安正时尚,6.94,6.92,7.1,6.81,7.03,5669600,39583878.0
2026-09-22,sh,603843,*ST正平,6.7,6.66,6.69,6.42,6.42,15445268,101001316.0
2026-09-22,sh,603848,好太太,13.47,13.48,13.66,13.43,13.52,2060400,27912054.0
2026-09-22,sh,603855,华荣股份,17.02,17.05,17.16,16.79,16.8,967700,16409314.0
2026-09-22,sh,603856,东宏股份,11.71,11.73,11.76,11.6,11.66,1793110,20887242.0
2026-09-22,sh,603858,步长制药,14.77,14.76,14.83,14.71,14.77,4099528,60565064.0
2026-09-22,sh,603859,能科科技,39.05,39.4,40.92,39.26,40.4,8864901,355947468.0
2026-09-22,sh,603860,中公高科,25.72,25.78,26.26,25.69,25.91,923680,23990349.0
2026-09-22,sh,603861,白云电器,11.24,11.26,11.38,11.14,11.18,5321900,59861813.0
2026-09-22,sh,603863,松炀资源,12.6,12.6,12.8,12.49,12.76,3852700,48918424.0
2026-09-22,sh,603866,桃李面包,4.16,4.17,4.27,4.14,4.2,15852766,66641578.0
2026-09-22,sh,603867,新化股份,33.27,33.3,33.58,32.8,33.51,7680926,254841970.0
2026-09-22,sh,603868,飞科电器,31.36,31.48,31.68,31.18,31.62,1625498,51179076.0
2026-09-22,sh,603869,ST智知,8.6,8.65,8.65,8.53,8.58,442200,3790611.0
2026-09-22,sh,603871,嘉友国际,12.28,12.28,12.32,12.11,12.16,12121100,147490851.0
2026-09-22,sh,603876,鼎胜新材,18.6,18.63,18.86,18.4,18.46,10158112,189025699.0
2026-09-22,sh,603877,太平鸟,11.88,11.94,12.01,11.83,11.92,1574800,18789833.0
2026-09-22,sh,603878,武进不锈,4.95,4.98,4.98,4.9,4.93,8185500,40381358.0
2026-09-22,sh,603879,永悦科技,4.95,4.98,5.0,4.9,4.94,7758581,38434194.0
2026-09-22,sh,603880,南卫股份,9.27,9.4,9.4,9.16,9.28,11429120,106042172.0
2026-09-22,sh,603881,数据港,24.64,24.69,25.6,24.63,25.14,41673338,1048823220.0
2026-09-22,sh,603882,金域医学,28.76,28.4,29.52,28.31,29.06,11428186,332257920.0
2026-09-22,sh,603883,老百姓,12.88,12.77,12.99,12.73,12.94,9228427,118837275.0
2026-09-22,sh,603885,吉祥航空,10.15,10.19,10.23,10.09,10.1,9323880,94458767.0
2026-09-22,sh,603886,元祖股份,12.46,12.46,13.0,12.42,12.7,5120200,65534617.0
2026-09-22,sh,603887,城地香江,8.94,8.99,9.18,8.97,9.04,17346796,157089655.0
2026-09-22,sh,603888,新华网,18.79,18.44,19.12,18.15,18.45,43704723,813598865.0
2026-09-22,sh,603889,新澳股份,6.12,6.12,6.13,6.04,6.06,7399704,44935722.0
2026-09-22,sh,603890,春秋电子,17.32,17.42,17.64,17.25,17.39,21357890,372701514.0
2026-09-22,sh,603893,瑞芯微,198.0,203.9,217.8,203.9,217.8,25401260,5462671071.0
2026-09-22,sh,603895,天永智能,26.18,26.22,26.43,25.97,26.23,772200,20232923.0
2026-09-22,sh,603896,寿仙谷,14.95,14.9,15.13,14.8,14.86,2778750,41571924.0
2026-09-22,sh,603897,长城科技,30.89,30.88,31.43,30.62,30.98,9307090,288270052.0
2026-09-22,sh,603898,好莱客,11.15,11.25,11.3,11.07,11.28,2007600,22504681.0
2026-09-22,sh,603899,晨光股份,21.75,21.76,22.36,21.69,22.1,3321202,73450021.0
2026-09-22,sh,603900,莱绅通灵,6.93,6.92,6.96,6.76,6.77,21059200,144038223.0
2026-09-22,sh,603901,永创智能,9.41,9.41,9.48,9.29,9.32,5052043,47389138.0
2026-09-22,sh,603903,中持股份,13.88,13.87,15.27,13.71,15.27,19484972,289022451.0
2026-09-22,sh,603906,龙蟠科技,18.23,18.3,18.4,18.12,18.18,8701849,158956414.0
2026-09-22,sh,603908,牧高笛,18.95,19.39,19.87,18.96,19.54,2068034,40195328.0
2026-09-22,sh,603909,建发合诚,9.73,9.81,9.96,9.68,9.83,2061400,20215628.0
2026-09-22,sh,603912,佳力图,8.8,8.8,8.95,8.78,8.81,11513598,101914826.0
2026-09-22,sh,603915,国茂股份,13.18,13.37,13.45,13.22,13.26,5163170,68833814.0
2026-09-22,sh,603916,苏博特,10.97,11.03,11.08,10.72,10.79,5303666,57712199.0
2026-09-22,sh,603917,合力科技,14.35,14.42,14.6,14.28,14.36,4560300,65826832.0
2026-09-22,sh,603918,金桥信息,10.76,10.88,11.17,10.77,10.99,16885858,185681847.0
2026-09-22,sh,603919,金徽酒,16.83,16.58,16.92,16.48,16.71,3805000,63581542.0
2026-09-22,sh,603920,世运电路,46.44,46.92,47.0,45.6,46.15,34955555,1612981305.0
2026-09-22,sh,603922,ST金鸿顺,12.75,12.55,12.76,12.48,12.66,948500,11933064.0
2026-09-22,sh,603926,铁流股份,17.74,17.67,17.91,17.45,17.49,3141021,55299416.0
2026-09-22,sh,603927,中科软,13.9,13.94,14.1,13.88,13.98,7019715,98340834.0
2026-09-22,sh,603928,XD兴业股,12.15,12.3,12.3,12.02,12.05,7013305,85216492.0
2026-09-22,sh,603929,亚翔集成,159.47,163.0,165.48,159.09,159.87,4626829,752441852.0
2026-09-22,sh,603931,格林达,35.83,36.09,36.55,35.76,35.91,4109800,148209248.0
2026-09-22,sh,603933,睿能科技,19.32,19.35,19.85,19.26,19.5,4330800,84623168.0
2026-09-22,sh,603936,博敏电子,21.61,22.02,23.76,21.4,22.62,97857174,2199563270.0
2026-09-22,sh,603937,丽岛新材,11.67,11.69,11.81,11.6,11.79,2093400,24510721.0
2026-09-22,sh,603938,三孚股份,50.35,50.89,52.18,48.9,49.25,25010876,1263387718.0
2026-09-22,sh,603939,益丰药房,22.15,22.15,22.59,22.06,22.2,11553711,257955612.0
2026-09-22,sh,603948,建业股份,19.73,19.75,19.89,19.6,19.65,1389500,27413142.0
2026-09-22,sh,603949,雪龙集团,14.08,14.15,14.21,13.93,13.96,1574400,22064196.0
2026-09-22,sh,603950,长源东谷,60.16,59.91,60.55,58.85,59.12,4873392,289776776.0
2026-09-22,sh,603955,大千生态,24.35,24.5,25.0,24.01,24.85,2539850,62573305.0
2026-09-22,sh,603956,威派格,7.22,7.26,7.41,7.18,7.26,21776821,157824570.0
2026-09-22,sh,603958,哈森股份,18.37,18.42,19.26,18.3,18.53,21447899,402410510.0
2026-09-22,sh,603959,ST百利,4.39,4.38,4.5,4.35,4.47,5879100,25919872.0
2026-09-22,sh,603960,克来机电,18.36,18.49,19.88,18.2,19.48,20178119,390056712.0
2026-09-22,sh,603966,法兰泰克,7.54,7.54,7.68,7.5,7.55,6728588,51070400.0
2026-09-22,sh,603967,中创物流,11.78,11.78,11.87,11.67,11.67,1733000,20311920.0
2026-09-22,sh,603968,醋化股份,10.54,10.49,11.21,10.44,11.01,6439900,69612089.0
2026-09-22,sh,603969,银龙股份,7.6,7.6,7.63,7.47,7.49,7890887,59467333.0
2026-09-22,sh,603970,中农立华,11.38,11.3,11.4,11.03,11.15,2348400,26183525.0
2026-09-22,sh,603976,正川股份,32.04,32.28,33.32,31.25,32.06,7750445,250482541.0
2026-09-22,sh,603977,国泰集团,11.52,11.66,11.66,11.37,11.43,4631700,53109873.0
2026-09-22,sh,603978,深圳新星,24.68,24.66,26.89,24.43,26.2,26026749,676232431.0
2026-09-22,sh,603979,金诚信,73.54,73.98,76.23,73.66,74.88,4727901,354150860.0
2026-09-22,sh,603980,吉华集团,8.94,8.91,9.17,8.75,8.95,42110320,375852476.0
2026-09-22,sh,603982,泉峰汽车,6.3,6.29,6.39,6.26,6.29,3765303,23737556.0
2026-09-22,sh,603983,丸美生物,30.77,31.39,32.2,30.6,32.04,4856311,152898933.0
2026-09-22,sh,603985,恒润股份,16.94,17.04,17.53,17.04,17.15,11087826,191796985.0
2026-09-22,sh,603986,兆易创新,391.71,399.99,413.43,394.0,402.1,50915065,20578129157.0
2026-09-22,sh,603987,康德莱,7.64,7.62,7.68,7.56,7.62,4086000,31158593.0
2026-09-22,sh,603988,中电电机,18.28,18.26,18.44,18.13,18.18,2485300,45375190.0
2026-09-22,sh,603989,艾华集团,33.87,34.4,35.0,33.57,34.15,27252785,936912871.0
2026-09-22,sh,603990,麦迪科技,20.09,20.06,20.72,18.95,19.91,29253927,580344114.0
2026-09-22,sh,603991,领先股份,175.62,175.5,177.19,167.0,168.7,5105484,873482641.0
2026-09-22,sh,603992,松霖科技,20.14,20.3,20.58,20.09,20.41,2806160,57134733.0
2026-09-22,sh,603993,洛阳钼业,17.59,17.6,17.97,17.59,17.81,148953930,2653818866.0
2026-09-22,sh,603995,甬金股份,26.67,26.55,26.75,25.9,25.95,4252924,111207857.0
2026-09-22,sh,603997,继峰股份,13.74,13.81,14.46,13.7,14.11,53546386,753954466.0
2026-09-22,sh,603998,方盛制药,10.71,10.69,10.72,10.42,10.52,11343900,119570914.0
2026-09-22,sh,603999,读者传媒,6.62,6.66,6.9,6.55,6.82,31545300,214122671.0
2026-09-22,sh,605001,威奥股份,5.79,5.79,5.85,5.75,5.81,4965400,28826131.0
2026-09-22,sh,605003,众望布艺,24.36,24.37,25.67,24.12,24.72,1650900,40781255.0
2026-09-22,sh,605005,合兴股份,16.43,16.5,16.51,16.2,16.35,770300,12611088.0
2026-09-22,sh,605006,山东玻纤,17.1,17.12,17.99,17.11,17.46,61633095,1081704611.0
2026-09-22,sh,605007,五洲特纸,15.18,15.18,15.44,15.11,15.21,3234712,49252540.0
2026-09-22,sh,605008,长鸿高科,14.34,14.5,14.59,14.12,14.26,1863300,26624072.0
2026-09-22,sh,605009,豪悦护理,25.0,25.0,25.2,24.66,24.81,1094423,27156778.0
2026-09-22,sh,605011,杭州热电,18.57,18.55,18.61,18.3,18.32,8064718,148394220.0
2026-09-22,sh,605016,百龙创园,20.93,20.96,20.98,20.46,20.53,3845000,79266423.0
2026-09-22,sh,605018,长华集团,11.86,11.73,11.99,11.46,11.95,6224010,73497289.0
2026-09-22,sh,605020,永和股份,31.7,32.0,32.12,31.42,31.51,5658786,179418401.0
2026-09-22,sh,605028,世茂能源,23.83,23.9,23.97,23.24,23.45,1211400,28489355.0
2026-09-22,sh,605033,美邦股份,19.74,19.79,20.06,19.56,19.96,4014466,79543103.0
2026-09-22,sh,605050,福然德,10.17,10.2,10.34,10.18,10.2,1636300,16788719.0
2026-09-22,sh,605055,迎丰股份,9.01,9.07,9.17,8.8,9.01,4542500,40942276.0
2026-09-22,sh,605056,咸亨国际,13.82,13.91,15.2,13.91,14.29,18301899,266224039.0
2026-09-22,sh,605058,澳弘电子,48.43,48.5,53.27,47.7,53.27,25593952,1302590691.0
2026-09-22,sh,605060,联德股份,41.1,41.11,41.86,39.71,39.87,2891537,117656767.0
2026-09-22,sh,605066,天正电气,6.92,6.91,6.95,6.82,6.83,4893150,33617149.0
2026-09-22,sh,605068,明新旭腾,20.97,21.18,21.3,20.31,20.7,8430000,173572557.0
2026-09-22,sh,605069,正和生态,12.14,12.07,13.06,12.05,12.15,16700270,207299130.0
2026-09-22,sh,605077,华康股份,11.82,11.81,11.81,11.58,11.77,8486657,99236045.0
2026-09-22,sh,605080,浙江自然,22.98,22.98,23.08,22.52,22.82,967960,22052501.0
2026-09-22,sh,605086,龙高股份,23.81,23.98,24.24,23.6,23.65,1114300,26633216.0
2026-09-22,sh,605088,冠盛股份,24.54,24.55,24.98,24.18,24.61,13491699,331467254.0
2026-09-22,sh,605089,味知香,20.9,20.9,21.35,20.52,21.12,817800,17134283.0
2026-09-22,sh,605090,九丰能源,32.75,32.8,33.0,32.42,32.49,7788900,254304874.0
2026-09-22,sh,605098,行动教育,53.24,53.24,54.0,52.9,53.24,621800,33231298.0
2026-09-22,sh,605099,共创草坪,28.9,28.9,29.29,28.9,29.27,1345028,39170843.0
2026-09-22,sh,605100,华丰股份,34.1,34.16,35.0,34.0,34.29,3798669,130285186.0
2026-09-22,sh,605108,同庆楼,12.37,12.26,12.42,12.11,12.25,2633100,32238921.0
2026-09-22,sh,605111,新洁能,61.52,62.38,62.83,60.12,60.45,13329826,817835779.0
2026-09-22,sh,605116,奥锐特,20.18,20.1,20.32,20.01,20.08,1965300,39588648.0
2026-09-22,sh,605117,德业股份,81.97,82.0,83.08,81.79,82.38,7344864,605336407.0
2026-09-22,sh,605118,力鼎光电,33.4,33.68,34.28,33.27,34.14,7652659,258812559.0
2026-09-22,sh,605122,四方新材,11.93,11.93,12.02,11.8,11.94,2064050,24637611.0
2026-09-22,sh,605123,派克新材,82.12,82.52,82.82,80.25,80.75,1475097,119709844.0
2026-09-22,sh,605128,上海沿浦,23.26,23.2,23.59,22.86,22.89,3469832,80396480.0
2026-09-22,sh,605133,嵘泰股份,24.79,25.01,25.1,24.41,24.58,4655800,115500317.0
2026-09-22,sh,605136,丽人丽妆,8.59,8.56,8.72,8.52,8.62,6245864,53746845.0
2026-09-22,sh,605138,盛泰集团,6.13,6.17,6.19,6.04,6.15,3916300,23968294.0
2026-09-22,sh,605151,西上海,18.52,18.52,18.64,18.23,18.43,1242900,22917602.0
2026-09-22,sh,605155,西大门,14.41,14.39,14.74,14.36,14.64,2131908,31104149.0
2026-09-22,sh,605158,华达新材,7.89,7.91,8.12,7.72,7.76,4735800,36942011.0
2026-09-22,sh,605162,新中港,12.16,12.1,12.14,11.78,11.82,31146434,370537061.0
2026-09-22,sh,605166,聚合顺,8.72,8.75,8.8,8.63,8.71,3598800,31359700.0
2026-09-22,sh,605167,利柏特,16.99,16.98,17.03,16.36,16.44,5566074,92445071.0
2026-09-22,sh,605168,三人行,53.04,53.25,56.99,53.24,56.18,9899377,548247708.0
2026-09-22,sh,605169,洪通燃气,13.17,13.19,13.23,12.76,13.0,3616600,46735295.0
2026-09-22,sh,605177,东亚药业,24.73,24.71,25.02,23.83,24.7,7863347,191514885.0
2026-09-22,sh,605178,时空科技,67.99,68.92,74.79,68.19,74.79,3970060,287303459.0
2026-09-22,sh,605179,一鸣食品,27.31,27.03,30.04,26.27,30.04,24459919,688891877.0
2026-09-22,sh,605180,华生科技,13.95,13.87,13.95,13.54,13.93,4015790,55133286.0
2026-09-22,sh,605183,确成股份,16.52,16.55,16.58,16.21,16.26,1687700,27563834.0
2026-09-22,sh,605186,健麾信息,26.1,26.1,28.0,25.93,27.11,4270516,116493775.0
2026-09-22,sh,605188,国光连锁,13.32,13.25,13.45,13.0,13.27,16163500,213884905.0
2026-09-22,sh,605189,富春染织,14.11,14.18,14.2,13.98,14.05,5095635,71756028.0
2026-09-22,sh,605196,华通线缆,34.62,34.62,36.27,33.48,35.51,28366436,989306727.0
2026-09-22,sh,605198,安德利,77.29,73.81,75.88,70.1,70.69,9441044,680300117.0
2026-09-22,sh,605199,ST葫芦娃,5.86,5.84,5.89,5.8,5.82,660400,3854881.0
2026-09-22,sh,605208,永茂泰,14.49,14.36,15.16,14.3,14.89,12694379,187970652.0
2026-09-22,sh,605218,伟时电子,14.49,15.16,15.94,15.16,15.94,10871619,172916000.0
2026-09-22,sh,605222,起帆电缆,22.71,22.74,22.88,22.54,22.68,5233157,118816082.0
2026-09-22,sh,605228,神通科技,11.3,11.24,11.39,11.09,11.12,5172977,58039325.0
2026-09-22,sh,605255,天普股份,62.53,62.51,63.54,61.51,61.56,635997,39701248.0
2026-09-22,sh,605258,协和电子,38.33,38.96,42.16,38.34,42.16,7842100,314011973.0
2026-09-22,sh,605259,绿田机械,17.51,17.47,17.65,17.47,17.53,516300,9057058.0
2026-09-22,sh,605266,健之佳,15.57,15.66,15.87,15.52,15.76,1756520,27606083.0
2026-09-22,sh,605268,王力安防,9.75,9.73,10.0,9.68,9.87,3844493,37850857.0
2026-09-22,sh,605277,新亚电子,17.85,17.86,18.1,17.56,17.64,13064251,232676081.0
2026-09-22,sh,605286,同力天启,25.61,25.58,25.84,25.31,25.62,2789299,71343385.0
2026-09-22,sh,605287,德才股份,35.84,36.8,37.3,36.0,36.47,3074560,112532564.0
2026-09-22,sh,605288,凯迪股份,71.0,71.01,71.47,68.04,68.25,1741920,120226893.0
2026-09-22,sh,605289,罗曼股份,102.71,104.76,106.89,102.01,102.58,2465810,256620015.0
2026-09-22,sh,605296,神农集团,34.23,34.05,34.25,33.44,34.13,2346800,79567183.0
2026-09-22,sh,605298,必得科技,44.11,43.88,44.65,43.65,43.88,487700,21405914.0
2026-09-22,sh,605299,舒华体育,12.72,12.55,12.78,12.53,12.62,8156800,103078581.0
2026-09-22,sh,605300,佳禾食品,10.5,10.39,10.68,10.33,10.58,6221400,65697724.0
2026-09-22,sh,605303,园林股份,23.68,0.0,0.0,0.0,23.68,0,0.0
2026-09-22,sh,605305,中际联合,31.25,31.34,31.35,30.88,30.93,3181653,98968387.0
2026-09-22,sh,605318,法狮龙,77.95,78.4,78.71,76.75,78.25,841200,65187585.0
2026-09-22,sh,605319,无锡振华,23.27,23.6,24.18,23.24,23.6,4968100,118286369.0
2026-09-22,sh,605333,沪光股份,16.53,16.69,16.69,16.48,16.6,1703928,28257705.0
2026-09-22,sh,605336,*ST帅电,11.37,11.35,11.83,11.32,11.75,1513600,17624842.0
2026-09-22,sh,605337,李子园,9.08,9.04,9.21,9.0,9.13,2982620,27179827.0
2026-09-22,sh,605338,巴比食品,17.63,17.7,18.15,17.56,17.93,2473955,44295733.0
2026-09-22,sh,605339,南侨食品,13.06,13.09,13.27,12.91,13.19,1173190,15390446.0
2026-09-22,sh,605358,立昂微,46.31,47.31,48.86,46.32,46.9,45947647,2176020554.0
2026-09-22,sh,605365,立达信,14.51,14.51,14.75,14.4,14.64,7933490,115988158.0
2026-09-22,sh,605366,宏柏新材,8.58,8.59,8.97,8.53,8.62,37159884,322808905.0
2026-09-22,sh,605368,蓝天燃气,6.74,6.7,6.75,6.65,6.69,2834700,18957931.0
2026-09-22,sh,605369,拱东医疗,17.6,17.5,17.88,17.3,17.66,1834464,32398629.0
2026-09-22,sh,605376,博迁新材,137.48,139.01,148.45,138.08,141.33,21584488,3071411238.0
2026-09-22,sh,605377,华旺科技,8.24,8.21,8.24,8.13,8.19,4397916,35980244.0
2026-09-22,sh,605378,野马电池,14.97,14.96,15.35,14.9,15.2,5505354,83143175.0
2026-09-22,sh,605388,均瑶健康,6.07,6.1,6.58,5.96,6.27,19423000,121870328.0
2026-09-22,sh,605389,长龄液压,67.15,67.17,68.19,66.51,66.76,634170,42680311.0
2026-09-22,sh,605398,新炬网络,21.48,21.5,23.63,21.48,23.63,9948394,226993226.0
2026-09-22,sh,605399,晨光新材,11.55,11.55,11.56,11.38,11.43,1668018,19119224.0
2026-09-22,sh,605488,福莱新材,30.26,30.19,30.9,29.92,30.0,4947774,150101556.0
2026-09-22,sh,605499,东鹏饮料,113.18,113.11,115.54,112.22,115.45,4038435,462291315.0
2026-09-22,sh,605500,森林包装,7.55,7.55,7.57,7.43,7.45,2723200,20351321.0
2026-09-22,sh,605507,国邦医药,18.05,18.0,18.29,17.66,18.26,13033209,234321338.0
2026-09-22,sh,605555,德昌股份,12.69,12.81,12.97,12.66,12.85,5178025,66351192.0
2026-09-22,sh,605566,福莱蒽特,30.44,30.66,32.03,30.2,31.66,10721139,337913741.0
2026-09-22,sh,605567,春雪食品,9.35,9.37,9.49,9.22,9.43,4134900,38783143.0
2026-09-22,sh,605577,龙版传媒,16.56,16.62,17.94,16.2,17.69,45051046,776441831.0
2026-09-22,sh,605580,恒盛能源,23.09,23.32,23.32,22.48,22.65,11678856,267209296.0
2026-09-22,sh,605588,冠石科技,47.16,47.86,48.11,46.92,47.21,1064600,50550424.0
2026-09-22,sh,605589,圣泉集团,41.0,41.51,42.11,40.31,40.58,34429654,1419668715.0
2026-09-22,sh,605598,上海港湾,25.37,25.45,25.75,24.98,25.04,2263380,57321948.0
2026-09-22,sh,605599,菜百股份,14.12,14.19,14.28,13.99,14.0,4397300,61991556.0
2026-09-22,sh,688001,华兴源创,75.17,75.28,75.6,71.5,73.36,11937875,871700156.0
2026-09-22,sh,688002,睿创微纳,186.73,188.1,192.78,185.5,186.8,8456242,1592236092.0
2026-09-22,sh,688003,天准科技,82.2,83.18,84.61,81.62,81.85,3112623,258603154.0
2026-09-22,sh,688004,博汇科技,33.93,33.6,36.46,32.34,34.74,16344923,565493953.0
2026-09-22,sh,688005,容百科技,23.92,24.15,24.3,23.86,23.89,7352864,177175136.0
2026-09-22,sh,688006,杭可科技,20.95,21.1,21.35,20.8,21.02,5834493,122568080.0
2026-09-22,sh,688007,光峰科技,11.19,11.23,11.58,11.19,11.22,12991415,147700790.0
2026-09-22,sh,688008,澜起科技,210.1,230.0,233.19,220.69,221.83,74751149,16970058462.0
2026-09-22,sh,688009,中国通号,4.7,4.71,4.72,4.67,4.68,15710813,73696926.0
2026-09-22,sh,688010,福光股份,28.32,28.55,28.7,27.87,28.07,4109285,116298700.0
2026-09-22,sh,688011,新光光电,75.0,75.55,77.8,73.5,76.01,2962545,225829383.0
2026-09-22,sh,688012,中微公司,353.55,359.0,363.07,347.69,350.06,15792854,5632498584.0
2026-09-22,sh,688013,天臣医疗,23.68,23.74,24.86,23.33,24.7,1660708,40198209.0
2026-09-22,sh,688015,交控科技,16.48,16.51,16.8,16.46,16.75,1154051,19225949.0
2026-09-22,sh,688016,心脉医疗,86.08,86.04,86.43,85.47,85.58,793866,68200039.0
2026-09-22,sh,688017,绿的谐波,288.88,291.0,296.0,287.0,288.91,5043997,1474962696.0
2026-09-22,sh,688018,乐鑫科技,112.3,114.68,125.85,114.61,123.6,13012229,1591593194.0
2026-09-22,sh,688019,安集科技,232.9,235.66,238.55,231.38,232.88,5428242,1277683238.0
2026-09-22,sh,688020,方邦股份,153.7,158.77,163.0,155.6,156.3,4431851,704698788.0
2026-09-22,sh,688021,奥福科技,19.72,19.89,20.36,19.55,20.02,1485700,29797148.0
2026-09-22,sh,688022,ST瀚川,8.99,9.0,9.02,8.85,8.9,1995009,17775024.0
2026-09-22,sh,688023,安恒信息,46.79,47.67,49.8,47.19,48.89,6268102,304688057.0
2026-09-22,sh,688025,杰普特,447.0,457.0,458.88,439.0,440.11,2280763,1022970986.0
2026-09-22,sh,688026,洁特生物,25.22,25.22,27.4,24.71,27.03,20999653,550818601.0
2026-09-22,sh,688027,国盾量子,359.06,362.0,363.0,353.51,355.88,1030973,368977813.0
2026-09-22,sh,688028,沃尔德,124.3,124.0,128.66,121.06,124.22,9157972,1145133301.0
2026-09-22,sh,688029,南微医学,84.83,84.39,86.04,83.45,85.23,2632313,223107342.0
2026-09-22,sh,688030,山石网科,18.45,18.57,19.54,18.45,19.44,6005207,115548509.0
2026-09-22,sh,688031,星环科技,111.95,113.5,114.3,110.38,111.31,5077480,570455423.0
2026-09-22,sh,688032,禾迈股份,70.02,70.2,71.07,69.7,69.92,527092,37115938.0
2026-09-22,sh,688033,*ST天宜,7.28,7.29,7.39,7.21,7.29,2739670,20020870.0
2026-09-22,sh,688035,德邦科技,85.4,85.4,86.0,81.52,82.62,7880600,659942715.0
2026-09-22,sh,688036,传音控股,54.45,54.2,57.17,54.2,56.8,17037708,959852044.0
2026-09-22,sh,688037,芯源微,356.0,369.0,370.0,356.02,361.5,3886380,1414193538.0
2026-09-22,sh,688038,中科通达,19.28,19.3,19.96,19.3,19.73,2048216,40333424.0
2026-09-22,sh,688039,当虹科技,33.63,33.8,34.85,33.78,34.12,3076627,105362553.0
2026-09-22,sh,688041,海光信息,246.45,265.0,269.74,254.6,256.0,42733900,11226516458.0
2026-09-22,sh,688045,必易微,60.1,61.48,61.83,60.16,60.23,1700542,103452791.0
2026-09-22,sh,688046,药康生物,36.78,35.85,39.48,35.85,37.73,12079773,454783454.0
2026-09-22,sh,688047,龙芯中科,104.58,115.0,118.0,106.5,107.1,8953999,993404370.0
2026-09-22,sh,688048,长光华芯,362.23,362.06,367.06,349.8,351.89,9911270,3540989892.0
2026-09-22,sh,688049,炬芯科技,41.82,42.9,45.75,42.28,44.98,18223731,815536345.0
2026-09-22,sh,688050,爱博医疗,38.95,39.01,39.53,38.82,38.95,2249346,88060168.0
2026-09-22,sh,688051,佳华科技,25.99,26.21,26.43,25.01,26.24,2679762,69850883.0
2026-09-22,sh,688052,纳芯微,252.1,255.0,263.0,252.8,255.5,2147455,553038064.0
2026-09-22,sh,688053,ST思科瑞,39.92,39.93,40.27,39.49,40.05,659936,26233449.0
2026-09-22,sh,688055,龙腾光电,3.77,3.77,3.83,3.75,3.78,7679769,29112447.0
2026-09-22,sh,688056,莱伯泰科,43.58,43.51,45.49,43.51,44.1,1496639,66372237.0
2026-09-22,sh,688057,金达莱,16.57,16.58,18.26,16.3,18.25,7295830,126676489.0
2026-09-22,sh,688058,宝兰德,24.58,25.62,26.28,24.85,25.97,1721565,44177194.0
2026-09-22,sh,688059,华锐精密,90.78,92.6,94.7,89.51,90.15,4352681,399823961.0
2026-09-22,sh,688060,云涌科技,36.61,36.61,38.67,36.61,38.2,880487,33465080.0
2026-09-22,sh,688061,灿瑞科技,46.2,46.77,47.97,44.96,45.45,3741201,172894630.0
2026-09-22,sh,688062,迈威生物,28.06,27.94,28.96,27.6,28.2,9769402,276945007.0
2026-09-22,sh,688063,派能科技,41.37,41.65,42.18,41.54,41.67,5164024,216057874.0
2026-09-22,sh,688065,凯赛生物,38.61,38.51,38.96,38.5,38.6,3432800,132777361.0
2026-09-22,sh,688066,*ST航图,8.82,8.72,8.78,8.4,8.5,8204517,70018113.0
2026-09-22,sh,688067,爱威科技,23.3,23.37,24.1,23.19,23.7,936291,22177094.0
2026-09-22,sh,688068,热景生物,96.09,94.0,99.73,93.61,96.65,4668192,450262810.0
2026-09-22,sh,688069,德林海,38.76,39.3,40.8,38.4,38.9,4798294,188649839.0
2026-09-22,sh,688070,纵横股份,35.0,35.0,36.18,34.86,35.86,2055401,73118942.0
2026-09-22,sh,688071,华依科技,35.3,35.99,36.81,35.3,36.04,2973976,107727356.0
2026-09-22,sh,688072,拓荆科技,725.81,735.8,743.0,717.0,722.46,3923082,2863056667.0
2026-09-22,sh,688073,毕得医药,71.76,71.0,77.32,69.89,76.1,6457027,475805803.0
2026-09-22,sh,688075,安旭生物,29.69,29.64,30.29,29.6,30.12,606121,18199363.0
2026-09-22,sh,688076,ST诺泰,29.16,29.0,29.16,28.51,28.54,2696942,77611437.0
2026-09-22,sh,688077,大地熊,27.3,27.56,30.5,27.18,30.4,5305343,152642992.0
2026-09-22,sh,688078,龙软科技,30.32,30.47,31.43,30.2,31.2,2145423,66618985.0
2026-09-22,sh,688079,美迪凯,17.34,17.4,17.84,16.97,17.08,16384221,284970848.0
2026-09-22,sh,688080,映翰通,38.18,38.35,39.85,38.35,38.78,1421787,55475166.0
2026-09-22,sh,688081,兴图新科,26.76,26.76,27.23,26.6,26.65,958740,25759877.0
2026-09-22,sh,688082,盛美上海,293.5,298.1,299.87,286.1,288.61,4126327,1209031723.0
2026-09-22,sh,688083,中望软件,51.51,51.94,52.85,51.33,52.54,1670964,87688855.0
2026-09-22,sh,688084,晶品特装,44.35,44.47,45.14,44.03,44.8,1056951,47118463.0
2026-09-22,sh,688085,三友医疗,12.8,12.9,13.2,12.71,13.14,2800849,36549610.0
2026-09-22,sh,688087,英科再生,33.63,33.68,34.77,33.4,34.28,3112489,106329716.0
2026-09-22,sh,688088,虹软科技,29.62,30.08,30.75,30.01,30.39,6008355,182698184.0
2026-09-22,sh,688089,ST嘉必优,8.7,8.7,8.71,8.58,8.65,833522,7206253.0
2026-09-22,sh,688090,瑞松科技,88.0,90.64,90.64,85.0,86.26,8841362,766028906.0
2026-09-22,sh,688091,上海谊众,41.65,41.6,42.3,41.4,41.41,2630580,109785832.0
2026-09-22,sh,688092,爱科科技,21.92,22.06,22.28,21.83,21.87,1172135,25875310.0
2026-09-22,sh,688093,世华科技,22.51,22.8,23.85,22.65,23.21,2871101,66902497.0
2026-09-22,sh,688095,福昕软件,57.24,58.33,61.13,57.85,59.65,4615992,274316393.0
2026-09-22,sh,688096,京源环保,7.61,7.67,7.7,7.54,7.58,6214960,47251281.0
2026-09-22,sh,688097,博众精工,45.63,45.9,46.82,45.48,45.75,5496253,254529237.0
2026-09-22,sh,688098,申联生物,8.68,8.7,9.0,8.5,8.82,6998818,61373393.0
2026-09-22,sh,688099,晶晨股份,89.19,90.43,95.98,90.21,94.65,16038222,1511832705.0
2026-09-22,sh,688100,威胜信息,24.82,24.95,25.36,24.93,25.13,1905302,47977877.0
2026-09-22,sh,688101,三达膜,14.68,14.7,14.82,14.56,14.63,1848731,27161549.0
2026-09-22,sh,688102,斯瑞新材,31.25,31.51,33.44,31.34,32.14,18827963,606757833.0
2026-09-22,sh,688103,国力电子,84.36,84.5,85.31,82.0,82.66,2764078,230553082.0
2026-09-22,sh,688105,诺唯赞,22.9,22.6,27.48,22.36,26.45,38005424,987247159.0
2026-09-22,sh,688106,金宏气体,27.4,27.59,27.98,26.99,27.14,14754119,404908779.0
2026-09-22,sh,688107,安路科技,30.33,30.89,31.57,30.31,30.61,5400273,166952954.0
2026-09-22,sh,688108,赛诺医疗,15.94,15.94,16.39,15.82,16.08,10502781,169072785.0
2026-09-22,sh,688109,品茗科技,73.53,74.0,75.27,72.78,73.4,707760,52654365.0
2026-09-22,sh,688110,东芯股份,120.51,123.0,126.56,120.88,123.45,16287524,2021106329.0
2026-09-22,sh,688111,金山办公,223.59,225.97,232.49,225.81,231.32,7497083,1720034645.0
2026-09-22,sh,688112,鼎阳科技,91.79,98.89,106.98,97.2,105.01,13382822,1358874167.0
2026-09-22,sh,688113,联测科技,35.5,35.5,36.58,35.37,36.4,1077485,39020787.0
2026-09-22,sh,688114,华大智造,73.11,72.93,76.0,71.81,74.0,11735766,870105598.0
2026-09-22,sh,688115,思林杰,62.82,62.56,65.89,61.88,62.96,2832611,181072607.0
2026-09-22,sh,688116,天奈科技,33.53,33.83,34.48,33.79,33.88,5416362,184433583.0
2026-09-22,sh,688117,圣诺生物,24.56,23.9,23.9,19.79,19.99,44325994,954151298.0
2026-09-22,sh,688118,普元信息,19.61,19.77,20.88,19.77,20.41,2822605,57345679.0
2026-09-22,sh,688119,中钢洛耐,3.89,3.9,3.93,3.86,3.87,7329524,28452255.0
2026-09-22,sh,688120,华海清科,257.6,261.11,263.5,254.0,254.95,8026563,2075674467.0
2026-09-22,sh,688121,*ST卓然,1.38,1.56,1.6,1.3,1.32,30522410,44860937.0
2026-09-22,sh,688122,西部超导,50.73,50.83,51.5,50.78,50.94,7781457,397712498.0
2026-09-22,sh,688123,聚辰股份,156.0,169.0,180.0,169.0,171.2,20144189,3501745752.0
2026-09-22,sh,688125,安达智能,124.9,125.95,132.7,124.61,127.71,1097174,141947501.0
2026-09-22,sh,688126,沪硅产业,24.66,24.98,25.35,24.53,24.74,54724546,1363153444.0
2026-09-22,sh,688127,蓝特光学,67.56,69.03,71.42,67.81,68.12,10255873,713801438.0
2026-09-22,sh,688128,中国电研,22.02,22.05,22.46,21.98,22.12,1703937,37878841.0
2026-09-22,sh,688129,东来技术,22.84,22.83,24.66,22.77,24.59,2341540,56346627.0
2026-09-22,sh,688130,晶华微,26.3,26.79,27.87,26.53,27.4,3436241,94273727.0
2026-09-22,sh,688131,皓元医药,102.18,100.86,102.88,97.61,100.48,5694059,571244621.0
2026-09-22,sh,688132,邦彦技术,16.4,16.38,16.7,16.25,16.36,1940179,31914899.0
2026-09-22,sh,688133,泰坦科技,22.04,22.16,22.75,21.71,22.02,6287515,139144617.0
2026-09-22,sh,688135,利扬芯片,36.37,37.2,39.78,37.2,38.5,32711371,1266554977.0
2026-09-22,sh,688136,科兴制药,23.9,23.9,25.49,23.46,25.2,19657057,481864881.0
2026-09-22,sh,688137,近岸蛋白,118.84,118.31,129.54,115.8,124.5,12290599,1484196284.0
2026-09-22,sh,688138,清溢光电,37.62,38.13,40.46,37.78,39.5,12926432,503258414.0
2026-09-22,sh,688139,海尔生物,34.14,34.0,35.26,33.64,34.79,8909226,309499346.0
2026-09-22,sh,688141,杰华特,114.73,120.01,124.99,115.54,116.46,19803038,2368070584.0
2026-09-22,sh,688143,长盈通,205.07,211.0,215.0,191.49,197.02,13219359,2714531761.0
2026-09-22,sh,688146,中船特气,238.03,238.99,241.0,213.18,214.61,23589706,5309035631.0
2026-09-22,sh,688147,微导纳米,115.99,117.85,119.78,114.38,115.5,6074826,711491359.0
2026-09-22,sh,688148,芳源股份,6.03,6.04,6.13,6.02,6.04,8593128,52205979.0
2026-09-22,sh,688150,莱特光电,42.52,43.03,45.3,42.88,44.59,11974427,532278338.0
2026-09-22,sh,688151,华强科技,17.42,17.5,17.5,17.13,17.22,3530752,60871104.0
2026-09-22,sh,688152,麒麟信安,37.1,36.88,37.97,36.6,37.32,4087486,152354577.0
2026-09-22,sh,688153,唯捷创芯,25.98,26.17,27.15,26.1,26.62,3876416,103694650.0
2026-09-22,sh,688155,先惠技术,53.75,53.81,54.32,53.07,53.3,1951643,104625609.0
2026-09-22,sh,688156,路德科技,23.6,23.39,24.07,23.3,23.67,3048979,72302624.0
2026-09-22,sh,688157,松井股份,19.25,19.27,20.07,18.91,19.74,3043763,59795347.0
2026-09-22,sh,688158,优刻得,29.9,31.0,31.87,30.43,30.83,25179600,785076990.0
2026-09-22,sh,688159,有方科技,37.23,37.23,38.0,37.23,37.6,3761430,141518566.0
2026-09-22,sh,688160,步科股份,97.79,98.3,99.75,96.66,97.2,806317,78912050.0
2026-09-22,sh,688161,威高骨科,21.85,21.93,22.25,21.77,21.98,1307953,28774943.0
2026-09-22,sh,688162,巨一科技,24.74,24.99,25.15,24.82,25.03,1060097,26487826.0
2026-09-22,sh,688163,赛伦生物,36.96,37.0,39.3,37.0,38.7,1672597,64240129.0
2026-09-22,sh,688165,埃夫特,14.78,14.83,15.25,14.78,15.11,6945378,104565169.0
2026-09-22,sh,688166,博瑞医药,36.26,36.0,37.29,35.84,36.81,12302109,451469741.0
2026-09-22,sh,688167,炬光科技,299.51,306.37,308.0,295.4,295.74,4997489,1499323217.0
2026-09-22,sh,688168,安博通,46.71,47.31,48.43,45.1,45.55,10079404,467649191.0
2026-09-22,sh,688169,石头科技,118.6,119.33,121.49,117.26,117.5,4214371,500171950.0
2026-09-22,sh,688170,德龙激光,68.91,70.2,71.51,67.13,67.66,6200462,428615073.0
2026-09-22,sh,688171,纬德信息,22.59,22.9,22.99,22.5,22.65,2300394,52201251.0
2026-09-22,sh,688172,燕东微,47.6,48.6,49.13,46.7,46.98,11073058,528036298.0
2026-09-22,sh,688173,希荻微,13.17,13.39,13.59,13.26,13.35,8101199,108719037.0
2026-09-22,sh,688175,高凌信息,21.98,22.78,23.59,22.1,23.24,8535210,196100032.0
2026-09-22,sh,688176,亚虹医药,14.73,14.5,15.12,14.45,14.92,25818610,381465993.0
2026-09-22,sh,688177,百奥泰,19.36,19.36,21.34,19.06,21.1,11476537,233368234.0
2026-09-22,sh,688178,万德斯,28.93,29.12,29.83,28.85,29.68,1282338,37785545.0
2026-09-22,sh,688179,阿拉丁,22.6,22.06,24.76,21.83,23.1,36308731,834358612.0
2026-09-22,sh,688180,君实生物,34.97,34.8,36.14,34.5,35.43,18264073,644911975.0
2026-09-22,sh,688181,八亿时空,47.09,47.2,47.68,44.0,44.27,10676166,484858947.0
2026-09-22,sh,688182,灿勤科技,29.42,29.75,29.98,29.12,29.19,3825898,112887842.0
2026-09-22,sh,688183,生益电子,120.86,122.78,123.97,117.18,118.19,17390706,2088881695.0
2026-09-22,sh,688184,ST帕瓦,10.8,10.87,10.87,10.57,10.8,545387,5847576.0
2026-09-22,sh,688185,康希诺,72.46,72.45,84.32,71.56,79.74,16549581,1291055995.0
2026-09-22,sh,688186,广大特材,14.32,14.32,14.45,14.25,14.26,2014474,28881526.0
2026-09-22,sh,688187,时代电气,45.73,46.01,46.42,45.85,46.04,3283784,151462780.0
2026-09-22,sh,688188,柏楚电子,95.67,96.3,97.66,96.02,97.13,1977867,191824827.0
2026-09-22,sh,688189,ST南新,6.67,6.65,6.7,6.55,6.62,3338883,22048656.0
2026-09-22,sh,688190,云路股份,73.73,74.88,74.95,73.01,73.56,887746,65371187.0
2026-09-22,sh,688191,智洋创新,21.58,21.81,23.5,21.44,23.15,10503776,239743133.0
2026-09-22,sh,688192,迪哲医药,60.39,60.0,62.0,59.44,61.36,5385848,328574859.0
2026-09-22,sh,688193,仁度生物,46.79,47.18,49.59,46.83,48.38,563007,27230994.0
2026-09-22,sh,688195,腾景科技,190.1,193.0,202.49,189.33,194.76,12983074,2563835879.0
2026-09-22,sh,688196,卓越新能,33.9,33.99,35.98,33.4,35.7,2902775,101379285.0
2026-09-22,sh,688197,首药控股,38.8,38.8,40.1,38.22,39.08,3542588,138809190.0
2026-09-22,sh,688198,佰仁医疗,74.2,73.51,74.49,72.3,72.87,468520,34265749.0
2026-09-22,sh,688199,久日新材,25.37,25.6,25.72,25.08,25.23,4318384,109629643.0
2026-09-22,sh,688200,华峰测控,398.38,401.68,407.68,382.0,389.59,5558584,2183816412.0
2026-09-22,sh,688201,ST信安,7.84,7.93,8.0,7.81,7.9,3204809,25307898.0
2026-09-22,sh,688202,美迪西,109.85,108.99,113.68,107.5,109.86,6362570,701619233.0
2026-09-22,sh,688203,海正生材,19.55,19.41,21.3,19.12,20.88,18345951,370739562.0
2026-09-22,sh,688205,德科立,243.12,239.01,239.98,223.76,224.21,18117528,4136323165.0
2026-09-22,sh,688206,概伦电子,38.02,38.37,38.97,37.98,38.05,6400263,245926211.0
2026-09-22,sh,688207,格灵深瞳,19.24,19.37,20.73,19.37,20.37,17711958,356607777.0
2026-09-22,sh,688208,道通科技,25.21,25.4,26.2,25.38,26.13,12013641,310987327.0
2026-09-22,sh,688209,英集芯,36.7,36.77,36.94,35.4,36.07,17942137,646202601.0
2026-09-22,sh,688210,统联精密,29.41,29.59,31.06,29.41,30.41,4324887,131987560.0
2026-09-22,sh,688211,中科微至,32.18,32.26,32.88,32.02,32.54,1513410,49228937.0
2026-09-22,sh,688212,澳华内镜,28.52,28.35,29.77,27.98,28.89,2628561,76269474.0
2026-09-22,sh,688213,思特威,92.35,93.39,99.86,93.39,96.94,11283309,1091677925.0
2026-09-22,sh,688215,瑞晟智能,47.83,48.37,48.78,47.66,47.87,1134776,54651589.0
2026-09-22,sh,688216,气派科技,41.12,40.73,41.8,39.92,40.88,8324439,338385809.0
2026-09-22,sh,688217,睿昂基因,25.01,25.2,25.75,24.65,25.38,879088,22237989.0
2026-09-22,sh,688218,江苏北人,40.22,40.2,42.33,40.09,41.03,4744845,196611856.0
2026-09-22,sh,688219,会通股份,10.29,10.3,10.43,10.3,10.34,4368643,45246514.0
2026-09-22,sh,688220,翱捷科技,97.7,99.38,103.77,99.26,101.43,10906181,1112916507.0
2026-09-22,sh,688221,前沿生物,17.33,17.2,17.88,17.06,17.47,18396130,321040344.0
2026-09-22,sh,688222,成都先导,45.48,45.58,45.83,43.8,44.4,36652145,1634589450.0
2026-09-22,sh,688223,晶科能源,3.89,3.91,3.93,3.86,3.88,75816216,295179342.0
2026-09-22,sh,688225,亚信安全,14.48,14.51,14.84,14.25,14.77,10692299,156142222.0
2026-09-22,sh,688226,威腾电气,28.79,29.23,30.58,28.92,29.58,6179262,184334209.0
2026-09-22,sh,688227,品高股份,75.05,76.0,80.48,75.05,77.92,4912102,385336641.0
2026-09-22,sh,688228,开普云,82.84,84.2,85.85,83.17,85.27,1947785,164949443.0
2026-09-22,sh,688229,博睿数据,61.22,61.67,65.25,61.67,63.34,747601,47615854.0
2026-09-22,sh,688230,芯导科技,61.69,62.19,63.16,61.76,61.99,1391281,86793665.0
2026-09-22,sh,688231,隆达股份,35.18,34.77,36.13,34.48,34.77,4677517,164349909.0
2026-09-22,sh,688232,新点软件,17.53,17.58,18.02,17.58,17.85,2929384,52239787.0
2026-09-22,sh,688233,神工股份,104.05,105.99,106.88,100.9,102.0,7752383,802813707.0
2026-09-22,sh,688234,天岳先进,106.38,109.05,112.99,108.02,109.4,9909215,1093890652.0
2026-09-22,sh,688235,百济神州,267.62,267.62,272.71,264.67,268.66,3228507,866562778.0
2026-09-22,sh,688236,春立医疗,14.18,14.15,14.34,14.02,14.15,1624070,23015449.0
2026-09-22,sh,688237,超卓航科,58.81,59.11,60.39,58.58,59.56,2561341,152552311.0
2026-09-22,sh,688238,和元生物,7.39,7.39,8.16,7.3,7.84,47653176,369460565.0
2026-09-22,sh,688239,航宇科技,57.88,58.0,59.09,56.7,57.48,5299663,303826429.0
2026-09-22,sh,688244,永信至诚,16.36,16.66,17.56,16.49,17.41,12277056,209263766.0
2026-09-22,sh,688246,嘉和美康,17.17,17.5,18.47,17.2,18.13,5000487,90115946.0
2026-09-22,sh,688247,宣泰医药,9.96,9.8,10.16,9.74,10.01,8870059,88174915.0
2026-09-22,sh,688248,南网科技,51.45,51.44,52.32,48.55,50.55,8684730,432765226.0
2026-09-22,sh,688249,晶合集成,36.55,37.18,37.61,36.51,36.61,15783055,585720836.0
2026-09-22,sh,688251,井松智能,18.71,18.65,19.23,18.65,19.11,2969107,56517008.0
2026-09-22,sh,688252,天德钰,21.42,21.69,21.84,21.42,21.66,3958407,85572251.0
2026-09-22,sh,688253,英诺特,58.33,58.49,59.29,57.21,57.67,1243090,72404132.0
2026-09-22,sh,688255,凯尔达,26.43,26.8,26.89,26.37,26.66,2480633,66196437.0
2026-09-22,sh,688256,寒武纪,1112.77,1131.0,1145.0,1113.77,1121.0,8604305,9710436822.0
2026-09-22,sh,688257,新锐股份,59.57,60.58,60.89,58.06,58.42,15238247,903863481.0
2026-09-22,sh,688258,卓易信息,87.25,92.82,97.75,90.52,94.33,6668741,629042575.0
2026-09-22,sh,688259,创耀科技,32.13,32.28,32.77,32.21,32.38,961525,31233373.0
2026-09-22,sh,688260,昀冢科技,123.63,123.36,125.12,112.0,117.0,9839512,1160769003.0
2026-09-22,sh,688261,东微半导,79.32,80.64,80.79,78.27,78.74,7052101,560184852.0
2026-09-22,sh,688262,国芯科技,28.46,29.89,29.98,28.49,28.6,11788654,343969919.0
2026-09-22,sh,688265,南模生物,48.6,47.27,55.98,47.13,52.0,5968790,311028532.0
2026-09-22,sh,688266,泽璟制药,119.37,118.1,121.59,117.0,118.58,4812624,573413017.0
2026-09-22,sh,688267,XD中触媒,22.54,22.94,22.94,22.28,22.6,4370532,98257463.0
2026-09-22,sh,688268,华特气体,136.17,138.03,139.55,133.8,134.68,4446372,607174476.0
2026-09-22,sh,688269,凯立新材,28.14,28.01,28.6,27.56,27.74,1542929,43177326.0
2026-09-22,sh,688270,ST臻镭,57.66,58.38,58.58,57.18,57.48,4007591,232151774.0
2026-09-22,sh,688271,联影医疗,102.58,103.05,103.49,101.8,102.36,3222736,330370335.0
2026-09-22,sh,688272,富吉瑞,28.62,29.5,30.6,28.85,29.46,1913281,56962395.0
2026-09-22,sh,688273,麦澜德,29.5,30.0,31.2,29.03,30.41,1880467,56720813.0
2026-09-22,sh,688275,万润新能,70.39,71.0,71.38,69.68,69.8,1934899,136363913.0
2026-09-22,sh,688276,百克生物,17.75,17.75,18.7,17.56,18.24,9049722,165630641.0
2026-09-22,sh,688277,天智航,15.59,15.59,16.15,15.56,15.8,7505011,119241077.0
2026-09-22,sh,688278,特宝生物,51.65,51.87,52.36,51.31,52.14,2596417,135050098.0
2026-09-22,sh,688279,峰岹科技,215.13,218.88,219.99,213.44,215.95,1116717,241119415.0
2026-09-22,sh,688280,精进电动,4.99,5.01,5.07,4.99,5.0,8919066,44824149.0
2026-09-22,sh,688281,华秦科技,52.51,52.51,53.17,51.61,51.8,2901478,151208131.0
2026-09-22,sh,688282,理工导航,53.95,53.98,54.85,53.53,53.62,497970,26963884.0
2026-09-22,sh,688283,坤恒顺维,30.85,30.66,31.6,30.0,30.39,3994750,122355163.0
2026-09-22,sh,688285,高铁电气,7.59,7.62,7.69,7.57,7.68,1986938,15179968.0
2026-09-22,sh,688286,敏芯股份,48.84,50.0,50.91,49.23,49.73,3988075,199358631.0
2026-09-22,sh,688288,鸿泉技术,18.2,18.17,20.1,18.17,19.65,3153353,60764650.0
2026-09-22,sh,688289,圣湘生物,16.53,16.44,16.84,16.38,16.63,5361196,89289092.0
2026-09-22,sh,688290,景业智能,63.39,63.68,64.77,62.91,63.33,936799,59732290.0
2026-09-22,sh,688291,金橙子,40.53,40.9,42.5,40.51,41.25,3058485,126394255.0
2026-09-22,sh,688292,浩瀚深度,22.17,22.16,22.81,21.82,22.37,10171015,228115707.0
2026-09-22,sh,688293,奥浦迈,75.45,74.0,78.94,73.5,75.43,7032208,535037721.0
2026-09-22,sh,688295,中复神鹰,38.11,38.3,38.77,37.81,37.86,4549005,173869042.0
2026-09-22,sh,688296,和达科技,26.5,26.87,28.56,26.47,27.86,7534979,208765738.0
2026-09-22,sh,688297,中无人机,44.0,43.87,44.38,43.33,43.7,6591735,287901742.0
2026-09-22,sh,688298,东方生物,18.62,18.71,19.22,18.54,18.99,2098724,39731322.0
2026-09-22,sh,688299,长阳科技,13.7,13.72,14.13,13.71,13.81,7491484,104084328.0
2026-09-22,sh,688300,联瑞新材,174.78,179.33,183.03,176.1,177.21,10397789,1868626665.0
2026-09-22,sh,688301,奕瑞科技,89.85,92.1,98.73,92.0,96.27,10998433,1054281611.0
2026-09-22,sh,688302,海创药业,32.93,32.85,34.17,32.33,33.6,2059963,68608469.0
2026-09-22,sh,688303,大全能源,16.36,16.43,16.55,16.21,16.46,11650333,190652748.0
2026-09-22,sh,688305,科德数控,57.84,58.12,58.64,57.51,57.66,1523852,88239460.0
2026-09-22,sh,688306,均普智能,9.88,9.99,10.06,9.75,9.86,25461252,251448506.0
2026-09-22,sh,688307,中润光学,48.44,49.12,49.99,48.06,48.37,2820188,138009130.0
2026-09-22,sh,688308,欧科亿,88.4,89.5,91.2,87.01,87.54,7740566,689036980.0
2026-09-22,sh,688309,恒誉科技,78.99,79.0,80.65,76.7,78.01,1575778,123114122.0
2026-09-22,sh,688310,迈得医疗,15.97,15.98,16.14,15.53,15.88,2593073,41043711.0
2026-09-22,sh,688311,盟升电子,24.03,24.23,24.96,24.06,24.55,4433306,108852625.0
2026-09-22,sh,688312,燕麦科技,55.47,57.0,57.47,53.98,56.03,12412034,691132909.0
2026-09-22,sh,688313,仕佳光子,171.5,174.0,174.9,164.5,164.8,21872202,3671168750.0
2026-09-22,sh,688314,康拓医疗,31.31,31.43,32.0,30.68,31.65,2012549,62961471.0
2026-09-22,sh,688315,诺禾致源,18.18,19.33,20.18,18.44,19.02,49413691,955841837.0
2026-09-22,sh,688316,青云科技,46.39,48.98,49.49,46.99,47.3,3056314,146518019.0
2026-09-22,sh,688317,之江生物,17.13,17.7,18.88,17.7,18.31,7891959,144689455.0
2026-09-22,sh,688318,财富趋势,84.13,84.52,84.6,81.55,82.15,6666355,552941336.0
2026-09-22,sh,688319,欧林生物,28.75,28.75,30.5,27.71,30.02,12251948,358959515.0
2026-09-22,sh,688320,禾川科技,35.83,36.07,37.37,35.52,36.6,4775186,175364817.0
2026-09-22,sh,688321,微芯生物,26.23,26.1,26.7,26.0,26.31,10630933,279765971.0
2026-09-22,sh,688322,奥比中光,91.14,91.8,93.48,90.01,90.49,6609080,606894429.0
2026-09-22,sh,688323,瑞华泰,26.9,27.22,27.35,26.23,26.36,8475504,227152633.0
2026-09-22,sh,688325,赛微微电,107.87,108.86,110.3,106.58,106.9,537077,58286762.0
2026-09-22,sh,688326,经纬恒润,58.55,58.55,59.8,58.45,59.45,1137034,67335855.0
2026-09-22,sh,688327,云从科技,9.98,10.12,10.42,10.08,10.23,20247355,207405317.0
2026-09-22,sh,688328,深科达,84.9,86.2,87.39,83.1,83.56,4320841,368353823.0
2026-09-22,sh,688329,艾隆科技,21.85,22.7,23.75,22.3,23.28,2466327,56866660.0
2026-09-22,sh,688330,宏力达,36.86,37.06,38.2,37.06,38.08,2346599,88539450.0
2026-09-22,sh,688331,荣昌生物,125.0,125.01,128.08,124.1,125.11,7785647,977451220.0
2026-09-22,sh,688332,中科蓝讯,93.82,94.8,100.88,94.8,97.37,6610292,650181295.0
2026-09-22,sh,688333,铂力特,105.8,107.0,112.78,104.6,105.2,10211688,1104503952.0
2026-09-22,sh,688334,西高院,18.07,18.1,18.19,18.03,18.05,818726,14826189.0
2026-09-22,sh,688335,复洁科技,18.26,18.37,18.83,18.1,18.28,1622213,29991138.0
2026-09-22,sh,688336,三生国健,42.15,41.67,42.9,41.37,41.65,9239406,387538247.0
2026-09-22,sh,688337,普源精电,47.65,49.1,50.0,47.28,47.65,8553621,415241283.0
2026-09-22,sh,688338,赛科希德,31.7,31.78,32.45,31.48,32.2,2308572,74015129.0
2026-09-22,sh,688339,亿华通,17.07,17.14,20.38,17.02,18.91,10510743,197457974.0
2026-09-22,sh,688343,云天励飞,65.21,66.3,67.79,65.45,66.5,14202631,945406893.0
2026-09-22,sh,688345,博力威,49.78,50.05,50.36,48.56,48.58,746239,36843275.0
2026-09-22,sh,688347,华虹宏力,231.94,237.0,240.44,229.63,231.05,17465504,4107741063.0
2026-09-22,sh,688348,昱能科技,30.28,30.6,30.95,30.32,30.54,963417,29562276.0
2026-09-22,sh,688349,三一重能,13.18,13.23,13.41,13.11,13.11,7459575,98570979.0
2026-09-22,sh,688350,富淼科技,28.06,28.6,30.46,28.48,28.85,4705025,138752578.0
2026-09-22,sh,688351,微电生理,17.85,17.85,18.08,17.72,17.73,2585794,46191753.0
2026-09-22,sh,688352,颀中科技,19.81,20.2,20.42,19.7,19.88,21457053,429504733.0
2026-09-22,sh,688353,华盛锂电,83.59,84.28,84.36,82.7,82.87,2302127,192245167.0
2026-09-22,sh,688355,明志科技,16.66,16.78,17.21,16.7,17.06,1306594,22173080.0
2026-09-22,sh,688356,键凯科技,91.1,91.1,103.97,89.9,99.4,8232342,791177335.0
2026-09-22,sh,688357,建龙微纳,26.56,26.58,26.78,26.29,26.49,820949,21759205.0
2026-09-22,sh,688358,祥生医疗,28.55,28.59,29.27,28.53,28.97,1068058,30867034.0
2026-09-22,sh,688359,三孚新科,113.21,114.33,116.06,108.71,109.64,4654341,521905553.0
2026-09-22,sh,688360,德马科技,15.8,15.98,16.03,15.63,15.85,4385711,69317669.0
2026-09-22,sh,688361,中科飞测,386.99,394.73,395.0,371.5,378.84,8691173,3333358442.0
2026-09-22,sh,688362,甬矽电子,63.51,64.99,65.66,62.88,63.38,22693214,1461372338.0
2026-09-22,sh,688363,华熙生物,35.25,35.0,35.35,34.83,35.01,3165662,111018555.0
2026-09-22,sh,688365,光云科技,14.66,15.97,17.59,15.38,16.7,54918216,919358868.0
2026-09-22,sh,688366,昊海生科,29.86,29.63,30.41,29.63,30.1,546774,16450796.0
2026-09-22,sh,688367,工大高科,30.25,30.44,30.75,30.12,30.2,818791,24908645.0
2026-09-22,sh,688368,晶丰明源,146.85,148.0,156.65,144.87,145.93,5687478,852599413.0
2026-09-22,sh,688369,致远互联,19.43,19.54,20.78,19.54,20.33,6221352,126303650.0
2026-09-22,sh,688370,丛麟科技,26.86,26.58,27.3,26.45,26.77,998476,26859349.0
2026-09-22,sh,688371,菲沃泰,25.33,25.3,26.09,24.7,24.82,6600335,167037674.0
2026-09-22,sh,688372,伟测科技,117.19,119.0,120.86,114.88,115.58,7702054,909059142.0
2026-09-22,sh,688373,盟科药业,5.94,5.92,6.15,5.75,6.15,27669270,165703837.0
2026-09-22,sh,688375,国博电子,71.26,71.49,72.53,70.65,70.87,3059027,218719619.0
2026-09-22,sh,688376,美埃科技,64.4,65.6,66.08,63.71,64.02,1117605,72606354.0
2026-09-22,sh,688377,迪威尔,17.39,17.39,17.8,17.28,17.58,2078591,36607457.0
2026-09-22,sh,688378,奥来德,52.24,52.23,53.97,52.08,52.2,9077558,481158844.0
2026-09-22,sh,688379,华光新材,57.03,57.96,58.56,56.25,56.3,2950955,169288814.0
2026-09-22,sh,688380,中微半导,41.81,42.4,44.38,42.2,42.68,13500176,582332372.0
2026-09-22,sh,688381,帝奥微,42.48,42.77,45.56,42.5,43.88,13046781,576115226.0
2026-09-22,sh,688382,益方生物,19.77,19.43,20.98,19.43,20.23,13801408,279365352.0
2026-09-22,sh,688383,新益昌,142.23,143.98,147.88,138.33,139.64,2728173,391435545.0
2026-09-22,sh,688385,复旦微电,59.3,60.12,62.18,59.91,60.13,16289608,991368863.0
2026-09-22,sh,688386,泛亚微透,46.91,46.66,50.0,46.66,47.7,3256937,157896320.0
2026-09-22,sh,688387,信科移动,12.72,12.89,12.9,12.5,12.57,31390794,399180235.0
2026-09-22,sh,688388,嘉元科技,29.5,29.8,30.59,29.5,29.9,49944181,1496606200.0
2026-09-22,sh,688389,普门科技,11.01,11.05,11.24,10.96,11.13,2178525,24224448.0
2026-09-22,sh,688390,固德威,59.87,60.06,61.5,59.58,59.79,6532492,395027276.0
2026-09-22,sh,688391,钜泉科技,26.45,26.86,27.11,26.64,26.77,1295672,34786542.0
2026-09-22,sh,688392,XD骄成超,172.51,175.45,187.2,173.04,182.1,5357010,967724083.0
2026-09-22,sh,688393,安必平,21.9,21.86,22.85,21.21,22.38,5116854,113946698.0
2026-09-22,sh,688395,正弦电气,24.82,24.99,25.66,24.79,25.55,1757059,44500359.0
2026-09-22,sh,688396,华润微,61.5,62.5,63.26,61.15,61.46,15679363,974321172.0
2026-09-22,sh,688398,赛特新材,24.06,24.26,24.4,23.04,23.18,3879705,91163278.0
2026-09-22,sh,688399,硕世生物,26.61,26.99,28.07,26.54,27.3,2805897,76775385.0
2026-09-22,sh,688400,凌云光,46.93,47.6,48.25,46.85,46.94,8296652,394790975.0
2026-09-22,sh,688401,路维光电,68.86,70.8,73.1,69.21,70.51,7241749,515795833.0
2026-09-22,sh,688403,汇成股份,25.99,26.5,27.12,25.81,25.93,45404009,1204193191.0
2026-09-22,sh,688408,中信博,22.86,22.99,23.25,22.8,22.82,2261292,52039516.0
2026-09-22,sh,688409,富创精密,196.5,197.01,200.3,189.81,191.89,7788836,1517129598.0
2026-09-22,sh,688410,山外山,10.06,10.08,10.15,9.85,10.02,10822992,108046211.0
2026-09-22,sh,688411,海博思创,167.18,168.0,169.89,165.61,166.03,1941847,325308278.0
2026-09-22,sh,688416,恒烁股份,80.75,82.48,84.7,80.9,81.67,6014949,498607425.0
2026-09-22,sh,688418,震有科技,32.19,32.17,32.84,31.83,31.98,2229650,72117101.0
2026-09-22,sh,688419,耐科装备,53.0,54.67,54.88,52.4,52.7,2521461,134717163.0
2026-09-22,sh,688420,美腾科技,22.97,22.97,23.44,22.5,23.15,1080321,24836957.0
2026-09-22,sh,688425,铁建重工,4.0,4.0,4.02,3.97,3.98,8609096,34376484.0
2026-09-22,sh,688426,康为世纪,21.28,21.23,22.7,21.22,22.03,2458824,54099919.0
2026-09-22,sh,688428,诺诚健华,30.44,30.1,32.32,30.09,32.0,17769645,558549697.0
2026-09-22,sh,688429,时创能源,9.74,9.82,9.94,9.65,9.9,961609,9445199.0
2026-09-22,sh,688432,有研硅,54.59,54.99,55.73,52.08,52.56,57678299,3075475342.0
2026-09-22,sh,688433,华曙高科,90.2,90.98,94.11,89.5,89.8,4560709,419240837.0
2026-09-22,sh,688435,英方软件,30.34,31.0,31.65,30.52,31.04,3405271,105975822.0
2026-09-22,sh,688439,振华风光,37.97,38.19,38.51,38.01,38.17,1766697,67655468.0
2026-09-22,sh,688443,智翔金泰,24.51,24.57,25.25,24.33,25.19,5515841,137361398.0
2026-09-22,sh,688448,磁谷科技,71.27,71.3,71.91,69.0,69.3,1838231,129198325.0
2026-09-22,sh,688449,联芸科技,64.84,65.85,66.5,63.96,64.19,6757664,441724438.0
2026-09-22,sh,688450,光格科技,32.82,33.09,33.94,32.75,33.29,1360911,45420434.0
2026-09-22,sh,688455,科捷智能,17.68,17.94,18.1,17.55,17.83,1852607,32992177.0
2026-09-22,sh,688456,有研粉材,77.29,78.16,79.59,75.8,76.28,6802576,528037737.0
2026-09-22,sh,688458,美芯晟,38.5,38.95,39.04,38.18,38.36,1115184,43033766.0
2026-09-22,sh,688459,哈铁科技,8.24,8.32,8.32,8.18,8.21,738188,6085068.0
2026-09-22,sh,688466,金科环境,13.67,13.81,14.19,13.67,14.03,1407595,19605315.0
2026-09-22,sh,688468,科美诊断,6.48,6.45,6.62,6.43,6.58,5028051,32898113.0
2026-09-22,sh,688469,芯联集成,8.73,8.85,9.02,8.76,8.79,98147121,871613309.0
2026-09-22,sh,688472,阿特斯,8.66,8.75,8.76,8.59,8.6,25615206,221204582.0
2026-09-22,sh,688475,萤石网络,28.02,28.21,28.43,27.74,27.83,4005335,112503876.0
2026-09-22,sh,688478,晶升股份,48.99,50.8,51.5,48.05,48.37,6810293,335001536.0
2026-09-22,sh,688479,友车科技,34.78,35.5,37.48,35.08,36.5,3859908,140971095.0
2026-09-22,sh,688480,赛恩斯,69.85,71.36,71.5,69.5,71.2,1197441,84334130.0
2026-09-22,sh,688484,南芯科技,34.99,35.43,36.19,34.74,34.77,6230610,220517378.0
2026-09-22,sh,688485,九州一轨,114.59,114.98,121.56,112.2,120.5,8657892,1020275880.0
2026-09-22,sh,688486,龙迅股份,47.85,48.5,52.55,48.24,50.15,7683793,390134859.0
2026-09-22,sh,688488,艾迪药业,16.6,16.5,17.16,16.28,16.59,8357313,139108777.0
2026-09-22,sh,688489,三未信安,25.62,25.75,26.5,25.75,26.03,2006174,52401936.0
2026-09-22,sh,688496,*ST清越,0.58,0.0,0.0,0.0,0.58,0,0.0
2026-09-22,sh,688498,源杰科技,1838.56,1850.0,1859.0,1752.8,1753.1,3286833,5909858615.0
2026-09-22,sh,688499,利元亨,36.54,36.9,37.0,36.0,36.05,4000771,145443100.0
2026-09-22,sh,688500,慧辰股份,31.56,31.97,32.72,31.3,32.5,2767747,88640097.0
2026-09-22,sh,688501,青达环保,16.39,16.44,16.5,15.85,15.99,7146948,115008463.0
2026-09-22,sh,688502,茂莱光学,445.5,452.07,455.5,432.61,436.05,1422905,627554749.0
2026-09-22,sh,688503,聚和材料,84.2,84.61,85.99,80.22,81.2,19311382,1589139941.0
2026-09-22,sh,688505,复旦张江,8.19,8.14,8.6,8.08,8.48,16861950,141650193.0
2026-09-22,sh,688506,百利天恒,264.93,269.85,271.78,246.66,250.82,3054273,777866518.0
2026-09-22,sh,688507,索辰科技,147.08,148.8,150.57,143.83,144.8,3014833,442980556.0
2026-09-22,sh,688508,芯朋微,89.55,90.78,93.5,89.0,89.58,6384952,581032260.0
2026-09-22,sh,688509,正元地信,4.18,4.18,4.25,4.18,4.21,4861132,20464883.0
2026-09-22,sh,688510,航亚科技,25.45,25.42,25.97,25.22,25.35,5014994,128073125.0
2026-09-22,sh,688511,天微电子,22.95,23.32,23.84,22.65,22.72,2122499,49295917.0
2026-09-22,sh,688512,慧智微,14.19,14.39,14.88,14.35,14.43,12771143,185977151.0
2026-09-22,sh,688513,苑东生物,49.98,49.7,51.38,49.21,51.25,2655298,133655667.0
2026-09-22,sh,688515,裕太微,152.24,154.98,157.47,151.36,151.9,2349057,362131073.0
2026-09-22,sh,688516,奥特维,44.54,44.77,45.48,44.1,44.35,5013064,224191984.0
2026-09-22,sh,688517,金冠电气,16.57,16.63,16.72,16.31,16.4,2338902,38687466.0
2026-09-22,sh,688518,联赢激光,20.94,21.07,21.39,20.76,20.87,8341223,175802744.0
2026-09-22,sh,688519,南亚新材,322.96,327.0,335.33,308.86,312.9,7756913,2470829173.0
2026-09-22,sh,688520,神州细胞,34.71,34.52,37.87,34.47,36.81,6184246,224604478.0
2026-09-22,sh,688521,芯原股份,207.8,213.99,218.24,207.17,208.03,23060681,4911395627.0
2026-09-22,sh,688522,纳睿雷达,18.43,18.49,18.6,18.27,18.34,3190252,58855522.0
2026-09-22,sh,688523,航天环宇,41.1,41.44,41.69,40.15,40.19,2985156,121883300.0
2026-09-22,sh,688525,佰维存储,217.58,221.5,224.0,216.13,217.22,21375421,4714684602.0
2026-09-22,sh,688526,科前生物,12.49,12.6,12.6,12.38,12.45,1015148,12637407.0
2026-09-22,sh,688528,秦川物联,10.01,10.01,10.29,9.94,10.21,1740516,17647998.0
2026-09-22,sh,688529,豪森智能,14.6,14.56,15.06,14.54,14.86,1314745,19467632.0
2026-09-22,sh,688530,欧莱新材,63.5,65.59,66.33,61.55,61.79,9470991,599811167.0
2026-09-22,sh,688531,日联科技,148.0,151.18,154.28,144.44,145.0,4770721,709101465.0
2026-09-22,sh,688533,上声电子,19.69,19.88,20.64,19.8,20.29,1825121,36948470.0
2026-09-22,sh,688535,华海诚科,110.3,112.35,113.35,108.38,109.04,7651021,850904784.0
2026-09-22,sh,688536,思瑞浦,356.05,357.0,363.0,354.13,355.71,2640857,946227716.0
2026-09-22,sh,688538,和辉光电,2.1,2.09,2.12,2.08,2.09,50518643,105785453.0
2026-09-22,sh,688539,高华科技,25.55,25.7,25.75,24.88,24.93,2555299,64527262.0
2026-09-22,sh,688543,国科军工,44.57,44.26,44.5,43.42,43.85,6423375,282463485.0
2026-09-22,sh,688545,兴福电子,79.45,80.5,80.72,76.91,77.33,9676971,761442618.0
2026-09-22,sh,688548,广钢气体,33.23,33.07,34.6,33.01,33.34,28680202,971983761.0
2026-09-22,sh,688549,中巨芯,24.17,24.55,24.75,23.39,23.53,60084036,1443189286.0
2026-09-22,sh,688550,瑞联新材,38.76,39.02,39.49,38.06,38.22,3165109,122745028.0
2026-09-22,sh,688551,科威尔,41.03,41.8,42.0,40.07,40.4,3006935,123178772.0
2026-09-22,sh,688552,航天南湖,32.06,32.05,32.18,30.7,31.16,4137575,128931871.0
2026-09-22,sh,688553,汇宇制药,12.32,12.2,13.03,12.08,12.77,23693326,299393614.0
2026-09-22,sh,688556,高测股份,7.88,7.98,8.01,7.78,7.83,14237896,112346918.0
2026-09-22,sh,688557,兰剑智能,20.69,20.7,21.6,20.6,21.18,2928352,62021941.0
2026-09-22,sh,688558,国盛智科,33.72,33.99,34.14,33.31,33.59,985664,33134062.0
2026-09-22,sh,688559,海目星,58.51,59.66,59.66,57.52,57.66,9264463,540875142.0
2026-09-22,sh,688560,明冠新材,12.59,12.64,12.95,12.59,12.69,2471025,31456130.0
2026-09-22,sh,688561,奇安信,28.94,28.99,30.35,28.95,29.99,15027310,448049557.0
2026-09-22,sh,688562,航天软件,14.5,14.59,14.68,14.44,14.54,1901901,27698663.0
2026-09-22,sh,688563,航材股份,56.12,56.0,56.49,54.49,54.52,1981147,109185443.0
2026-09-22,sh,688565,力源科技,11.2,11.18,11.45,11.15,11.37,1856570,21021074.0
2026-09-22,sh,688566,吉贝尔,26.69,26.48,27.25,26.48,26.9,1978468,53188196.0
2026-09-22,sh,688567,孚能科技,9.09,9.15,9.21,9.03,9.07,8019020,73216041.0
2026-09-22,sh,688568,中科星图,31.29,31.58,32.1,31.14,31.31,8536899,269746462.0
2026-09-22,sh,688569,铁科轨道,18.5,18.48,18.85,18.45,18.55,668421,12414882.0
2026-09-22,sh,688570,天玛智控,14.72,14.73,14.83,14.7,14.72,620029,9154132.0
2026-09-22,sh,688571,杭华股份,8.51,8.53,8.76,8.47,8.66,6175919,53387841.0
2026-09-22,sh,688573,信宇人,15.43,15.53,15.72,15.38,15.57,2027516,31555153.0
2026-09-22,sh,688575,亚辉龙,10.24,10.23,10.66,10.14,10.44,18236733,189415104.0
2026-09-22,sh,688576,西山科技,40.08,40.54,40.61,39.7,40.33,415291,16692786.0
2026-09-22,sh,688577,浙海德曼,42.4,42.81,43.09,42.0,42.2,808104,34290540.0
2026-09-22,sh,688578,艾力斯,102.09,102.2,104.03,100.2,102.81,6528862,667836094.0
2026-09-22,sh,688579,地纬智能,7.88,7.92,8.06,7.87,8.0,3825085,30591757.0
2026-09-22,sh,688580,伟思医疗,44.07,43.6,44.5,43.36,44.2,1570656,69018923.0
2026-09-22,sh,688581,安杰思,57.18,57.01,58.8,56.1,56.2,1114542,63688250.0
2026-09-22,sh,688582,芯动联科,38.9,39.14,40.18,39.14,39.55,3523212,140064595.0
2026-09-22,sh,688583,思看科技,84.01,84.0,85.48,82.58,82.83,1424651,119398543.0
2026-09-22,sh,688584,上海合晶,28.32,28.85,29.49,28.04,28.26,11786476,337697367.0
2026-09-22,sh,688585,上纬新材,147.81,146.11,148.1,139.66,141.37,4337366,620046940.0
2026-09-22,sh,688586,江航装备,11.21,11.25,11.34,11.03,11.28,6744816,75430939.0
2026-09-22,sh,688588,凌志软件,9.0,9.0,9.44,8.98,9.27,4508870,41769381.0
2026-09-22,sh,688589,力合微,20.98,21.07,21.44,20.98,21.0,3226370,68409538.0
2026-09-22,sh,688590,新致软件,12.25,12.26,12.86,12.15,12.71,11107466,139468457.0
2026-09-22,sh,688591,泰凌微,30.39,30.8,32.52,30.69,31.28,7937673,251192359.0
2026-09-22,sh,688592,司南导航,23.47,23.85,23.87,23.33,23.67,1031601,24340755.0
2026-09-22,sh,688593,新相微,30.85,31.29,32.0,31.0,31.18,11515050,363294871.0
2026-09-22,sh,688595,芯海科技,31.21,31.79,32.87,31.48,31.95,4268952,137861086.0
2026-09-22,sh,688596,正帆科技,65.94,67.66,68.2,64.62,65.18,12566030,826285319.0
2026-09-22,sh,688597,煜邦电力,6.57,6.52,6.67,6.39,6.42,6594895,42978066.0
2026-09-22,sh,688598,金博股份,35.78,36.5,36.74,35.12,35.23,10800580,386444930.0
2026-09-22,sh,688599,天合光能,11.22,11.28,11.39,11.12,11.14,26823916,301693860.0
2026-09-22,sh,688600,皖仪科技,37.58,37.35,37.79,36.6,37.0,5037207,186555711.0
2026-09-22,sh,688601,力芯微,62.9,63.93,64.77,60.85,61.08,4165993,259210394.0
2026-09-22,sh,688602,康鹏科技,6.97,6.97,7.01,6.92,6.95,3172245,22074116.0
2026-09-22,sh,688603,天承科技,122.3,123.96,126.43,119.0,120.5,5066934,622038456.0
2026-09-22,sh,688605,先锋精科,88.16,89.51,90.27,85.03,85.55,4201415,365005913.0
2026-09-22,sh,688606,奥泰生物,46.95,46.82,47.28,46.51,46.98,318777,14983868.0
2026-09-22,sh,688607,康众科技,39.05,39.77,40.59,39.01,39.13,878511,34859699.0
2026-09-22,sh,688608,恒玄科技,104.18,108.22,118.98,108.0,112.97,16550505,1878668237.0
2026-09-22,sh,688609,九联科技,9.63,9.64,9.8,9.62,9.7,17047523,165191788.0
2026-09-22,sh,688610,埃科光电,169.01,172.98,179.42,169.0,172.07,1706691,299115355.0
2026-09-22,sh,688611,杭州柯林,68.93,69.3,70.15,68.66,69.28,1077489,74897529.0
2026-09-22,sh,688612,威迈斯,36.7,36.94,37.6,36.37,36.54,4361580,160725493.0
2026-09-22,sh,688613,奥精医疗,19.21,19.42,20.88,18.9,20.4,12874873,258649749.0
2026-09-22,sh,688615,合合信息,85.94,86.46,95.25,86.46,93.49,10411853,953095660.0
2026-09-22,sh,688616,西力科技,10.85,10.91,11.09,10.82,10.97,1669076,18277998.0
2026-09-22,sh,688617,惠泰医疗,243.49,244.5,246.28,239.32,243.42,1209238,294230740.0
2026-09-22,sh,688618,三旺通信,30.25,30.21,30.8,30.0,30.41,1259875,38343121.0
2026-09-22,sh,688619,罗普特,14.86,14.85,15.09,14.73,14.9,2294349,34238958.0
2026-09-22,sh,688620,安凯微,17.9,18.07,18.75,17.99,18.15,24821218,454647555.0
2026-09-22,sh,688621,阳光诺和,74.99,75.44,78.78,74.18,74.55,4680886,355422594.0
2026-09-22,sh,688622,*ST禾信,119.0,126.0,140.0,126.0,138.06,1310077,177919682.0
2026-09-22,sh,688623,双元科技,57.89,58.05,59.86,57.75,59.4,792068,46650867.0
2026-09-22,sh,688625,呈和科技,71.72,73.8,73.81,68.58,69.62,7674599,538262788.0
2026-09-22,sh,688626,翔宇医疗,41.28,41.28,44.88,40.85,44.0,6238066,269768795.0
2026-09-22,sh,688627,精智达,490.0,500.01,505.68,475.22,477.88,3416208,1675423937.0
2026-09-22,sh,688628,优利德,87.67,91.09,97.36,88.8,95.37,11920122,1119630391.0
2026-09-22,sh,688629,华丰科技,128.4,130.99,132.3,124.47,125.28,15008203,1926404564.0
2026-09-22,sh,688630,芯碁微装,422.9,430.5,446.55,425.34,427.69,4302451,1867457093.0
2026-09-22,sh,688631,莱斯信息,37.8,38.17,38.77,37.7,37.78,1411003,53841955.0
2026-09-22,sh,688633,星球石墨,22.51,22.51,22.7,22.4,22.51,1608364,36300669.0
2026-09-22,sh,688635,长进光子,288.85,293.35,301.28,284.03,284.52,2036887,596772187.0
2026-09-22,sh,688636,智明达,21.63,22.05,22.3,21.05,21.17,6791048,145399118.0
2026-09-22,sh,688638,誉辰智能,33.0,33.0,34.19,33.0,33.72,543143,18321685.0
2026-09-22,sh,688639,华恒生物,18.2,18.19,18.97,17.97,18.58,9581792,177436049.0
2026-09-22,sh,688646,逸飞激光,77.81,78.29,83.5,78.0,79.73,2707881,218754295.0
2026-09-22,sh,688648,中邮科技,29.4,29.7,29.98,29.26,29.52,1367912,40481814.0
2026-09-22,sh,688651,盛邦安全,24.23,24.33,25.2,24.08,25.14,2512751,62294731.0
2026-09-22,sh,688652,京仪装备,149.8,152.0,153.33,146.58,148.0,3170893,475581328.0
2026-09-22,sh,688653,康希通信,15.4,15.53,15.62,15.19,15.26,11620735,178954268.0
2026-09-22,sh,688655,迅捷兴,73.21,75.39,79.77,73.21,77.21,14324355,1100218656.0
2026-09-22,sh,688656,浩欧博,120.1,119.79,121.0,116.01,117.53,686815,81256652.0
2026-09-22,sh,688657,浩辰软件,33.96,34.12,34.29,33.64,33.92,726454,24661634.0
2026-09-22,sh,688658,悦康药业,13.41,13.35,14.19,13.22,13.84,18531170,254721257.0
2026-09-22,sh,688659,元琛科技,9.15,9.15,9.42,9.11,9.28,2917507,26997090.0
2026-09-22,sh,688660,电气风电,9.23,9.21,9.3,9.06,9.1,23310352,213570968.0
2026-09-22,sh,688661,和林微纳,107.0,111.01,112.58,105.85,106.15,3614660,393323723.0
2026-09-22,sh,688662,富信科技,107.9,111.89,120.0,110.0,112.39,16580655,1907330086.0
2026-09-22,sh,688663,新风光,57.48,57.28,59.65,57.28,57.65,3111161,181808983.0
2026-09-22,sh,688665,四方光电,42.99,42.86,44.12,42.86,42.96,730349,31772722.0
2026-09-22,sh,688667,菱电电控,98.39,99.35,100.0,97.35,98.2,696970,68819424.0
2026-09-22,sh,688668,鼎通科技,266.15,269.25,272.42,253.04,254.0,4932106,1294995201.0
2026-09-22,sh,688669,聚石化学,68.1,69.22,71.2,68.1,70.0,3179058,222042116.0
2026-09-22,sh,688670,金迪克,18.55,18.36,19.09,18.25,19.0,2891628,54139196.0
2026-09-22,sh,688671,碧兴物联,26.73,26.61,26.98,26.28,26.7,1841237,49132809.0
2026-09-22,sh,688676,金盘科技,64.52,65.31,66.4,64.5,64.67,9656792,632217444.0
2026-09-22,sh,688677,海泰新光,81.35,81.9,84.13,78.57,79.28,6687690,545297113.0
2026-09-22,sh,688678,福立旺,27.93,27.66,28.18,26.95,27.8,32168969,891950075.0
2026-09-22,sh,688679,通源环境,40.56,40.7,41.71,40.01,40.43,2866956,117159253.0
2026-09-22,sh,688680,海优新材,36.47,36.67,38.45,36.31,38.43,2922814,109896020.0
2026-09-22,sh,688681,科汇股份,15.25,15.39,15.72,15.24,15.52,2111306,32740080.0
2026-09-22,sh,688682,霍莱沃,31.23,31.26,32.14,31.26,31.51,1084783,34280012.0
2026-09-22,sh,688683,莱尔科技,32.19,32.2,32.92,31.92,32.11,1454229,46943018.0
2026-09-22,sh,688685,迈信林,35.33,35.68,36.17,35.09,35.65,3069061,109409863.0
2026-09-22,sh,688686,奥普特,140.7,142.0,145.68,140.13,141.15,1338651,191662165.0
2026-09-22,sh,688687,凯因科技,18.22,18.25,18.82,18.1,18.6,5043423,93314375.0
2026-09-22,sh,688689,银河微电,40.9,41.62,44.28,41.62,41.92,12667934,540226036.0
2026-09-22,sh,688690,纳微科技,46.95,46.95,49.16,46.43,47.87,11646271,561192846.0
2026-09-22,sh,688691,灿芯股份,65.27,67.39,68.3,65.31,65.55,3618976,241994905.0
2026-09-22,sh,688692,达梦数据,204.91,206.0,212.33,205.32,209.87,1363420,285648414.0
2026-09-22,sh,688693,锴威特,77.83,78.71,79.5,76.61,76.91,1219005,95047600.0
2026-09-22,sh,688695,中创股份,19.13,19.23,19.92,19.13,19.77,1051514,20603237.0
2026-09-22,sh,688696,极米科技,84.78,86.75,90.77,86.47,88.75,1828406,162651370.0
2026-09-22,sh,688697,纽威数控,15.3,15.44,15.44,14.82,14.93,5971598,90004132.0
2026-09-22,sh,688698,伟创电气,44.28,44.63,45.0,43.74,44.37,2409018,106728396.0
2026-09-22,sh,688699,明微电子,68.99,70.11,71.71,69.27,69.77,4699017,330609363.0
2026-09-22,sh,688700,XD东威科,64.51,65.35,66.66,64.48,64.7,8948393,585713840.0
2026-09-22,sh,688701,卓锦股份,8.63,8.68,8.77,8.55,8.69,1911003,16588362.0
2026-09-22,sh,688702,盛科通信,327.0,333.91,341.0,327.0,328.0,6155605,2052330246.0
2026-09-22,sh,688707,振华新材,10.27,10.3,10.4,10.24,10.24,4257151,43937725.0
2026-09-22,sh,688708,佳驰科技,40.51,40.51,40.88,40.4,40.62,1240844,50404386.0
2026-09-22,sh,688709,成都华微,25.36,25.78,26.5,25.6,25.7,4300894,111817743.0
2026-09-22,sh,688710,益诺思,95.6,95.0,98.47,90.3,91.57,3515936,330655760.0
2026-09-22,sh,688711,宏微科技,28.63,29.13,29.33,27.97,28.12,11558060,330044901.0
2026-09-22,sh,688712,北芯生命,31.4,30.81,32.25,30.81,31.88,2930077,93336488.0
2026-09-22,sh,688716,中研股份,26.21,26.37,27.77,26.24,27.5,3441597,93019882.0
2026-09-22,sh,688717,艾罗能源,43.73,43.97,45.0,43.97,44.26,5404783,240136769.0
2026-09-22,sh,688718,唯赛勃,14.6,14.57,15.53,14.57,15.31,3506006,53167473.0
2026-09-22,sh,688719,爱科赛博,57.93,58.0,60.03,56.16,56.45,3375094,193977017.0
2026-09-22,sh,688720,艾森股份,68.99,70.88,70.88,67.1,67.59,4186589,288638418.0
2026-09-22,sh,688721,龙图光罩,40.63,41.44,41.79,40.66,40.92,2897284,119397218.0
2026-09-22,sh,688722,同益中,14.32,14.33,14.5,14.32,14.44,1974279,28455496.0
2026-09-22,sh,688726,拉普拉斯,46.24,46.45,47.5,45.02,45.1,6248899,286595626.0
2026-09-22,sh,688727,恒坤新材,48.33,48.99,49.67,48.0,48.51,2924730,142805077.0
2026-09-22,sh,688728,格科微,14.79,14.95,15.08,14.74,14.84,28452445,423897312.0
2026-09-22,sh,688729,屹唐股份,25.37,25.93,26.07,24.66,24.76,34096226,856938944.0
2026-09-22,sh,688733,壹石通,29.22,29.2,29.84,29.13,29.17,3877794,114256959.0
2026-09-22,sh,688737,中自科技,17.11,17.11,17.33,17.0,17.16,1035279,17777111.0
2026-09-22,sh,688739,成大生物,20.78,20.74,21.09,20.7,20.98,2330660,48791989.0
2026-09-22,sh,688750,金天钛业,14.32,14.4,14.48,14.2,14.22,1760243,25176683.0
2026-09-22,sh,688755,汉邦科技,30.1,30.18,32.38,29.5,29.9,7747581,239172381.0
2026-09-22,sh,688757,胜科纳米,31.47,32.01,32.27,30.92,31.16,6949360,219852443.0
2026-09-22,sh,688758,赛分科技,32.9,32.77,34.3,32.31,33.96,12661161,425678588.0
2026-09-22,sh,688759,必贝特,23.61,23.55,24.34,23.16,23.62,6311670,150051745.0
2026-09-22,sh,688765,禾元生物,38.79,38.68,40.21,38.59,39.53,4960236,195728143.0
2026-09-22,sh,688766,普冉股份,428.2,439.0,453.0,424.0,428.4,12926680,5642978157.0
2026-09-22,sh,688767,博拓生物,43.44,43.5,44.44,42.75,43.12,4250587,185079817.0
2026-09-22,sh,688768,容知日新,47.21,46.97,49.27,46.7,48.83,1615337,78209441.0
2026-09-22,sh,688772,珠海冠宇,13.51,13.6,13.98,13.53,13.81,24598294,340274334.0
2026-09-22,sh,688775,影石创新,94.87,95.3,97.18,94.65,94.68,5032622,481851272.0
2026-09-22,sh,688776,国光电气,46.9,47.2,47.95,46.92,47.15,1009609,47849999.0
2026-09-22,sh,688777,中控技术,81.8,83.4,84.76,81.28,81.72,16384254,1357747759.0
2026-09-22,sh,688778,厦钨新能,43.6,43.24,44.47,43.09,43.18,6114313,267313425.0
2026-09-22,sh,688779,五矿新能,7.58,7.61,7.66,7.5,7.57,19441431,147272396.0
2026-09-22,sh,688781,视涯科技,43.29,43.99,51.95,43.99,51.95,11474099,576188211.0
2026-09-22,sh,688783,西安奕材,29.28,29.99,30.5,29.45,29.78,26038983,778715343.0
2026-09-22,sh,688785,恒运昌,358.55,360.0,388.0,355.0,375.62,1162753,434009628.0
2026-09-22,sh,688786,悦安新材,29.53,29.58,29.98,28.67,28.79,4156280,121646671.0
2026-09-22,sh,688787,海天瑞声,91.35,92.9,94.9,92.51,92.98,2178210,204121308.0
2026-09-22,sh,688788,科思科技,29.71,29.86,30.2,29.49,29.71,1639242,48931289.0
2026-09-22,sh,688789,宏华数科,44.4,44.59,46.28,44.02,46.05,2411178,109101978.0
2026-09-22,sh,688790,昂瑞微,105.63,113.68,113.68,106.66,109.58,3891152,427717747.0
2026-09-22,sh,688793,倍轻松,18.44,18.34,18.87,18.15,18.56,1922871,35663644.0
2026-09-22,sh,688795,摩尔线程,412.0,430.0,474.33,430.0,443.0,9731525,4365323742.0
2026-09-22,sh,688796,百奥赛图,138.0,135.5,139.15,131.51,134.13,3055137,411507641.0
2026-09-22,sh,688797,臻宝科技,287.49,291.5,293.64,283.0,284.0,3178591,916764666.0
2026-09-22,sh,688798,艾为电子,55.36,56.38,59.38,56.03,58.76,5748721,334735979.0
2026-09-22,sh,688799,华纳药厂,59.45,58.65,59.48,57.3,58.9,4541182,265376716.0
2026-09-22,sh,688800,瑞可达,69.87,70.79,71.5,68.4,68.66,8036739,562640367.0
2026-09-22,sh,688801,燧原科技,524.0,524.0,560.0,506.98,509.83,3179879,1678659318.0
2026-09-22,sh,688802,沐曦股份,564.0,571.42,614.6,571.42,581.0,5915196,3489209974.0
2026-09-22,sh,688805,健信超导,39.81,40.42,40.87,40.02,40.57,1166994,47276419.0
2026-09-22,sh,688806,泰诺麦博,25.55,25.29,26.46,25.05,25.54,10227585,264086580.0
2026-09-22,sh,688807,优迅股份,360.6,367.73,371.99,345.02,347.0,1921821,684664802.0
2026-09-22,sh,688808,联讯仪器,2339.1,2339.1,2395.55,2300.14,2316.0,763269,1788511537.0
2026-09-22,sh,688809,强一股份,524.6,530.0,534.0,503.0,507.1,1611340,828646438.0
2026-09-22,sh,688811,有研复材,21.08,21.09,21.37,20.69,20.75,5911593,124222892.0
2026-09-22,sh,688813,泰金新能,138.99,140.2,148.18,140.2,144.0,5668308,819081388.0
2026-09-22,sh,688816,易思维,48.17,48.83,48.83,47.81,47.85,254953,12251414.0
2026-09-22,sh,688818,电科蓝天,43.38,43.58,44.28,43.2,43.29,5154841,225652960.0
2026-09-22,sh,688819,天能股份,20.8,20.89,20.99,20.75,20.84,1571287,32815092.0
2026-09-22,sh,688820,盛合晶微,139.2,142.0,144.2,134.01,134.86,13131339,1818027555.0
2026-09-22,sh,688825,长鑫科技,56.88,57.89,59.5,57.01,57.86,287081713,16698122275.0
2026-09-22,sh,688826,频准激光,821.0,831.23,845.0,793.0,794.2,890081,728281529.0
2026-09-22,sh,688828,国仪公司,93.57,93.99,95.47,91.3,92.0,2448543,227269639.0
2026-09-22,sh,688835,高凯技术,368.8,364.01,375.0,350.7,360.08,2393711,855497630.0
2026-09-22,sh,688836,宇树科技,494.85,495.02,502.1,489.01,489.2,2528426,1252018120.0
2026-09-22,sh,688837,C信诺维,60.8,60.0,61.3,52.2,52.88,26086341,1479193638.0
2026-09-22,sh,688981,中芯国际,122.01,124.1,125.61,121.82,122.41,32142496,3982374095.0
2026-09-22,sh,689009,九号公司,38.21,38.17,38.64,37.65,37.91,6682948,254940539.0
2026-09-22,sz,000001,平安银行,11.73,11.7,11.75,11.62,11.71,75945732,887703116.58
2026-09-22,sz,000002,万 科Ａ,3.65,3.57,3.89,3.54,3.81,819832133,3037863582.15
2026-09-22,sz,000006,深振业Ａ,7.19,7.15,7.36,7.05,7.29,29856216,215439541.08
2026-09-22,sz,000007,全新好,11.63,11.67,11.99,11.61,11.75,5666200,66730239.0
2026-09-22,sz,000008,神州高铁,2.44,2.44,2.45,2.4,2.42,26321400,63708494.0
2026-09-22,sz,000009,中国宝安,7.03,7.03,7.13,7.01,7.04,13376596,94519284.82
2026-09-22,sz,000010,*ST美丽,1.6,1.6,1.6,1.55,1.57,14224179,22287277.08
2026-09-22,sz,000011,深物业A,9.66,9.68,9.69,9.41,9.62,15569657,148763627.32
2026-09-22,sz,000012,南 玻Ａ,3.78,3.78,3.8,3.74,3.76,21710420,81856457.6
2026-09-22,sz,000014,沙河股份,10.97,10.94,11.02,10.65,10.87,6503620,70590414.0
2026-09-22,sz,000017,深中华A,7.87,7.9,8.24,7.73,8.1,85216459,681960144.22
2026-09-22,sz,000019,深粮控股,7.2,7.13,7.16,6.94,6.98,24971209,175256411.61
2026-09-22,sz,000020,深华发Ａ,14.26,14.42,14.68,13.9,14.04,19015986,268706497.88
2026-09-22,sz,000021,深科技,37.22,37.84,37.95,36.79,37.01,79008056,2958271094.93
2026-09-22,sz,000025,特 力Ａ,15.28,15.25,15.26,15.0,15.05,4607800,69582663.0
2026-09-22,sz,000026,飞亚达,19.65,19.8,20.3,19.58,19.95,7985920,159886228.0
2026-09-22,sz,000027,深圳能源,6.28,6.28,6.32,6.26,6.28,14714727,92491522.34
2026-09-22,sz,000028,国药一致,20.03,20.02,20.08,19.89,19.9,1937607,38670032.65
2026-09-22,sz,000029,深深房Ａ,21.15,21.02,23.24,20.68,22.26,13280576,290616584.74
2026-09-22,sz,000030,富奥股份,3.96,3.96,3.99,3.94,3.95,7085713,28101251.47
2026-09-22,sz,000031,大悦城,2.37,2.32,2.42,2.29,2.4,83569605,196470581.58
2026-09-22,sz,000032,深桑达Ａ,14.49,14.73,14.75,14.38,14.5,30494977,443918649.7
2026-09-22,sz,000034,神州数码,23.44,23.71,23.96,23.58,23.64,18823934,447070545.47
2026-09-22,sz,000035,中国天楹,5.05,5.03,5.08,4.88,4.95,38226412,189503988.6
2026-09-22,sz,000036,华联控股,4.08,4.06,4.1,3.98,4.05,31496970,126999195.9
2026-09-22,sz,000037,深南电A,9.49,9.5,9.53,9.32,9.4,12112100,113768754.0
2026-09-22,sz,000039,中集集团,9.32,9.36,9.38,9.01,9.02,25549458,232740050.33
2026-09-22,sz,000042,中洲控股,8.53,8.53,8.53,8.31,8.41,5280404,44291660.12
2026-09-22,sz,000045,深纺织Ａ,11.33,11.26,11.41,11.13,11.18,4409386,49482732.08
2026-09-22,sz,000048,京基智农,18.17,18.16,19.77,17.98,19.47,29876855,561011087.97
2026-09-22,sz,000049,德赛电池,22.43,22.43,22.68,22.42,22.48,4551545,102641375.85
2026-09-22,sz,000050,深天马Ａ,6.72,6.73,6.78,6.62,6.65,20198556,135420438.28
2026-09-22,sz,000055,方大集团,3.78,3.85,3.86,3.72,3.76,20106200,75571247.0
2026-09-22,sz,000056,*ST皇庭,2.57,2.57,2.75,2.56,2.75,32826000,87808897.0
2026-09-22,sz,000058,深 赛 格,7.3,7.3,7.49,7.17,7.34,12116602,88634291.69
2026-09-22,sz,000059,华锦股份,5.75,5.7,5.77,5.55,5.7,51637156,291744327.64
2026-09-22,sz,000060,中金岭南,6.19,6.21,6.27,6.19,6.2,75354216,469286550.4
2026-09-22,sz,000061,农 产 品,6.11,6.12,6.14,6.01,6.05,15907842,96439499.1
2026-09-22,sz,000062,深圳华强,23.76,23.84,23.98,23.31,23.47,24518260,578549355.51
2026-09-22,sz,000063,中兴通讯,33.15,33.29,33.4,32.8,32.91,67719069,2240849928.32
2026-09-22,sz,000065,北方国际,10.17,10.15,10.25,10.03,10.08,15822475,159915915.16
2026-09-22,sz,000066,中国长城,14.84,16.32,16.32,15.6,15.87,412555397,6638845192.56
2026-09-22,sz,000068,华控赛格,3.33,3.3,3.34,3.22,3.32,14645060,47993763.4
2026-09-22,sz,000069,华侨城Ａ,1.92,1.89,1.93,1.87,1.91,106717743,203050236.41
2026-09-22,sz,000070,特发信息,18.98,19.4,19.66,18.49,18.63,133919871,2547411244.14
2026-09-22,sz,000078,ST海王,1.57,1.56,1.57,1.53,1.53,46067388,71027111.52
2026-09-22,sz,000088,盐 田 港,4.56,4.56,4.57,4.51,4.55,17990152,81801210.16
2026-09-22,sz,000089,深圳机场,6.65,6.63,6.66,6.57,6.58,12940200,85459073.84
2026-09-22,sz,000090,天健集团,3.65,3.62,3.68,3.55,3.6,21691674,78219839.4
2026-09-22,sz,000096,广聚能源,8.07,8.05,8.09,7.95,8.01,3527600,28220282.0
2026-09-22,sz,000099,中信海直,13.05,13.05,13.24,13.03,13.08,6022100,79099934.0
2026-09-22,sz,000100,TCL科技,5.08,5.09,5.1,5.02,5.03,404387636,2046014980.45
2026-09-22,sz,000151,中成股份,10.15,10.16,10.3,10.11,10.17,6731898,68591451.76
2026-09-22,sz,000153,丰原药业,6.3,6.25,6.3,6.13,6.22,11188492,69532645.36
2026-09-22,sz,000155,川能动力,11.65,11.7,11.75,11.58,11.58,13665300,159102553.0
2026-09-22,sz,000156,华数传媒,7.17,7.18,7.43,7.14,7.3,27034557,197749181.02
2026-09-22,sz,000157,中联重科,6.2,6.21,6.23,6.16,6.17,29680388,183967881.48
2026-09-22,sz,000158,常山北明,13.15,13.05,13.25,13.05,13.19,33645831,443132540.18
2026-09-22,sz,000159,国际实业,5.52,5.5,5.55,5.42,5.51,8776600,48220160.0
2026-09-22,sz,000166,申万宏源,4.47,4.47,4.51,4.46,4.49,58412995,262169309.97
2026-09-22,sz,000301,东方盛虹,13.9,13.93,13.94,13.61,13.7,21149109,290232933.43
2026-09-22,sz,000333,美的集团,80.9,80.71,82.62,80.24,82.54,37519693,3076321966.01
2026-09-22,sz,000338,潍柴动力,27.08,27.3,27.96,27.0,27.03,63925101,1751416279.31
2026-09-22,sz,000400,许继电气,20.38,20.45,20.58,20.38,20.42,9891800,202560467.53
2026-09-22,sz,000401,金隅冀东,3.59,3.57,3.62,3.53,3.55,9980950,35577300.5
2026-09-22,sz,000402,金 融 街,2.77,2.72,2.81,2.67,2.78,158022012,432807469.28
2026-09-22,sz,000403,派林生物,9.95,9.95,10.17,9.83,10.04,8306752,83079452.24
2026-09-22,sz,000404,长虹华意,6.92,6.92,6.96,6.91,6.93,4646652,32219436.85
2026-09-22,sz,000407,胜利股份,4.22,4.22,4.24,4.18,4.19,12636100,53090749.0
2026-09-22,sz,000408,藏格矿业,72.31,73.0,74.19,72.81,73.5,8425516,619739098.02
2026-09-22,sz,000409,云鼎科技,9.03,9.04,9.22,9.0,9.05,5754100,52241983.0
2026-09-22,sz,000410,沈阳机床,5.44,5.44,5.47,5.31,5.34,36955837,198645816.02
2026-09-22,sz,000411,英特集团,10.07,10.14,10.14,9.95,9.98,3181320,31806889.8
2026-09-22,sz,000415,渤海租赁,4.31,4.32,4.36,4.15,4.17,102708488,435179707.08
2026-09-22,sz,000417,合百集团,5.87,5.85,5.86,5.75,5.77,24587776,142388429.34
2026-09-22,sz,000419,通程控股,5.09,5.07,5.13,4.98,5.07,5731120,28941480.4
2026-09-22,sz,000420,吉林化纤,3.57,3.57,3.59,3.53,3.57,33875568,120558769.76
2026-09-22,sz,000421,南京公用,5.72,5.74,5.85,5.64,5.81,9560629,54931366.17
2026-09-22,sz,000422,湖北宜化,11.98,12.05,12.3,11.95,12.19,19426302,235592234.74
2026-09-22,sz,000423,东阿阿胶,45.6,45.65,45.93,45.4,45.75,4207646,192422008.42
2026-09-22,sz,000425,徐工机械,7.39,7.41,7.42,7.29,7.3,126786019,932370130.84
2026-09-22,sz,000426,兴业银锡,34.93,35.36,35.36,34.35,34.46,33376228,1163036360.6
2026-09-22,sz,000428,华天酒店,4.34,4.35,4.38,4.22,4.3,59955609,257471615.59
2026-09-22,sz,000429,粤高速Ａ,12.45,12.43,12.55,12.35,12.53,6002683,74798378.59
2026-09-22,sz,000430,张家界,7.08,7.08,7.08,6.85,6.89,15339200,105990276.0
2026-09-22,sz,000488,ST晨鸣,2.06,2.08,2.15,2.03,2.11,17199050,35874864.0
2026-09-22,sz,000498,山东路桥,5.07,5.09,5.14,5.06,5.1,9259700,47379328.0
2026-09-22,sz,000501,武商集团,7.33,7.31,7.32,7.19,7.23,7624073,55190228.44
2026-09-22,sz,000503,国新健康,6.89,6.94,7.18,6.9,7.03,14651820,103032465.41
2026-09-22,sz,000504,南华生物,11.01,12.11,12.11,12.11,12.11,5887500,71297625.0
2026-09-22,sz,000505,京粮控股,6.88,6.9,6.9,6.62,6.78,31226151,210535632.6
2026-09-22,sz,000506,招金黄金,18.69,18.59,19.0,18.48,18.58,35567129,666997665.42
2026-09-22,sz,000507,珠海港,5.06,5.07,5.07,5.0,5.01,10108136,50768868.4
2026-09-22,sz,000509,华塑控股,3.8,3.81,4.0,3.71,3.98,101172400,386607121.02
2026-09-22,sz,000510,新金路,18.53,18.71,19.12,18.28,19.08,46448587,872975546.0
2026-09-22,sz,000513,丽珠集团,26.7,26.7,26.88,26.52,26.75,3805800,101717030.55
2026-09-22,sz,000514,渝 开 发,4.4,4.39,4.45,4.3,4.42,16523000,72387439.0
2026-09-22,sz,000516,国际医学,4.38,4.35,4.39,4.31,4.32,19861750,86182233.5
2026-09-22,sz,000517,荣安地产,2.06,2.05,2.07,1.98,2.04,42805700,86723086.0
2026-09-22,sz,000518,四环生物,3.87,3.86,3.87,3.77,3.78,26976100,102788604.0
2026-09-22,sz,000519,中兵红箭,15.68,15.63,15.75,15.3,15.32,47072377,727864318.16
2026-09-22,sz,000520,凤凰航运,4.3,4.28,4.3,4.12,4.14,30111107,125332462.91
2026-09-22,sz,000521,长虹美菱,4.45,4.45,4.46,4.41,4.42,6220084,27539536.44
2026-09-22,sz,000523,红棉股份,3.53,3.49,3.58,3.4,3.49,153626562,533222003.3
2026-09-22,sz,000524,岭南控股,9.28,9.2,9.28,8.95,9.04,9101400,82409129.0
2026-09-22,sz,000525,红太阳,4.72,4.68,4.77,4.63,4.67,22404499,105251619.27
2026-09-22,sz,000526,学大教育,35.69,35.88,36.68,35.4,36.25,1978600,71601009.0
2026-09-22,sz,000528,柳 工,7.69,7.68,7.7,7.64,7.66,17888464,137250558.36
2026-09-22,sz,000529,广弘控股,5.04,5.05,5.05,4.94,5.03,3705220,18534032.6
2026-09-22,sz,000530,冰山冷热,5.35,5.34,5.35,5.21,5.22,15433499,81052933.44
2026-09-22,sz,000531,穗恒运Ａ,5.69,5.69,5.69,5.62,5.65,6076282,34315198.48
2026-09-22,sz,000532,华金资本,14.26,13.86,15.36,13.6,13.61,69008937,989560265.83
2026-09-22,sz,000533,顺钠股份,11.05,11.11,11.32,10.88,10.93,34143874,377071293.17
2026-09-22,sz,000534,万泽股份,23.98,24.15,24.39,23.12,23.19,12040635,284539981.47
2026-09-22,sz,000536,华映科技,3.7,3.65,3.72,3.58,3.63,119796060,435847643.65
2026-09-22,sz,000537,绿发电力,7.56,7.55,7.59,7.48,7.51,11027500,82919518.12
2026-09-22,sz,000538,云南白药,51.09,51.09,51.33,50.77,51.32,7864003,401901591.42
2026-09-22,sz,000539,粤电力Ａ,5.23,5.22,5.23,5.17,5.18,30927393,160393834.41
2026-09-22,sz,000541,佛山照明,4.96,4.96,4.98,4.92,4.94,3933648,19438212.91
2026-09-22,sz,000543,皖能电力,7.29,7.3,7.31,7.22,7.22,17998200,130590317.0
2026-09-22,sz,000544,中原环保,7.3,7.29,7.31,7.24,7.26,2613599,19016894.75
2026-09-22,sz,000545,金浦钛业,2.26,2.28,2.28,2.21,2.23,32847900,73257525.0
2026-09-22,sz,000546,金圆股份,4.51,4.5,4.57,4.41,4.45,13087603,58321617.41
2026-09-22,sz,000547,航天发展,15.02,15.03,15.2,14.7,14.75,42073425,625410864.09
2026-09-22,sz,000548,湖南投资,4.68,4.67,4.69,4.6,4.64,5352804,24852700.64
2026-09-22,sz,000550,江铃汽车,16.59,16.62,16.66,16.43,16.5,3113700,51511946.0
2026-09-22,sz,000551,创元科技,12.45,12.55,12.56,12.28,12.33,9946296,123401026.78
2026-09-22,sz,000552,甘肃能化,2.53,2.51,2.54,2.48,2.52,67605431,169570641.12
2026-09-22,sz,000553,安道麦A,5.68,5.65,5.69,5.56,5.61,6088575,34078861.25
2026-09-22,sz,000554,泰山石油,6.44,6.41,6.41,6.33,6.4,10086559,64277121.31
2026-09-22,sz,000555,神州信息,10.52,10.63,10.74,10.48,10.54,11729300,124429811.0
2026-09-22,sz,000557,西部创业,3.71,3.72,3.73,3.66,3.68,8004475,29454802.68
2026-09-22,sz,000558,天府文旅,3.67,3.67,3.67,3.56,3.62,30198897,109048960.58
2026-09-22,sz,000559,万向钱潮,11.72,11.78,11.8,11.38,11.43,98959918,1143041522.14
2026-09-22,sz,000560,我爱我家,3.19,3.3,3.51,3.22,3.51,408092649,1412921348.97
2026-09-22,sz,000561,烽火电子,8.04,8.1,8.1,7.84,7.84,15151903,119940183.42
2026-09-22,sz,000563,陕国投Ａ,2.96,2.96,2.97,2.94,2.94,31127936,91957720.36
2026-09-22,sz,000564,供销大集,1.55,1.54,1.55,1.52,1.52,209924919,321035734.01
2026-09-22,sz,000565,渝三峡Ａ,6.82,6.78,6.82,6.69,6.79,16009703,108142281.28
2026-09-22,sz,000566,海南海药,5.07,5.2,5.2,4.89,4.98,147516780,734061281.38
2026-09-22,sz,000567,海德股份,6.28,6.28,6.28,6.09,6.12,20207868,124080519.01
2026-09-22,sz,000568,泸州老窖,72.2,72.1,72.54,71.48,71.48,8961554,646093173.0
2026-09-22,sz,000570,苏常柴Ａ,5.35,5.33,5.37,5.26,5.31,7869000,41700709.0
2026-09-22,sz,000571,新大洲A,6.65,6.66,6.77,6.51,6.63,28127663,186776124.89
2026-09-22,sz,000572,海马汽车,4.25,4.36,4.39,4.14,4.19,92955297,389765928.35
2026-09-22,sz,000573,粤宏远Ａ,3.87,3.86,3.91,3.77,3.82,13675286,52341851.14
2026-09-22,sz,000576,甘化科工,8.59,8.57,8.57,8.35,8.42,9708500,81772546.0
2026-09-22,sz,000581,威孚高科,18.01,18.01,18.12,17.95,17.96,3764918,67930736.54
2026-09-22,sz,000582,北部湾港,9.91,9.83,9.88,9.66,9.78,39125610,381903745.19
2026-09-22,sz,000586,汇源通信,14.17,14.44,14.44,13.83,13.88,7099000,99516431.0
2026-09-22,sz,000589,贵州轮胎,4.27,4.27,4.28,4.23,4.24,17548100,74690051.0
2026-09-22,sz,000590,古汉医药,9.1,9.11,9.25,8.98,9.15,2458700,22430004.0
2026-09-22,sz,000591,太阳能,4.29,4.3,4.31,4.25,4.27,38351300,164034750.0
2026-09-22,sz,000592,平潭发展,8.5,8.42,8.71,8.33,8.6,269343272,2300851209.1
2026-09-22,sz,000593,德龙汇能,22.55,22.86,23.87,22.44,22.89,19455820,447581314.5
2026-09-22,sz,000595,新能股份,5.32,5.34,5.85,5.3,5.85,51666800,292121515.0
2026-09-22,sz,000596,古井贡酒,95.46,94.59,96.48,94.1,95.86,2219986,212308025.22
2026-09-22,sz,000597,东北制药,4.89,4.9,4.9,4.77,4.83,14065965,68040529.31
2026-09-22,sz,000598,兴蓉环境,7.03,7.03,7.09,7.02,7.06,11108524,78415813.2
2026-09-22,sz,000599,青岛双星,4.58,4.58,4.61,4.51,4.53,8190684,37148978.2
2026-09-22,sz,000600,建投能源,7.34,7.34,7.37,7.26,7.32,14052870,102847085.82
2026-09-22,sz,000601,韶能股份,6.19,6.17,6.24,6.15,6.19,21303665,131769322.59
2026-09-22,sz,000603,盛达资源,34.18,34.18,34.35,33.26,33.4,25640851,866483816.94
2026-09-22,sz,000605,渤海股份,5.93,5.95,5.98,5.85,5.91,3596300,21298198.0
2026-09-22,sz,000607,华媒控股,4.53,4.98,4.98,4.98,4.98,20051347,99855708.06
2026-09-22,sz,000608,阳光股份,7.26,7.32,7.4,7.15,7.2,22347300,162599786.0
2026-09-22,sz,000609,*ST中迪,9.8,9.81,9.9,9.69,9.82,3421913,33442636.23
2026-09-22,sz,000610,*ST西旅,8.42,7.58,7.76,7.58,7.58,21649400,164786005.9
2026-09-22,sz,000612,焦作万方,11.32,11.32,11.39,11.16,11.18,31951732,360290108.72
2026-09-22,sz,000615,*ST美谷,3.24,3.25,3.27,3.22,3.25,4381780,14206668.3
2026-09-22,sz,000617,中油资本,6.97,6.94,6.99,6.88,6.9,61200278,423539759.42
2026-09-22,sz,000619,海螺新材,5.17,5.16,5.34,5.09,5.3,10085605,52903586.45
2026-09-22,sz,000620,盈新发展,3.27,3.29,3.53,3.26,3.37,500927016,1687199257.74
2026-09-22,sz,000623,吉林敖东,17.75,17.76,17.91,17.74,17.77,7785142,138840343.54
2026-09-22,sz,000625,长安汽车,7.15,7.15,7.18,7.14,7.18,40676268,291237916.46
2026-09-22,sz,000626,远大控股,9.1,9.09,9.35,8.96,9.23,13368314,122429023.0
2026-09-22,sz,000628,高新发展,60.01,60.5,61.13,59.48,60.09,7503600,451512625.0
2026-09-22,sz,000629,钒钛股份,2.92,2.93,2.94,2.89,2.9,56214853,163625752.25
2026-09-22,sz,000630,铜陵有色,6.09,6.11,6.22,6.08,6.16,199412296,1228026465.36
2026-09-22,sz,000631,顺发恒能,3.03,3.03,3.18,3.01,3.09,27030234,84010340.46
2026-09-22,sz,000632,ST三木,3.98,3.98,3.98,3.62,3.75,30624300,114959687.0
2026-09-22,sz,000633,合金投资,5.27,5.31,5.34,5.21,5.31,7808000,41312527.0
2026-09-22,sz,000635,英 力 特,7.44,7.44,7.58,7.35,7.46,8649100,64405746.0
2026-09-22,sz,000636,风华高科,59.25,59.52,60.15,57.49,57.75,123784380,7292020984.45
2026-09-22,sz,000637,茂化实华,4.22,4.25,4.26,4.16,4.2,6977853,29322130.13
2026-09-22,sz,000639,ST西王,1.63,1.63,1.64,1.59,1.59,31424472,50428459.36
2026-09-22,sz,000650,仁和药业,5.33,5.31,5.33,5.24,5.27,15779400,83201974.0
2026-09-22,sz,000651,格力电器,38.0,37.9,38.32,37.81,38.18,34380434,1312807287.82
2026-09-22,sz,000652,泰达股份,3.42,3.41,3.43,3.37,3.39,10001651,33907881.89
2026-09-22,sz,000655,金岭矿业,7.22,7.24,7.26,7.15,7.22,4699725,33847800.0
2026-09-22,sz,000656,金科股份,1.25,1.25,1.29,1.23,1.25,238544256,299450587.44
2026-09-22,sz,000657,中钨高新,60.49,61.0,62.46,59.91,60.26,73788307,4512670613.36
2026-09-22,sz,000659,珠海中富,2.8,2.81,2.93,2.78,2.81,30450292,86015776.52
2026-09-22,sz,000661,长春高新,74.13,73.82,74.61,73.36,73.6,4872700,359808209.0
2026-09-22,sz,000663,永安林业,6.08,6.06,6.13,5.94,6.07,6602500,39859972.0
2026-09-22,sz,000665,湖北广电,4.09,4.08,4.2,4.08,4.17,19061800,79268023.0
2026-09-22,sz,000668,荣丰控股,19.35,19.16,19.16,17.42,17.42,11299300,201315381.0
2026-09-22,sz,000669,ST金鸿,4.18,4.15,4.19,4.13,4.15,3175500,13183508.0
2026-09-22,sz,000670,盈方微,7.83,7.9,7.95,7.67,7.69,55743771,434960399.86
2026-09-22,sz,000672,上峰材料,15.51,15.59,15.7,15.39,15.44,13555277,210329021.06
2026-09-22,sz,000676,智度股份,6.77,7.34,7.45,7.03,7.45,173408869,1277652014.59
2026-09-22,sz,000677,ST海龙,1.86,1.88,1.88,1.81,1.83,23509875,43113830.5
2026-09-22,sz,000678,襄阳轴承,9.02,9.05,9.07,8.85,8.89,7067793,63131898.56
2026-09-22,sz,000679,大连友谊,6.64,6.61,6.67,6.5,6.6,8120907,53506617.2
2026-09-22,sz,000680,山推股份,9.39,9.38,9.46,9.18,9.24,19711384,182912275.96
2026-09-22,sz,000681,视觉中国,16.41,16.55,17.17,16.46,16.82,34193305,574623102.78
2026-09-22,sz,000682,东方电子,10.73,10.76,10.83,10.73,10.76,8186342,88282083.4
2026-09-22,sz,000683,博源化工,5.78,5.76,5.78,5.69,5.71,36586420,209245524.0
2026-09-22,sz,000685,中山公用,10.95,10.98,11.03,10.91,10.94,8012446,87885524.68
2026-09-22,sz,000686,东北证券,7.81,7.84,7.86,7.8,7.8,11630178,90995900.18
2026-09-22,sz,000688,国城矿业,26.03,26.04,26.95,25.91,26.58,18857756,497797464.21
2026-09-22,sz,000690,宝新能源,5.23,5.22,5.23,5.1,5.13,45127784,232501191.25
2026-09-22,sz,000691,亚太实业,9.27,9.26,9.39,9.15,9.24,6964800,64513276.0
2026-09-22,sz,000692,惠天热电,4.25,4.26,4.27,4.16,4.18,9480700,39748144.92
2026-09-22,sz,000695,滨海能源,13.08,13.13,13.25,13.01,13.16,4604703,60556298.42
2026-09-22,sz,000697,炼石航空,9.25,9.23,9.27,9.1,9.12,4528700,41413229.0
2026-09-22,sz,000698,ST沈化,3.68,3.72,3.73,3.65,3.66,3341110,12295040.5
2026-09-22,sz,000700,模塑科技,12.4,12.49,12.63,12.09,12.17,37784258,464229088.98
2026-09-22,sz,000701,厦门信达,5.28,5.25,5.33,5.22,5.25,9062000,47641586.0
2026-09-22,sz,000702,正虹科技,5.86,5.83,5.92,5.7,5.79,8344100,48247513.0
2026-09-22,sz,000703,恒逸石化,16.95,16.78,17.02,16.14,16.81,77090201,1281139354.34
2026-09-22,sz,000705,浙江震元,7.19,7.21,7.26,7.07,7.16,4591196,32886872.44
2026-09-22,sz,000707,双环科技,4.54,4.54,4.56,4.47,4.51,5910183,26609641.84
2026-09-22,sz,000708,中信特钢,12.84,12.82,12.96,12.81,12.86,9975585,128473341.15
2026-09-22,sz,000709,河钢股份,2.08,2.08,2.09,2.04,2.05,77668734,159917034.04
2026-09-22,sz,000710,贝瑞基因,9.38,9.28,9.6,9.2,9.52,38935977,367509626.86
2026-09-22,sz,000711,京蓝科技,5.07,5.15,5.37,4.98,5.0,115910474,593435030.76
2026-09-22,sz,000712,锦龙股份,10.35,10.36,10.42,10.22,10.33,53879303,555885908.66
2026-09-22,sz,000713,国投丰乐,6.87,6.97,7.0,6.67,6.79,31968591,217680906.09
2026-09-22,sz,000715,中兴商业,5.45,5.45,5.49,5.33,5.42,7376702,39867851.82
2026-09-22,sz,000716,黑芝麻,5.18,5.15,5.23,5.07,5.18,27068962,139392018.58
2026-09-22,sz,000717,中南股份,2.21,2.2,2.22,2.16,2.16,24531800,53479184.0
2026-09-22,sz,000718,苏宁环球,2.08,2.07,2.1,2.02,2.07,40667641,83900737.87
2026-09-22,sz,000719,中原传媒,12.01,12.02,12.38,12.02,12.35,7539000,92641752.0
2026-09-22,sz,000720,新能泰山,4.07,4.06,4.06,3.89,3.92,57510862,226808656.47
2026-09-22,sz,000721,西安饮食,6.48,6.4,6.42,6.21,6.31,21004800,132574691.07
2026-09-22,sz,000722,湖南发展,14.36,14.28,14.37,14.11,14.2,15464499,219903800.24
2026-09-22,sz,000723,美锦能源,3.62,3.6,3.72,3.56,3.67,77835394,283174546.93
2026-09-22,sz,000725,京东方Ａ,6.07,6.12,6.15,5.98,6.0,1486262473,9014583084.78
2026-09-22,sz,000726,鲁 泰Ａ,6.19,6.17,6.18,6.06,6.1,10344991,63102861.22
2026-09-22,sz,000727,冠捷科技,2.29,2.3,2.31,2.25,2.25,63751906,145075577.5
2026-09-22,sz,000728,国元证券,7.53,7.52,7.59,7.48,7.49,19475685,146614956.3
2026-09-22,sz,000729,燕京啤酒,11.05,11.1,11.18,10.97,11.04,20958935,231979235.38
2026-09-22,sz,000731,四川美丰,8.23,8.16,8.32,8.07,8.28,13682201,112590024.24
2026-09-22,sz,000733,振华科技,41.6,41.95,42.18,41.18,41.33,10233001,425513989.85
2026-09-22,sz,000735,罗 牛 山,6.09,6.03,6.1,5.87,6.0,68368106,408082332.09
2026-09-22,sz,000736,中交发展,4.76,4.71,4.79,4.66,4.73,24952098,117742453.54
2026-09-22,sz,000737,北方铜业,14.43,14.58,15.53,14.55,15.11,125642688,1889434369.21
2026-09-22,sz,000738,航发控制,19.63,19.63,19.78,19.19,19.2,12025751,232689046.81
2026-09-22,sz,000739,普洛药业,24.82,24.52,24.58,23.71,24.0,16370000,394574032.52
2026-09-22,sz,000750,国海证券,3.7,3.71,3.75,3.68,3.69,42146900,156311070.8
2026-09-22,sz,000751,锌业股份,4.69,4.69,4.73,4.65,4.67,26272977,123175295.36
2026-09-22,sz,000752,*ST西发,8.71,8.64,8.74,8.63,8.67,1047601,9083284.67
2026-09-22,sz,000753,漳州发展,5.26,5.25,5.26,5.13,5.18,43133960,223761706.38
2026-09-22,sz,000755,山西高速,4.72,4.72,4.73,4.67,4.67,3476963,16300525.21
2026-09-22,sz,000756,新华制药,14.67,16.14,16.14,15.72,16.14,97038482,1563389474.42
2026-09-22,sz,000757,浩物股份,4.29,4.31,4.48,4.25,4.42,15299900,66984547.0
2026-09-22,sz,000758,中色股份,5.99,6.04,6.14,6.0,6.06,33523604,204307886.64
2026-09-22,sz,000759,中百集团,6.83,6.79,6.87,6.64,6.75,107914724,727877552.94
2026-09-22,sz,000761,本钢板材,2.33,2.34,2.34,2.23,2.27,26175633,59278802.92
2026-09-22,sz,000762,西藏矿业,22.17,22.15,22.29,22.01,22.08,6959138,154045417.16
2026-09-22,sz,000766,通化金马,15.81,15.75,16.14,15.58,15.9,14169843,224936281.53
2026-09-22,sz,000767,晋控电力,3.44,3.45,3.45,3.38,3.4,79128530,269280117.4
2026-09-22,sz,000768,中航西飞,22.91,23.05,23.2,22.55,22.84,19620354,446298245.01
2026-09-22,sz,000776,广发证券,20.98,20.98,21.13,20.85,20.96,43646687,915399868.73
2026-09-22,sz,000777,中核科技,16.79,16.83,16.85,16.61,16.65,3063300,51262766.0
2026-09-22,sz,000778,新兴铸管,3.63,3.63,3.64,3.61,3.61,33661030,121902821.75
2026-09-22,sz,000779,甘咨询,9.0,8.99,9.31,8.9,9.12,39863456,362606970.02
2026-09-22,sz,000782,恒申新材,8.3,8.29,8.35,8.2,8.27,13472700,111378862.0
2026-09-22,sz,000783,长江证券,8.51,8.53,8.57,8.48,8.51,58487597,498462789.19
2026-09-22,sz,000785,居然智家,2.31,2.32,2.34,2.26,2.28,64123439,147077319.77
2026-09-22,sz,000786,北新建材,16.27,16.21,16.32,16.02,16.05,13276531,214241502.41
2026-09-22,sz,000788,北大医药,5.54,5.55,5.61,5.47,5.55,16775300,93008157.0
2026-09-22,sz,000789,万年青,4.15,4.15,4.16,4.1,4.13,3727101,15369948.13
2026-09-22,sz,000790,华神科技,4.31,4.32,4.54,4.18,4.4,54903174,238301247.69
2026-09-22,sz,000791,甘肃能源,7.3,7.3,7.35,7.2,7.21,14361580,103860683.6
2026-09-22,sz,000792,盐湖股份,24.96,24.85,25.13,24.81,24.87,42233708,1054395517.93
2026-09-22,sz,000793,ST华闻,2.09,2.09,2.13,2.07,2.08,16703400,34903147.0
2026-09-22,sz,000795,英洛华,8.29,8.34,8.64,8.28,8.49,20559541,174452110.17
2026-09-22,sz,000796,凯撒旅业,3.86,3.85,3.85,3.71,3.75,58108580,218255890.2
2026-09-22,sz,000797,中国武夷,2.72,2.7,2.73,2.64,2.69,46060409,123887808.66
2026-09-22,sz,000798,中水渔业,10.4,10.29,10.52,10.18,10.4,21647401,223745866.38
2026-09-22,sz,000799,酒鬼酒,37.84,37.6,37.96,37.5,37.72,3888346,146677694.36
2026-09-22,sz,000800,一汽解放,5.93,5.93,5.96,5.92,5.93,7469879,44367067.47
2026-09-22,sz,000801,四川九洲,12.15,12.2,12.32,12.09,12.11,9006200,109944481.0
2026-09-22,sz,000802,北京文化,4.05,4.06,4.13,4.01,4.08,54041616,219720784.44
2026-09-22,sz,000803,山高环能,7.21,7.22,7.24,7.04,7.13,8722440,61992982.6
2026-09-22,sz,000807,云铝股份,26.77,26.58,27.28,26.54,26.95,46616059,1254830859.76
2026-09-22,sz,000809,和展能源,3.52,3.55,3.55,3.43,3.45,20089950,69554884.5
2026-09-22,sz,000810,创维数字,9.68,9.75,9.82,9.67,9.7,14497754,141384169.12
2026-09-22,sz,000811,冰轮环境,40.03,40.8,41.8,39.9,39.95,55123240,2256047409.11
2026-09-22,sz,000812,陕西金叶,3.83,3.85,3.94,3.75,3.9,36903899,143064900.33
2026-09-22,sz,000813,德展健康,3.36,3.34,3.38,3.3,3.31,38167700,127282045.0
2026-09-22,sz,000815,美利云,15.85,16.0,16.55,15.89,16.14,60070224,968883943.27
2026-09-22,sz,000816,智慧农业,2.94,2.94,3.04,2.88,3.03,80917449,238503057.0
2026-09-22,sz,000818,航锦科技,12.37,12.3,12.41,12.13,12.25,16721409,204702441.38
2026-09-22,sz,000819,岳阳兴长,12.36,12.35,12.47,12.21,12.35,4205375,51831749.47
2026-09-22,sz,000820,神雾节能,3.56,3.59,3.59,3.5,3.52,12259633,43316503.49
2026-09-22,sz,000821,ST京机,7.52,7.52,7.52,7.46,7.5,5285100,39571438.0
2026-09-22,sz,000822,山东海化,4.36,4.36,4.37,4.26,4.28,9734900,41739093.0
2026-09-22,sz,000823,超声电子,25.2,25.0,26.46,24.24,25.22,203623515,5152772564.88
2026-09-22,sz,000825,太钢不锈,3.44,3.45,3.47,3.41,3.41,26557785,91071044.53
2026-09-22,sz,000826,*ST启环,1.89,1.88,1.89,1.85,1.86,14780300,27535203.0
2026-09-22,sz,000828,东莞控股,10.1,10.12,10.12,10.03,10.04,4555955,45866088.09
2026-09-22,sz,000829,天音控股,9.77,9.68,9.9,9.35,9.38,56764294,538728650.59
2026-09-22,sz,000830,鲁西化工,11.98,11.9,11.97,11.86,11.9,18220782,216938199.03
2026-09-22,sz,000831,中国稀土,55.3,55.8,55.81,54.25,54.62,21761509,1197817837.89
2026-09-22,sz,000833,粤桂股份,20.04,20.0,20.07,19.71,19.81,20880348,415011136.77
2026-09-22,sz,000837,秦川机床,9.83,9.85,9.89,9.69,9.76,11298909,110520201.74
2026-09-22,sz,000838,*ST发展,2.24,2.25,2.41,2.24,2.27,44710850,103274617.0
2026-09-22,sz,000839,国安股份,2.91,2.89,2.98,2.88,2.94,99861080,292094142.9
2026-09-22,sz,000848,承德露露,8.17,8.17,8.18,8.08,8.1,10848600,87956635.0
2026-09-22,sz,000850,华茂股份,4.29,4.27,4.27,4.1,4.23,26196423,109219090.54
2026-09-22,sz,000852,石化机械,5.59,5.59,5.63,5.51,5.54,12348400,68412278.0
2026-09-22,sz,000856,冀东装备,8.83,8.86,8.92,8.77,8.77,4506200,39757583.0
2026-09-22,sz,000858,五 粮 液,70.27,70.18,70.85,70.0,70.54,13977291,984932442.83
2026-09-22,sz,000859,国风新材,9.73,9.75,10.26,9.53,9.54,67860322,667953726.28
2026-09-22,sz,000860,顺鑫农业,10.67,10.64,10.73,10.52,10.58,9049403,96004965.86
2026-09-22,sz,000862,银星能源,5.54,5.54,5.55,5.44,5.48,15038224,82364428.86
2026-09-22,sz,000863,三湘印象,4.75,4.74,4.79,4.66,4.68,16142867,76091084.56
2026-09-22,sz,000868,安凯客车,3.99,3.96,3.99,3.87,3.94,47095843,184724720.2
2026-09-22,sz,000869,张 裕Ａ,16.78,16.78,17.19,16.78,16.83,3323072,56353411.63
2026-09-22,sz,000875,电投绿能,4.81,4.82,4.85,4.8,4.8,26884855,129621348.8
2026-09-22,sz,000876,新 希 望,7.28,7.23,7.28,7.15,7.22,36252632,261001322.94
2026-09-22,sz,000877,天山股份,3.75,3.74,3.77,3.68,3.69,13540200,50141634.0
2026-09-22,sz,000878,云南铜业,16.82,16.96,17.97,16.91,17.36,68918104,1195436802.51
2026-09-22,sz,000880,潍柴重机,26.17,26.16,26.46,25.74,25.78,13722228,358045910.25
2026-09-22,sz,000881,中广核技,6.6,6.6,6.67,6.54,6.67,8294285,54799312.28
2026-09-22,sz,000882,华联股份,1.64,1.62,1.63,1.56,1.58,99929301,158604127.57
2026-09-22,sz,000883,湖北能源,4.44,4.43,4.44,4.4,4.41,19702502,86923656.82
2026-09-22,sz,000885,城发环境,11.8,11.78,11.82,11.74,11.74,1865140,21947621.5
2026-09-22,sz,000886,海南高速,4.79,4.76,4.78,4.63,4.71,18726227,87702737.11
2026-09-22,sz,000887,中鼎股份,19.54,19.64,20.23,19.59,19.87,31602462,629514969.3
2026-09-22,sz,000888,峨眉山Ａ,9.54,9.5,9.52,9.35,9.4,8467599,79652574.58
2026-09-22,sz,000889,中嘉博创,3.89,3.94,3.99,3.88,3.94,45655400,179541175.0
2026-09-22,sz,000890,法尔胜,7.95,8.0,8.05,7.78,7.83,20530735,161569458.81
2026-09-22,sz,000892,欢瑞世纪,4.73,4.75,4.9,4.65,4.83,149927302,719131247.4
2026-09-22,sz,000893,亚钾国际,40.29,40.05,40.3,39.67,39.75,8025572,320239447.18
2026-09-22,sz,000895,双汇发展,23.26,23.26,23.4,23.22,23.38,8060086,188022523.1
2026-09-22,sz,000897,津滨发展,1.95,1.94,1.96,1.87,1.92,40720703,78066248.67
2026-09-22,sz,000898,鞍钢股份,2.06,2.06,2.08,2.01,2.02,37689282,76663877.12
2026-09-22,sz,000899,赣能股份,9.39,9.45,9.45,9.28,9.32,8656300,80834286.0
2026-09-22,sz,000900,现代投资,3.58,3.59,3.59,3.56,3.57,8926327,31923940.77
2026-09-22,sz,000901,航天科技,14.48,14.5,14.7,14.35,14.39,11063714,160197411.7
2026-09-22,sz,000902,新洋丰,14.03,14.03,14.11,13.75,13.79,5355200,74244479.0
2026-09-22,sz,000903,ST云动,2.06,2.07,2.07,2.02,2.03,14415300,29434228.0
2026-09-22,sz,000905,厦门港务,9.37,9.38,9.5,9.19,9.34,17812010,166202730.5
2026-09-22,sz,000906,浙商中拓,6.23,6.24,6.26,6.16,6.19,7456919,46265342.56
2026-09-22,sz,000908,石药景峰,6.2,6.22,6.23,6.09,6.1,15672560,96410971.4
2026-09-22,sz,000909,*ST数源,5.54,5.53,5.96,5.48,5.7,9057700,51741221.0
2026-09-22,sz,000910,大亚圣象,6.26,6.03,6.89,5.94,6.89,57604405,373106277.01
2026-09-22,sz,000911,*ST广糖,5.36,5.32,5.45,5.19,5.3,8861373,46838552.58
2026-09-22,sz,000912,泸天化,4.18,4.15,4.28,4.11,4.22,66053743,276761654.67
2026-09-22,sz,000913,钱江摩托,10.76,10.81,10.84,10.75,10.79,2945304,31798500.24
2026-09-22,sz,000915,华特达因,24.38,24.22,24.37,24.09,24.2,1889004,45719586.3
2026-09-22,sz,000917,电广传媒,7.03,7.05,7.21,6.99,7.11,27424448,195553175.75
2026-09-22,sz,000919,金陵药业,6.73,6.7,6.73,6.62,6.64,9883000,65820198.0
2026-09-22,sz,000920,沃顿科技,12.88,12.94,13.13,12.68,12.77,23525308,302029215.32
2026-09-22,sz,000921,海信家电,26.25,26.39,27.0,25.8,26.7,8598552,229150373.2
2026-09-22,sz,000922,佳电股份,12.18,12.2,12.38,12.16,12.21,8155816,99945750.36
2026-09-22,sz,000923,河钢资源,16.4,16.45,16.89,16.42,16.6,11619879,193292249.97
2026-09-22,sz,000925,众合科技,8.21,8.21,8.3,8.09,8.16,16347448,133765292.2
2026-09-22,sz,000926,福星股份,2.18,2.17,2.2,2.1,2.15,44959180,96345773.8
2026-09-22,sz,000927,中国铁物,2.5,2.5,2.52,2.46,2.48,42649500,105848952.0
2026-09-22,sz,000928,中钢国际,5.49,5.47,5.5,5.37,5.41,18659443,100991530.3
2026-09-22,sz,000929,兰州黄河,9.18,9.3,9.43,9.07,9.28,3966101,36669246.32
2026-09-22,sz,000930,中粮科技,5.41,5.42,5.48,5.28,5.41,70763713,380140146.28
2026-09-22,sz,000931,中 关 村,4.63,4.62,4.7,4.57,4.69,24889181,115831267.68
2026-09-22,sz,000932,华菱钢铁,3.6,3.6,3.62,3.55,3.57,63065880,225856130.2
2026-09-22,sz,000933,神火股份,26.24,26.29,26.6,26.12,26.38,25063703,659926265.61
2026-09-22,sz,000935,四川双马,21.15,21.24,21.28,20.32,20.45,5857707,121548170.59
2026-09-22,sz,000936,华西股份,5.66,5.65,5.67,5.53,5.56,20904900,116803151.0
2026-09-22,sz,000937,冀中能源,4.5,4.47,4.5,4.41,4.48,36300378,161394796.38
2026-09-22,sz,000938,紫光股份,33.84,34.27,34.47,33.7,33.77,116849797,3984597086.57
2026-09-22,sz,000948,南天信息,13.55,13.65,14.37,13.63,13.82,10999611,152901579.32
2026-09-22,sz,000949,新乡化纤,7.01,7.02,7.05,6.81,6.93,26185500,180964140.0
2026-09-22,sz,000950,重药控股,5.34,5.33,5.34,5.26,5.29,17520488,92780080.92
2026-09-22,sz,000951,中国重汽,20.21,20.33,20.35,20.18,20.24,7619760,154292380.6
2026-09-22,sz,000952,广济药业,6.75,6.7,6.78,6.62,6.69,5525120,36992956.6
2026-09-22,sz,000953,中哲精化,6.1,6.14,6.21,6.03,6.17,7419000,45619877.0
2026-09-22,sz,000955,欣龙控股,4.19,4.2,4.22,4.06,4.12,13068100,53977224.0
2026-09-22,sz,000957,中通客车,10.07,10.12,10.13,9.96,10.0,7770948,77795284.3
2026-09-22,sz,000958,电投产融,5.15,5.15,5.16,5.07,5.08,12908200,65903006.0
2026-09-22,sz,000959,首钢股份,3.53,3.55,3.57,3.5,3.52,18625945,65759754.4
2026-09-22,sz,000960,锡业股份,33.69,34.02,34.46,33.56,33.69,27901280,950135399.53
2026-09-22,sz,000962,东方钽业,62.91,63.0,63.35,60.27,60.53,23475291,1438786940.34
2026-09-22,sz,000963,华东医药,26.76,26.66,26.84,26.51,26.62,12796644,341229929.69
2026-09-22,sz,000965,天保基建,3.41,3.37,3.42,3.3,3.39,29246085,98389015.4
2026-09-22,sz,000966,长源电力,4.06,4.05,4.06,4.01,4.03,26065791,105064347.82
2026-09-22,sz,000967,盈峰环境,8.26,8.39,8.45,8.12,8.17,44295931,365280479.28
2026-09-22,sz,000968,蓝焰控股,7.16,7.1,7.15,6.99,7.09,15391837,108491203.77
2026-09-22,sz,000969,安泰科技,17.48,17.56,17.64,17.2,17.26,15983336,278381199.13
2026-09-22,sz,000970,中科三环,11.68,11.78,11.87,11.66,11.76,24328032,286339297.62
2026-09-22,sz,000972,中基健康,4.08,4.08,4.13,4.03,4.1,16525101,67519161.11
2026-09-22,sz,000973,佛塑科技,12.21,12.2,12.25,11.93,11.97,33585987,404524703.72
2026-09-22,sz,000975,山金国际,24.62,24.56,24.73,24.11,24.2,31975347,781233281.77
2026-09-22,sz,000977,浪潮信息,71.85,73.0,73.46,71.82,72.15,56682629,4121502869.0
2026-09-22,sz,000978,桂林旅游,8.39,8.46,8.6,8.19,8.4,102292290,857762654.62
2026-09-22,sz,000980,众泰汽车,2.24,2.22,2.24,2.15,2.18,377951212,822274944.0
2026-09-22,sz,000981,山子高科,2.95,2.96,2.98,2.86,2.88,473585791,1368098157.15
2026-09-22,sz,000983,山西焦煤,6.6,6.57,6.64,6.48,6.62,53291620,350033887.32
2026-09-22,sz,000985,大庆华科,17.57,17.57,17.96,17.36,17.7,2542700,44990386.0
2026-09-22,sz,000987,越秀资本,7.47,7.48,7.54,7.44,7.46,18937968,141796275.76
2026-09-22,sz,000988,华工科技,109.51,111.0,111.44,106.53,107.09,51998984,5651257472.92
2026-09-22,sz,000989,九芝堂,8.97,8.95,8.96,8.8,8.83,13924650,123480434.48
2026-09-22,sz,000990,诚志股份,6.68,6.69,6.77,6.58,6.6,28280284,187388147.56
2026-09-22,sz,000993,闽东电力,20.43,20.8,20.91,19.56,20.91,84878485,1750643279.16
2026-09-22,sz,000995,皇台酒业,11.92,11.96,12.0,11.56,11.74,16773297,197489361.84
2026-09-22,sz,000997,新 大 陆,20.05,20.18,20.23,19.67,19.76,14952812,296693930.76
2026-09-22,sz,000998,隆平高科,9.08,9.0,9.18,8.85,9.01,42055508,377992974.25
2026-09-22,sz,000999,华润三九,23.95,23.92,24.03,23.66,23.84,6318828,150628653.08
2026-09-22,sz,001201,东瑞股份,16.08,16.0,16.48,15.81,16.3,15994813,258916122.44
2026-09-22,sz,001202,炬申股份,15.02,15.05,15.3,14.94,15.14,2370480,35822303.58
2026-09-22,sz,001203,大中矿业,24.74,24.89,24.89,24.52,24.54,10676381,262977392.74
2026-09-22,sz,001205,盛航股份,14.56,14.5,14.6,14.3,14.6,3554800,51386276.0
2026-09-22,sz,001206,依依股份,17.17,17.15,17.28,16.85,17.27,3912020,66850284.92
2026-09-22,sz,001207,联科科技,17.84,17.88,18.75,17.7,18.64,8324899,152087929.83
2026-09-22,sz,001208,华菱线缆,14.43,14.99,15.0,13.91,13.96,21394500,305416562.02
2026-09-22,sz,001209,洪兴股份,19.42,19.32,19.48,18.92,18.92,8120400,155086238.0
2026-09-22,sz,001210,金房能源,30.16,30.0,30.35,29.5,29.72,4162522,124236038.08
2026-09-22,sz,001211,双枪科技,26.25,26.1,26.73,25.5,25.59,8077185,211116840.81
2026-09-22,sz,001212,中旗新材,38.31,38.58,38.8,37.64,38.65,7802010,297437302.86
2026-09-22,sz,001213,中铁特货,3.53,3.53,3.55,3.5,3.51,4935800,17365550.0
2026-09-22,sz,001215,千味央厨,32.22,32.15,33.91,32.14,33.48,3129800,104124707.0
2026-09-22,sz,001216,华瓷股份,24.06,26.47,26.47,26.47,26.47,1829032,48414477.04
2026-09-22,sz,001217,华尔泰,10.84,10.8,11.05,10.66,10.97,5914403,64452144.88
2026-09-22,sz,001218,丽臣实业,24.18,24.2,24.24,24.05,24.23,1523070,36753921.3
2026-09-22,sz,001219,青岛食品,12.7,12.7,12.8,12.59,12.76,1743365,22176474.6
2026-09-22,sz,001220,世盟股份,31.98,32.05,32.58,31.77,32.03,1085584,34812583.98
2026-09-22,sz,001221,悍高集团,36.27,36.27,36.8,35.58,35.71,2765358,99368002.7
2026-09-22,sz,001222,源飞宠物,16.24,15.99,16.13,15.71,16.03,5795799,92356998.23
2026-09-22,sz,001223,欧克科技,44.75,45.0,45.93,44.21,44.54,3518281,158728545.13
2026-09-22,sz,001225,和泰机电,50.07,50.07,51.1,49.5,50.92,1385100,70156453.0
2026-09-22,sz,001226,拓山重工,46.09,46.72,46.72,45.6,46.15,384700,17678266.0
2026-09-22,sz,001227,兰州银行,2.12,2.11,2.12,2.1,2.11,45382504,95737961.44
2026-09-22,sz,001228,永泰运,34.09,34.09,35.0,33.81,34.94,2664355,92054972.36
2026-09-22,sz,001229,魅视科技,39.55,40.2,40.81,39.64,39.89,5445243,218926649.25
2026-09-22,sz,001230,劲旅环境,19.25,19.37,19.9,19.09,19.41,4117404,79876771.84
2026-09-22,sz,001231,农心科技,22.42,22.63,22.83,22.13,22.64,1527900,34447968.0
2026-09-22,sz,001232,嘉立创,193.51,197.04,200.58,194.26,197.43,3975490,785378665.57
2026-09-22,sz,001233,海安集团,48.97,48.87,48.96,46.4,46.49,4412312,207543204.24
2026-09-22,sz,001234,泰慕士,26.59,28.73,29.25,28.73,29.25,4336154,126493342.46
2026-09-22,sz,001236,弘业期货,8.14,8.13,8.16,7.99,8.06,10138500,81905320.84
2026-09-22,sz,001237,惠康科技,51.87,51.9,52.09,51.1,51.14,1607237,82655731.52
2026-09-22,sz,001238,浙江正特,26.88,27.33,27.73,26.06,26.13,2332361,62102475.29
2026-09-22,sz,001239,永达股份,12.04,12.06,12.12,11.98,12.09,1657100,19979753.0
2026-09-22,sz,001248,华润新能,12.05,12.07,12.1,11.94,11.95,35420790,425078575.8
2026-09-22,sz,001255,博菲电气,27.05,27.19,27.4,26.78,27.12,956150,25904578.0
2026-09-22,sz,001256,炜冈科技,21.99,22.14,22.19,21.78,21.83,1676700,36781470.0
2026-09-22,sz,001257,盛龙股份,23.44,23.48,23.49,23.17,23.31,6694259,156044967.29
2026-09-22,sz,001258,立新能源,11.21,11.19,11.96,11.11,11.71,103463346,1193740893.27
2026-09-22,sz,001259,利仁科技,48.07,49.3,50.5,48.11,48.88,2378512,117188742.78
2026-09-22,sz,001260,坤泰股份,18.44,18.56,20.28,18.34,20.28,6028104,119919520.12
2026-09-22,sz,001266,宏英智能,34.32,34.71,37.75,34.71,37.75,8760040,325215670.4
2026-09-22,sz,001267,汇绿生态,39.2,39.63,39.81,38.03,38.19,30396236,1182313638.1
2026-09-22,sz,001268,联合精密,24.15,24.43,26.57,24.3,26.57,9346834,243366478.7
2026-09-22,sz,001269,欧晶科技,19.22,19.22,19.69,19.22,19.31,1753516,34021335.08
2026-09-22,sz,001270,铖昌科技,100.22,101.19,102.26,99.2,99.99,5238613,527522164.18
2026-09-22,sz,001277,速达股份,30.5,30.5,30.99,30.32,30.76,1238900,37952808.74
2026-09-22,sz,001278,一彬科技,16.52,16.59,16.75,16.41,16.62,2764111,45843864.71
2026-09-22,sz,001279,强邦新材,26.65,26.8,27.0,26.51,26.63,866900,23183249.0
2026-09-22,sz,001280,中国铀业,63.95,64.34,64.34,63.03,63.11,3671507,233461826.45
2026-09-22,sz,001282,三联锻造,16.4,16.4,16.58,16.28,16.46,6066592,99617704.95
2026-09-22,sz,001283,豪鹏科技,47.0,47.44,50.18,47.35,48.85,6837488,333799332.39
2026-09-22,sz,001285,瑞立科密,43.24,43.12,43.43,42.66,42.76,761881,32733971.22
2026-09-22,sz,001286,陕西能源,9.6,9.6,9.62,9.53,9.58,12457904,119172526.5
2026-09-22,sz,001287,中电港,25.2,25.64,25.82,24.9,24.97,24449176,617522063.65
2026-09-22,sz,001288,运机集团,30.71,30.71,31.8,30.01,31.79,6005509,185976378.06
2026-09-22,sz,001289,龙源电力,15.05,15.05,15.19,14.98,15.14,3025989,45644437.27
2026-09-22,sz,001296,长江材料,20.23,20.05,20.42,19.97,20.09,3458690,69624106.6
2026-09-22,sz,001298,好上好,17.11,17.23,17.26,17.04,17.09,6468588,110916350.36
2026-09-22,sz,001299,美能能源,10.41,10.41,10.63,10.26,10.45,10149322,105500076.81
2026-09-22,sz,001300,三柏硕,12.49,12.63,12.75,12.06,12.69,6323300,78220201.0
2026-09-22,sz,001301,尚太科技,50.83,50.95,51.64,49.83,50.08,5498940,278442860.36
2026-09-22,sz,001306,夏厦精密,57.72,57.26,57.73,56.48,57.07,1340346,76417062.86
2026-09-22,sz,001308,康冠科技,18.17,18.24,18.32,18.12,18.16,1290390,23513279.25
2026-09-22,sz,001309,德明利,415.0,421.02,424.8,408.12,411.57,11949199,4984134760.79
2026-09-22,sz,001311,多利科技,17.45,17.54,17.63,17.16,17.22,4293742,74482042.3
2026-09-22,sz,001312,福恩股份,18.36,18.4,18.44,18.08,18.12,3004700,54621734.0
2026-09-22,sz,001313,粤海饲料,7.49,7.49,7.52,7.34,7.44,10583300,78419729.0
2026-09-22,sz,001314,亿道信息,54.19,54.72,56.0,54.5,54.95,3768948,208361623.64
2026-09-22,sz,001316,润贝航科,29.62,29.5,29.59,28.63,28.9,4122516,119225789.92
2026-09-22,sz,001317,三羊马,59.96,62.21,65.96,62.12,65.96,7642001,494426466.69
2026-09-22,sz,001318,阳光乳业,11.78,11.7,11.95,11.56,11.83,2186700,25637224.0
2026-09-22,sz,001319,铭科精技,22.34,22.41,22.43,22.16,22.33,1616700,36061660.0
2026-09-22,sz,001322,箭牌家居,6.32,6.32,6.95,6.29,6.95,16121999,110541571.47
2026-09-22,sz,001323,慕思股份,17.7,17.8,17.96,17.56,17.76,1010739,17954957.78
2026-09-22,sz,001324,长青科技,21.42,21.4,21.72,21.0,21.64,3819780,81885841.6
2026-09-22,sz,001325,元创股份,37.1,37.27,37.4,36.93,37.24,630100,23441483.0
2026-09-22,sz,001326,联域股份,94.71,95.04,100.88,95.04,98.55,3977104,390316692.0
2026-09-22,sz,001328,登康口腔,30.26,30.35,30.5,29.94,30.32,856744,25925836.03
2026-09-22,sz,001330,博纳影业,5.56,5.55,5.62,5.46,5.52,75534300,417893466.0
2026-09-22,sz,001331,胜通能源,46.16,46.3,46.9,44.67,45.55,6048625,276348123.46
2026-09-22,sz,001332,锡装股份,28.82,28.8,29.03,27.93,28.04,3722434,105290198.21
2026-09-22,sz,001333,光华股份,19.58,19.6,20.15,19.48,20.13,1512000,30044188.0
2026-09-22,sz,001335,信凯科技,33.23,33.23,33.98,33.16,33.65,747069,25077842.84
2026-09-22,sz,001336,楚环科技,19.68,19.85,20.24,19.53,19.74,3204599,63543906.67
2026-09-22,sz,001337,四川黄金,50.25,50.05,50.38,49.35,49.41,6436318,320795812.32
2026-09-22,sz,001338,永顺泰,9.22,9.11,9.19,8.99,9.11,6633722,60294495.88
2026-09-22,sz,001339,智微智能,80.41,81.7,82.84,80.79,81.3,5220087,427204857.54
2026-09-22,sz,001356,富岭股份,9.75,9.75,9.79,9.53,9.55,6206009,59580465.15
2026-09-22,sz,001358,兴欣新材,25.21,25.21,25.5,24.8,25.0,1354543,33948698.0
2026-09-22,sz,001359,平安电工,88.15,90.0,93.49,89.33,90.1,3044191,277119853.68
2026-09-22,sz,001360,南矿集团,21.28,21.41,21.41,20.6,21.06,5706600,119825225.16
2026-09-22,sz,001365,天海电子,37.36,37.36,37.59,36.57,36.58,7249520,267201867.1
2026-09-22,sz,001366,播恩集团,13.46,13.39,13.49,13.19,13.39,5254800,70019638.0
2026-09-22,sz,001367,海森药业,21.41,21.45,21.68,21.11,21.48,1733300,37146097.35
2026-09-22,sz,001368,通达创智,33.3,33.18,35.61,33.06,34.84,5533700,191593804.24
2026-09-22,sz,001369,双欣材料,12.7,12.66,12.72,12.48,12.52,5883519,74004906.6
2026-09-22,sz,001373,翔腾新材,32.44,32.63,33.28,30.77,31.12,8733876,276105225.46
2026-09-22,sz,001376,百通能源,13.93,13.87,13.87,12.6,12.92,56425463,748689549.73
2026-09-22,sz,001378,德冠新材,23.98,23.9,24.2,22.63,23.4,11933416,276240369.33
2026-09-22,sz,001379,腾达科技,15.88,15.98,16.08,15.85,15.87,1123300,17913021.0
2026-09-22,sz,001380,华纬科技,18.93,18.9,18.92,18.55,18.61,1747283,32623069.61
2026-09-22,sz,001382,新亚电缆,16.68,16.7,16.76,16.51,16.58,1392000,23077671.0
2026-09-22,sz,001386,马可波罗,16.37,16.3,16.56,16.28,16.4,3240628,53205179.92
2026-09-22,sz,001387,雪祺电气,11.74,11.8,12.0,11.7,11.95,2734450,32503591.02
2026-09-22,sz,001388,信通电子,20.76,20.85,21.27,20.77,20.92,4197255,88004464.54
2026-09-22,sz,001389,广合科技,185.93,200.01,204.52,197.29,198.65,27406280,5542927423.04
2026-09-22,sz,001390,古麒绒材,17.7,17.62,17.79,17.48,17.55,2715266,47791065.35
2026-09-22,sz,001391,国货航,4.02,4.01,4.01,3.91,3.93,45639331,179834970.6
2026-09-22,sz,001393,维通利,43.2,43.15,43.68,42.28,42.3,2440299,104197802.71
2026-09-22,sz,001395,亚联机械,29.8,29.89,30.25,29.67,30.12,1150088,34549882.66
2026-09-22,sz,001396,誉帆科技,32.77,32.74,33.19,32.4,32.67,628022,20470372.61
2026-09-22,sz,001399,惠科股份,24.22,24.3,24.56,23.45,23.52,48863869,1165860349.14
2026-09-22,sz,001400,江顺科技,76.18,76.14,79.98,76.0,76.96,1863509,145052946.25
2026-09-22,sz,001696,宗申动力,15.52,15.58,16.06,15.55,15.91,49129964,781120815.8
2026-09-22,sz,001872,招商港口,23.09,23.1,23.19,22.53,22.91,3213312,73247222.17
2026-09-22,sz,001896,豫能控股,12.13,12.13,12.37,12.02,12.14,66224150,805883636.39
2026-09-22,sz,001914,招商积余,9.17,9.12,9.2,9.0,9.14,8285294,75520280.04
2026-09-22,sz,001965,招商公路,9.7,9.69,9.85,9.59,9.8,14021308,136015190.85
2026-09-22,sz,001979,招商蛇口,7.38,7.29,7.44,7.21,7.27,123348855,900765290.4
2026-09-22,sz,002001,新 和 成,26.76,26.62,26.82,26.4,26.66,14497294,385859911.15
2026-09-22,sz,002003,伟星股份,11.43,11.43,11.5,11.24,11.29,9088204,102823558.74
2026-09-22,sz,002004,华邦健康,4.54,4.53,4.59,4.48,4.51,28916265,130745848.0
2026-09-22,sz,002005,德豪润达,2.64,2.64,2.73,2.6,2.68,39713560,105948037.5
2026-09-22,sz,002006,精工科技,13.53,13.54,13.62,13.44,13.48,4907408,66387882.32
2026-09-22,sz,002007,华兰生物,13.3,13.26,13.4,13.2,13.27,13872490,184614892.4
2026-09-22,sz,002008,大族激光,96.55,98.49,98.8,94.0,94.26,43813673,4220970455.64
2026-09-22,sz,002009,天奇股份,15.81,15.8,15.96,15.58,15.62,6043584,94979101.28
2026-09-22,sz,002010,传化智联,4.59,4.6,4.63,4.57,4.58,10057300,46207560.39
2026-09-22,sz,002011,盾安环境,14.76,14.76,14.98,14.35,14.76,35236133,515812462.49
2026-09-22,sz,002012,凯恩股份,7.4,7.43,7.43,7.2,7.21,8156415,59567484.0
2026-09-22,sz,002014,永新股份,11.0,11.03,11.03,10.93,10.94,1359340,14891105.21
2026-09-22,sz,002015,协鑫能科,16.11,16.04,16.22,15.98,16.06,47704692,766943283.51
2026-09-22,sz,002016,世荣兆业,4.71,4.7,4.85,4.65,4.77,14357922,68013027.55
2026-09-22,sz,002017,东信和平,15.01,15.06,15.37,14.89,14.94,26732290,402308773.54
2026-09-22,sz,002019,亿帆医药,9.63,9.63,9.68,9.56,9.59,6860600,65930626.0
2026-09-22,sz,002020,京新药业,11.75,11.73,11.81,11.61,11.63,9840352,115000204.34
2026-09-22,sz,002021,中捷资源,2.68,2.68,2.7,2.61,2.62,23981443,63320985.76
2026-09-22,sz,002022,科华生物,6.17,5.98,6.3,5.94,6.19,42786569,261160194.08
2026-09-22,sz,002023,海特高新,10.02,9.97,10.42,9.92,10.06,27330763,278641606.14
2026-09-22,sz,002024,ST易购,1.17,1.17,1.18,1.16,1.17,13640600,15925402.0
2026-09-22,sz,002025,航天电器,74.23,75.0,78.0,72.97,73.2,11975552,901356088.68
2026-09-22,sz,002026,山东威达,10.99,11.12,11.18,10.88,11.0,16348423,180353515.73
2026-09-22,sz,002027,分众传媒,4.76,4.77,4.79,4.73,4.75,104901254,499227680.06
2026-09-22,sz,002028,思源电气,138.89,139.02,139.39,127.07,128.4,17239071,2289599759.54
2026-09-22,sz,002029,七 匹 狼,9.16,9.16,9.38,9.06,9.11,32799576,301855672.34
2026-09-22,sz,002030,达安基因,5.62,5.58,5.67,5.53,5.58,23829796,133561054.22
2026-09-22,sz,002031,巨轮智能,5.27,5.23,5.35,5.23,5.28,65448924,345077082.49
2026-09-22,sz,002032,苏 泊 尔,39.25,39.22,39.43,39.05,39.3,1176300,46171398.0
2026-09-22,sz,002033,丽江股份,8.54,8.52,8.52,8.4,8.41,15392530,129841727.74
2026-09-22,sz,002034,旺能环境,14.57,14.57,14.64,14.44,14.5,3982990,57717034.44
2026-09-22,sz,002035,华帝股份,4.67,4.66,4.68,4.6,4.61,11267084,52222063.82
2026-09-22,sz,002036,联创电子,6.33,6.36,6.5,6.33,6.37,27586682,176525579.04
2026-09-22,sz,002037,保利联合,7.04,7.24,7.26,7.01,7.03,7824300,55583482.0
2026-09-22,sz,002038,双鹭药业,5.92,5.89,5.99,5.81,5.91,26357154,155325346.75
2026-09-22,sz,002039,黔源电力,19.35,19.33,19.37,19.14,19.18,3831100,73703069.0
2026-09-22,sz,002040,南 京 港,9.57,9.55,9.55,9.17,9.29,23817790,221137051.0
2026-09-22,sz,002041,登海种业,10.57,10.5,10.67,10.36,10.47,29731321,311521503.47
2026-09-22,sz,002042,华孚时尚,4.22,4.15,4.15,3.98,4.04,102378452,411929902.11
2026-09-22,sz,002043,兔 宝 宝,11.47,11.4,11.53,11.3,11.34,6257647,71131287.45
2026-09-22,sz,002044,美年健康,4.56,4.52,4.64,4.52,4.59,89916649,413230062.39
2026-09-22,sz,002045,国光电器,9.06,9.32,9.63,9.28,9.4,33397456,314244426.9
2026-09-22,sz,002046,国机精工,64.62,65.03,66.95,63.9,64.29,14323206,934144076.66
2026-09-22,sz,002047,宝鹰股份,3.48,3.46,3.48,3.34,3.37,29728600,101388378.0
2026-09-22,sz,002048,宁波华翔,18.99,18.89,19.1,18.54,18.55,10988119,206262169.05
2026-09-22,sz,002049,紫光国微,61.37,61.98,62.69,61.5,61.86,14345997,891236382.4
2026-09-22,sz,002050,三花智控,36.18,36.57,37.25,36.11,36.2,44935292,1642084842.71
2026-09-22,sz,002051,中工国际,9.13,9.1,9.18,8.96,8.99,22857490,206836334.61
2026-09-22,sz,002052,同洲电子,8.56,8.56,8.59,8.45,8.47,4304800,36640181.0
2026-09-22,sz,002053,云南能投,9.72,9.73,9.79,9.52,9.55,5713786,54822247.9
2026-09-22,sz,002054,德美化工,7.19,7.21,7.21,7.11,7.14,6338100,45332384.0
2026-09-22,sz,002055,ST得润,6.96,7.09,7.3,6.95,6.99,27629900,197061110.0
2026-09-22,sz,002056,横店东磁,20.26,20.44,20.68,20.27,20.33,17245207,353265819.92
2026-09-22,sz,002057,中钢天源,9.12,9.15,9.24,9.08,9.13,14139886,129209286.2
2026-09-22,sz,002058,紫竹高科,17.87,17.84,18.19,17.56,17.77,3866500,69063161.0
2026-09-22,sz,002059,云南旅游,4.67,4.62,4.67,4.54,4.59,55631601,255517830.6
2026-09-22,sz,002060,广东建工,3.06,3.05,3.07,3.04,3.05,13183900,40263246.0
2026-09-22,sz,002061,浙江交科,3.37,3.37,3.37,3.33,3.35,12148809,40719284.06
2026-09-22,sz,002062,宏润建设,9.67,9.7,9.76,9.48,9.59,14998795,144270327.0
2026-09-22,sz,002063,远光软件,5.4,5.43,5.47,5.38,5.38,19491708,105761574.92
2026-09-22,sz,002064,华峰化学,10.09,10.12,10.13,9.88,9.94,28675426,285667461.7
2026-09-22,sz,002065,东华软件,6.78,6.84,6.88,6.77,6.8,35795221,244357703.65
2026-09-22,sz,002066,瑞泰科技,20.19,20.12,20.38,20.02,20.3,1983300,40119224.0
2026-09-22,sz,002067,景兴纸业,4.19,4.2,4.21,4.09,4.1,24756229,102492862.79
2026-09-22,sz,002068,黑猫股份,9.88,9.78,10.4,9.63,10.35,99173042,993134323.87
2026-09-22,sz,002069,獐子岛,3.83,3.81,3.81,3.66,3.74,14768225,55006609.0
2026-09-22,sz,002072,凯瑞德,7.24,7.27,7.44,7.2,7.31,9507400,69840555.0
2026-09-22,sz,002073,软控股份,5.75,5.75,5.79,5.73,5.74,8937700,51459317.0
2026-09-22,sz,002074,国轩高科,26.67,27.12,28.64,27.03,27.73,67250517,1875782090.21
2026-09-22,sz,002075,沙钢股份,3.58,3.59,3.62,3.55,3.57,20311896,72777147.39
2026-09-22,sz,002076,星光股份,2.17,2.18,2.18,2.13,2.16,26776343,57731065.88
2026-09-22,sz,002077,大港股份,14.42,14.66,14.7,14.04,14.09,52912473,759259522.86
2026-09-22,sz,002078,太阳纸业,13.9,13.88,13.94,13.63,13.68,19766230,272407601.88
2026-09-22,sz,002079,苏州固锝,9.18,9.26,9.3,9.03,9.06,25737132,235506628.35
2026-09-22,sz,002080,中材科技,66.24,65.96,66.24,61.83,62.5,112935163,7201891929.22
2026-09-22,sz,002081,金 螳 螂,5.16,5.08,5.34,5.02,5.23,282402406,1473346795.16
2026-09-22,sz,002082,ST万邦,10.11,10.08,11.12,9.95,11.12,19121200,205984936.6
2026-09-22,sz,002083,孚日股份,9.77,9.82,9.96,9.74,9.83,29983600,295026578.0
2026-09-22,sz,002084,海鸥住工,6.12,6.13,6.67,5.89,6.4,152337351,953629021.86
2026-09-22,sz,002085,万丰奥威,9.49,9.55,9.75,9.54,9.63,27237564,263006117.9
2026-09-22,sz,002086,东方海洋,2.1,2.1,2.11,2.05,2.07,54110914,112275545.12
2026-09-22,sz,002088,鲁阳节能,8.15,8.18,8.25,8.11,8.13,2109400,17226357.0
2026-09-22,sz,002090,金智科技,9.2,9.2,9.3,9.12,9.17,5176657,47581551.39
2026-09-22,sz,002091,江苏国泰,7.59,7.61,7.68,7.55,7.55,8389300,63856373.0
2026-09-22,sz,002092,中泰化学,4.59,4.58,4.58,4.49,4.52,35375900,160107661.0
2026-09-22,sz,002093,国脉科技,7.45,7.43,7.88,7.34,7.75,54348419,417405525.83
2026-09-22,sz,002094,青岛金王,5.49,5.49,5.5,5.31,5.38,46967986,252879210.68
2026-09-22,sz,002095,生 意 宝,16.2,16.03,16.65,15.91,16.22,15084132,245195209.22
2026-09-22,sz,002096,易普力,9.4,9.37,9.52,9.34,9.38,4825925,45466378.5
2026-09-22,sz,002097,山河智能,7.1,7.12,7.17,7.06,7.13,18310293,130531932.88
2026-09-22,sz,002098,浔兴股份,8.31,8.29,8.32,8.16,8.24,4483418,36889272.0
2026-09-22,sz,002099,海翔药业,5.5,5.5,5.75,5.46,5.63,31008932,175279118.08
2026-09-22,sz,002100,天康生物,7.93,7.92,8.01,7.76,7.85,18066613,141902897.79
2026-09-22,sz,002101,广东鸿图,8.83,8.86,8.9,8.71,8.73,3226507,28310171.11
2026-09-22,sz,002102,ST能特,2.83,2.83,2.83,2.76,2.76,11954800,33307365.0
2026-09-22,sz,002103,广博股份,6.6,6.65,7.2,6.58,6.9,22755842,157622215.86
2026-09-22,sz,002104,恒宝股份,11.8,11.86,12.1,11.63,11.68,75230768,889588485.13
2026-09-22,sz,002105,信隆健康,6.08,6.07,6.25,5.98,6.09,10566763,64403703.86
2026-09-22,sz,002106,莱宝高科,12.45,12.5,13.42,12.23,13.23,57100475,734793188.87
2026-09-22,sz,002107,沃华医药,7.24,7.23,7.44,7.14,7.33,30146092,220062212.76
2026-09-22,sz,002108,沧州明珠,4.44,4.44,4.48,4.38,4.39,17020010,75168840.17
2026-09-22,sz,002109,ST兴化,2.82,2.85,2.85,2.8,2.81,3931700,11071404.0
2026-09-22,sz,002110,三钢闽光,2.94,2.95,2.97,2.89,2.9,25306300,73897528.0
2026-09-22,sz,002111,威海广泰,9.46,9.46,9.58,9.41,9.45,6570684,62160200.3
2026-09-22,sz,002112,三变科技,14.68,14.75,14.81,14.55,14.6,8795899,129094237.94
2026-09-22,sz,002114,罗平锌电,7.35,7.35,7.45,7.31,7.37,4762405,35108419.8
2026-09-22,sz,002115,三维通信,10.14,10.19,10.33,10.15,10.22,41401385,423938950.4
2026-09-22,sz,002116,中国海诚,7.25,7.25,7.29,7.18,7.2,3057520,22095930.0
2026-09-22,sz,002117,东港股份,7.88,7.9,8.11,7.85,8.0,9019277,72471009.25
2026-09-22,sz,002119,康强电子,24.76,25.22,25.32,24.34,24.47,35544822,883703613.4
2026-09-22,sz,002120,韵达股份,7.06,7.02,7.1,6.86,6.87,42786351,297196006.3
2026-09-22,sz,002121,科陆电子,4.59,4.53,4.55,4.38,4.39,60591547,269269890.12
2026-09-22,sz,002122,ST汇洲,2.8,2.81,2.81,2.77,2.78,6651301,18562321.78
2026-09-22,sz,002123,梦网科技,8.02,8.1,8.55,8.03,8.31,51525156,428544057.81
2026-09-22,sz,002124,天邦食品,2.3,2.15,2.22,2.11,2.17,226847059,490122152.38
2026-09-22,sz,002125,湘潭电化,12.24,12.24,12.38,12.19,12.23,8164300,100190822.0
2026-09-22,sz,002126,银轮股份,39.1,39.14,39.6,38.47,38.54,13671905,532287992.23
2026-09-22,sz,002127,南极电商,3.04,3.04,3.09,3.02,3.05,44807300,136947411.0
2026-09-22,sz,002128,电投能源,27.5,27.5,28.25,27.38,28.24,12245336,341373093.43
2026-09-22,sz,002129,TCL中环,9.02,9.08,9.74,9.05,9.61,218824616,2094824200.1
2026-09-22,sz,002130,沃尔核材,17.18,17.25,17.34,16.81,16.84,33926642,578234962.56
2026-09-22,sz,002131,利欧股份,4.51,4.59,4.71,4.54,4.66,447623484,2069428768.66
2026-09-22,sz,002132,恒星科技,4.3,4.31,4.33,4.18,4.21,48793050,207083942.0
2026-09-22,sz,002133,广宇集团,2.92,2.93,2.93,2.82,2.89,20751001,59761286.85
2026-09-22,sz,002134,天津普林,26.72,27.11,27.46,26.61,26.95,21185076,571560998.97
2026-09-22,sz,002135,东南网架,6.11,6.15,6.21,6.01,6.18,16080677,98194550.55
2026-09-22,sz,002136,安 纳 达,12.02,12.03,12.15,11.83,11.87,4291820,51331085.2
2026-09-22,sz,002137,实益达,8.6,8.59,8.69,8.45,8.5,47714401,408596025.56
2026-09-22,sz,002138,顺络电子,53.37,54.5,55.86,53.68,54.35,36745964,2011332273.04
2026-09-22,sz,002139,拓邦股份,9.7,9.77,9.84,9.63,9.64,12541878,122132293.09
2026-09-22,sz,002140,东华科技,9.69,9.59,9.63,9.44,9.48,7652949,72720618.97
2026-09-22,sz,002141,贤丰控股,6.75,6.82,7.43,6.79,7.43,278841683,2052062959.73
2026-09-22,sz,002142,宁波银行,34.89,34.72,34.89,34.26,34.72,19322897,668002304.47
2026-09-22,sz,002144,宏达高科,10.81,10.82,11.04,10.75,10.9,3440300,37503087.09
2026-09-22,sz,002145,钛能化学,4.85,4.85,4.89,4.69,4.7,96441495,460825746.4
2026-09-22,sz,002146,荣盛发展,1.26,1.24,1.28,1.23,1.24,191712997,238949373.31
2026-09-22,sz,002148,北纬科技,6.34,6.36,6.64,6.35,6.62,22480380,146474568.6
2026-09-22,sz,002149,西部材料,34.0,34.3,34.48,33.5,33.59,13922475,472187303.82
2026-09-22,sz,002150,正泰电源,21.18,21.55,21.98,21.2,21.7,6632900,142926123.8
2026-09-22,sz,002151,北斗星通,29.21,29.5,30.52,29.12,29.75,33135997,990185654.37
2026-09-22,sz,002152,广电运通,9.34,9.4,9.48,9.32,9.33,18295645,171815623.61
2026-09-22,sz,002153,石基信息,7.75,7.93,8.18,7.81,7.91,32241500,257366240.26
2026-09-22,sz,002154,报 喜 鸟,3.89,3.88,3.89,3.83,3.85,21641457,83347944.31
2026-09-22,sz,002155,湖南黄金,25.29,25.26,25.45,24.95,25.0,40977866,1031736828.13
2026-09-22,sz,002156,通富微电,61.18,64.5,66.07,62.83,63.52,141968586,9152312879.52
2026-09-22,sz,002157,正邦科技,3.06,3.06,3.08,3.01,3.01,116700351,352990408.68
2026-09-22,sz,002158,汉钟精机,28.55,28.96,29.08,27.93,28.06,7899320,224641907.62
2026-09-22,sz,002159,三特索道,13.8,13.75,13.75,13.38,13.52,3731900,50311850.0
2026-09-22,sz,002160,常铝股份,3.96,3.96,3.97,3.91,3.92,13567900,53488906.0
2026-09-22,sz,002161,远 望 谷,7.16,7.17,7.28,6.91,6.93,57300026,403419503.26
2026-09-22,sz,002162,悦心健康,4.28,4.3,4.35,4.17,4.21,35867898,151443565.64
2026-09-22,sz,002163,海南发展,8.07,8.01,8.11,7.82,7.92,29744119,236427848.75
2026-09-22,sz,002164,宁波东力,11.1,11.35,12.21,11.34,11.74,62752395,755696440.54
2026-09-22,sz,002165,红 宝 丽,7.34,7.33,7.58,7.19,7.38,91586135,674053090.15
2026-09-22,sz,002166,莱茵生物,6.82,6.83,6.87,6.71,6.78,7787839,52846055.02
2026-09-22,sz,002167,东方锆业,16.76,16.84,17.18,16.43,16.59,49436569,824419023.39
2026-09-22,sz,002168,ST惠程,3.66,3.66,3.72,3.62,3.69,5708220,21007919.8
2026-09-22,sz,002169,智光电气,14.9,15.1,15.28,14.26,14.49,49448387,722690402.12
2026-09-22,sz,002170,芭田股份,10.98,10.98,10.98,10.77,10.82,17167477,186816484.14
2026-09-22,sz,002171,楚江新材,10.82,10.9,10.9,10.58,10.62,49729396,534038553.48
2026-09-22,sz,002172,澳洋健康,5.81,5.99,6.27,5.55,5.6,256762563,1497682372.57
2026-09-22,sz,002173,创新医疗,18.6,18.4,18.8,18.35,18.68,34185309,634468832.01
2026-09-22,sz,002174,游族网络,14.57,14.68,14.82,14.31,14.4,34894126,505964343.58
2026-09-22,sz,002175,*ST东智,2.54,2.54,2.56,2.53,2.55,10105096,25724523.8
2026-09-22,sz,002176,江特电机,8.56,8.57,8.67,8.56,8.6,30817543,265129603.48
2026-09-22,sz,002177,御银股份,5.79,5.8,5.86,5.73,5.75,17112322,98712594.23
2026-09-22,sz,002178,延华智能,5.08,5.25,5.59,5.13,5.59,124856674,678728952.75
2026-09-22,sz,002179,中航光电,35.63,36.0,36.25,35.11,35.18,16746064,595116581.39
2026-09-22,sz,002180,奔图科技,17.45,17.5,18.13,17.48,17.72,22731328,403639834.31
2026-09-22,sz,002181,粤 传 媒,9.53,9.61,9.96,9.55,9.72,74056866,720960425.23
2026-09-22,sz,002182,宝武镁业,11.67,11.72,11.82,11.58,11.63,8638138,101131644.82
2026-09-22,sz,002183,怡 亚 通,4.37,4.42,4.54,4.38,4.42,61625071,274120734.3
2026-09-22,sz,002184,海得控制,10.04,10.01,10.07,9.93,9.98,4585182,45873387.09
2026-09-22,sz,002185,华天科技,18.55,18.91,18.95,18.16,18.28,405446799,7497138002.95
2026-09-22,sz,002186,全 聚 德,9.63,9.6,9.66,9.44,9.57,4100705,39215159.8
2026-09-22,sz,002187,广百股份,5.72,5.73,5.73,5.58,5.61,10996340,61979411.4
2026-09-22,sz,002188,中天服务,5.6,5.56,5.65,5.48,5.61,9085042,50758688.67
2026-09-22,sz,002189,中光学,19.41,19.6,19.61,19.27,19.33,1624301,31494120.33
2026-09-22,sz,002190,成飞集成,24.5,24.49,24.59,24.12,24.29,5425311,131869330.24
2026-09-22,sz,002191,劲嘉股份,3.66,3.67,3.73,3.64,3.67,12712920,46814658.8
2026-09-22,sz,002192,融捷股份,62.28,61.95,63.4,61.7,62.69,10820099,678433292.7
2026-09-22,sz,002193,ST如意,4.67,4.7,4.7,4.59,4.66,3349010,15537726.3
2026-09-22,sz,002194,武汉凡谷,11.18,11.3,11.36,10.9,10.97,32032751,353362474.26
2026-09-22,sz,002195,岩山科技,6.22,6.25,6.28,6.18,6.21,76176141,474209884.52
2026-09-22,sz,002196,方正电机,10.34,10.34,10.47,10.18,10.21,15970300,163956425.0
2026-09-22,sz,002197,证通电子,6.7,6.74,6.83,6.64,6.73,19855720,133754240.6
2026-09-22,sz,002198,ST嘉应,3.72,3.74,3.74,3.64,3.7,4774900,17544469.98
2026-09-22,sz,002199,东晶电子,13.05,13.31,13.6,12.64,12.79,12719601,164497627.71
2026-09-22,sz,002200,交投生态,6.57,6.6,6.64,6.45,6.57,4149900,27215338.0
2026-09-22,sz,002201,九鼎新材,10.85,10.85,10.97,10.45,10.52,58100761,619522905.63
2026-09-22,sz,002202,金风科技,18.13,18.18,18.24,17.92,17.97,64851329,1171776580.93
2026-09-22,sz,002203,海亮股份,18.24,18.46,18.66,18.11,18.15,18937349,348013455.35
2026-09-22,sz,002204,大连重工,5.56,5.55,5.55,5.42,5.45,41336116,225943716.02
2026-09-22,sz,002205,国统股份,10.68,10.7,11.19,10.54,10.87,4086001,44515930.06
2026-09-22,sz,002206,海 利 得,5.01,5.03,5.04,4.96,4.97,6029900,30077700.0
2026-09-22,sz,002207,*ST准油,5.62,5.61,5.63,5.54,5.55,4693000,26126718.0
2026-09-22,sz,002208,合肥城建,10.38,10.39,10.61,10.27,10.42,30573147,318107530.14
2026-09-22,sz,002209,达 意 隆,13.43,13.44,13.67,13.25,13.46,3613800,48616824.0
2026-09-22,sz,002210,飞马国际,2.2,2.2,2.2,2.15,2.16,57110924,123863303.84
2026-09-22,sz,002211,ST宏达,3.82,3.83,3.84,3.79,3.82,3661600,13950716.0
2026-09-22,sz,002212,天融信,7.28,7.33,7.54,7.16,7.32,139475572,1018775983.74
2026-09-22,sz,002213,大为股份,29.58,29.9,29.98,28.96,29.09,13405458,394304387.07
2026-09-22,sz,002214,大立科技,18.82,18.86,19.19,18.51,18.63,8162330,153541385.06
2026-09-22,sz,002215,诺 普 信,10.04,10.1,10.13,9.74,9.8,31024533,305816502.41
2026-09-22,sz,002216,三全食品,11.75,11.76,11.78,11.68,11.7,2592511,30382658.82
2026-09-22,sz,002217,ST合力泰,1.65,1.66,1.68,1.61,1.61,158447600,259484989.0
2026-09-22,sz,002218,拓日新能,4.32,4.32,4.32,4.13,4.17,79847915,334524049.39
2026-09-22,sz,002219,新里程,2.18,2.18,2.19,2.13,2.16,91740200,197899519.0
2026-09-22,sz,002221,东华能源,5.82,5.8,5.83,5.71,5.75,11793533,67859815.42
2026-09-22,sz,002222,福晶科技,69.76,70.8,72.68,69.82,71.15,34083992,2435680252.27
2026-09-22,sz,002223,鱼跃医疗,26.37,26.3,26.62,26.25,26.57,7131412,188656658.28
2026-09-22,sz,002224,三 力 士,3.8,3.83,3.84,3.74,3.78,10397600,39184721.0
2026-09-22,sz,002225,濮耐股份,3.55,3.53,3.57,3.52,3.57,19620178,69608262.56
2026-09-22,sz,002226,江南化工,5.34,5.36,5.57,5.31,5.45,49265931,268946319.53
2026-09-22,sz,002227,*ST特迅,6.54,6.55,6.58,6.46,6.46,1168300,7613229.0
2026-09-22,sz,002228,合兴包装,3.23,3.24,3.26,3.2,3.23,16199800,52330412.0
2026-09-22,sz,002229,鸿博股份,11.11,11.25,11.25,11.02,11.14,25663136,285590715.29
2026-09-22,sz,002230,科大讯飞,38.81,38.99,39.37,38.93,39.12,22774049,892220511.71
2026-09-22,sz,002232,启明信息,15.75,15.91,16.07,15.5,15.62,16105225,253525327.03
2026-09-22,sz,002233,塔牌集团,7.13,7.13,7.15,7.1,7.14,12924797,92159771.6
2026-09-22,sz,002234,民和股份,7.95,7.95,8.02,7.78,7.94,4450821,35180187.64
2026-09-22,sz,002235,安妮股份,8.12,8.12,8.22,8.02,8.08,20295811,164836853.99
2026-09-22,sz,002236,大华股份,15.82,15.88,15.98,15.85,15.89,19653426,312714941.03
2026-09-22,sz,002237,恒邦股份,13.74,13.74,13.79,13.54,13.59,16300035,222958698.48
2026-09-22,sz,002238,天威视讯,6.33,6.35,6.96,6.3,6.96,10915551,73660722.96
2026-09-22,sz,002239,奥特佳,2.52,2.54,2.56,2.5,2.51,49878258,126011431.51
2026-09-22,sz,002240,盛新锂能,27.46,27.4,27.69,27.34,27.45,20187905,554905394.28
2026-09-22,sz,002241,歌尔股份,23.8,25.0,25.48,24.0,24.64,237107653,5880964312.85
2026-09-22,sz,002242,九阳股份,9.5,9.44,9.68,9.28,9.54,19343119,182972718.16
2026-09-22,sz,002243,力合科创,7.13,7.15,7.23,7.13,7.15,8464910,60673132.5
2026-09-22,sz,002244,滨江集团,8.79,8.75,8.8,8.51,8.75,58444740,507673495.32
2026-09-22,sz,002245,蔚蓝锂芯,17.54,17.76,17.96,16.8,16.87,80279999,1383633580.16
2026-09-22,sz,002246,北化股份,26.27,26.76,28.12,26.21,27.33,57252817,1561712853.44
2026-09-22,sz,002247,聚力文化,2.48,2.48,2.49,2.41,2.46,22054600,54011597.0
2026-09-22,sz,002248,华东数控,9.74,9.8,9.82,9.53,9.6,18479978,178245801.72
2026-09-22,sz,002249,大洋电机,6.55,6.55,6.58,6.48,6.5,27703581,180773941.5
2026-09-22,sz,002250,联化科技,14.51,14.6,14.64,14.38,14.45,7221436,104465314.12
2026-09-22,sz,002251,步步高,3.59,3.58,3.61,3.51,3.56,76856271,273332631.99
2026-09-22,sz,002252,上海莱士,5.0,4.99,5.02,4.96,4.98,29170738,145605092.24
2026-09-22,sz,002253,川大智胜,9.91,9.94,10.42,9.91,10.27,8877265,90977955.55
2026-09-22,sz,002254,泰和新材,12.72,12.74,12.8,12.51,12.57,13452991,170312751.16
2026-09-22,sz,002255,海陆重工,7.71,7.71,7.77,7.64,7.65,6680100,51393933.07
2026-09-22,sz,002256,兆新股份,3.28,3.28,3.29,3.23,3.25,29637719,96480281.13
2026-09-22,sz,002258,利尔化学,14.96,14.96,15.15,14.79,14.86,16787360,250679960.8
2026-09-22,sz,002259,升达林业,4.52,4.67,4.97,4.67,4.97,62528337,305286212.46
2026-09-22,sz,002261,拓维信息,25.94,26.2,26.3,25.82,25.88,43595279,1134452839.48
2026-09-22,sz,002262,恩华药业,21.85,21.9,21.97,21.79,21.84,4121600,90145430.0
2026-09-22,sz,002263,大东南,3.28,3.27,3.28,3.18,3.2,60694594,194942281.86
2026-09-22,sz,002264,新 华 都,7.66,7.7,8.43,7.58,7.97,111031403,883726860.38
2026-09-22,sz,002265,建设工业,20.44,20.44,20.46,19.78,19.79,16720075,333913046.24
2026-09-22,sz,002266,浙富控股,5.05,5.05,5.08,4.97,4.99,56275420,283199934.8
2026-09-22,sz,002267,陕天然气,7.19,7.2,7.22,7.13,7.18,4911600,35232514.0
2026-09-22,sz,002268,电科网安,14.93,15.0,15.27,14.91,15.11,19689433,297346302.67
2026-09-22,sz,002269,美邦服饰,1.45,1.46,1.46,1.39,1.42,74345000,105383754.0
2026-09-22,sz,002270,华明装备,18.38,18.43,18.58,18.22,18.23,8378867,153755177.91
2026-09-22,sz,002271,东方雨虹,10.73,10.68,10.8,10.54,10.72,40659064,436035713.64
2026-09-22,sz,002272,川润股份,16.64,16.82,17.12,16.28,16.42,25564729,427790105.05
2026-09-22,sz,002273,水晶光电,25.61,26.07,26.64,25.75,25.85,35891210,938526383.21
2026-09-22,sz,002274,华昌化工,6.26,6.25,6.26,6.11,6.18,31023726,191006931.48
2026-09-22,sz,002275,桂林三金,12.35,12.34,12.35,12.24,12.28,1377598,16921109.66
2026-09-22,sz,002276,万马股份,10.16,10.19,10.24,10.0,10.02,11811938,119215058.38
2026-09-22,sz,002277,友阿股份,5.55,5.52,5.55,5.44,5.45,18910896,103520558.16
2026-09-22,sz,002278,神开股份,8.1,8.15,8.15,7.98,8.04,6580000,52833637.0
2026-09-22,sz,002279,久其软件,6.86,6.97,7.26,6.88,7.01,54245507,380954816.9
2026-09-22,sz,002281,光迅科技,193.76,196.19,196.7,189.71,190.37,29909363,5767091734.99
2026-09-22,sz,002282,博深股份,6.11,6.11,6.13,6.07,6.1,2902601,17703534.17
2026-09-22,sz,002283,天润工业,8.18,8.2,8.25,8.08,8.11,11689418,95125740.7
2026-09-22,sz,002284,亚太股份,9.9,9.9,9.95,9.76,9.81,13521032,132857839.54
2026-09-22,sz,002285,世联行,3.18,3.15,3.44,3.08,3.2,346816518,1118683705.92
2026-09-22,sz,002286,保龄宝,7.95,7.95,7.96,7.81,7.95,16415900,129425391.0
2026-09-22,sz,002287,奇正藏药,19.9,19.9,20.03,19.76,19.94,1378453,27445347.74
2026-09-22,sz,002289,宇顺电子,36.61,37.33,37.87,36.67,36.81,5435115,202502271.75
2026-09-22,sz,002290,禾盛新材,70.77,77.85,77.85,77.85,77.85,3472776,270355611.6
2026-09-22,sz,002291,遥望科技,5.64,5.71,5.76,5.61,5.71,38814599,221038050.51
2026-09-22,sz,002292,奥飞娱乐,9.08,9.08,9.2,9.04,9.13,46809300,426838647.0
2026-09-22,sz,002293,罗莱生活,10.86,10.86,10.91,10.69,10.75,2953634,31843476.03
2026-09-22,sz,002294,信立泰,31.39,31.4,31.55,31.03,31.18,10155519,317409401.71
2026-09-22,sz,002295,精艺股份,10.29,10.4,10.65,10.22,10.49,12991871,135733811.09
2026-09-22,sz,002296,辉煌科技,9.54,9.56,9.59,9.43,9.48,8216317,77825750.16
2026-09-22,sz,002297,博云新材,22.68,22.66,22.82,21.8,21.86,72623090,1612744594.74
2026-09-22,sz,002298,中电鑫龙,9.2,9.16,9.24,8.92,8.97,65911974,595052189.17
2026-09-22,sz,002299,圣农发展,16.15,16.07,16.28,15.91,16.12,6274241,100945871.51
2026-09-22,sz,002300,太阳电缆,8.72,8.41,8.53,8.22,8.31,90984715,759388058.49
2026-09-22,sz,002301,齐心集团,8.43,8.45,9.27,8.38,9.27,27481654,247296627.61
2026-09-22,sz,002302,西部建设,4.75,4.75,4.77,4.69,4.71,4093560,19291893.6
2026-09-22,sz,002303,美盈森,6.27,6.9,6.9,6.73,6.9,65295090,450105653.45
2026-09-22,sz,002304,洋河股份,38.4,38.4,38.61,38.18,38.35,3404624,130763155.39
2026-09-22,sz,002305,*ST南置,2.04,2.04,2.04,2.02,2.04,10635700,21600670.0
2026-09-22,sz,002306,ST云网,2.24,2.24,2.25,2.2,2.22,6966810,15426600.0
2026-09-22,sz,002307,北新路桥,3.05,3.04,3.06,3.0,3.02,29765420,90085658.19
2026-09-22,sz,002309,中利集团,2.98,3.01,3.02,2.95,2.96,65130296,193639944.16
2026-09-22,sz,002310,东方新能,2.31,2.31,2.32,2.27,2.28,77044700,176204138.0
2026-09-22,sz,002311,海大集团,42.42,42.19,42.28,41.81,42.1,7429139,312447345.95
2026-09-22,sz,002312,川发龙蟒,8.65,8.65,8.71,8.57,8.65,27576852,238103043.64
2026-09-22,sz,002313,日海智能,8.45,8.48,9.3,8.41,9.3,18141995,165603336.5
2026-09-22,sz,002314,南山控股,2.32,2.32,2.36,2.27,2.32,34365200,79435077.0
2026-09-22,sz,002315,焦点科技,24.2,24.59,26.59,24.59,25.87,20422955,522529444.56
2026-09-22,sz,002316,亚联发展,4.36,4.41,4.44,4.32,4.38,15766800,69228313.0
2026-09-22,sz,002317,众生药业,25.46,25.64,26.5,25.47,25.51,30826134,798563957.12
2026-09-22,sz,002318,久立特材,18.48,18.62,18.62,18.2,18.24,4161427,76247156.18
2026-09-22,sz,002319,乐通股份,10.14,10.25,10.34,10.13,10.17,8707900,89059953.0
2026-09-22,sz,002320,海峡股份,6.76,6.76,6.76,6.64,6.67,27733722,185210042.52
2026-09-22,sz,002321,华英农业,2.3,2.15,2.4,2.15,2.22,215118655,476485746.74
2026-09-22,sz,002322,理工能科,12.15,12.15,12.24,12.06,12.14,4434092,53760147.62
2026-09-22,sz,002323,*ST雅博,1.26,1.25,1.29,1.25,1.27,45872712,58107591.24
2026-09-22,sz,002324,普利特,9.21,9.22,9.28,9.08,9.19,18115300,166035738.0
2026-09-22,sz,002326,永太科技,17.3,17.3,17.44,17.13,17.18,16636675,287284407.8
2026-09-22,sz,002327,富安娜,6.14,6.14,6.15,6.1,6.12,2873600,17611275.0
2026-09-22,sz,002328,新朋股份,8.5,8.6,9.17,8.5,8.77,104979675,919992167.92
2026-09-22,sz,002329,皇氏集团,3.64,3.63,3.74,3.57,3.7,27700216,101449893.03
2026-09-22,sz,002330,得利斯,4.12,4.12,4.17,4.03,4.13,11771200,48204522.0
2026-09-22,sz,002331,皖通科技,6.77,6.77,6.92,6.74,6.9,8142183,55863522.04
2026-09-22,sz,002332,仙琚制药,8.66,8.65,8.78,8.62,8.74,15353456,133642266.44
2026-09-22,sz,002333,罗普斯金,5.39,5.39,5.73,5.36,5.62,19618802,109890834.26
2026-09-22,sz,002334,英威腾,6.59,6.6,6.66,6.57,6.59,8176200,54078000.0
2026-09-22,sz,002335,科华数据,29.6,29.99,31.35,29.9,30.26,29251103,890775673.51
2026-09-22,sz,002337,赛象科技,4.77,4.8,4.84,4.73,4.77,6344195,30225290.15
2026-09-22,sz,002338,奥普光电,42.6,42.97,45.53,42.97,45.15,9058996,403120151.44
2026-09-22,sz,002339,积成电子,7.99,7.99,7.99,7.75,7.8,35733805,279892268.9
2026-09-22,sz,002340,格林美,6.25,6.26,6.29,6.24,6.26,46011204,288240357.0
2026-09-22,sz,002342,巨力索具,8.06,8.1,8.12,7.83,7.86,37614309,298154319.58
2026-09-22,sz,002343,慈文传媒,5.73,5.71,5.9,5.66,5.86,19466441,113203590.13
2026-09-22,sz,002344,海宁皮城,4.08,4.08,4.1,3.98,4.01,9336997,37579326.06
2026-09-22,sz,002345,潮宏基,8.98,8.99,9.02,8.88,8.9,11491033,102819968.01
2026-09-22,sz,002346,柘中股份,19.16,19.3,19.59,19.0,19.08,8667207,166858186.7
2026-09-22,sz,002347,泰尔股份,5.94,5.92,5.99,5.87,5.9,11258203,66562360.67
2026-09-22,sz,002348,高乐股份,10.93,11.0,11.13,10.88,10.95,12668200,139031941.0
2026-09-22,sz,002349,精华制药,8.71,8.99,9.0,8.68,8.74,129543371,1142536971.26
2026-09-22,sz,002350,北京科锐,14.38,14.39,14.47,13.98,14.11,8182899,116117847.39
2026-09-22,sz,002351,漫步者,10.15,10.17,10.29,10.13,10.18,7318749,74805321.27
2026-09-22,sz,002352,顺丰控股,30.94,30.9,31.05,30.88,30.94,11035514,341592212.89
2026-09-22,sz,002353,杰瑞股份,124.7,125.01,126.0,118.22,118.92,16210105,1970691543.76
2026-09-22,sz,002354,天娱数科,7.92,7.93,8.27,7.86,8.11,320477813,2580326205.12
2026-09-22,sz,002355,兴民智通,4.68,4.71,4.76,4.65,4.75,11346354,53543481.96
2026-09-22,sz,002356,鹏飞绿能,2.79,2.79,2.81,2.72,2.74,18727300,51352889.0
2026-09-22,sz,002357,富临运业,12.09,12.37,12.45,12.11,12.15,8738100,107107391.0
2026-09-22,sz,002358,森源电气,5.4,5.42,5.42,5.31,5.33,11928700,63891274.0
2026-09-22,sz,002360,ST同德,5.51,5.48,5.57,5.34,5.39,7393493,39881694.17
2026-09-22,sz,002361,神剑股份,10.64,10.74,10.75,10.35,10.42,55057180,578392957.71
2026-09-22,sz,002362,汉王科技,16.7,16.66,16.79,16.43,16.53,8200304,136096844.04
2026-09-22,sz,002363,隆基机械,6.88,6.89,6.92,6.81,6.85,2991319,20527721.57
2026-09-22,sz,002364,中恒电气,36.05,36.33,37.68,36.32,36.6,31474401,1161983878.6
2026-09-22,sz,002365,永安药业,14.67,14.69,14.7,14.24,14.43,18157051,262149158.93
2026-09-22,sz,002366,融发核电,5.75,5.76,5.85,5.73,5.78,33175395,191929872.29
2026-09-22,sz,002367,康力电梯,6.28,6.3,6.39,6.01,6.05,55689767,342567790.17
2026-09-22,sz,002368,太极股份,13.23,13.33,13.55,13.33,13.41,8596536,115535829.54
2026-09-22,sz,002369,卓翼科技,5.77,5.78,5.81,5.7,5.78,9795100,56358144.76
2026-09-22,sz,002370,亚太药业,5.44,5.44,5.45,5.33,5.39,19690080,106056234.0
2026-09-22,sz,002371,北方华创,676.61,689.61,690.0,671.0,672.92,4756304,3244317116.24
2026-09-22,sz,002372,伟星新材,8.19,8.18,8.25,8.13,8.18,5700587,46683689.05
2026-09-22,sz,002373,千方科技,7.42,7.47,7.55,7.44,7.49,12459578,93500483.94
2026-09-22,sz,002374,中锐股份,3.19,3.19,3.22,3.12,3.18,21815300,69214819.0
2026-09-22,sz,002375,亚厦股份,3.89,3.87,3.89,3.79,3.81,16709519,63981106.39
2026-09-22,sz,002376,新北洋,6.72,6.71,6.86,6.69,6.82,11682900,79464564.27
2026-09-22,sz,002377,国创高新,3.13,3.12,3.12,3.04,3.05,62084320,190172057.2
2026-09-22,sz,002378,章源钨业,23.7,23.74,24.1,23.5,23.6,21850897,519982316.43
2026-09-22,sz,002379,宏桥控股,16.98,16.98,17.23,16.76,17.1,23386749,398375567.61
2026-09-22,sz,002380,科远智慧,27.35,27.66,27.75,27.25,27.51,3730100,102668454.0
2026-09-22,sz,002381,双箭股份,5.61,5.61,5.65,5.54,5.59,3723772,20776066.76
2026-09-22,sz,002382,蓝帆医疗,6.0,5.97,6.01,5.89,5.96,11563503,68661644.82
2026-09-22,sz,002383,合众思壮,8.12,8.06,8.31,7.91,8.21,44212738,358894669.48
2026-09-22,sz,002384,东山精密,195.02,200.04,208.5,196.71,198.12,79292010,16105978073.26
2026-09-22,sz,002385,大北农,3.26,3.24,3.26,3.18,3.2,82217460,263715319.35
2026-09-22,sz,002386,天原股份,6.14,6.12,6.16,6.07,6.09,13915144,85017300.44
2026-09-22,sz,002387,维信诺,7.08,7.11,7.13,6.98,7.0,9316625,65652341.44
2026-09-22,sz,002388,新亚制程,7.95,8.46,8.67,7.8,7.95,106208000,866142963.2
2026-09-22,sz,002389,航天彩虹,19.23,19.19,19.31,18.86,18.94,15801691,299920941.13
2026-09-22,sz,002390,信邦制药,3.05,3.04,3.06,3.0,3.02,23777700,72101392.0
2026-09-22,sz,002391,长青股份,5.29,5.27,5.29,5.2,5.26,5669200,29704006.0
2026-09-22,sz,002392,北京利尔,7.86,7.9,7.92,7.7,7.72,9899500,77054527.0
2026-09-22,sz,002393,力生制药,14.07,14.07,14.16,13.95,14.01,1907533,26775609.6
2026-09-22,sz,002394,联发股份,10.32,10.32,10.46,10.3,10.41,3587400,37293889.0
2026-09-22,sz,002395,双象股份,12.62,12.6,12.69,12.52,12.64,2479658,31250819.92
2026-09-22,sz,002396,星网锐捷,37.74,38.3,39.08,37.48,37.72,89518643,3417895276.69
2026-09-22,sz,002397,梦洁股份,3.73,3.73,3.75,3.63,3.65,18355900,67185484.0
2026-09-22,sz,002398,垒知集团,4.24,4.26,4.26,4.18,4.23,12402700,52398781.0
2026-09-22,sz,002399,海普瑞,9.8,9.79,9.86,9.63,9.75,3896500,37996473.0
2026-09-22,sz,002400,省广集团,6.64,6.81,6.9,6.69,6.76,102975765,699893944.14
2026-09-22,sz,002401,中远海科,12.27,12.28,12.38,12.24,12.28,2258040,27771699.75
2026-09-22,sz,002402,和而泰,19.05,19.18,19.24,18.91,18.96,16104500,307388954.97
2026-09-22,sz,002403,爱仕达,10.14,10.08,10.47,10.03,10.38,19603824,201560849.66
2026-09-22,sz,002404,嘉欣丝绸,5.95,5.93,6.01,5.87,5.91,7114302,42113560.86
2026-09-22,sz,002405,四维图新,6.07,6.13,6.23,6.11,6.14,33028338,203488258.73
2026-09-22,sz,002406,远东传动,6.55,6.56,6.61,6.43,6.44,13266900,86194676.0
2026-09-22,sz,002407,多氟多,32.99,33.11,33.4,32.51,32.65,57575926,1899159419.92
2026-09-22,sz,002408,齐翔腾达,5.48,5.48,5.5,5.36,5.37,16706760,90197993.53
2026-09-22,sz,002409,雅克科技,137.08,140.0,141.0,134.89,135.5,17905972,2478690623.47
2026-09-22,sz,002410,广联达,8.6,8.65,8.72,8.62,8.62,15586901,135030773.42
2026-09-22,sz,002412,汉森制药,9.62,9.54,9.87,9.32,9.7,80077256,771274767.39
2026-09-22,sz,002413,雷科防务,8.35,8.37,8.42,8.26,8.3,34449643,287313336.56
2026-09-22,sz,002414,高德红外,12.28,12.36,12.38,12.2,12.23,45494259,558450346.42
2026-09-22,sz,002415,海康威视,32.58,32.84,33.32,32.81,33.18,52138500,1726322305.73
2026-09-22,sz,002416,爱施德,9.37,9.35,9.43,9.22,9.23,15175374,141257004.04
2026-09-22,sz,002418,康盛股份,4.74,4.75,4.77,4.66,4.69,75171100,353692004.0
2026-09-22,sz,002419,天虹股份,4.71,4.71,4.75,4.63,4.66,12726300,59441036.0
2026-09-22,sz,002420,毅昌科技,6.11,6.14,6.2,6.08,6.14,5891700,36208166.0
2026-09-22,sz,002421,达实智能,3.24,3.26,3.33,3.23,3.28,124524615,407934021.3
2026-09-22,sz,002422,科伦药业,42.48,42.2,42.55,41.26,42.0,20928539,877314663.7
2026-09-22,sz,002423,中粮资本,9.32,9.32,9.42,9.26,9.35,12336300,115271330.0
2026-09-22,sz,002424,ST百灵,4.58,4.58,4.59,4.51,4.52,6057010,27573011.8
2026-09-22,sz,002425,凯撒文化,3.11,3.12,3.33,3.1,3.19,44713613,142490301.47
2026-09-22,sz,002426,胜利精密,2.64,2.66,2.88,2.62,2.69,169069361,458325069.37
2026-09-22,sz,002427,尤夫股份,4.67,4.67,4.7,4.61,4.66,10270915,47690768.9
2026-09-22,sz,002428,云南锗业,93.49,96.19,97.86,94.01,94.74,65968628,6347845578.0
2026-09-22,sz,002429,兆驰股份,8.28,8.37,8.44,8.21,8.25,50058421,416980939.04
2026-09-22,sz,002430,杭氧股份,25.97,26.0,26.3,25.55,25.6,8483315,219080251.31
2026-09-22,sz,002431,ST棕榈,1.36,1.35,1.36,1.33,1.34,13646200,18316344.0
2026-09-22,sz,002432,九安医疗,63.78,64.0,65.77,63.56,64.35,19128421,1239865328.22
2026-09-22,sz,002434,万里扬,6.12,6.1,6.28,6.05,6.23,28701092,177539478.63
2026-09-22,sz,002436,兴森科技,44.33,48.25,48.76,44.08,44.23,175726608,8054985502.98
2026-09-22,sz,002437,誉衡药业,3.74,3.77,3.86,3.71,3.78,415901417,1573032924.59
2026-09-22,sz,002438,江苏神通,13.81,13.81,13.98,13.65,13.69,5058500,69587186.0
2026-09-22,sz,002439,启明星辰,14.13,14.19,15.2,14.15,14.69,58009597,855226116.94
2026-09-22,sz,002440,闰土股份,12.44,12.39,13.04,12.3,12.94,47108681,603325156.77
2026-09-22,sz,002441,众业达,8.21,8.17,8.28,8.16,8.2,3476700,28520678.0
2026-09-22,sz,002442,龙星科技,5.73,5.69,5.88,5.57,5.85,60945542,349133660.22
2026-09-22,sz,002443,金洲管道,13.14,13.45,14.25,13.31,13.84,61915920,861430696.32
2026-09-22,sz,002444,巨星科技,28.55,28.7,29.18,28.07,28.1,8324157,235863664.91
2026-09-22,sz,002445,中南文化,3.19,3.2,3.2,3.14,3.17,40328850,127728433.22
2026-09-22,sz,002446,盛路通信,8.29,8.35,8.45,8.27,8.3,23074723,192713051.9
2026-09-22,sz,002448,中原内配,11.47,11.49,11.58,11.2,11.26,11594400,132052722.0
2026-09-22,sz,002449,国星光电,6.72,6.72,6.76,6.6,6.67,11770690,78721633.5
2026-09-22,sz,002451,摩恩电气,7.74,7.73,7.78,7.61,7.72,10544143,81000636.78
2026-09-22,sz,002452,长高电气,12.3,12.3,12.38,12.12,12.15,8604715,105133128.66
2026-09-22,sz,002453,华软科技,5.87,5.83,6.1,5.28,5.31,146559572,822437800.84
2026-09-22,sz,002454,松芝股份,5.1,5.1,5.13,5.06,5.08,7171320,36467261.0
2026-09-22,sz,002455,百川股份,7.15,7.16,7.16,7.02,7.03,21976529,155576790.16
2026-09-22,sz,002456,欧菲光,7.04,7.08,7.12,6.93,6.96,65884804,462492307.61
2026-09-22,sz,002457,青龙管业,11.79,11.72,11.76,11.45,11.51,18099800,209255488.0
2026-09-22,sz,002458,益生股份,8.45,8.44,8.44,8.3,8.35,29047451,242597180.36
2026-09-22,sz,002459,晶澳科技,6.95,6.99,7.06,6.9,6.92,29732142,207212245.96
2026-09-22,sz,002460,赣锋锂业,46.56,46.56,46.95,46.3,46.39,23307652,1086555737.61
2026-09-22,sz,002461,珠江啤酒,8.4,8.38,8.44,8.36,8.42,3022500,25425543.0
2026-09-22,sz,002462,嘉事堂,12.4,12.37,12.49,12.31,12.4,2718122,33735710.8
2026-09-22,sz,002463,沪电股份,126.0,128.0,129.94,124.66,125.14,44009422,5574760720.53
2026-09-22,sz,002465,海格通信,10.39,10.42,10.53,10.28,10.31,43716048,454587262.56
2026-09-22,sz,002466,天齐锂业,43.26,43.23,43.57,42.9,43.12,25733930,1112332247.85
2026-09-22,sz,002467,二六三,4.63,4.65,5.09,4.64,5.09,102425555,518071163.24
2026-09-22,sz,002468,申通快递,15.34,15.13,15.26,14.8,14.85,19863630,297312960.36
2026-09-22,sz,002469,三维化学,6.16,6.2,6.26,6.09,6.19,10615566,65319892.14
2026-09-22,sz,002470,金正大,2.15,2.16,2.17,2.1,2.13,179502600,381655796.0
2026-09-22,sz,002471,中超控股,5.95,5.96,5.96,5.73,5.75,93340610,541403772.4
2026-09-22,sz,002472,双环传动,37.9,37.81,38.11,37.58,37.75,12542961,473787631.53
2026-09-22,sz,002474,榕基软件,6.5,6.51,6.65,6.5,6.55,19218046,126257797.02
2026-09-22,sz,002475,立讯精密,54.44,54.98,55.8,54.68,54.84,83651137,4624617172.38
2026-09-22,sz,002476,新叶股份,5.01,5.07,5.07,4.96,4.98,6888100,34399330.0
2026-09-22,sz,002478,常宝股份,6.6,6.61,6.63,6.45,6.48,14113100,91691184.0
2026-09-22,sz,002479,富春环保,5.85,5.86,5.99,5.8,5.95,12755400,75146833.0
2026-09-22,sz,002480,新筑股份,5.26,5.24,5.32,5.19,5.28,4694105,24638544.35
2026-09-22,sz,002481,双塔食品,4.35,4.35,4.35,4.22,4.27,13117250,55986262.5
2026-09-22,sz,002482,广田集团,1.41,1.43,1.45,1.36,1.38,133435238,185825281.96
2026-09-22,sz,002483,润邦股份,6.28,6.26,6.38,6.17,6.34,19131625,120098411.19
2026-09-22,sz,002484,江海股份,60.68,61.8,62.74,60.68,60.98,40552378,2499593403.48
2026-09-22,sz,002485,ST雪发,5.98,6.0,6.0,5.91,5.98,1208102,7185716.92
2026-09-22,sz,002486,嘉麟杰,2.86,2.85,2.86,2.76,2.78,24058800,67171416.0
2026-09-22,sz,002487,大金重工,39.61,39.69,39.7,37.8,38.08,63974558,2464443369.75
2026-09-22,sz,002488,金固股份,7.72,7.76,7.8,7.61,7.62,13927100,106904913.0
2026-09-22,sz,002489,浙江永强,3.12,3.1,3.15,3.03,3.08,41766325,128411178.2
2026-09-22,sz,002490,山东墨龙,7.35,7.28,7.39,7.21,7.35,19358400,141699134.0
2026-09-22,sz,002491,通鼎互联,24.59,24.86,25.4,23.9,24.03,223737838,5510434354.78
2026-09-22,sz,002492,恒基达鑫,6.2,6.28,6.51,6.2,6.39,12562958,79674904.18
2026-09-22,sz,002493,荣盛石化,13.11,13.04,13.18,12.83,13.13,40143143,522216755.19
2026-09-22,sz,002494,华斯股份,4.8,4.79,4.93,4.74,4.9,15820498,76530198.41
2026-09-22,sz,002495,佳隆股份,2.44,2.44,2.46,2.39,2.44,21329940,51803543.8
2026-09-22,sz,002496,辉丰股份,2.16,2.17,2.17,2.11,2.14,27257700,58345596.0
2026-09-22,sz,002497,雅化集团,16.79,16.83,16.88,16.72,16.75,16906760,284034030.28
2026-09-22,sz,002498,汉缆股份,6.64,6.61,6.66,6.48,6.5,64519828,422900834.22
2026-09-22,sz,002500,山西证券,5.27,5.28,5.33,5.27,5.28,20574260,108933169.2
2026-09-22,sz,002501,*ST利源,1.33,1.32,1.33,1.31,1.31,17947100,23605885.0
2026-09-22,sz,002506,协鑫集成,2.52,2.53,2.56,2.48,2.49,148412899,372553099.18
2026-09-22,sz,002507,涪陵榨菜,11.14,11.16,11.18,11.12,11.14,5385360,60066258.5
2026-09-22,sz,002508,老板电器,16.36,16.36,16.68,16.29,16.67,7055980,116473858.7
2026-09-22,sz,002510,天汽模,5.84,5.87,5.9,5.78,5.8,17322604,100695182.28
2026-09-22,sz,002511,中顺洁柔,7.1,7.13,7.14,7.06,7.07,6043200,42861594.0
2026-09-22,sz,002512,ST达华,4.03,4.03,4.08,4.0,4.01,14549876,58638379.78
2026-09-22,sz,002513,蓝丰生化,5.43,5.43,5.44,5.29,5.37,6342700,34003027.0
2026-09-22,sz,002514,*ST宝馨,2.69,2.66,2.7,2.56,2.6,34369400,89990407.0
2026-09-22,sz,002515,金字火腿,7.95,7.95,8.05,7.7,7.75,55843656,437828699.24
2026-09-22,sz,002516,旷达科技,5.72,5.77,5.81,5.67,5.69,15130763,86579121.84
2026-09-22,sz,002517,恺英网络,16.78,16.85,17.05,16.71,16.89,36839531,622420963.05
2026-09-22,sz,002518,科士达,39.49,39.95,40.5,39.11,39.16,16154945,641814942.83
2026-09-22,sz,002519,银河电子,6.16,6.16,6.17,5.98,5.99,53157279,321787203.78
2026-09-22,sz,002520,日发精机,6.41,6.43,6.44,6.3,6.38,19513413,124065483.64
2026-09-22,sz,002521,齐峰新材,6.36,6.37,6.41,6.33,6.36,5737500,36546098.0
2026-09-22,sz,002522,浙江众成,6.25,6.18,6.19,5.91,5.95,86821841,522331065.91
2026-09-22,sz,002523,天桥起重,3.44,3.44,3.46,3.37,3.38,16000557,54333404.26
2026-09-22,sz,002524,光正眼科,4.09,4.09,4.12,3.98,4.09,14372087,58417858.35
2026-09-22,sz,002526,山东矿机,2.67,2.68,2.68,2.62,2.63,21261000,56268173.0
2026-09-22,sz,002527,新时达,10.78,10.8,10.87,10.64,10.67,4095637,43975500.87
2026-09-22,sz,002528,*ST英飞,5.81,5.81,6.05,5.77,6.02,35848700,211790582.98
2026-09-22,sz,002529,海源复材,6.63,6.69,6.75,6.63,6.71,4985521,33392309.6
2026-09-22,sz,002530,金财互联,7.25,7.3,7.4,7.26,7.29,11417459,83691579.72
2026-09-22,sz,002531,天顺风能,7.72,7.62,7.68,7.31,7.34,122236862,909854387.31
2026-09-22,sz,002532,天山铝业,12.55,12.56,12.74,12.49,12.64,44836343,565759061.64
2026-09-22,sz,002533,金杯电工,10.96,11.06,11.08,10.87,10.9,5023600,55011879.0
2026-09-22,sz,002534,西子洁能,16.95,17.05,17.9,17.01,17.65,13114927,231266987.58
2026-09-22,sz,002535,林州重机,2.46,2.48,2.51,2.4,2.45,16582600,40508869.0
2026-09-22,sz,002536,飞龙股份,53.82,54.7,54.7,51.85,52.15,47055293,2507322989.35
2026-09-22,sz,002537,海联金汇,5.93,6.02,6.25,5.92,5.95,38857759,234750356.41
2026-09-22,sz,002538,ST司特,6.73,6.77,6.83,6.66,6.68,5186637,34901667.05
2026-09-22,sz,002539,云图控股,12.52,12.5,12.54,12.03,12.28,17291450,211859827.43
2026-09-22,sz,002540,亚太科技,5.02,5.02,5.04,4.97,5.01,6129300,30675409.0
2026-09-22,sz,002541,鸿路钢构,18.66,18.74,18.99,17.87,17.9,11946211,217059466.52
2026-09-22,sz,002542,*ST中岩,1.69,1.69,1.7,1.65,1.66,13921750,23273610.5
2026-09-22,sz,002543,万和电气,7.27,7.27,7.27,7.15,7.23,8364681,60316906.63
2026-09-22,sz,002544,普天科技,16.29,16.33,16.55,16.19,16.2,9182801,150380866.15
2026-09-22,sz,002545,东方铁塔,15.98,16.0,16.04,15.74,15.78,9959900,158033658.79
2026-09-22,sz,002546,新联电子,7.65,7.66,7.67,7.57,7.59,11213856,85434792.37
2026-09-22,sz,002547,*ST春兴,2.45,2.48,2.48,2.35,2.38,23150679,55526527.65
2026-09-22,sz,002548,金新农,4.14,4.15,4.15,3.99,4.03,28475940,115246849.2
2026-09-22,sz,002549,凯美特气,13.55,13.62,13.68,13.34,13.43,13870709,187161572.51
2026-09-22,sz,002550,千红制药,6.6,6.57,6.63,6.53,6.55,10689000,70320263.0
2026-09-22,sz,002551,尚荣医疗,3.4,3.37,3.43,3.34,3.4,18610127,62989906.71
2026-09-22,sz,002552,宝鼎科技,54.11,54.77,55.45,53.0,53.33,18283488,985751981.56
2026-09-22,sz,002553,南方精工,15.92,15.92,16.07,15.7,15.78,8101721,128221944.93
2026-09-22,sz,002554,惠博普,2.84,2.85,2.85,2.79,2.82,13133900,36960184.0
2026-09-22,sz,002555,三七互娱,17.73,17.74,17.92,17.68,17.83,18216652,324644096.78
2026-09-22,sz,002556,辉隆股份,5.24,5.24,5.24,5.12,5.15,10451002,53948428.28
2026-09-22,sz,002557,洽洽食品,18.11,18.12,18.21,18.06,18.18,3865500,70196568.89
2026-09-22,sz,002558,巨人网络,23.99,24.15,24.55,23.99,24.33,54812505,1331607983.74
2026-09-22,sz,002559,亚威股份,9.25,9.31,9.34,9.07,9.11,18617500,170943793.0
2026-09-22,sz,002560,通达股份,7.48,7.49,7.51,7.27,7.34,66772153,491244549.16
2026-09-22,sz,002561,徐家汇,7.55,7.56,7.57,7.39,7.49,8817408,66052959.08
2026-09-22,sz,002562,兄弟科技,4.93,4.93,5.04,4.88,4.93,19846100,98340915.0
2026-09-22,sz,002563,森马服饰,5.44,5.45,5.49,5.41,5.48,13218560,72062831.38
2026-09-22,sz,002564,天沃科技,4.95,5.0,5.45,4.97,5.45,25762991,136531456.21
2026-09-22,sz,002565,顺灏股份,9.19,9.34,9.38,9.03,9.08,65025085,592705912.89
2026-09-22,sz,002566,益盛药业,7.17,7.19,7.22,7.03,7.14,6086900,43376296.93
2026-09-22,sz,002567,唐人神,3.85,3.84,3.85,3.72,3.78,31480010,118480004.47
2026-09-22,sz,002568,百润股份,18.29,18.2,18.41,18.08,18.29,9240022,168727767.58
2026-09-22,sz,002569,*ST步森,11.6,11.79,11.8,11.24,11.46,2004000,23021362.0
2026-09-22,sz,002570,贝因美,4.49,4.49,4.53,4.43,4.47,11700509,52380387.37
2026-09-22,sz,002571,德力股份,11.1,11.1,11.42,10.93,11.21,5220200,58412358.0
2026-09-22,sz,002572,索菲亚,7.47,7.45,7.53,7.39,7.51,7680225,57435237.42
2026-09-22,sz,002573,清新环境,3.17,3.17,3.18,3.12,3.15,9483900,29870642.0
2026-09-22,sz,002574,明牌珠宝,5.13,5.13,5.14,5.03,5.11,10723800,54675099.0
2026-09-22,sz,002575,群兴玩具,5.19,5.22,5.61,5.2,5.39,59404627,320164998.42
2026-09-22,sz,002576,通达动力,14.42,14.43,14.62,14.34,14.47,1880900,27247477.0
2026-09-22,sz,002577,雷柏科技,22.54,22.4,22.92,22.21,22.58,10711478,241072615.16
2026-09-22,sz,002578,闽发铝业,4.21,4.19,4.23,4.11,4.2,19034800,79258262.0
2026-09-22,sz,002579,中京电子,19.46,19.66,19.68,18.68,18.88,113815050,2173721542.37
2026-09-22,sz,002580,圣阳股份,19.76,19.75,20.15,19.15,19.2,46322792,907467934.48
2026-09-22,sz,002581,*ST未名,5.0,5.0,5.5,4.94,5.39,14464910,77140746.5
2026-09-22,sz,002582,好想你,9.8,9.8,9.9,9.72,9.86,13843600,135975769.0
2026-09-22,sz,002583,海能达,8.29,8.28,8.33,8.14,8.18,18105800,149067237.0
2026-09-22,sz,002584,西陇科学,9.76,9.64,9.93,9.28,9.36,137239164,1297276674.4
2026-09-22,sz,002585,双星新材,12.71,12.49,12.49,11.81,11.9,226318248,2737962174.27
2026-09-22,sz,002586,围海股份,3.75,3.76,3.77,3.71,3.73,3871773,14474607.75
2026-09-22,sz,002587,奥拓电子,5.35,5.39,5.41,5.3,5.33,9250700,49536355.0
2026-09-22,sz,002588,史丹利,7.83,7.81,7.82,7.7,7.74,11563032,89638407.64
2026-09-22,sz,002589,瑞康医药,3.6,3.81,3.95,3.56,3.59,465000818,1743978060.31
2026-09-22,sz,002590,万安科技,9.74,9.71,9.8,9.64,9.65,4973500,48218250.79
2026-09-22,sz,002591,恒大高新,6.34,6.38,6.41,6.28,6.38,10594902,67290990.68
2026-09-22,sz,002592,ST八菱,6.45,6.48,6.56,6.42,6.45,1735300,11205865.0
2026-09-22,sz,002593,日上集团,4.61,4.62,4.64,4.56,4.58,9158300,42023852.0
2026-09-22,sz,002594,比亚迪,85.22,85.59,87.2,85.46,86.58,33684722,2913514667.72
2026-09-22,sz,002595,豪迈科技,39.79,39.86,40.39,39.66,39.71,4352761,174169153.86
2026-09-22,sz,002596,海南瑞泽,3.44,3.48,3.49,3.25,3.3,55205001,181765793.42
2026-09-22,sz,002597,金禾实业,22.02,22.03,22.25,21.76,22.17,5604400,123405751.0
2026-09-22,sz,002598,ST章鼓,7.14,7.13,7.15,7.03,7.05,3137300,22256918.0
2026-09-22,sz,002599,盛通股份,5.53,5.54,5.67,5.51,5.59,8237900,46052690.0
2026-09-22,sz,002600,领益智造,12.54,12.59,12.74,12.59,12.65,83123326,1052200727.05
2026-09-22,sz,002601,龙佰集团,15.41,15.41,15.48,15.22,15.25,8529280,130881843.8
2026-09-22,sz,002602,世纪华通,14.61,14.61,14.75,14.43,14.62,94757652,1381968749.71
2026-09-22,sz,002603,以岭药业,15.59,15.57,15.68,15.48,15.58,12203894,190259525.06
2026-09-22,sz,002605,姚记科技,16.84,16.94,17.08,16.8,16.88,3900200,66088101.0
2026-09-22,sz,002606,大连电瓷,12.77,12.79,12.93,12.57,12.64,12909453,164442468.25
2026-09-22,sz,002607,中公教育,1.94,1.93,1.97,1.92,1.95,164709747,320561844.13
2026-09-22,sz,002608,江苏国信,7.42,7.42,7.45,7.29,7.3,12542700,91856408.0
2026-09-22,sz,002609,捷顺科技,7.8,7.84,7.89,7.77,7.84,4001807,31414592.16
2026-09-22,sz,002611,东方精工,14.04,14.12,14.13,13.86,13.91,13158600,184180699.56
2026-09-22,sz,002612,朗姿股份,17.45,17.55,17.68,17.17,17.26,5887131,102343665.41
2026-09-22,sz,002613,北玻股份,3.64,3.65,3.67,3.54,3.55,56496754,202769637.24
2026-09-22,sz,002614,奥佳华,6.25,6.88,6.88,6.88,6.88,12035312,82802946.56
2026-09-22,sz,002615,哈尔斯,6.31,6.29,6.47,6.23,6.41,10986492,69878201.86
2026-09-22,sz,002616,长青集团,4.9,4.9,4.91,4.86,4.88,6656500,32539597.1
2026-09-22,sz,002617,露笑科技,7.16,7.12,7.14,6.92,6.94,145011672,1017166163.99
2026-09-22,sz,002620,*ST瑞和,5.78,5.74,5.8,5.65,5.71,3792800,21711323.0
2026-09-22,sz,002622,皓宸医疗,2.72,2.72,2.75,2.62,2.62,71284504,190123486.19
2026-09-22,sz,002623,亚玛顿,19.83,19.79,19.87,18.7,19.34,23846521,459453338.59
2026-09-22,sz,002624,完美世界,10.02,10.05,10.14,9.98,10.01,44682573,448796422.2
2026-09-22,sz,002625,光启技术,27.45,27.51,27.72,27.31,27.45,17647900,484563074.31
2026-09-22,sz,002626,金达威,16.77,16.65,16.93,16.48,16.76,3871378,64741439.3
2026-09-22,sz,002627,三峡旅游,6.87,6.82,6.85,6.68,6.74,11231689,75792770.86
2026-09-22,sz,002628,成都路桥,5.29,5.27,5.35,5.15,5.19,17720900,92669993.0
2026-09-22,sz,002629,仁智股份,4.35,4.36,4.44,4.31,4.36,16767200,73230060.0
2026-09-22,sz,002630,*ST华西,1.66,1.66,1.66,1.63,1.64,12928810,21265910.4
2026-09-22,sz,002631,德尔未来,14.14,14.42,14.75,14.0,14.13,69722458,994944802.61
2026-09-22,sz,002632,道明光学,10.03,9.96,10.03,9.71,9.81,27050900,265804770.4
2026-09-22,sz,002633,申科股份,14.2,14.24,14.49,14.15,14.43,1691500,24274746.0
2026-09-22,sz,002634,*ST棒杰,4.03,4.06,4.26,4.01,4.13,9517703,39402310.39
2026-09-22,sz,002635,安洁科技,15.16,15.33,15.7,15.19,15.26,12793300,197674584.0
2026-09-22,sz,002636,金安国纪,81.38,82.7,85.6,81.05,85.58,75932546,6339088006.81
2026-09-22,sz,002637,赞宇科技,11.32,11.36,11.51,11.0,11.2,14801300,165538926.0
2026-09-22,sz,002638,勤上股份,4.31,4.3,4.44,4.29,4.31,24328006,106060801.54
2026-09-22,sz,002639,雪人集团,14.2,14.1,14.34,13.93,14.05,72781876,1027152562.26
2026-09-22,sz,002640,跨境通,3.79,3.8,3.86,3.71,3.75,178200400,672146438.0
2026-09-22,sz,002641,公元股份,3.88,3.86,3.88,3.83,3.84,5332000,20527713.0
2026-09-22,sz,002642,荣联科技,7.03,7.06,7.3,7.03,7.16,18447517,132156911.21
2026-09-22,sz,002643,万润股份,13.45,13.53,13.55,13.18,13.22,14829122,197981041.85
2026-09-22,sz,002644,佛慈制药,8.5,8.51,8.52,8.28,8.38,6162300,51673906.0
2026-09-22,sz,002645,华宏科技,18.66,19.0,19.07,18.29,18.41,23049216,428231217.06
2026-09-22,sz,002646,天佑德酒,7.05,7.04,7.13,6.97,7.06,4838400,34131600.02
2026-09-22,sz,002647,仁东控股,11.33,11.33,11.92,10.75,11.79,55572450,624788403.22
2026-09-22,sz,002648,卫星化学,27.23,27.14,27.14,26.45,26.96,28884560,774689793.65
2026-09-22,sz,002649,博彦科技,9.42,9.45,9.6,9.44,9.52,11535236,109741016.56
2026-09-22,sz,002650,ST加加,6.46,6.48,6.84,6.48,6.84,7737050,52060725.0
2026-09-22,sz,002651,利君股份,8.45,8.47,8.48,8.23,8.29,15017443,124637760.32
2026-09-22,sz,002652,扬子新材,4.79,4.75,4.85,4.71,4.83,14876163,71368120.8
2026-09-22,sz,002653,海思科,67.4,67.0,67.56,65.6,66.31,4839073,322209879.99
2026-09-22,sz,002654,万润科技,14.15,14.24,14.3,13.87,13.93,30395209,428879147.51
2026-09-22,sz,002655,共达电声,40.1,40.1,41.0,39.06,39.35,20476800,817501856.0
2026-09-22,sz,002656,摩登大道,2.81,2.83,2.85,2.8,2.8,14346100,40495147.0
2026-09-22,sz,002657,中科金财,15.89,15.85,16.1,15.65,15.8,10402700,164961975.0
2026-09-22,sz,002658,雪迪龙,7.44,7.47,7.47,7.36,7.4,4495700,33336176.0
2026-09-22,sz,002659,凯文教育,4.62,4.66,4.8,4.59,4.7,18079900,85085787.0
2026-09-22,sz,002660,茂硕电源,8.14,8.18,8.19,8.0,8.01,8538600,68755166.8
2026-09-22,sz,002661,克明食品,7.7,7.68,7.79,7.54,7.71,9228600,70785089.0
2026-09-22,sz,002662,峰璟股份,3.21,3.22,3.24,3.17,3.18,10024341,31988921.38
2026-09-22,sz,002663,普邦股份,1.77,1.76,1.77,1.7,1.74,38793931,66919186.01
2026-09-22,sz,002664,信质集团,15.0,15.23,15.26,14.87,14.94,2806000,42180859.0
2026-09-22,sz,002666,德联集团,4.26,4.29,4.29,4.21,4.23,8405800,35576111.0
2026-09-22,sz,002667,*ST威领,21.82,22.1,24.0,20.3,20.84,35982017,814802170.81
2026-09-22,sz,002668,TCL智家,8.96,8.95,9.2,8.93,9.01,15084384,136738381.54
2026-09-22,sz,002669,康达新材,14.47,14.34,14.45,13.89,13.99,32240400,454066254.0
2026-09-22,sz,002670,国盛证券,11.88,11.9,11.98,11.79,11.85,18484942,219391771.31
2026-09-22,sz,002671,龙泉股份,4.04,4.04,4.08,3.99,4.04,9378002,37905869.08
2026-09-22,sz,002672,东江环保,3.66,3.67,4.03,3.59,4.03,16825294,64664565.69
2026-09-22,sz,002673,西部证券,6.82,6.82,6.86,6.79,6.8,18941631,129201234.29
2026-09-22,sz,002674,兴业科技,20.2,20.49,21.4,20.22,20.65,13782500,287670951.26
2026-09-22,sz,002675,东诚药业,12.76,12.72,12.84,12.67,12.77,4795699,61225276.18
2026-09-22,sz,002676,顺威股份,5.41,5.44,5.44,5.33,5.34,8357000,44813297.0
2026-09-22,sz,002677,浙江美大,6.08,6.08,6.25,6.06,6.2,6981700,43059987.0
2026-09-22,sz,002678,珠江钢琴,4.45,4.44,4.55,4.4,4.49,7395731,33106463.88
2026-09-22,sz,002679,福建金森,11.07,11.07,11.12,10.73,10.96,9704870,105681005.0
2026-09-22,sz,002681,奋达科技,4.63,4.66,4.88,4.64,4.69,60389940,285881144.24
2026-09-22,sz,002682,龙洲股份,5.18,5.17,5.2,5.04,5.06,20504183,104129539.14
2026-09-22,sz,002683,广东宏大,28.83,28.83,29.19,28.45,28.48,4476826,129024825.92
2026-09-22,sz,002685,华东重机,5.74,5.74,5.79,5.63,5.65,43420774,247297271.23
2026-09-22,sz,002686,亿利达,6.27,6.3,6.34,6.22,6.29,7164000,44858778.0
2026-09-22,sz,002687,乔治白,6.65,6.58,6.58,6.0,6.07,46069245,283841371.58
2026-09-22,sz,002688,金河生物,5.27,5.27,5.31,5.17,5.26,10624000,55676908.0
2026-09-22,sz,002689,ST远智,3.0,3.0,3.01,2.96,2.96,4069720,12098917.2
2026-09-22,sz,002690,美亚光电,15.51,15.55,15.72,15.55,15.59,2984553,46693281.53
2026-09-22,sz,002691,*ST冀凯,4.27,4.28,4.28,4.18,4.19,2250400,9485658.0
2026-09-22,sz,002692,远程股份,4.33,4.31,4.56,4.28,4.4,18303095,80756521.05
2026-09-22,sz,002693,双成药业,9.42,9.42,9.53,9.32,9.41,24357100,229404572.6
2026-09-22,sz,002694,*ST顾地,2.4,2.41,2.49,2.37,2.47,2597980,6338046.4
2026-09-22,sz,002695,煌上煌,10.6,10.6,10.69,10.49,10.53,7279492,76624988.01
2026-09-22,sz,002696,百洋股份,6.86,6.83,7.11,6.72,7.02,26110574,181181077.6
2026-09-22,sz,002697,红旗连锁,4.75,4.74,4.77,4.7,4.72,16022573,75819084.19
2026-09-22,sz,002698,博实股份,11.44,11.49,11.59,11.44,11.49,6597929,76107382.57
2026-09-22,sz,002700,万憬能源,6.5,6.5,6.53,6.38,6.44,4071203,26240271.26
2026-09-22,sz,002701,奥瑞金,4.41,4.41,4.43,4.39,4.4,14346200,63306023.96
2026-09-22,sz,002702,海欣食品,5.67,5.67,5.76,5.55,5.68,39724150,224669705.8
2026-09-22,sz,002703,浙江世宝,15.6,15.7,16.49,15.57,16.43,69567678,1119007185.97
2026-09-22,sz,002705,新宝股份,11.68,11.71,11.99,11.65,11.79,8920768,105396656.01
2026-09-22,sz,002706,良信股份,8.92,8.9,8.96,8.77,8.79,22736165,201220627.96
2026-09-22,sz,002707,众信旅游,5.24,5.25,5.28,5.14,5.18,17283412,89821882.7
2026-09-22,sz,002708,光洋股份,17.25,17.29,17.55,16.85,16.91,27269500,466165259.0
2026-09-22,sz,002709,天赐材料,33.53,33.65,33.69,33.21,33.31,36450923,1219369952.75
2026-09-22,sz,002712,思美传媒,5.05,5.12,5.23,5.05,5.18,16268200,83782441.0
2026-09-22,sz,002713,东易日盛,11.05,11.15,11.26,10.82,10.88,22607729,249581412.89
2026-09-22,sz,002714,牧原股份,42.38,42.23,42.29,41.67,41.86,24877999,1043267615.39
2026-09-22,sz,002715,登云股份,13.23,13.23,13.4,13.15,13.3,2930850,38869983.5
2026-09-22,sz,002716,湖南白银,9.72,9.71,9.79,9.58,9.62,118032327,1142975627.61
2026-09-22,sz,002717,*ST岭南,0.97,0.96,0.97,0.91,0.92,86817743,80947801.33
2026-09-22,sz,002718,友邦吊顶,85.15,85.5,86.6,83.0,83.88,746700,63304702.0
2026-09-22,sz,002719,ST麦趣,6.4,6.4,6.41,6.25,6.27,2592000,16315322.0
2026-09-22,sz,002721,金一文化,2.75,2.75,2.8,2.71,2.75,67625400,185553637.0
2026-09-22,sz,002722,物产金轮,13.2,13.2,13.29,13.14,13.17,1918363,25334242.23
2026-09-22,sz,002723,小崧股份,7.69,7.69,7.69,7.4,7.45,10835763,81614284.58
2026-09-22,sz,002724,海洋王,7.84,7.82,7.84,7.51,7.56,55888760,425143790.89
2026-09-22,sz,002725,跃岭股份,11.25,11.32,11.48,11.16,11.23,3095700,34979249.0
2026-09-22,sz,002726,ST龙大,2.54,2.5,2.56,2.48,2.54,38850301,98044468.54
2026-09-22,sz,002727,一心堂,11.07,11.08,11.1,10.95,10.96,4311100,47496620.0
2026-09-22,sz,002728,特一药业,10.14,10.05,10.1,9.88,9.92,21437360,213492151.48
2026-09-22,sz,002729,好利科技,14.04,14.08,14.22,13.94,13.98,3054069,42988296.9
2026-09-22,sz,002730,电光科技,23.61,23.88,23.88,22.82,22.88,11395200,264696699.0
2026-09-22,sz,002732,燕塘乳业,14.08,14.09,14.28,13.83,14.24,1648100,23165770.0
2026-09-22,sz,002733,雄韬股份,18.12,18.26,18.65,18.06,18.19,14553230,266331010.8
2026-09-22,sz,002734,利民股份,19.32,19.3,19.6,19.16,19.35,20747536,401412697.45
2026-09-22,sz,002735,王子新材,12.77,12.85,12.98,12.45,12.53,29755365,376613778.48
2026-09-22,sz,002736,国信证券,9.93,9.96,10.01,9.92,9.97,18954797,189003313.94
2026-09-22,sz,002737,葵花药业,11.51,11.51,11.58,11.41,11.48,3838814,44121120.2
2026-09-22,sz,002738,中矿资源,45.05,45.37,46.26,44.96,45.84,25603657,1167326041.37
2026-09-22,sz,002739,儒意电影,8.69,8.68,8.72,8.58,8.63,39318575,339880158.34
2026-09-22,sz,002741,光华科技,26.39,26.75,26.98,26.21,26.78,42858566,1142554479.11
2026-09-22,sz,002742,冀衡医药,4.34,4.3,4.42,4.26,4.36,37247699,161698065.74
2026-09-22,sz,002743,ST富煌,5.17,5.06,5.15,4.65,4.82,39830600,190452212.08
2026-09-22,sz,002745,木林森,12.32,12.48,12.67,12.32,12.5,44168066,553605110.46
2026-09-22,sz,002746,仙坛股份,6.54,6.54,6.55,6.39,6.44,13318012,85876710.28
2026-09-22,sz,002747,埃斯顿,29.78,30.0,30.15,29.56,29.68,25128856,750489744.59
2026-09-22,sz,002748,世龙实业,12.31,12.26,12.38,12.16,12.29,4100600,50330649.0
2026-09-22,sz,002749,国光股份,8.52,8.53,8.53,8.42,8.48,1849554,15645380.66
2026-09-22,sz,002752,昇兴股份,6.2,6.2,6.22,6.13,6.17,8508425,52497720.5
2026-09-22,sz,002753,永东股份,6.87,6.88,6.88,6.74,6.79,8045895,54573947.47
2026-09-22,sz,002755,奥赛康,12.45,12.45,13.51,12.28,13.39,41495727,535655077.41
2026-09-22,sz,002756,永兴材料,41.16,41.16,41.38,40.63,40.73,9145840,375089059.18
2026-09-22,sz,002757,南兴股份,18.05,18.44,19.86,18.21,19.86,39552046,762325868.47
2026-09-22,sz,002758,浙农股份,8.72,8.67,8.72,8.55,8.6,6118727,52613332.74
2026-09-22,sz,002759,ST天际,15.28,15.25,15.41,14.8,14.84,18079245,271766856.32
2026-09-22,sz,002760,凤形股份,17.53,17.58,17.8,17.35,17.62,2261400,39918165.0
2026-09-22,sz,002761,浙江建投,7.42,7.39,7.44,7.31,7.31,7876232,57902845.56
2026-09-22,sz,002762,金发拉比,10.44,10.56,10.61,10.33,10.44,6353600,66449305.0
2026-09-22,sz,002763,汇洁股份,7.34,7.33,7.39,7.31,7.33,3453400,25364691.0
2026-09-22,sz,002765,蓝黛科技,7.08,7.09,7.14,6.95,6.98,9007600,63144255.0
2026-09-22,sz,002766,索菱股份,4.06,4.07,4.13,4.04,4.11,15192533,62177336.31
2026-09-22,sz,002767,先锋电子,18.9,18.86,19.7,18.61,18.83,4126400,77743707.0
2026-09-22,sz,002768,国恩股份,68.05,68.05,74.86,68.01,74.86,13577914,997160967.42
2026-09-22,sz,002769,普路通,7.03,7.01,7.1,6.8,6.88,11360250,78561694.5
2026-09-22,sz,002771,真视通,13.9,13.99,14.26,13.68,13.84,7130720,98867757.0
2026-09-22,sz,002772,众兴菌业,11.18,11.14,11.34,10.94,11.15,12249265,136037941.1
2026-09-22,sz,002773,康弘药业,20.4,20.35,20.68,20.28,20.31,5372454,109796811.82
2026-09-22,sz,002774,快意电梯,16.73,16.63,17.52,16.56,17.46,18275600,311339049.0
2026-09-22,sz,002775,文科股份,3.33,3.32,3.39,3.26,3.32,10361700,34365606.0
2026-09-22,sz,002777,久远银海,12.72,12.7,12.94,12.7,12.84,5125650,65839777.1
2026-09-22,sz,002778,中晟高科,16.02,16.09,16.29,15.79,16.02,2289300,36670224.0
2026-09-22,sz,002779,中坚科技,84.99,85.3,86.0,82.25,82.4,2897537,242549872.52
2026-09-22,sz,002780,三夫户外,14.9,14.9,14.94,14.58,14.8,9744880,143973569.0
2026-09-22,sz,002782,可立克,15.5,15.63,15.68,15.28,15.33,7364300,113984733.0
2026-09-22,sz,002783,凯龙股份,8.17,8.17,8.21,8.08,8.12,6940577,56386590.2
2026-09-22,sz,002785,万里石,42.2,42.66,43.1,41.21,41.54,9441384,396098522.04
2026-09-22,sz,002786,银宝山新,7.81,7.86,8.0,7.79,7.85,7867400,62056938.0
2026-09-22,sz,002787,华源控股,26.47,26.66,27.93,26.37,26.73,21492400,579585951.87
2026-09-22,sz,002788,鹭燕医药,11.47,11.43,11.47,11.19,11.24,11903735,134315384.05
2026-09-22,sz,002789,*ST建艺,13.78,13.64,13.7,12.71,13.2,4243200,55402078.0
2026-09-22,sz,002790,瑞尔特,6.6,6.6,6.72,6.49,6.7,32225014,213436110.04
2026-09-22,sz,002791,坚朗五金,15.29,15.18,15.44,15.1,15.37,4489093,68699886.86
2026-09-22,sz,002792,通宇通讯,34.54,36.1,36.16,34.5,34.97,65667867,2323745545.3
2026-09-22,sz,002793,罗欣药业,4.93,4.9,4.98,4.86,4.89,33635239,165314516.05
2026-09-22,sz,002795,永和智控,8.04,8.05,8.12,7.83,8.01,32978990,262844121.64
2026-09-22,sz,002796,世嘉科技,31.73,32.01,32.17,31.2,31.3,12369630,391099268.65
2026-09-22,sz,002797,第一创业,6.38,6.39,6.41,6.34,6.36,35786224,228213734.36
2026-09-22,sz,002798,帝欧水华,6.62,6.56,6.7,6.43,6.69,12991069,85460705.49
2026-09-22,sz,002799,环球印务,6.86,6.9,7.06,6.82,6.99,6155021,42751668.57
2026-09-22,sz,002800,天顺股份,15.01,15.01,15.08,14.82,15.02,1997300,29860300.0
2026-09-22,sz,002801,微光股份,26.69,26.69,26.94,26.65,26.8,904450,24229686.36
2026-09-22,sz,002802,洪汇新材,12.3,12.35,12.48,12.26,12.36,1929216,23888689.09
2026-09-22,sz,002803,吉宏股份,21.05,21.0,21.54,20.83,21.08,11737628,248260178.88
2026-09-22,sz,002805,丰元股份,16.82,16.94,16.97,16.63,16.73,6820138,114645342.88
2026-09-22,sz,002806,华锋股份,15.67,15.82,15.84,15.31,15.38,10040300,155327537.02
2026-09-22,sz,002807,江阴银行,4.13,4.13,4.15,4.09,4.14,36930584,152220196.62
2026-09-22,sz,002809,红墙股份,8.45,8.5,8.57,8.32,8.48,4621159,38992254.7
2026-09-22,sz,002810,山东赫达,21.55,21.64,21.8,21.41,21.72,2926322,63362112.51
2026-09-22,sz,002811,郑中设计,16.65,16.65,17.38,16.48,17.11,13863440,235065707.0
2026-09-22,sz,002812,恩捷股份,48.19,48.2,48.55,47.55,47.66,11661025,559713754.34
2026-09-22,sz,002813,路畅科技,22.02,22.02,22.57,21.86,22.5,1308899,29274802.59
2026-09-22,sz,002815,崇达技术,23.88,24.27,26.26,24.14,25.39,92337555,2341437449.8
2026-09-22,sz,002816,*ST和科,22.4,22.3,22.62,22.3,22.42,1112700,25011425.0
2026-09-22,sz,002817,黄山胶囊,6.71,6.68,6.8,6.63,6.77,4290366,28856787.9
2026-09-22,sz,002818,富森美,11.5,11.47,11.49,11.21,11.22,5566262,63114889.5
2026-09-22,sz,002819,东方中科,21.89,21.8,22.35,21.8,22.04,2858000,63247882.0
2026-09-22,sz,002820,桂发祥,9.99,9.99,10.07,9.81,10.01,7045680,70097913.6
2026-09-22,sz,002821,凯莱英,190.99,188.03,192.25,185.47,187.66,8045884,1513471355.98
2026-09-22,sz,002822,ST中装,2.97,2.98,2.98,2.92,2.94,5951017,17535485.32
2026-09-22,sz,002823,凯中精密,12.97,13.04,13.09,12.87,12.93,2894392,37528179.76
2026-09-22,sz,002824,和胜股份,29.16,29.38,29.68,28.59,28.68,18872389,547637240.88
2026-09-22,sz,002825,纳尔股份,9.71,9.73,9.81,9.45,9.52,3877651,37280904.19
2026-09-22,sz,002826,易明医药,17.45,17.6,17.6,17.3,17.39,2183000,38007029.0
2026-09-22,sz,002827,高争民爆,71.05,73.0,78.16,71.1,74.28,22174397,1650208589.3
2026-09-22,sz,002828,贝肯能源,11.17,11.18,11.9,10.99,11.05,13917600,156670072.0
2026-09-22,sz,002829,星网宇达,20.52,20.64,20.74,20.35,20.46,5180099,106240152.57
2026-09-22,sz,002830,名雕股份,15.12,14.96,15.29,14.67,15.1,3641800,54810793.0
2026-09-22,sz,002831,裕同科技,28.31,28.6,29.49,28.53,28.8,9098750,263318586.68
2026-09-22,sz,002832,比音勒芬,25.82,25.9,26.06,25.52,25.65,3987793,102600820.1
2026-09-22,sz,002833,弘亚数控,18.47,18.47,18.58,18.3,18.43,1740100,31995633.0
2026-09-22,sz,002835,同为股份,13.0,13.03,13.26,12.98,13.22,2589700,34093117.0
2026-09-22,sz,002836,新宏泽,11.98,11.05,11.38,10.93,11.14,23696555,264513362.29
2026-09-22,sz,002837,英维克,62.23,62.66,63.5,61.33,61.52,33679573,2107887893.99
2026-09-22,sz,002838,道恩股份,25.51,25.71,25.95,25.23,25.32,3950438,100598191.02
2026-09-22,sz,002839,张家港行,4.29,4.28,4.29,4.26,4.28,22069494,94443088.84
2026-09-22,sz,002840,华统股份,8.41,8.32,8.52,8.31,8.42,14801101,124370170.85
2026-09-22,sz,002841,视源股份,46.74,47.2,48.49,46.86,48.04,7262815,348476555.77
2026-09-22,sz,002842,翔鹭钨业,35.1,35.18,35.56,34.34,34.49,24840520,869234019.21
2026-09-22,sz,002843,泰嘉股份,16.34,16.52,16.56,16.18,16.26,6269400,102662381.0
2026-09-22,sz,002845,同兴达,14.49,14.5,14.93,14.41,14.63,10682260,156610887.8
2026-09-22,sz,002846,英联股份,11.76,11.75,11.98,11.51,11.59,21195921,247825372.39
2026-09-22,sz,002847,盐津铺子,43.98,44.1,44.27,43.52,43.57,1573920,68848151.58
2026-09-22,sz,002848,高斯贝尔,15.53,15.65,15.72,15.25,15.45,14207600,219115681.0
2026-09-22,sz,002849,威星智能,20.69,20.68,21.21,20.66,20.91,17409620,363364889.5
2026-09-22,sz,002850,科达利,175.2,176.0,177.8,170.5,171.4,2527835,437705374.53
2026-09-22,sz,002851,麦格米特,124.8,126.27,127.5,122.52,123.0,21129492,2645470032.82
2026-09-22,sz,002852,道道全,8.29,8.24,8.34,8.12,8.28,7167400,58946005.0
2026-09-22,sz,002853,皮阿诺,22.06,22.08,22.78,22.08,22.28,1336100,29838525.0
2026-09-22,sz,002855,捷荣技术,13.23,13.3,13.62,13.09,13.53,17579401,236454946.49
2026-09-22,sz,002856,*ST美芝,23.69,22.94,23.3,21.81,21.97,8015440,179435547.4
2026-09-22,sz,002857,三晖电气,17.84,17.9,18.28,17.61,17.9,1881100,33691110.0
2026-09-22,sz,002858,力盛体育,11.6,11.6,11.75,11.52,11.63,4060099,47211912.37
2026-09-22,sz,002859,洁美科技,68.2,69.42,70.2,66.9,67.06,17478625,1198501219.01
2026-09-22,sz,002861,瀛通通讯,14.85,15.2,15.38,14.9,15.0,3700730,55774928.8
2026-09-22,sz,002862,实丰文化,15.83,15.82,16.09,15.7,16.09,4234940,67484653.1
2026-09-22,sz,002863,今飞凯达,4.76,4.77,4.79,4.72,4.76,7949800,37773156.5
2026-09-22,sz,002864,盘龙药业,21.43,21.29,21.58,21.13,21.36,1948530,41559853.5
2026-09-22,sz,002865,钧达股份,38.8,39.0,39.28,38.38,38.59,5740021,222905004.79
2026-09-22,sz,002866,传艺科技,14.52,14.58,14.68,14.47,14.56,4476700,65238468.0
2026-09-22,sz,002867,周大生,10.33,10.32,10.37,10.23,10.26,8006853,82474474.47
2026-09-22,sz,002868,绿康生化,23.45,23.45,23.63,23.05,23.53,2254095,52592195.75
2026-09-22,sz,002869,金溢科技,17.04,16.87,17.96,16.65,17.4,15892293,275682919.02
2026-09-22,sz,002870,香山股份,48.96,49.0,50.0,48.54,49.83,2897300,142912217.0
2026-09-22,sz,002871,伟隆股份,17.95,18.06,19.48,18.06,18.61,5671339,106804028.17
2026-09-22,sz,002872,ST天圣,6.05,6.05,6.07,5.94,6.03,3790900,22779407.0
2026-09-22,sz,002873,新天药业,8.56,8.53,8.63,8.34,8.55,7146705,60711858.96
2026-09-22,sz,002875,安奈儿,13.23,13.23,13.37,13.11,13.17,3247400,42926979.0
2026-09-22,sz,002876,三利谱,32.35,32.59,32.92,32.08,32.55,4181200,135671079.79
2026-09-22,sz,002877,智能自控,7.55,7.53,7.67,7.45,7.59,4164460,31610126.8
2026-09-22,sz,002878,元隆雅图,12.66,12.76,13.03,12.66,12.87,5572900,71610238.3
2026-09-22,sz,002879,长缆科技,16.83,16.97,16.97,16.66,16.84,5961660,100230092.6
2026-09-22,sz,002880,卫光生物,21.64,21.42,21.99,21.31,21.78,2971260,64615689.4
2026-09-22,sz,002881,美格智能,46.47,46.79,48.75,46.63,47.9,11269354,538282379.94
2026-09-22,sz,002882,金龙羽,22.74,23.13,23.86,22.4,22.5,10806178,247043659.93
2026-09-22,sz,002883,*ST中设,9.22,9.23,9.25,9.17,9.21,513300,4730478.0
2026-09-22,sz,002884,凌霄泵业,15.49,15.54,15.61,15.47,15.53,1242939,19303259.89
2026-09-22,sz,002885,京泉华,29.12,29.43,29.43,28.28,28.46,13549669,390226780.61
2026-09-22,sz,002886,沃特股份,26.95,27.24,27.47,26.15,26.22,30455890,812298401.2
2026-09-22,sz,002887,绿茵生态,9.18,9.19,9.24,9.01,9.06,4991126,45429900.12
2026-09-22,sz,002888,惠威科技,18.87,19.01,19.34,18.92,18.95,2899760,55477570.0
2026-09-22,sz,002889,东方嘉盛,11.98,12.07,12.18,11.96,12.06,2089440,25221729.4
2026-09-22,sz,002890,弘宇股份,15.0,15.01,15.78,15.0,15.62,2679465,41131592.08
2026-09-22,sz,002891,中宠股份,29.65,29.33,30.04,29.26,29.62,6975224,206083663.7
2026-09-22,sz,002892,科力尔,8.72,8.76,8.8,8.65,8.68,4732813,41309647.9
2026-09-22,sz,002893,京能热力,10.4,10.39,10.39,10.2,10.26,9114500,93444072.0
2026-09-22,sz,002895,川恒股份,30.84,30.9,31.06,30.51,30.81,3514388,108131594.88
2026-09-22,sz,002896,中大力德,61.5,61.52,62.15,61.0,61.25,4491530,276514953.59
2026-09-22,sz,002897,意华股份,70.52,71.28,72.56,68.71,69.32,13123409,925038442.97
2026-09-22,sz,002899,英派斯,20.87,20.87,21.61,20.69,21.24,4294551,91041414.63
2026-09-22,sz,002900,哈三联,13.04,13.05,13.32,12.77,13.06,37381696,488392371.2
2026-09-22,sz,002901,大博医疗,39.62,39.62,40.79,39.6,40.57,1981650,79703341.28
2026-09-22,sz,002902,铭普光磁,30.2,30.5,30.63,29.07,29.18,30339755,896231262.61
2026-09-22,sz,002903,宇环数控,31.5,31.83,31.88,30.98,31.1,7510654,235367071.84
2026-09-22,sz,002905,金逸影视,9.04,9.1,9.39,8.69,9.0,10881600,97799274.0
2026-09-22,sz,002906,华阳集团,27.78,27.95,28.48,27.65,27.97,5937168,167225112.05
2026-09-22,sz,002907,华森制药,15.25,15.25,15.33,14.88,15.1,25761518,388726317.81
2026-09-22,sz,002908,德生科技,7.02,7.09,7.2,7.03,7.13,5375912,38245091.78
2026-09-22,sz,002909,集泰股份,6.87,6.78,7.07,6.66,6.85,61752300,422695147.0
2026-09-22,sz,002910,庄园牧场,10.22,10.29,10.38,10.06,10.18,6314101,64235762.21
2026-09-22,sz,002911,佛燃能源,11.22,11.23,11.32,11.15,11.27,3190905,35855532.35
2026-09-22,sz,002912,中新赛克,23.98,23.93,26.38,23.93,26.38,30993029,788692599.33
2026-09-22,sz,002913,奥士康,84.5,84.5,90.78,84.01,88.12,17364474,1518185790.25
2026-09-22,sz,002915,中欣氟材,17.46,17.56,17.58,17.25,17.28,5908485,102644473.44
2026-09-22,sz,002916,深南电路,395.02,410.0,422.88,398.1,400.0,9406701,3852572543.18
2026-09-22,sz,002917,金奥博,10.39,10.37,10.46,10.33,10.39,3178091,33014556.04
2026-09-22,sz,002918,蒙娜丽莎,11.31,11.41,11.42,11.18,11.33,18801059,212698080.69
2026-09-22,sz,002919,名臣健康,17.03,17.03,17.26,16.85,16.97,2132576,36247209.36
2026-09-22,sz,002920,德赛西威,84.57,84.85,85.5,84.63,84.71,3007148,255774415.77
2026-09-22,sz,002921,联诚精密,20.72,20.71,21.1,20.71,20.82,4109950,85871575.5
2026-09-22,sz,002922,伊戈尔,23.62,23.85,24.57,23.58,23.74,16469753,396383104.08
2026-09-22,sz,002923,润都股份,11.37,11.35,11.42,11.18,11.24,6516300,73522870.0
2026-09-22,sz,002925,盈趣科技,24.8,24.8,25.38,24.71,24.98,12980832,325788267.52
2026-09-22,sz,002926,华西证券,8.39,8.36,8.52,8.34,8.43,21190217,179157379.74
2026-09-22,sz,002927,泰永长征,20.51,20.2,20.38,19.7,19.95,15880910,317208428.5
2026-09-22,sz,002928,华夏航空,6.51,6.55,6.58,6.42,6.43,23262470,150781657.84
2026-09-22,sz,002929,润建股份,52.29,52.66,54.0,52.29,53.37,9521065,506357830.32
2026-09-22,sz,002930,宏川智慧,9.22,9.2,9.25,9.07,9.2,4693610,43104899.2
2026-09-22,sz,002931,锋龙股份,41.58,41.8,42.17,41.2,41.4,4106779,171024203.89
2026-09-22,sz,002932,*ST明德,15.31,15.31,15.47,15.3,15.45,921228,14188578.7
2026-09-22,sz,002933,新兴装备,27.69,27.68,27.93,27.54,27.8,1364100,37783097.0
2026-09-22,sz,002935,天奥电子,16.12,16.18,16.24,15.9,15.93,3476500,55778186.0
2026-09-22,sz,002936,郑州银行,1.75,1.74,1.75,1.74,1.74,36291959,63260786.66
2026-09-22,sz,002937,兴瑞科技,27.37,27.42,27.74,26.18,27.39,10658592,287314590.46
2026-09-22,sz,002938,鹏鼎控股,90.5,91.5,92.67,89.0,89.25,18777554,1698475247.87
2026-09-22,sz,002939,长城证券,7.9,7.92,7.95,7.89,7.91,16531734,130896154.08
2026-09-22,sz,002940,昂利康,23.76,23.72,23.93,23.3,23.6,7533028,177723128.12
2026-09-22,sz,002941,新疆交建,10.58,10.59,10.66,10.51,10.58,7433457,78608693.28
2026-09-22,sz,002942,新农股份,16.95,17.0,17.17,16.65,17.03,4319590,73237022.7
2026-09-22,sz,002943,宇晶股份,31.06,31.1,31.58,30.81,31.2,8193217,255509032.35
2026-09-22,sz,002945,华林证券,14.63,14.62,15.35,14.51,15.09,28547453,427544807.24
2026-09-22,sz,002946,新乳业,14.46,14.45,14.52,14.26,14.48,3634879,52312514.59
2026-09-22,sz,002947,恒铭达,68.62,68.63,69.78,66.0,66.48,8352562,565616600.69
2026-09-22,sz,002948,青岛银行,6.07,6.05,6.08,5.97,6.05,34502646,207746798.56
2026-09-22,sz,002949,华阳国际,13.24,13.39,13.58,13.09,13.14,7225800,96057531.0
2026-09-22,sz,002950,奥美医疗,8.61,8.64,8.75,8.6,8.63,7025527,60895325.68
2026-09-22,sz,002951,金时科技,16.13,16.14,16.34,16.09,16.25,2939000,47666527.0
2026-09-22,sz,002952,亚世光电,19.47,19.47,19.94,19.4,19.85,4583100,90348442.0
2026-09-22,sz,002953,日丰股份,10.69,10.78,10.83,10.54,10.66,9732546,104005412.25
2026-09-22,sz,002955,鸿合科技,38.8,38.98,40.14,37.59,38.48,7107410,276676233.0
2026-09-22,sz,002956,西麦食品,18.3,18.25,18.65,17.76,17.76,6188717,111562347.0
2026-09-22,sz,002957,科瑞技术,42.88,43.52,45.51,42.88,45.43,47854696,2129628736.7
2026-09-22,sz,002958,青农商行,2.94,2.94,2.95,2.92,2.93,55049272,161475162.96
2026-09-22,sz,002959,小熊电器,32.13,32.15,32.26,32.0,32.04,415605,13357709.45
2026-09-22,sz,002960,青鸟智控,8.93,8.93,9.0,8.78,8.86,11840063,105197349.82
2026-09-22,sz,002961,瑞达期货,21.46,21.31,21.45,21.06,21.15,9510760,201445191.31
2026-09-22,sz,002962,五方光电,13.68,13.72,13.82,13.53,13.64,7773300,106231852.0
2026-09-22,sz,002963,豪尔赛,22.62,23.33,23.98,22.89,23.54,12933929,302657539.41
2026-09-22,sz,002965,祥鑫科技,33.28,33.94,34.5,32.74,32.82,20232158,675881591.12
2026-09-22,sz,002966,苏州银行,9.16,9.15,9.16,9.05,9.11,24075193,219488405.55
2026-09-22,sz,002967,广电计量,17.06,17.15,17.33,17.02,17.07,3054370,52333009.5
2026-09-22,sz,002968,新大正,9.66,9.65,9.78,9.5,9.7,3734960,36055879.8
2026-09-22,sz,002969,嘉美包装,11.51,11.55,11.65,11.24,11.29,25186300,287248837.0
2026-09-22,sz,002970,锐明技术,43.73,44.3,45.38,44.3,45.08,5600100,251412747.0
2026-09-22,sz,002971,和远气体,41.46,41.55,41.95,40.09,40.34,16085110,657210167.42
2026-09-22,sz,002972,科安达,13.22,13.2,13.61,13.13,13.5,7461340,99175776.8
2026-09-22,sz,002973,侨银股份,12.97,12.97,13.09,12.53,12.6,8208000,104845482.0
2026-09-22,sz,002975,博杰股份,107.53,110.0,111.03,106.62,107.5,9678873,1053600224.29
2026-09-22,sz,002976,瑞玛精密,26.95,26.97,27.27,26.51,26.63,9735318,261076021.28
2026-09-22,sz,002977,*ST天箭,20.5,20.54,20.54,20.22,20.29,718400,14595261.0
2026-09-22,sz,002978,安宁股份,25.36,25.42,25.5,25.17,25.2,1474700,37354640.11
2026-09-22,sz,002979,雷赛智能,54.39,54.66,55.32,53.81,54.06,4218945,229484058.15
2026-09-22,sz,002980,华盛昌,118.45,117.55,118.44,112.26,113.1,14910080,1704534041.24
2026-09-22,sz,002981,朝阳科技,26.51,26.6,26.6,24.4,25.37,12761716,322560381.23
2026-09-22,sz,002982,湘佳股份,12.58,12.63,12.73,12.35,12.58,3211200,40229001.48
2026-09-22,sz,002983,芯瑞达,23.24,23.64,23.64,22.56,22.64,2467235,56533156.65
2026-09-22,sz,002984,森麒麟,13.03,13.08,13.3,13.03,13.12,8001740,105473413.0
2026-09-22,sz,002985,北摩高科,27.81,28.0,28.07,27.6,28.0,3856947,107459098.3
2026-09-22,sz,002986,宇新股份,13.07,13.11,13.39,12.82,13.28,6757688,88519359.92
2026-09-22,sz,002987,京北方,11.01,11.11,11.3,11.05,11.14,12511342,139815791.44
2026-09-22,sz,002988,豪美新材,32.1,31.9,32.31,31.43,31.66,4458400,142161011.0
2026-09-22,sz,002989,中天精装,24.81,25.4,27.29,25.16,25.42,16771499,439290013.41
2026-09-22,sz,002990,盛视科技,52.13,52.5,53.99,51.74,53.12,11621250,615591892.0
2026-09-22,sz,002991,甘源食品,38.07,38.07,38.41,37.89,38.27,851055,32477166.05
2026-09-22,sz,002992,宝明科技,33.86,33.86,34.6,33.86,34.11,1822200,62347334.0
2026-09-22,sz,002993,奥海科技,36.32,36.9,37.28,35.97,36.05,4963974,181871348.46
2026-09-22,sz,002995,天地在线,17.47,17.6,18.27,17.46,17.88,10340702,184657969.01
2026-09-22,sz,002996,顺博合金,6.0,6.02,6.03,5.96,5.98,4000510,24006484.2
2026-09-22,sz,002997,瑞鹄模具,26.84,26.92,26.92,26.72,26.72,2198394,58910747.82
2026-09-22,sz,002998,优彩资源,7.98,8.01,8.14,7.91,8.07,9550454,76756827.46
2026-09-22,sz,002999,天禾股份,6.53,6.57,6.63,6.45,6.54,12618200,82462135.0
2026-09-22,sz,003000,劲仔食品,9.55,9.5,9.55,9.43,9.49,2874300,27253714.0
2026-09-22,sz,003001,中岩大地,20.88,20.72,21.99,20.5,21.08,20467443,436470418.2
2026-09-22,sz,003002,壶化股份,16.76,16.8,17.06,16.58,16.61,6911800,116145867.0
2026-09-22,sz,003003,天元股份,10.86,10.94,11.04,10.77,10.96,3346300,36574899.0
2026-09-22,sz,003004,声迅股份,61.37,61.37,62.5,58.64,59.1,2886275,174168475.0
2026-09-22,sz,003005,竞业达,15.0,15.0,16.06,14.88,15.65,27563960,427580476.17
2026-09-22,sz,003006,百亚股份,21.21,21.45,22.17,21.37,22.0,46685202,1024695351.36
2026-09-22,sz,003007,直真科技,41.3,41.74,42.1,41.08,41.43,2033492,84412061.27
2026-09-22,sz,003008,开普检测,19.37,19.4,19.88,19.31,19.68,1109960,21813693.6
2026-09-22,sz,003009,中天火箭,48.28,48.26,48.45,47.53,47.73,2656602,127323472.72
2026-09-22,sz,003010,若羽臣,29.43,29.46,29.75,28.04,28.46,8224840,235880788.72
2026-09-22,sz,003011,海象新材,19.52,19.64,20.08,19.45,19.82,2470600,48791987.0
2026-09-22,sz,003012,东鹏控股,4.62,4.62,4.67,4.59,4.66,7059900,32705585.0
2026-09-22,sz,003013,地铁设计,17.25,16.73,17.36,16.14,16.84,15059830,250548280.66
2026-09-22,sz,003015,日久光电,12.63,12.69,12.72,12.52,12.57,3840372,48417047.76
2026-09-22,sz,003016,欣贺股份,7.6,7.58,7.6,7.44,7.49,4452149,33437210.51
2026-09-22,sz,003017,大洋生物,23.04,23.26,23.26,22.81,23.02,1589336,36559582.0
2026-09-22,sz,003018,金富科技,49.72,51.01,52.58,49.6,49.88,14140795,722096358.41
2026-09-22,sz,003019,宸展光电,28.63,28.66,28.99,28.13,28.24,3775700,107998007.0
2026-09-22,sz,003020,立方制药,17.66,17.67,17.72,17.34,17.57,4042671,70805807.59
2026-09-22,sz,003021,兆威机电,69.8,70.29,72.3,69.14,72.1,4924644,349650582.39
2026-09-22,sz,003022,联泓新科,19.72,19.74,19.92,19.37,19.41,7285750,142822204.5
2026-09-22,sz,003023,彩虹集团,25.65,25.65,26.24,25.55,25.97,1367800,35633382.0
2026-09-22,sz,003025,思进智能,12.1,12.16,12.42,12.14,12.23,3127180,38263785.8
2026-09-22,sz,003026,中晶科技,37.89,37.52,37.52,35.25,35.66,40233806,1459362557.49
2026-09-22,sz,003027,同兴科技,16.49,16.57,16.74,16.38,16.58,1369200,22657912.0
2026-09-22,sz,003028,振邦智能,23.77,23.71,24.14,23.71,23.85,1232700,29441786.0
2026-09-22,sz,003029,吉大正元,17.95,17.91,18.5,17.9,18.05,8296361,150350005.36
2026-09-22,sz,003030,祖名股份,25.95,25.9,27.97,25.45,27.56,5628900,151031817.0
2026-09-22,sz,003031,中瓷电子,136.95,138.58,139.15,132.97,133.66,11241520,1526565473.55
2026-09-22,sz,003032,传智教育,9.39,9.43,10.33,9.38,9.96,76802077,763753069.49
2026-09-22,sz,003033,征和工业,85.26,86.0,91.5,83.2,89.3,3998288,352136580.32
2026-09-22,sz,003035,南网能源,5.59,5.59,5.6,5.46,5.48,43299789,238145170.04
2026-09-22,sz,003036,泰坦股份,54.01,54.56,58.43,53.86,54.72,10498901,590192508.12
2026-09-22,sz,003037,三和管桩,5.83,5.83,5.83,5.75,5.81,3436900,19906617.0
2026-09-22,sz,003038,鑫铂股份,10.77,10.8,10.96,10.69,10.88,2836396,30748298.56
2026-09-22,sz,003039,顺控发展,13.12,13.11,13.11,12.78,12.81,7386825,95313654.8
2026-09-22,sz,003040,楚天龙,17.31,17.47,18.12,16.71,17.68,107992800,1883566417.63
2026-09-22,sz,003041,真爱美家,43.24,43.24,44.94,42.87,43.96,4425100,194198100.0
2026-09-22,sz,003042,中农联合,14.4,14.41,14.6,14.22,14.52,2158400,31110031.0
2026-09-22,sz,003043,华亚智能,64.37,65.47,65.73,63.28,63.85,4160020,267444588.35
2026-09-22,sz,003816,中国广核,4.23,4.23,4.24,4.17,4.2,95160472,399360550.96
